county_fips,median_hh_income,pov_universe,pov_below,ins_universe,uninsured,uninsured_55_64,universe_55_64,hh_total,hh_no_internet,hh_broadband,hh_total_veh,hh_no_vehicle,race_total,white_nh,black_nh,aian_nh,hispanic,pct_rural_2020,poverty_rate,uninsured_rate,uninsured_rate_55_64,pct_hh_no_internet,pct_hh_no_vehicle,pct_black_nh,pct_hispanic,pct_aian_nh
01001,69841.0,58731.0,6275.0,57953.0,4268.0,624.0,7800.0,22523.0,1719.0,20469.0,22523.0,848.0,59285.0,42497.0,11829.0,42.0,2188.0,40.67681319615679,10.684306413989203,7.364588545890635,8.0,7.632198197398215,3.76504018114816,19.952770515307414,3.690646875263557,0.0708442270388799
01003,75019.0,236041.0,24819.0,236704.0,19338.0,2070.0,34194.0,94642.0,7756.0,84942.0,94642.0,2039.0,239945.0,195347.0,19051.0,608.0,13393.0,37.58645536249768,10.514698717595673,8.169697174530215,6.053693630461485,8.195093087635511,2.154434606200207,7.939736189543437,5.581695805288712,0.2533914021963366
01005,44290.0,21650.0,4746.0,21685.0,2350.0,214.0,2877.0,9080.0,1857.0,6565.0,9080.0,1009.0,24757.0,10807.0,11611.0,34.0,1490.0,65.91999365658327,21.92147806004619,10.83698409038506,7.438303788668752,20.451541850220263,11.112334801762117,46.89986670436644,6.018499818233227,0.1373348951811608
01007,51215.0,20759.0,4258.0,20781.0,1730.0,225.0,2764.0,7571.0,1284.0,6144.0,7571.0,494.0,22152.0,16333.0,4585.0,24.0,744.0,100.0,20.51158533648056,8.324912179394639,8.140376266280752,16.95945053493594,6.524897635715229,20.697905381003974,3.358613217768147,0.1083423618634886
01009,61096.0,58665.0,8269.0,58829.0,5997.0,751.0,8099.0,21977.0,3034.0,18445.0,21977.0,945.0,59292.0,50374.0,747.0,60.0,5962.0,90.48939696283018,14.095286797920396,10.19395196246749,9.272749722187925,13.8053419484006,4.299949947672567,1.25986642380085,10.055319436011604,0.1011940902651285
01011,36723.0,9138.0,2344.0,9156.0,1185.0,191.0,1212.0,3453.0,964.0,2244.0,3453.0,436.0,10157.0,2143.0,7234.0,0.0,577.0,100.0,25.651127161304444,12.942332896461338,15.75907590759076,27.91775267883,12.626701419055893,71.22181746578714,5.680811263168258,0.0
01013,44881.0,18467.0,3881.0,18526.0,2272.0,250.0,2414.0,7262.0,1112.0,5792.0,7262.0,427.0,18807.0,9531.0,8411.0,69.0,300.0,69.43467534512624,21.01586613960037,12.263845406455792,10.356255178127588,15.312586064445057,5.879922886257229,44.722709629393314,1.595150741745095,0.3668846706013718
01015,55826.0,112002.0,19558.0,114309.0,12680.0,1714.0,14968.0,45125.0,5455.0,38509.0,45125.0,2880.0,116141.0,81098.0,25029.0,188.0,5150.0,36.49401842993447,17.462188175211157,11.092739854254695,11.451095670764298,12.088642659279778,6.382271468144045,21.550529098251264,4.434265246553758,0.1618722070586614
01017,49295.0,33682.0,5214.0,33959.0,4156.0,647.0,5001.0,13419.0,2452.0,10569.0,13419.0,1042.0,34450.0,18575.0,13684.0,8.0,1270.0,50.74485217991487,15.480078380143697,12.23828734650608,12.9374125174965,18.27259855428869,7.765109173559877,39.72133526850508,3.686502177068215,0.02322206095791
01019,50769.0,24829.0,3606.0,24948.0,2250.0,264.0,3977.0,10477.0,1776.0,8406.0,10477.0,324.0,25224.0,22884.0,942.0,95.0,437.0,100.0,14.52333964315921,9.01875901875902,6.63816947447825,16.951417390474372,3.092488307721676,3.73453853472883,1.732477006026007,0.3766254360926102
01021,61873.0,44885.0,6111.0,45169.0,4550.0,619.0,6045.0,17554.0,2862.0,14417.0,17554.0,518.0,45500.0,35082.0,4165.0,17.0,4489.0,85.54449726751677,13.614793360810962,10.073280347140738,10.239867659222496,16.30397630169762,2.9508943830465992,9.153846153846152,9.865934065934066,0.0373626373626373
01023,44483.0,12355.0,2413.0,12405.0,1013.0,233.0,2000.0,5174.0,1244.0,3712.0,5174.0,336.0,12525.0,7084.0,4777.0,15.0,136.0,100.0,19.53055443140429,8.166062071745264,11.65,24.04329339002706,6.494008504058756,38.13972055888224,1.0858283433133733,0.1197604790419161
01025,49167.0,22426.0,4607.0,22493.0,1836.0,250.0,3222.0,8452.0,2055.0,6000.0,8452.0,928.0,22802.0,11674.0,10340.0,9.0,261.0,100.0,20.543119593329173,8.162539456719868,7.759155803848541,24.31377188831046,10.979649787032654,45.34689939478993,1.1446364354004035,0.0394702219103587
01027,51852.0,13870.0,2295.0,13909.0,1171.0,115.0,2156.0,5765.0,1184.0,4483.0,5765.0,339.0,14188.0,11256.0,1840.0,19.0,451.0,100.0,16.5465032444124,8.419009274570422,5.333951762523191,20.537727666955767,5.8803122289679095,12.968705948689031,3.1787425993797576,0.1339159853397237
01029,53319.0,15082.0,1984.0,15024.0,1390.0,333.0,2115.0,5849.0,1350.0,4396.0,5849.0,356.0,15254.0,14117.0,598.0,27.0,306.0,100.0,13.154754011404323,9.251863684771031,15.74468085106383,23.080868524534107,6.086510514617883,3.920283204405402,2.0060312049298545,0.1770027533761636
01031,64672.0,53403.0,9409.0,52118.0,5449.0,510.0,6552.0,20860.0,2198.0,18123.0,20860.0,828.0,54231.0,36827.0,8623.0,223.0,5096.0,47.53015991770317,17.618860363649983,10.455121071414869,7.783882783882784,10.536912751677852,3.969319271332694,15.900499714185614,9.39683944607328,0.4112039239549335
01033,56736.0,57038.0,9626.0,57248.0,4242.0,630.0,7974.0,24217.0,4168.0,19098.0,24217.0,926.0,57648.0,44648.0,9103.0,85.0,1890.0,40.29566463382669,16.876468319366037,7.409865846841811,7.900677200902934,17.21105008878061,3.82376016847669,15.790660560643907,3.278517901748543,0.1474465723008604
01035,42266.0,11308.0,3125.0,11332.0,925.0,133.0,1716.0,4528.0,1388.0,3082.0,4528.0,347.0,11411.0,5713.0,5182.0,17.0,101.0,100.0,27.63530244074991,8.162725026473703,7.75058275058275,30.653710247349824,7.663427561837456,45.41232144422049,0.8851108579440891,0.1489790552975199
01037,57063.0,9986.0,1161.0,9965.0,734.0,188.0,1818.0,4201.0,727.0,3377.0,4201.0,210.0,10323.0,6640.0,3065.0,13.0,245.0,100.0,11.626276787502505,7.365780230807827,10.34103410341034,17.305403475363008,4.998809807188764,29.69098130388453,2.373341083018502,0.1259323839969001
01039,50886.0,37028.0,6681.0,37171.0,3845.0,718.0,5263.0,14495.0,2644.0,11436.0,14495.0,885.0,37647.0,31061.0,4413.0,70.0,727.0,68.81554431727442,18.04310251701415,10.34408544295284,13.642409272278169,18.240772680234564,6.105553639185926,11.722049565702449,1.931096767338699,0.1859377905277977
01041,49040.0,12853.0,2081.0,12888.0,1182.0,135.0,1816.0,5075.0,1329.0,3451.0,5075.0,396.0,13144.0,9218.0,3061.0,28.0,236.0,100.0,16.190772582276512,9.171322160148977,7.433920704845815,26.1871921182266,7.802955665024631,23.288192331101644,1.7954960438222762,0.2130249543517955
01043,60916.0,88470.0,12299.0,88638.0,9473.0,1341.0,12099.0,34543.0,4339.0,29587.0,34543.0,962.0,89463.0,80673.0,957.0,189.0,4346.0,75.59920788473357,13.901887645529555,10.68728987567409,11.08356062484503,12.561155661060129,2.784934719045827,1.0697159719660645,4.857874204978595,0.2112605211092854
01045,53955.0,48517.0,9078.0,46806.0,5097.0,565.0,6326.0,19769.0,2519.0,16698.0,19769.0,1073.0,49516.0,32948.0,10266.0,140.0,3431.0,50.45209423022341,18.71096728981594,10.88962953467504,8.931394245969017,12.742172087611918,5.427689817390864,20.732692463042248,6.929073430810243,0.2827368931254544
01047,36810.0,37061.0,10748.0,37240.0,3445.0,663.0,5380.0,15416.0,2876.0,12223.0,15416.0,2327.0,37536.0,10073.0,26389.0,93.0,340.0,44.8624616504602,29.00083645881115,9.250805585392053,12.323420074349444,18.65594187856772,15.094706798131812,70.30317561807331,0.9057971014492754,0.2477621483375959
01049,51149.0,70752.0,14405.0,71091.0,10680.0,1283.0,9313.0,25946.0,3310.0,22128.0,25946.0,1018.0,71946.0,55856.0,923.0,258.0,11987.0,88.2973969388895,20.359848484848484,15.022998691817527,13.776441533340492,12.757265089031064,3.923533492638557,1.282906624412754,16.661106941317097,0.3586022850471186
01051,75553.0,84122.0,8652.0,83753.0,6478.0,800.0,11393.0,32529.0,2655.0,29298.0,32529.0,1324.0,88669.0,63908.0,18627.0,174.0,2917.0,71.23680052741058,10.285062171607905,7.734648311105274,7.021855525322566,8.161947800424237,4.070214270343386,21.007341912054947,3.289763051348273,0.1962354374133011
01053,44447.0,34135.0,7238.0,34239.0,3877.0,457.0,4459.0,12781.0,3013.0,9636.0,12781.0,890.0,36695.0,22109.0,11198.0,1085.0,835.0,65.28280327556656,21.20404277134905,11.323344723852916,10.248934738730656,23.57405523824427,6.96346138799781,30.516419130671757,2.2755143752554843,2.956806104373893
01055,53070.0,101762.0,17401.0,102115.0,12489.0,1711.0,13716.0,39160.0,4771.0,33271.0,39160.0,1593.0,103208.0,78922.0,15487.0,115.0,5134.0,43.16968946981709,17.099703229103202,12.23032855114332,12.47448235637212,12.183350357507662,4.067926455566905,15.005619719401595,4.974420587551353,0.1114254708937291
01057,50733.0,15899.0,2967.0,15975.0,1261.0,123.0,2251.0,6051.0,1168.0,4709.0,6051.0,589.0,16173.0,13478.0,1983.0,29.0,184.0,100.0,18.661551040945973,7.89358372456964,5.464238116392714,19.30259461246075,9.733928276317965,12.261176034130958,1.1376986335250108,0.1793111976751375
01059,51493.0,31517.0,5476.0,31684.0,3723.0,257.0,4000.0,11593.0,3501.0,7684.0,11593.0,955.0,31978.0,23424.0,1287.0,29.0,6341.0,69.04991747890263,17.37475013484786,11.75041030172958,6.425,30.199258173035453,8.237729664452687,4.024641941334668,19.829257614610043,0.0906873475514416
01061,50951.0,26426.0,5035.0,26388.0,3380.0,695.0,3846.0,10550.0,1994.0,8081.0,10550.0,746.0,26726.0,21605.0,2252.0,51.0,1353.0,99.44108931317754,19.053205176719896,12.808852508716082,18.070722828913155,18.900473933649288,7.071090047393365,8.426251590211779,5.062485968719599,0.1908254134550625
01063,31495.0,7510.0,2697.0,7510.0,1040.0,149.0,1180.0,3037.0,971.0,1834.0,3037.0,399.0,7589.0,1338.0,6183.0,9.0,57.0,100.0,35.9121171770972,13.84820239680426,12.627118644067796,31.972341126111296,13.13796509713533,81.47318487284227,0.7510870997496376,0.1185926999604691
01065,41325.0,14456.0,3454.0,14534.0,920.0,166.0,2025.0,5541.0,1222.0,4213.0,5541.0,548.0,14749.0,5666.0,8225.0,39.0,129.0,100.0,23.893193137797454,6.329984863079675,8.197530864197532,22.05378090597365,9.88991156830897,55.76649264356906,0.8746355685131195,0.2644247067597803
01067,60135.0,17063.0,2695.0,17200.0,1378.0,219.0,2328.0,6684.0,1149.0,5348.0,6684.0,548.0,17450.0,12236.0,4369.0,64.0,374.0,100.0,15.794408955048937,8.011627906976743,9.40721649484536,17.190305206463197,8.19868342309994,25.03724928366762,2.1432664756446997,0.3667621776504298
01069,57531.0,106448.0,19198.0,106495.0,12422.0,1497.0,14200.0,42581.0,5017.0,36339.0,42581.0,2796.0,107628.0,68699.0,29163.0,210.0,4680.0,34.31652394544878,18.03509694874493,11.664397389548803,10.54225352112676,11.782250299429323,6.566308917122661,27.09610881926636,4.348310848478091,0.1951165124317092
01071,49454.0,52233.0,8758.0,52303.0,5475.0,905.0,7560.0,21186.0,2207.0,18404.0,21186.0,997.0,52839.0,46787.0,1589.0,302.0,1777.0,75.30953422469047,16.7671778377654,10.467850792497565,11.970899470899472,10.41725667893892,4.705937883507977,3.0072484339219137,3.3630462347886976,0.5715475311796211
01073,64589.0,652226.0,106524.0,662536.0,60904.0,7740.0,82329.0,268911.0,23146.0,238034.0,268911.0,18323.0,669744.0,321127.0,283468.0,469.0,35103.0,12.07091523755745,16.33237558760307,9.192557083690549,9.401304522100354,8.607308737835195,6.813778536393082,42.32482859122292,5.241256360639289,0.0700267564920327
01075,47447.0,13685.0,2061.0,13678.0,1237.0,257.0,1925.0,4987.0,1093.0,3612.0,4987.0,300.0,13809.0,11857.0,1275.0,51.0,255.0,100.0,15.06028498355864,9.043719842082176,13.35064935064935,21.916984158812912,6.0156406657309,9.233108842059526,1.8466217684119053,0.369324353682381
01077,59082.0,92258.0,12584.0,93976.0,9166.0,1023.0,12518.0,38777.0,5445.0,31688.0,38777.0,2341.0,95037.0,78618.0,9058.0,168.0,3163.0,52.16322517207473,13.640009538468208,9.753554098918872,8.172231985940247,14.041828919204685,6.037083838357789,9.53102475877816,3.3281774466786618,0.1767732567315887
01079,60040.0,32794.0,4506.0,32932.0,3024.0,498.0,4953.0,13145.0,2838.0,9785.0,13145.0,617.0,33182.0,25064.0,3292.0,1339.0,953.0,99.99395277114265,13.740318350917851,9.182557998299526,10.054512416717142,21.589958158995817,4.693799923925447,9.92104152853957,2.872039057320234,4.035320354409017
01081,61123.0,170219.0,32119.0,176348.0,15278.0,2029.0,19725.0,67944.0,5753.0,59067.0,67944.0,3313.0,177663.0,117016.0,38972.0,130.0,9335.0,26.389885273844847,18.869221414765683,8.663551613854425,10.286438529784537,8.46726716119157,4.876074414223478,21.93591237342609,5.254329826694359,0.0731722418286306
01083,83534.0,104127.0,10561.0,104496.0,8508.0,1015.0,14450.0,40021.0,3097.0,35682.0,40021.0,1114.0,107577.0,79087.0,13543.0,340.0,7785.0,51.01284155643526,10.142422234386856,8.141938447404685,7.024221453287197,7.738437320406787,2.783538642212838,12.589122210137855,7.236676984857357,0.3160526878421967
01085,35160.0,9844.0,2913.0,9839.0,839.0,87.0,1520.0,4161.0,994.0,2689.0,4161.0,381.0,10008.0,2449.0,7447.0,0.0,27.0,100.0,29.59162941893539,8.527289358674661,5.723684210526316,23.88848834414804,9.156452775775056,74.41047162270183,0.2697841726618705,0.0
01087,45951.0,16344.0,3611.0,18727.0,1702.0,303.0,2492.0,7151.0,1395.0,5425.0,7151.0,636.0,18951.0,3164.0,14812.0,7.0,372.0,53.90640999385624,22.09373470386686,9.08848187109521,12.158908507223114,19.507761152286392,8.893860998461754,78.159463880534,1.962957099889188,0.036937364782861
01089,83528.0,385414.0,40401.0,392302.0,30254.0,3671.0,55146.0,162469.0,9576.0,148345.0,162469.0,6096.0,397135.0,247502.0,95160.0,1635.0,25948.0,17.102276679556773,10.482494149148708,7.711915819955035,6.656874478656657,5.894047479826921,3.752100400691824,23.96162514006572,6.533798330542511,0.4116987926020119
01091,44205.0,18794.0,4241.0,18806.0,1624.0,204.0,2646.0,7615.0,1549.0,5823.0,7615.0,693.0,19027.0,8475.0,9767.0,46.0,452.0,67.77415515189153,22.56571246142386,8.635541848346273,7.709750566893424,20.341431385423505,9.100459619172684,51.33231723340516,2.375571556209597,0.2417617070478793
01093,50714.0,28544.0,4809.0,28556.0,2903.0,660.0,4029.0,10874.0,2246.0,8327.0,10874.0,484.0,29190.0,26358.0,1043.0,35.0,879.0,100.0,16.847673766816143,10.165989634402578,16.381236038719287,20.654772852676107,4.4509839985286,3.5731414868105515,3.011305241521069,0.1199040767386091
01095,60946.0,97268.0,15841.0,97591.0,11243.0,880.0,12657.0,35963.0,3096.0,32159.0,35963.0,1426.0,98712.0,76318.0,2480.0,118.0,16360.0,53.65119042740647,16.285931652753217,11.520529557028825,6.952674409417713,8.608847982648834,3.9651864416205536,2.512359186319799,16.573466245238674,0.1195396709619904
01097,58119.0,405368.0,65948.0,408436.0,44347.0,6039.0,53268.0,160507.0,19956.0,134641.0,160507.0,10026.0,413162.0,228398.0,148205.0,1364.0,13778.0,22.396331805722635,16.268674389690357,10.857759844871657,11.337012840729894,12.433102606116869,6.246456540836225,35.870917460947524,3.3347694124822707,0.3301368470478892
01099,40225.0,19335.0,4371.0,19289.0,2153.0,222.0,2874.0,7396.0,1838.0,5085.0,7396.0,376.0,19580.0,10503.0,8260.0,198.0,29.0,78.33299615618046,22.6066718386346,11.16180206335217,7.724425887265136,24.851270957274203,5.083829096809086,42.18590398365679,0.1481103166496425,1.0112359550561798
01101,58153.0,217651.0,41981.0,220859.0,23508.0,2946.0,27118.0,90785.0,7480.0,80757.0,90785.0,6032.0,227197.0,69425.0,133110.0,183.0,10796.0,12.364055661836002,19.28821829442548,10.643894973716264,10.863633011284016,8.239246571570193,6.644269427768904,58.58792149544228,4.751823307526068,0.0805468382064904
01103,64858.0,121233.0,16441.0,121693.0,13679.0,1431.0,16771.0,48752.0,6291.0,40550.0,48752.0,2447.0,123742.0,90086.0,15484.0,197.0,12626.0,38.437543043728375,13.561489033513975,11.240580805798198,8.532586011567586,12.90408598621595,5.0192812602559895,12.513132162079163,10.203487902248224,0.1592022110520276
01105,34368.0,7350.0,2296.0,8051.0,606.0,52.0,1057.0,3195.0,844.0,2283.0,3195.0,438.0,8231.0,2306.0,5843.0,0.0,18.0,100.0,31.23809523809524,7.527015277605266,4.919583727530747,26.41627543035994,13.708920187793428,70.98772931600048,0.2186854574170817,0.0
01107,47014.0,17181.0,3878.0,17194.0,1528.0,166.0,2613.0,6946.0,1630.0,5247.0,6946.0,464.0,18843.0,10020.0,7377.0,46.0,1088.0,100.0,22.57144520109423,8.886820984064208,6.352851128970532,23.46674344946732,6.680103656780881,39.14981690813565,5.7740274903147055,0.2441224858037467
01109,47961.0,30467.0,7130.0,32697.0,2690.0,377.0,3574.0,12605.0,1887.0,10144.0,12605.0,733.0,32953.0,18014.0,12275.0,92.0,889.0,56.17558847587021,23.40236977713592,8.227054469829037,10.548405148293227,14.970249900833004,5.815152717175724,37.25002275968804,2.697781689072315,0.2791855066306558
01111,51551.0,21670.0,3983.0,22055.0,1983.0,350.0,3308.0,9127.0,1485.0,7363.0,9127.0,387.0,22310.0,16579.0,3677.0,22.0,635.0,100.0,18.380249192431933,8.991158467467695,10.580411124546554,16.270406486249588,4.240166538840802,16.481398476019724,2.846257283729269,0.0986104885701479
01113,50046.0,58278.0,12966.0,56822.0,6549.0,790.0,7707.0,23784.0,4318.0,18422.0,23784.0,1964.0,58858.0,25901.0,26551.0,65.0,3382.0,40.35111434026663,22.248532894059508,11.525465488719158,10.250421694563384,18.15506222670703,8.25765220316179,45.11026538448469,5.746032824764688,0.1104352849230351
01115,78993.0,90658.0,10129.0,90751.0,6636.0,1034.0,12320.0,34477.0,2638.0,31144.0,34477.0,1229.0,92903.0,77684.0,8942.0,249.0,2670.0,67.11085255150763,11.172759160802135,7.31231611772873,8.392857142857142,7.651477796792064,3.564695304115787,9.625092838767316,2.873965318665705,0.2680214847744421
01117,93543.0,223062.0,15442.0,224742.0,14950.0,1445.0,28631.0,85414.0,3960.0,79911.0,85414.0,2236.0,226955.0,167841.0,29721.0,368.0,16709.0,23.96737570844393,6.922738969434507,6.652072153847523,5.046977052844818,4.636242302198703,2.617837825180884,13.095547575510563,7.362252428895596,0.162146681060122
01119,37981.0,9963.0,2801.0,11871.0,1087.0,90.0,1499.0,4765.0,944.0,3648.0,4765.0,236.0,12020.0,3051.0,8548.0,14.0,100.0,100.0,28.11402188095955,9.156768595737512,6.00400266844563,19.81112277019937,4.952780692549843,71.11480865224625,0.831946755407654,0.1164725457570715
01121,56249.0,77408.0,13665.0,78192.0,6561.0,985.0,11162.0,32889.0,4126.0,28305.0,32889.0,2235.0,81170.0,50450.0,25670.0,77.0,1879.0,58.67995958563099,17.653214138073583,8.390883977900552,8.8245834079914,12.545227887743623,6.795585150050169,31.62498460022176,2.314894665516817,0.0948626339780707
01123,57185.0,40302.0,6128.0,40340.0,3575.0,824.0,6185.0,16548.0,2237.0,13576.0,16548.0,990.0,41070.0,27992.0,9582.0,117.0,1137.0,78.40768802498124,15.205200734454866,8.862171541893902,13.32255456750202,13.518249939569737,5.982596084118927,23.3308984660336,2.768444119795471,0.2848794740686632
01125,63947.0,219924.0,36620.0,231934.0,15471.0,1661.0,24960.0,87289.0,8086.0,76353.0,87289.0,5073.0,234036.0,138682.0,74490.0,124.0,12593.0,31.09022357687768,16.65120678052418,6.670432105685238,6.654647435897436,9.263481080090274,5.811728854723963,31.828436650771675,5.380796116836726,0.0529833017142661
01127,54509.0,63567.0,11429.0,64020.0,7415.0,911.0,9070.0,24843.0,4079.0,20303.0,24843.0,1047.0,64886.0,56448.0,3952.0,86.0,2253.0,79.6853478620183,17.979454748533044,11.582318025616996,10.044101433296582,16.419112023507626,4.214466851829489,6.090682119409426,3.4722436272847763,0.1325401473353265
01129,60503.0,15141.0,2793.0,15128.0,1172.0,161.0,2474.0,5678.0,1021.0,4509.0,5678.0,283.0,15270.0,10013.0,3462.0,983.0,255.0,100.0,18.446601941747574,7.747223691168694,6.50767987065481,17.981683691440647,4.9841493483621,22.67190569744597,1.6699410609037328,6.437459070072037
01131,42236.0,10137.0,2943.0,10160.0,927.0,85.0,1350.0,3693.0,812.0,2697.0,3693.0,492.0,10347.0,2841.0,7318.0,0.0,11.0,100.0,29.032258064516128,9.124015748031496,6.296296296296297,21.98754400216626,13.322502030869211,70.72581424567508,0.1063110080216487,0.0
01133,48032.0,23151.0,4506.0,23302.0,2202.0,329.0,3595.0,9328.0,1865.0,7258.0,9328.0,465.0,23637.0,21752.0,284.0,13.0,826.0,100.0,19.46352209407801,9.44983263239207,9.151599443671769,19.99356775300172,4.984991423670669,1.2015061132969498,3.494521301349579,0.054998519270635
02013,72692.0,3402.0,423.0,3408.0,1194.0,205.0,540.0,998.0,359.0,579.0,998.0,259.0,3423.0,528.0,201.0,1231.0,360.0,100.0,12.433862433862434,35.03521126760563,37.96296296296296,35.97194388777555,25.95190380761523,5.872042068361087,10.5170902716915,35.96260590125621
02016,107344.0,4970.0,459.0,4998.0,906.0,109.0,697.0,977.0,133.0,757.0,977.0,94.0,5178.0,1229.0,273.0,399.0,715.0,100.0,9.235412474849095,18.127250900360146,15.63845050215208,13.61310133060389,9.62128966223132,5.272305909617613,13.8084202394747,7.705677867902665
02020,98152.0,282916.0,26226.0,276514.0,27758.0,2667.0,33459.0,107868.0,4320.0,101702.0,107868.0,6054.0,289069.0,159262.0,14649.0,20248.0,26953.0,4.26922852424231,9.2698892957627,10.0385513934195,7.970949520308437,4.004894871509623,5.61241517410168,5.067648208559202,9.324071415475196,7.004556005659548
02050,70616.0,18105.0,4351.0,18198.0,2343.0,350.0,2007.0,4661.0,769.0,3759.0,4661.0,2855.0,18487.0,1617.0,212.0,15448.0,257.0,72.69366763098682,24.03203534935101,12.875041213320143,17.438963627304435,16.49860544947436,61.25295001072731,1.1467517715151188,1.390166062638611,83.56142153946016
02060,100625.0,858.0,83.0,858.0,167.0,14.0,176.0,283.0,48.0,228.0,283.0,30.0,878.0,421.0,5.0,204.0,73.0,100.0,9.673659673659674,19.463869463869464,7.954545454545454,16.96113074204947,10.60070671378092,0.5694760820045558,8.314350797266515,23.23462414578588
02063,88565.0,6784.0,326.0,6704.0,936.0,93.0,1098.0,2679.0,101.0,2522.0,2679.0,144.0,6964.0,5012.0,96.0,321.0,359.0,100.0,4.805424528301887,13.9618138424821,8.469945355191257,3.7700634565136246,5.375139977603584,1.3785180930499712,5.1550832854681214,4.609419873635842
02066,75053.0,2593.0,295.0,2612.0,438.0,112.0,431.0,1146.0,197.0,930.0,1146.0,66.0,2626.0,1398.0,3.0,922.0,102.0,100.0,11.37678364828384,16.768759571209802,25.986078886310903,17.19022687609075,5.7591623036649215,0.1142421934501142,3.884234577303885,35.11043412033511
02068,88935.0,1994.0,131.0,1988.0,101.0,3.0,211.0,533.0,71.0,436.0,533.0,38.0,2029.0,1556.0,21.0,57.0,131.0,100.0,6.569709127382146,5.0804828973843055,1.4218009478672986,13.320825515947469,7.129455909943715,1.034992607195663,6.45638245441104,2.8092656481025133
02070,74250.0,4740.0,774.0,4759.0,798.0,144.0,593.0,1383.0,218.0,1108.0,1383.0,526.0,4780.0,684.0,30.0,3382.0,164.0,100.0,16.329113924050635,16.76822861945787,24.283305227655987,15.762834417932032,38.03326102675344,0.6276150627615062,3.430962343096234,70.75313807531381
02090,84722.0,91890.0,5669.0,86598.0,7752.0,1045.0,9871.0,36176.0,2368.0,32769.0,36176.0,1761.0,95555.0,64461.0,3494.0,6060.0,7825.0,25.36093251790288,6.1693328980302535,8.95170789163722,10.586566710566306,6.54577620521893,4.867868199911544,3.6565328868191096,8.189001098843598,6.341897336612422
02100,72607.0,2068.0,126.0,2068.0,177.0,38.0,366.0,899.0,121.0,730.0,899.0,81.0,2077.0,1607.0,5.0,93.0,83.0,100.0,6.09284332688588,8.55899419729207,10.382513661202186,13.459399332591769,9.010011123470523,0.2407318247472316,3.996148290804044,4.477611940298507
02105,62500.0,2313.0,291.0,2313.0,480.0,103.0,382.0,922.0,308.0,603.0,922.0,266.0,2313.0,1138.0,9.0,576.0,250.0,100.0,12.5810635538262,20.75226977950713,26.963350785340317,33.40563991323211,28.850325379609544,0.3891050583657587,10.8084738434933,24.90272373540856
02110,100513.0,31336.0,2565.0,31233.0,2490.0,399.0,4493.0,13138.0,691.0,12261.0,13138.0,1131.0,31969.0,19748.0,224.0,2659.0,2234.0,23.24910866532321,8.185473576716875,7.972336951301508,8.880480747829958,5.259552443294261,8.608616227736338,0.7006787825706153,6.988019644030154,8.317432512746723
02122,77722.0,58456.0,6790.0,58618.0,6841.0,1167.0,8564.0,23902.0,2244.0,20762.0,23902.0,1226.0,59843.0,46602.0,325.0,3802.0,2547.0,77.40097620707836,11.615574107020665,11.670476645399024,13.626809901914992,9.388335704125176,5.129277884695841,0.5430877462694049,4.256136891532845,6.353291111742393
02130,89155.0,13697.0,1300.0,13553.0,1290.0,162.0,2004.0,5621.0,399.0,5062.0,5621.0,644.0,13870.0,8522.0,58.0,1733.0,730.0,14.145397189561228,9.491129444403883,9.518187855087437,8.083832335329342,7.098381070983811,11.45703611457036,0.4181687094448449,5.2631578947368425,12.49459264599856
02150,83716.0,12543.0,966.0,11933.0,1214.0,93.0,1693.0,4608.0,289.0,4228.0,4608.0,341.0,12878.0,5928.0,76.0,1461.0,1051.0,27.25746126249905,7.701506816551064,10.173468532640577,5.493207324276432,6.271701388888889,7.400173611111111,0.5901537505823886,8.161205156080136,11.344929336853548
02158,48233.0,8185.0,2555.0,8258.0,924.0,98.0,763.0,1891.0,309.0,1525.0,1891.0,1597.0,8277.0,254.0,73.0,7154.0,136.0,100.0,31.21563836285889,11.189149915233711,12.844036697247706,16.34056054997356,84.45267054468535,0.8819620635495953,1.6431074060649995,86.43228222786034
02164,64000.0,998.0,152.0,1003.0,315.0,54.0,113.0,322.0,80.0,239.0,322.0,151.0,1007.0,165.0,23.0,533.0,11.0,100.0,15.230460921843688,31.405782652043868,47.78761061946903,24.84472049689441,46.8944099378882,2.284011916583913,1.0923535253227408,52.92949354518371
02170,90625.0,107815.0,11111.0,107457.0,13131.0,1406.0,13715.0,39682.0,2458.0,36539.0,39682.0,1500.0,110677.0,84590.0,1416.0,6195.0,5748.0,50.09011869519336,10.305616101655614,12.219771629582066,10.25154939846883,6.194244241721687,3.7800514086991583,1.2793986103707184,5.19349096921673,5.597368920371893
02180,76643.0,9587.0,2026.0,9735.0,1457.0,230.0,973.0,2786.0,390.0,2326.0,2786.0,1517.0,9925.0,1373.0,103.0,7405.0,207.0,100.0,21.13278397830395,14.966615305598356,23.6382322713258,13.99856424982053,54.4508255563532,1.0377833753148615,2.0856423173803527,74.60957178841309
02185,86313.0,10744.0,897.0,10843.0,1555.0,135.0,1478.0,2205.0,534.0,1560.0,2205.0,846.0,10891.0,3395.0,175.0,5158.0,578.0,100.0,8.34884586746091,14.341049525039196,9.133964817320704,24.21768707482993,38.36734693877551,1.6068313286199614,5.307134331099073,47.36020567441006
02188,81298.0,7519.0,1384.0,7567.0,1426.0,137.0,771.0,1817.0,193.0,1604.0,1817.0,1165.0,7611.0,735.0,42.0,6097.0,159.0,100.0,18.406703019018487,18.84498480243161,17.769130998702984,10.62190423775454,64.11667583929554,0.5518328734726055,2.0890815924320063,80.10773879910656
02195,77026.0,3301.0,188.0,3299.0,359.0,73.0,560.0,1319.0,150.0,1143.0,1319.0,155.0,3394.0,2007.0,50.0,194.0,303.0,100.0,5.695243865495304,10.88208548044862,13.035714285714286,11.372251705837757,11.751326762699014,1.473187978786093,8.927519151443724,5.715969357690041
02198,59079.0,5690.0,858.0,5717.0,1040.0,196.0,950.0,2348.0,504.0,1820.0,2348.0,211.0,5730.0,2510.0,21.0,2098.0,207.0,100.0,15.07908611599297,18.1913591044254,20.63157894736842,21.465076660988075,8.986371379897786,0.3664921465968586,3.612565445026178,36.61431064572426
02220,101207.0,8209.0,688.0,7927.0,916.0,85.0,1214.0,3503.0,319.0,3143.0,3503.0,399.0,8393.0,5022.0,31.0,723.0,575.0,9.340269567273587,8.38104519429894,11.55544342121862,7.00164744645799,9.106480159862974,11.390236939765916,0.3693554152269748,6.850947217919695,8.614321458358155
02230,78594.0,1308.0,81.0,1308.0,116.0,16.0,159.0,451.0,39.0,404.0,451.0,41.0,1308.0,901.0,29.0,57.0,64.0,100.0,6.192660550458716,8.868501529051988,10.062893081761006,8.647450110864744,9.090909090909092,2.217125382262997,4.892966360856269,4.357798165137615
02240,74223.0,6867.0,911.0,6826.0,1133.0,96.0,875.0,2311.0,437.0,1829.0,2311.0,122.0,6936.0,5026.0,61.0,837.0,402.0,100.0,13.26634629386923,16.598300615294463,10.971428571428572,18.90956295975768,5.279099956728689,0.8794694348327566,5.795847750865052,12.067474048442907
02275,64545.0,2084.0,227.0,2087.0,358.0,31.0,278.0,912.0,95.0,810.0,912.0,81.0,2106.0,1141.0,2.0,420.0,116.0,100.0,10.892514395393476,17.153809295639675,11.151079136690647,10.416666666666666,8.881578947368421,0.0949667616334283,5.5080721747388415,19.943019943019944
02282,80625.0,501.0,39.0,501.0,78.0,28.0,74.0,207.0,34.0,170.0,207.0,32.0,506.0,125.0,28.0,127.0,24.0,100.0,7.7844311377245505,15.5688622754491,37.83783783783784,16.42512077294686,15.458937198067632,5.533596837944664,4.743083003952569,25.09881422924901
02290,52642.0,5230.0,1086.0,5250.0,1200.0,234.0,727.0,2317.0,968.0,1236.0,2317.0,1026.0,5271.0,1147.0,66.0,3474.0,109.0,100.0,20.764818355640536,22.857142857142858,32.18707015130674,41.77816141562365,44.281398359948206,1.2521343198634036,2.06791880098653,65.90779738190096
04001,40338.0,64278.0,20070.0,64952.0,13237.0,1998.0,8483.0,20439.0,8778.0,10896.0,20439.0,2382.0,65680.0,12207.0,622.0,46913.0,4092.0,100.0,31.223746849621957,20.379664983372336,23.552988329600375,42.94730661969764,11.65419051812711,0.9470158343483556,6.230207064555421,71.42661388550547
04003,58970.0,119342.0,18544.0,117474.0,9392.0,1458.0,15889.0,50476.0,5591.0,43476.0,50476.0,3038.0,125458.0,68464.0,4055.0,601.0,43077.0,36.76771863814997,15.538536307419012,7.994960587023511,9.176159607275473,11.076551232268802,6.018701957365876,3.23215737537662,34.335793652058854,0.4790447799263498
04005,69748.0,132808.0,23485.0,144005.0,15714.0,1645.0,16040.0,53642.0,6661.0,44552.0,53642.0,3074.0,144643.0,75884.0,2130.0,35078.0,22034.0,32.4043252630926,17.6834226853804,10.91212110690601,10.25561097256858,12.41750866858059,5.730584243689647,1.472591138181592,15.23336767074798,24.251432838091024
04007,59089.0,52303.0,9297.0,52491.0,5260.0,792.0,8255.0,23253.0,3825.0,18764.0,23253.0,1325.0,53610.0,33240.0,318.0,6808.0,9529.0,44.35726084997747,17.775271016958875,10.02076546455583,9.594185342216836,16.44949038833699,5.6981894809271925,0.5931729155008394,17.774668905055027,12.699123297892184
04009,67326.0,35747.0,6319.0,35986.0,3153.0,447.0,3601.0,12460.0,1790.0,10476.0,12460.0,663.0,38860.0,20617.0,497.0,4201.0,11769.0,52.42778916772637,17.677007860799506,8.761740676929918,12.413218550402666,14.36597110754414,5.321027287319422,1.2789500772002058,30.2856407617087,10.810602161605765
04011,75239.0,9412.0,1016.0,9419.0,242.0,102.0,1045.0,3444.0,414.0,2992.0,3444.0,74.0,9452.0,4340.0,139.0,339.0,4396.0,100.0,10.794730131746704,2.569274869943731,9.760765550239237,12.020905923344948,2.148664343786295,1.4705882352941178,46.50867541261109,3.586542530681337
04012,49506.0,16270.0,3001.0,16485.0,2126.0,302.0,1987.0,8887.0,1917.0,6728.0,8887.0,324.0,16605.0,9601.0,50.0,2007.0,4230.0,43.41970163676994,18.44499078057775,12.896572641795572,15.198792148968296,21.570833802182964,3.645774727129515,0.3011141222523336,25.474254742547423,12.086720867208673
04013,85518.0,4425433.0,497877.0,4451120.0,476735.0,49072.0,524853.0,1697342.0,95188.0,1562653.0,1697342.0,87180.0,4491987.0,2397465.0,246536.0,60061.0,1387720.0,2.304658586860331,11.250356744752434,10.710450403493953,9.34966552539473,5.608062488290515,5.136265997070714,5.488350700925893,30.89323277204498,1.3370697644494518
04015,55799.0,212617.0,35787.0,213572.0,20696.0,4272.0,35041.0,96899.0,10019.0,84037.0,96899.0,4277.0,217420.0,164363.0,2403.0,2873.0,36295.0,23.93244149352689,16.83167385486579,9.690408855093365,12.191432892896891,10.339631987946213,4.413874240188237,1.1052341090975992,16.693496458467482,1.3214055744641708
04017,52752.0,105125.0,25979.0,105331.0,16165.0,2331.0,14259.0,39171.0,9627.0,27946.0,39171.0,3509.0,107744.0,45710.0,1147.0,45130.0,11466.0,64.25311805991548,24.71248513674197,15.346858949407109,16.347569955817377,24.57685532664471,8.958157820836844,1.0645604395604396,10.641891891891891,41.886323136323135
04019,67929.0,1021158.0,146560.0,1026868.0,91882.0,10694.0,125869.0,430965.0,28649.0,391771.0,430965.0,30829.0,1049947.0,537936.0,34497.0,21245.0,379548.0,8.84196685364561,14.352333331374773,8.947790757916305,8.49613487038111,6.64763959950344,7.153481141159955,3.2855944157181267,36.14925324802109,2.023435468647465
04021,77588.0,429221.0,46664.0,430746.0,43687.0,4786.0,49968.0,157193.0,9566.0,144171.0,157193.0,5719.0,449219.0,251010.0,21823.0,16900.0,131771.0,23.03204597614658,10.871788658989193,10.1421719528446,9.57813000320205,6.085512713670456,3.638202718950589,4.857986861642094,29.333354110133364,3.762084862839728
04023,53614.0,48023.0,9707.0,48038.0,6950.0,932.0,5662.0,16816.0,2118.0,14170.0,16816.0,850.0,48209.0,7357.0,97.0,110.0,39875.0,59.789380939394576,20.21323116006913,14.467713060493775,16.460614623807842,12.595147478591818,5.054709800190295,0.2012072434607646,82.71277147420606,0.228173162687465
04025,66106.0,237390.0,29898.0,240242.0,25695.0,5140.0,39652.0,108900.0,7343.0,98404.0,108900.0,4252.0,241656.0,189248.0,1347.0,2690.0,36225.0,31.98057652333315,12.594464804751674,10.695465405715904,12.962776152526985,6.742883379247016,3.904499540863177,0.5574039130002979,14.990316813983512,1.1131525805276925
04027,60417.0,200032.0,32921.0,198232.0,29063.0,3436.0,19629.0,76903.0,8454.0,66518.0,76903.0,4280.0,207685.0,61490.0,3233.0,1869.0,133743.0,15.10047527724506,16.45786674132139,14.661104160781306,17.50471241530389,10.993069191058868,5.565452583124196,1.556684401858584,64.3970435996822,0.8999205527601897
05001,60831.0,16479.0,2425.0,16535.0,1100.0,143.0,2350.0,6587.0,1122.0,5333.0,6587.0,555.0,16773.0,11338.0,4319.0,16.0,661.0,52.58032538340428,14.715698768129132,6.652555185969156,6.085106382978723,17.033550933657203,8.425686959161986,25.74971680677279,3.9408573302331127,0.0953914028498181
05003,44481.0,18555.0,4215.0,18538.0,1599.0,144.0,2585.0,7199.0,1379.0,5736.0,7199.0,680.0,18722.0,12646.0,4606.0,8.0,1157.0,62.312454097156646,22.716248989490705,8.625525946704068,5.570599613152805,19.15543825531324,9.445756355049312,24.602072428159385,6.179895310330093,0.0427304775130862
05005,48427.0,41701.0,6029.0,41759.0,2988.0,520.0,6245.0,19289.0,2272.0,16492.0,19289.0,891.0,42150.0,38626.0,159.0,147.0,1157.0,57.28013068441156,14.457686866022398,7.155343758231759,8.326661329063251,11.77873399346778,4.619213022966457,0.3772241992882562,2.7449584816132857,0.3487544483985765
05007,89879.0,290871.0,22138.0,292919.0,28690.0,2377.0,31364.0,107667.0,6195.0,100151.0,107667.0,3098.0,294541.0,179996.0,5238.0,1903.0,53388.0,24.004248539564525,7.610934056678047,9.794516572840957,7.5787527101135055,5.753852155256485,2.877390472475317,1.7783602282874031,18.12582968075752,0.6460900180280504
05009,54195.0,37329.0,5018.0,37529.0,2967.0,268.0,5071.0,15232.0,1473.0,13379.0,15232.0,915.0,37896.0,35186.0,103.0,128.0,1120.0,62.673587884301504,13.44263173404056,7.905886114737936,5.284953658055611,9.670430672268909,6.007090336134453,0.2717964956723664,2.955457040320878,0.3377665188938146
05011,39565.0,10255.0,2057.0,10272.0,1233.0,34.0,1263.0,3600.0,746.0,2794.0,3600.0,308.0,10354.0,5639.0,2735.0,0.0,1618.0,49.947842579421525,20.05850804485617,12.003504672897195,2.6920031670625493,20.72222222222222,8.555555555555555,26.414912111261348,15.626810894340352,0.0
05013,63654.0,4520.0,601.0,4663.0,444.0,44.0,762.0,1584.0,289.0,1272.0,1584.0,28.0,4717.0,3419.0,575.0,11.0,544.0,100.0,13.29646017699115,9.521767102723569,5.774278215223097,18.24494949494949,1.7676767676767675,12.18995124019504,11.532753868984525,0.2331990672037311
05015,55187.0,28199.0,4586.0,28262.0,3798.0,410.0,4175.0,11106.0,1430.0,9513.0,11106.0,561.0,28526.0,20113.0,54.0,272.0,4423.0,82.10544939844303,16.262988049221605,13.438539381501664,9.820359281437126,12.875922924545293,5.051323608860075,0.1893009885718292,15.505153193577788,0.9535160905840286
05017,39683.0,9286.0,2264.0,9286.0,974.0,182.0,1371.0,3919.0,810.0,3040.0,3919.0,372.0,9997.0,3839.0,5338.0,8.0,628.0,100.0,24.380788283437436,10.488908033598966,13.27498176513494,20.66853789231947,9.492217402398571,53.396018805641695,6.2818845653696105,0.0800240072021606
05019,50985.0,18868.0,3810.0,21129.0,1836.0,162.0,2354.0,8147.0,1337.0,6563.0,8147.0,527.0,21378.0,14466.0,5052.0,13.0,1146.0,52.97025086263173,20.19291922832309,8.689478915234986,6.881903143585387,16.410948815514914,6.468638762734749,23.631770979511646,5.360651136682571,0.0608101786883712
05021,48500.0,14218.0,2449.0,14295.0,1267.0,108.0,2000.0,6116.0,1076.0,4814.0,6116.0,320.0,14399.0,13508.0,13.0,47.0,120.0,100.0,17.224644816429876,8.863238894718434,5.4,17.593198168737736,5.232177894048398,0.0902840475032988,0.8333912077227585,0.3264115563580804
05023,55979.0,24663.0,3415.0,24745.0,1793.0,318.0,3944.0,10458.0,1613.0,8658.0,10458.0,380.0,25048.0,23085.0,90.0,141.0,713.0,72.7125571607786,13.846652880833638,7.245908264295817,8.062880324543611,15.423599158538918,3.633581946834959,0.3593101245608431,2.8465346534653464,0.562919195145321
05025,50509.0,7407.0,1153.0,7413.0,363.0,60.0,1142.0,2793.0,457.0,2208.0,2793.0,205.0,7491.0,6273.0,984.0,0.0,23.0,100.0,15.566356149588229,4.896802913800081,5.253940455341506,16.36233440744719,7.3397780164697455,13.135762915498598,0.3070351087972233,0.0
05027,47363.0,20458.0,4642.0,22160.0,1465.0,143.0,2604.0,8361.0,1485.0,6585.0,8361.0,290.0,22527.0,13179.0,7873.0,51.0,757.0,54.37480812245077,22.69039006745528,6.6110108303249095,5.491551459293395,17.761033369214207,3.468484631024997,34.94917210458561,3.3604119501043197,0.2263949926754561
05029,51212.0,20694.0,4261.0,20750.0,1322.0,250.0,3123.0,8303.0,1531.0,6609.0,8303.0,562.0,20872.0,16648.0,2297.0,94.0,950.0,69.39415882210959,20.590509326374796,6.371084337349398,8.005123278898495,18.439118390943037,6.768637841743948,11.00517439632043,4.551552318896129,0.4503641241855117
05031,57615.0,108405.0,20670.0,110908.0,9334.0,695.0,12108.0,43357.0,3509.0,37908.0,43357.0,2851.0,112097.0,80425.0,18660.0,239.0,6899.0,33.66867150344778,19.06738619067386,8.41598441951888,5.74000660720185,8.093272135987268,6.575639458449616,16.646297403141922,6.154491199586073,0.213208203609374
05033,60362.0,59559.0,9998.0,60016.0,5067.0,494.0,8151.0,22994.0,2592.0,19594.0,22994.0,1205.0,60792.0,48747.0,706.0,639.0,4950.0,49.40881047012456,16.786715693681895,8.442748600373234,6.0606060606060606,11.272505871096808,5.2404975210924585,1.161337018028688,8.14251875246743,1.0511251480457957
05035,54271.0,46760.0,9684.0,47029.0,3764.0,498.0,5904.0,18338.0,2487.0,15421.0,18338.0,2005.0,47609.0,18734.0,24009.0,56.0,1476.0,18.3751012187779,20.71000855431993,8.00357226392226,8.434959349593496,13.562002399389248,10.933580543134475,50.42954063307358,3.100254153626415,0.1176248188367745
05037,47012.0,16496.0,3314.0,16493.0,1236.0,134.0,2223.0,6524.0,1102.0,5326.0,6524.0,688.0,16681.0,11982.0,3071.0,45.0,367.0,55.064456721915285,20.08971871968962,7.494088401139877,6.027890238416554,16.891477621091354,10.545677498467198,18.410167256159703,2.200107907199808,0.2697679995204124
05039,44694.0,6043.0,675.0,6036.0,281.0,75.0,946.0,2425.0,675.0,1747.0,2425.0,140.0,6351.0,3320.0,2779.0,0.0,92.0,100.0,11.169948700976336,4.655400927766733,7.928118393234672,27.835051546391757,5.77319587628866,43.756888678948194,1.4485907731065977,0.0
05041,36064.0,10941.0,3164.0,10989.0,932.0,68.0,1509.0,4750.0,1020.0,3531.0,4750.0,643.0,11041.0,4726.0,5371.0,17.0,765.0,62.19394471259324,28.91874600127959,8.481208481208482,4.506295559973492,21.473684210526315,13.536842105263158,48.64595598224798,6.928720224617336,0.1539715605470519
05043,41071.0,16356.0,3720.0,16833.0,1200.0,64.0,2126.0,7004.0,1194.0,5551.0,7004.0,608.0,17143.0,11124.0,4574.0,0.0,706.0,54.04034582132565,22.74394717534849,7.128854036713598,3.0103480714957667,17.04740148486579,8.680753854940034,26.681444321297324,4.118299014174882,0.0
05045,65071.0,120454.0,18099.0,124286.0,9330.0,727.0,13804.0,48866.0,2698.0,45290.0,48866.0,1971.0,126001.0,97864.0,14782.0,282.0,6949.0,46.05661630147856,15.025652946352963,7.506879294530357,5.266589394378441,5.521221299062743,4.033479310768223,11.731652923389497,5.515035594955596,0.223807747557559
05047,51919.0,16949.0,3197.0,16989.0,1405.0,183.0,2390.0,6878.0,1453.0,5259.0,6878.0,450.0,17220.0,14732.0,43.0,151.0,548.0,100.0,18.86246976222786,8.27005709576785,7.656903765690377,21.125327129979645,6.5425995929049146,0.2497096399535424,3.182346109175377,0.8768873403019745
05049,38941.0,12078.0,1782.0,12071.0,1372.0,75.0,1967.0,4808.0,1001.0,3322.0,4808.0,202.0,12239.0,11351.0,27.0,0.0,208.0,100.0,14.754098360655735,11.366084002982356,3.8129130655821046,20.81946755407654,4.201331114808652,0.2206062586812648,1.699485252063077,0.0
05051,55409.0,98558.0,16237.0,99001.0,9372.0,1305.0,14191.0,43762.0,6206.0,36397.0,43762.0,2605.0,100062.0,79816.0,7787.0,386.0,7179.0,33.784188460770615,16.474563201363665,9.466571044736922,9.19596927630188,14.181253141995338,5.952652986609388,7.78217505146809,7.174551777897704,0.3857608282864624
05053,72512.0,17896.0,2205.0,17916.0,1195.0,122.0,2557.0,6955.0,957.0,5948.0,6955.0,213.0,18111.0,16558.0,469.0,20.0,490.0,73.7721349816238,12.321189092534643,6.6700156284885015,4.771216269065311,13.759884974838243,3.06254493170381,2.5895864391806085,2.7055380707857104,0.1104301253381922
05055,56793.0,44944.0,7657.0,45668.0,4120.0,455.0,5574.0,17926.0,1696.0,15331.0,17926.0,871.0,46182.0,41140.0,1026.0,43.0,1678.0,45.14386916214798,17.036756852972587,9.021634404834897,8.162899174739863,9.461117929264756,4.858864219569341,2.221644796674029,3.6334502620068414,0.0931098696461825
05057,47654.0,19495.0,3702.0,19550.0,1974.0,220.0,2716.0,7454.0,1423.0,5681.0,7454.0,596.0,19778.0,10269.0,5878.0,62.0,2955.0,55.86842761026664,18.989484483200822,10.097186700767264,8.100147275405007,19.09042125033539,7.995707002951436,29.71989078774396,14.940843361310549,0.3134796238244514
05059,52644.0,30848.0,5264.0,30825.0,2468.0,309.0,4276.0,12101.0,2338.0,9388.0,12101.0,625.0,33142.0,26892.0,3797.0,80.0,1323.0,73.20823244552058,17.064315352697097,8.006488240064883,7.226379794200187,19.32071729609123,5.164862408065449,11.456761812805505,3.991913583972,0.2413855530746484
05061,44492.0,12520.0,2477.0,12509.0,1458.0,74.0,1564.0,5169.0,1033.0,3984.0,5169.0,230.0,12701.0,7985.0,2636.0,34.0,1559.0,100.0,19.784345047923324,11.655607962267169,4.731457800511509,19.984523118591603,4.44960340491391,20.75427131721912,12.27462404535076,0.2676954570506259
05063,56009.0,37113.0,7287.0,37595.0,3865.0,472.0,4981.0,14515.0,2635.0,10841.0,14515.0,873.0,38120.0,31607.0,591.0,39.0,3313.0,71.23464600137066,19.634629375151565,10.280622423194574,9.476008833567557,18.15363417154668,6.014467791939373,1.550367261280168,8.690975865687303,0.102308499475341
05065,47728.0,12770.0,2692.0,12775.0,838.0,245.0,2034.0,5027.0,953.0,3551.0,5027.0,321.0,13866.0,12080.0,228.0,88.0,388.0,100.0,21.08065779169929,6.559686888454012,12.045231071779744,18.957628804455936,6.385518201710762,1.6443098225876245,2.7982114524736765,0.6346458964373287
05067,41215.0,14360.0,3044.0,14461.0,1281.0,115.0,2012.0,6094.0,1215.0,4712.0,6094.0,475.0,16775.0,12687.0,2468.0,86.0,515.0,64.50611757684274,21.19777158774373,8.858308554041907,5.715705765407555,19.93764358385297,7.794552018378734,14.7123695976155,3.070044709388972,0.5126676602086438
05069,48552.0,59742.0,12300.0,61253.0,3341.0,476.0,8251.0,24334.0,4310.0,19104.0,24334.0,1802.0,65780.0,24473.0,36920.0,42.0,1631.0,30.59322033898305,20.58853068193231,5.454426721956476,5.768997697248818,17.71184351113668,7.405276567765266,56.126482213438734,2.479477044694436,0.0638491942839769
05071,44808.0,25187.0,4874.0,25706.0,2007.0,516.0,3599.0,10047.0,2670.0,7049.0,10047.0,536.0,25932.0,20077.0,380.0,45.0,3539.0,69.64542312322808,19.351252630325167,7.807515755076635,14.337315921089193,26.5750970438937,5.334925848511993,1.465370970229832,13.647231220114143,0.1735307727903748
05073,37237.0,6092.0,1658.0,6117.0,526.0,100.0,1010.0,2564.0,651.0,1718.0,2564.0,193.0,6211.0,3583.0,2226.0,12.0,49.0,100.0,27.21602101116218,8.598986431257153,9.9009900990099,25.390015600624025,7.527301092043682,35.83963934954114,0.7889228787634841,0.1932056029624859
05075,44164.0,15681.0,2854.0,16032.0,1488.0,105.0,2194.0,6437.0,900.0,5288.0,6437.0,346.0,16265.0,14990.0,160.0,15.0,348.0,59.6694622594968,18.200369874370256,9.281437125748504,4.785779398359161,13.981668479105172,5.375174770855989,0.9837073470642484,2.1395634798647403,0.0922225637872732
05077,36860.0,6953.0,1926.0,6998.0,453.0,53.0,942.0,2641.0,491.0,2135.0,2641.0,489.0,8511.0,3271.0,4645.0,0.0,249.0,100.0,27.700273263339565,6.473278079451272,5.626326963906582,18.591442635365397,18.51571374479364,54.57643050170368,2.925625660909412,0.0
05079,51667.0,8550.0,1512.0,8558.0,675.0,95.0,1145.0,3518.0,958.0,2207.0,3518.0,165.0,12966.0,8019.0,3684.0,36.0,639.0,100.0,17.68421052631579,7.887356859079224,8.296943231441048,27.231381466742462,4.690164866401364,28.41277186487737,4.9282739472466455,0.2776492364645997
05081,52241.0,11708.0,1927.0,11803.0,666.0,63.0,1642.0,4790.0,836.0,3771.0,4790.0,273.0,11959.0,8596.0,2340.0,120.0,445.0,100.0,16.458831568158523,5.6426332288401255,3.836784409257004,17.453027139874738,5.69937369519833,19.566853415837446,3.721046910276779,1.0034283802993562
05083,54237.0,20880.0,3009.0,21018.0,1619.0,244.0,3224.0,8484.0,1593.0,6689.0,8484.0,389.0,21240.0,18780.0,363.0,42.0,707.0,100.0,14.410919540229886,7.702921305547626,7.568238213399503,18.776520509193777,4.585101367279585,1.7090395480225988,3.3286252354048966,0.1977401129943503
05085,71449.0,73846.0,8232.0,72602.0,4895.0,598.0,9027.0,27817.0,2687.0,24557.0,27817.0,1280.0,74747.0,62492.0,4109.0,61.0,3871.0,51.936769573735056,11.147523224006717,6.742238505826286,6.624570732247701,9.65956070029119,4.601502678218356,5.497210590391588,5.178803162668736,0.0816086264331678
05087,53888.0,16850.0,2529.0,16943.0,2117.0,397.0,2442.0,6381.0,570.0,5657.0,6381.0,194.0,17032.0,12336.0,33.0,50.0,1036.0,100.0,15.008902077151337,12.494835625331996,16.257166257166258,8.932769158439116,3.040275818837173,0.1937529356505401,6.0826679192108974,0.2935650540159699
05089,46953.0,16864.0,3008.0,16909.0,1223.0,250.0,2903.0,7296.0,753.0,6293.0,7296.0,228.0,17076.0,15744.0,32.0,66.0,446.0,100.0,17.836812144212523,7.232834585132178,8.611780916293489,10.320723684210526,3.125,0.1873975169828999,2.611852892949168,0.3865073787772312
05091,49983.0,41304.0,8694.0,41407.0,4676.0,665.0,5506.0,16311.0,1842.0,13381.0,16311.0,1536.0,42588.0,28251.0,10853.0,316.0,1683.0,39.906103286384976,21.04880883207437,11.292776583669427,12.077733381765348,11.292992459076697,9.416957881184477,25.483704329858178,3.951817413355875,0.7419930496853574
05093,53428.0,38746.0,8150.0,38946.0,3688.0,650.0,5170.0,15381.0,1966.0,12726.0,15381.0,1622.0,39749.0,22402.0,13817.0,5.0,1861.0,45.63844168612511,21.034429360450112,9.469521902120883,12.572533849129591,12.782003770886158,10.545478187374034,34.760622908752424,4.681878789403507,0.0125789328033409
05095,43955.0,6548.0,1452.0,6592.0,464.0,77.0,1057.0,2819.0,603.0,2128.0,2819.0,370.0,6681.0,3564.0,2686.0,0.0,189.0,100.0,22.174709835064142,7.038834951456311,7.28476821192053,21.3905640297978,13.12522170982618,40.20356234096692,2.828917826672654,0.0
05097,49015.0,8452.0,1762.0,8452.0,947.0,115.0,1465.0,3752.0,745.0,2885.0,3752.0,177.0,8571.0,7689.0,72.0,108.0,410.0,100.0,20.847136772361573,11.204448651206816,7.849829351535837,19.856076759061835,4.717484008528785,0.840042002100105,4.783572511958932,1.2600630031501574
05099,41761.0,8054.0,2298.0,8063.0,497.0,49.0,1159.0,3402.0,1016.0,2335.0,3402.0,80.0,8228.0,5158.0,2543.0,2.0,379.0,100.0,28.53240625776012,6.163958824258961,4.227782571182053,29.864785420340976,2.3515579071134627,30.906660184735053,4.606222654350996,0.0243072435585804
05101,47395.0,7097.0,945.0,7094.0,433.0,101.0,1142.0,3049.0,519.0,2392.0,3049.0,93.0,7175.0,6642.0,11.0,67.0,123.0,100.0,13.315485416373116,6.103749647589512,8.84413309982487,17.021974417841914,3.050180387012136,0.1533101045296167,1.7142857142857142,0.9337979094076656
05103,49838.0,21886.0,3913.0,21964.0,1279.0,158.0,3311.0,8590.0,1426.0,6892.0,8590.0,778.0,22317.0,12104.0,9146.0,41.0,562.0,56.41059602649007,17.87900941240976,5.823165179384447,4.771972213832679,16.60069848661234,9.057043073341095,40.982210870636735,2.5182596227091456,0.1837164493435497
05105,60078.0,9964.0,1558.0,9971.0,529.0,54.0,1490.0,3840.0,672.0,3057.0,3840.0,220.0,10073.0,9075.0,179.0,20.0,332.0,100.0,15.636290646326776,5.30538561829305,3.624161073825504,17.5,5.729166666666667,1.777027697806016,3.2959396406234487,0.1985505807604487
05107,38874.0,15782.0,4534.0,15737.0,1327.0,203.0,2201.0,6179.0,1172.0,4894.0,6179.0,927.0,15910.0,5287.0,9753.0,6.0,305.0,48.09874456784162,28.72893169433532,8.432356865984623,9.223080417991822,18.96747046447645,15.002427577277876,61.30106851037083,1.9170333123821497,0.0377121307353865
05109,51000.0,9932.0,1871.0,10030.0,1157.0,126.0,1368.0,4120.0,772.0,3204.0,4120.0,163.0,10182.0,8553.0,392.0,1.0,801.0,100.0,18.83809907370117,11.535393818544367,9.210526315789474,18.737864077669904,3.9563106796116494,3.8499312512276567,7.866823806717737,0.0098212531919072
05111,47188.0,22259.0,4466.0,22425.0,2230.0,325.0,3018.0,9031.0,1554.0,7189.0,9031.0,898.0,22740.0,19241.0,1331.0,139.0,840.0,68.50424559111691,20.06379442023451,9.944258639910814,10.768721007289596,17.20739674454656,9.94352784852176,5.853122251539138,3.693931398416887,0.6112576956904133
05113,49252.0,19040.0,3611.0,19178.0,1857.0,272.0,2877.0,7884.0,1477.0,6199.0,7884.0,459.0,19348.0,16784.0,18.0,242.0,1325.0,71.20857395556943,18.965336134453786,9.682970069871727,9.454292665971495,18.73414510400812,5.821917808219178,0.0930328716146371,6.848253049410792,1.250775273930122
05115,54606.0,60583.0,10633.0,63250.0,4763.0,505.0,7946.0,24073.0,3253.0,20047.0,24073.0,1118.0,63830.0,51884.0,1419.0,135.0,6783.0,55.88583329388933,17.551128204281728,7.530434782608696,6.355398942864334,13.513064429028372,4.644207203090599,2.223092589691368,10.62666457778474,0.2114992950023499
05117,51094.0,7890.0,739.0,7998.0,483.0,124.0,1178.0,3261.0,868.0,2362.0,3261.0,143.0,8162.0,6846.0,857.0,4.0,179.0,100.0,9.366286438529784,6.039009752438109,10.526315789473683,26.617601962588164,4.385157927016253,10.499877481009555,2.1930899289389854,0.0490075961774075
05119,60385.0,391326.0,63472.0,391630.0,37706.0,3271.0,48676.0,169453.0,17560.0,148371.0,169453.0,12902.0,398949.0,194286.0,146488.0,853.0,32722.0,11.361603507673037,16.219724730787117,9.627965171207515,6.719944120305695,10.362755454314764,7.613910641888902,36.71847780042061,8.202050888710085,0.2138117904794848
05121,52838.0,18357.0,3879.0,18426.0,1303.0,166.0,2456.0,7071.0,1302.0,5436.0,7071.0,412.0,18733.0,16760.0,212.0,38.0,461.0,61.42372516288837,21.13090374244157,7.071529360685987,6.758957654723127,18.41323716588884,5.826615754490171,1.1316927347461698,2.460897880745209,0.2028505845299738
05123,41784.0,19768.0,5503.0,19868.0,1569.0,205.0,2560.0,7881.0,1272.0,6397.0,7881.0,1036.0,22740.0,8984.0,12466.0,56.0,760.0,62.94066695539195,27.83791987049777,7.897120998590698,8.0078125,16.140083745717547,13.145539906103286,54.81970096745823,3.342128408091469,0.2462620932277924
05125,76534.0,124191.0,11244.0,124358.0,7509.0,710.0,15555.0,49589.0,4931.0,43541.0,49589.0,1705.0,125724.0,99778.0,10373.0,234.0,8776.0,36.76184611395605,9.053796168804505,6.038212258157899,4.564448730311796,9.943737522434413,3.4382625178971145,8.250612452674112,6.9803696987051005,0.186121981483249
05127,45955.0,9748.0,1678.0,9748.0,958.0,133.0,1465.0,3927.0,887.0,2946.0,3927.0,349.0,9839.0,8227.0,148.0,23.0,768.0,100.0,17.21378744357817,9.827656955272875,9.078498293515358,22.587216704863764,8.887191240132417,1.5042179083240166,7.805671308059762,0.2337635938611647
05129,41978.0,7736.0,1896.0,7759.0,450.0,54.0,1247.0,3052.0,698.0,2284.0,3052.0,227.0,7861.0,6932.0,6.0,93.0,172.0,100.0,24.50879007238883,5.799716458306483,4.330392943063352,22.87024901703801,7.437745740498034,0.076326167154306,2.188016791756774,1.183055590891744
05131,56450.0,126382.0,20559.0,126840.0,13306.0,1402.0,16266.0,51951.0,6952.0,43530.0,51951.0,3271.0,128448.0,85809.0,7353.0,883.0,20023.0,19.674645341512843,16.267348198319382,10.490381583096816,8.61920570515185,13.381840580547054,6.296317683971434,5.724495515695067,15.588409317389138,0.6874377179870453
05133,51641.0,15533.0,3049.0,15690.0,2963.0,395.0,1878.0,5697.0,880.0,4482.0,5697.0,272.0,15797.0,8471.0,737.0,259.0,5538.0,62.788054801439486,19.62917659177236,18.88463989802422,21.03301384451544,15.44672634720028,4.7744426891346325,4.665442805595999,35.057289358739,1.6395518136355005
05135,42950.0,17277.0,2997.0,17396.0,1038.0,265.0,2667.0,6810.0,1213.0,5049.0,6810.0,297.0,17597.0,16064.0,107.0,21.0,409.0,100.0,17.346761590553914,5.966888939986204,9.936257967754033,17.812041116005872,4.361233480176211,0.608058191737228,2.324259817014264,0.1193385236119793
05137,38531.0,12359.0,2665.0,12371.0,1120.0,268.0,1923.0,4962.0,972.0,3490.0,4962.0,357.0,12474.0,11262.0,13.0,95.0,266.0,100.0,21.563233271300263,9.053431412173632,13.936557462298492,19.588875453446192,7.194679564691657,0.1042167708834375,2.132435465768799,0.7615840949174283
05139,50221.0,37758.0,7327.0,37902.0,2206.0,404.0,5078.0,15125.0,2351.0,12305.0,15125.0,879.0,38368.0,22887.0,12362.0,41.0,1751.0,52.12270189993343,19.40515917156629,5.820273336499393,7.955888144938952,15.543801652892562,5.811570247933885,32.21955796497081,4.563698915763136,0.10685988323603
05141,47266.0,15742.0,3069.0,15784.0,1561.0,186.0,2633.0,7115.0,1065.0,5644.0,7115.0,520.0,15936.0,14650.0,101.0,122.0,533.0,100.0,19.495616821242532,9.889761784085149,7.064185339916445,14.968376669009135,7.308503162333099,0.633785140562249,3.344628514056225,0.7655622489959839
05143,66426.0,242703.0,35887.0,249793.0,30735.0,2081.0,25250.0,95467.0,6831.0,85025.0,95467.0,3885.0,251863.0,157981.0,7911.0,1276.0,46214.0,24.0012038833372,14.786385005541751,12.304187867554337,8.241584158415842,7.155352111200729,4.069469031183551,3.1409933177957856,18.348864263508336,0.5066246332331465
05145,53435.0,74202.0,12190.0,76932.0,7491.0,824.0,10211.0,28945.0,3567.0,24772.0,28945.0,1557.0,77395.0,66100.0,3323.0,66.0,3693.0,55.913670563119936,16.42812862187003,9.737170488223368,8.069728723925179,12.323371912247366,5.379167386422526,4.293559015440274,4.77162607403579,0.0852768266683894
05147,49982.0,5976.0,1361.0,6038.0,482.0,75.0,842.0,2753.0,997.0,1717.0,2753.0,371.0,6157.0,4279.0,1670.0,1.0,36.0,100.0,22.77443105756359,7.982775753560782,8.907363420427554,36.21503814021068,13.476207773338176,27.12359915543284,0.584700341075199,0.0162416761409777
05149,58870.0,19746.0,2621.0,19920.0,1649.0,128.0,2928.0,8053.0,1474.0,6283.0,8053.0,509.0,20195.0,14905.0,349.0,58.0,4214.0,80.70374574347332,13.27357439481414,8.278112449799197,4.371584699453552,18.303737737489133,6.320625853719111,1.7281505323099775,20.866551126516462,0.287199801931171
06001,126240.0,1624096.0,149752.0,1641321.0,67038.0,8871.0,200443.0,593117.0,28764.0,554560.0,593117.0,57569.0,1651949.0,466445.0,159042.0,4002.0,385245.0,0.4905629199103874,9.220637203712096,4.084392998078987,4.425697080965661,4.849633377562943,9.70617938787794,9.627536927592802,23.320635201207786,0.2422592949298071
06003,110781.0,1695.0,209.0,1695.0,85.0,36.0,280.0,473.0,26.0,411.0,473.0,25.0,1695.0,993.0,0.0,417.0,249.0,100.0,12.330383480825958,5.014749262536873,12.857142857142858,5.496828752642706,5.2854122621564485,0.0,14.690265486725664,24.601769911504423
06005,81526.0,37799.0,2931.0,37789.0,2221.0,379.0,6174.0,16066.0,1471.0,14130.0,16066.0,612.0,41029.0,30234.0,781.0,398.0,6361.0,69.22962889756387,7.754173390830445,5.877371721929662,6.138645934564302,9.155981575999004,3.8092866923938753,1.903531648346292,15.50366813717127,0.9700455775183406
06007,68574.0,204601.0,37531.0,207385.0,13173.0,1615.0,24409.0,82345.0,5668.0,74718.0,82345.0,4915.0,209470.0,139527.0,3550.0,1611.0,40829.0,21.016670446813336,18.3435076074897,6.351954095040625,6.616411979188005,6.883235169105593,5.968789847592446,1.6947534253115004,19.49157397240655,0.7690838783596696
06009,79877.0,45528.0,6083.0,45670.0,2407.0,844.0,7926.0,17897.0,1600.0,15312.0,17897.0,389.0,45995.0,35599.0,529.0,424.0,6403.0,81.97474167623422,13.3610086100861,5.270418217648347,10.648498612162504,8.940045817734816,2.173548639436777,1.1501250135884336,13.921078378084577,0.9218393303619958
06011,75149.0,21588.0,2332.0,21675.0,1947.0,158.0,2555.0,7466.0,1041.0,6192.0,7466.0,417.0,21895.0,6869.0,311.0,154.0,13639.0,42.703420486286,10.802297572725587,8.982698961937716,6.183953033268102,13.943209215108492,5.585320117867667,1.4204156200045672,62.29276090431605,0.7033569308061202
06013,125727.0,1151878.0,95048.0,1156624.0,55641.0,6414.0,152250.0,411662.0,13468.0,392325.0,411662.0,20960.0,1161458.0,455961.0,94864.0,1806.0,316799.0,1.0001483797870707,8.251568308449333,4.810638548050187,4.212807881773399,3.271616034513752,5.091555693748755,8.167665124352324,27.27597554108715,0.1554942150297298
06015,66780.0,24952.0,2900.0,25053.0,1471.0,199.0,3669.0,9621.0,708.0,8683.0,9621.0,608.0,27293.0,16668.0,805.0,1686.0,5350.0,43.69750928162059,11.622314844501442,5.871552309104698,5.4238212046879255,7.358902400997818,6.3195094065066,2.949474224160041,19.602095775473565,6.177408126625875
06017,106190.0,190642.0,15754.0,191284.0,7653.0,1252.0,30860.0,75719.0,4699.0,69937.0,75719.0,2880.0,192299.0,142547.0,1522.0,824.0,27230.0,36.6723330805241,8.263656487028042,4.000857363919617,4.057031756318859,6.205840013734994,3.80353676091866,0.7914757747050166,14.160240042849937,0.4284993681714413
06019,71434.0,994567.0,185717.0,1000249.0,70433.0,7795.0,103974.0,322163.0,31100.0,280772.0,322163.0,23037.0,1012152.0,273299.0,42060.0,4074.0,547669.0,11.265012581122962,18.673151230636044,7.041546654882934,7.497066574335892,9.653498384358228,7.150728047603232,4.155502335617575,54.10936302057399,0.4025087141061816
06021,70487.0,28414.0,3511.0,28407.0,2541.0,375.0,3380.0,9763.0,823.0,8831.0,9763.0,306.0,28623.0,13918.0,158.0,203.0,12632.0,41.21105232216343,12.356584782149644,8.94497835040659,11.094674556213018,8.429785926457031,3.134282495134692,0.5520036334416378,44.13234112427069,0.7092198581560284
06023,61135.0,132564.0,25064.0,134502.0,7770.0,1018.0,16522.0,54878.0,4198.0,49642.0,54878.0,3588.0,135418.0,95115.0,1523.0,4120.0,18744.0,31.534555154144343,18.907093931987568,5.776865771512691,6.161481660815882,7.64969568861839,6.538139145012574,1.124665849443944,13.841586790530062,3.0424315822121137
06025,56393.0,171599.0,33705.0,171830.0,11673.0,1859.0,17871.0,48844.0,4349.0,43070.0,48844.0,2939.0,179319.0,16894.0,3935.0,1197.0,153460.0,18.405471280230604,19.641722853862785,6.793342256881802,10.40232779363214,8.903857177954304,6.017115715338629,2.1944133081268578,85.57933068999938,0.6675254713666706
06027,72432.0,18392.0,1928.0,18442.0,1316.0,189.0,2746.0,7923.0,1187.0,6555.0,7923.0,456.0,18803.0,11094.0,112.0,1532.0,4469.0,42.08561211611275,10.482818616789908,7.135885478798395,6.882738528769119,14.98169885144516,5.755395683453237,0.5956496303781311,23.76748391214168,8.147636015529438
06029,67660.0,886335.0,168825.0,888229.0,69712.0,7611.0,93085.0,281416.0,22917.0,252675.0,281416.0,18305.0,910433.0,279058.0,43962.0,2829.0,507456.0,13.352873569539229,19.047538458934827,7.848426475604827,8.176397915883333,8.143460215481706,6.504605281860306,4.828691402881925,55.73787417635345,0.3107312674298932
06031,68750.0,139672.0,23427.0,135709.0,10715.0,1250.0,12958.0,43736.0,4065.0,38391.0,43736.0,2556.0,152830.0,43991.0,9143.0,1107.0,87860.0,10.913788806841284,16.772867861847757,7.8955706695945,9.646550393579256,9.294402780318274,5.8441558441558445,5.982464175881699,57.48871294902833,0.7243342275731205
06033,58738.0,66900.0,11156.0,67517.0,4306.0,584.0,9930.0,26364.0,3050.0,22401.0,26364.0,1359.0,68139.0,44464.0,1314.0,1362.0,16184.0,40.787524023297095,16.675635276532137,6.377653035531792,5.881168177240685,11.568805947504172,5.154756486117432,1.9284110421344605,23.751449243458225,1.9988552811165408
06035,64395.0,23977.0,3279.0,24167.0,1611.0,289.0,3204.0,9060.0,965.0,7904.0,9060.0,543.0,31177.0,19131.0,2330.0,671.0,7027.0,72.51756798044607,13.675605788881011,6.666114950138619,9.019975031210986,10.65121412803532,5.993377483443709,7.473457997883055,22.539051223658465,2.152227603682201
06037,87760.0,9693427.0,1322476.0,9778622.0,849903.0,104841.0,1209205.0,3390254.0,213429.0,3108381.0,3390254.0,295983.0,9848406.0,2477324.0,742849.0,18057.0,4753369.0,0.8909518655315768,13.643018098759088,8.691439345952835,8.670242018516298,6.295369019548388,8.730407810152277,7.542834850634712,48.26536395839083,0.1833494679240478
06039,75496.0,151968.0,30187.0,152205.0,11433.0,1353.0,16046.0,44513.0,3447.0,40089.0,44513.0,1946.0,158790.0,48992.0,3846.0,833.0,95835.0,38.60740456305398,19.8640503263845,7.511579777274071,8.432007977065936,7.743805180509065,4.37175656549772,2.422066880785944,60.353296807103725,0.5245922287297689
06041,142785.0,254311.0,19907.0,255482.0,9666.0,1091.0,38329.0,103201.0,3498.0,98126.0,103201.0,4510.0,258765.0,172256.0,5544.0,189.0,49128.0,6.012862104063342,7.82781712155589,3.7834367978957424,2.8464087244645047,3.3895020397089177,4.370112692706466,2.142484493652542,18.98556605414179,0.0730392441017912
06043,65378.0,16893.0,2347.0,16906.0,1107.0,327.0,2839.0,7515.0,975.0,6324.0,7515.0,460.0,17060.0,13030.0,216.0,273.0,2341.0,100.0,13.893328597643997,6.547971134508458,11.51814019020782,12.974051896207586,6.121091151031271,1.2661195779601406,13.722157092614305,1.600234466588511
06045,64688.0,89200.0,13524.0,89961.0,7335.0,1059.0,12004.0,34570.0,3557.0,30092.0,34570.0,2683.0,90709.0,56350.0,749.0,2465.0,24440.0,48.46453641335793,15.161434977578477,8.153533197719012,8.822059313562146,10.289268151576511,7.761064506797801,0.8257174040062177,26.94330220816016,2.7174811760685267
06047,65044.0,280675.0,51655.0,283066.0,25346.0,2805.0,28555.0,84605.0,7780.0,74531.0,84605.0,6065.0,285597.0,69294.0,7773.0,660.0,178961.0,16.798955910697646,18.4038478667498,8.954095511294186,9.82314831027841,9.195674014538149,7.168607056320549,2.721667244403828,62.66207278087655,0.2310948644418533
06049,56648.0,8468.0,1717.0,8481.0,834.0,145.0,1143.0,3264.0,498.0,2699.0,3264.0,182.0,8646.0,6502.0,72.0,197.0,1321.0,100.0,20.276334435521964,9.833746020516449,12.68591426071741,15.257352941176473,5.575980392156863,0.8327550312283136,15.278741614619475,2.2785102937774693
06051,86953.0,13056.0,1441.0,13011.0,1506.0,260.0,2109.0,5521.0,181.0,5029.0,5521.0,254.0,13169.0,8631.0,12.0,210.0,3513.0,46.60856384994316,11.037071078431373,11.574821305049571,12.328117591275486,3.278391595725412,4.600615830465495,0.0911230921102589,26.676285215278305,1.5946541119295314
06053,94486.0,419124.0,52732.0,420702.0,41838.0,3779.0,46482.0,132046.0,6339.0,122933.0,132046.0,6041.0,435834.0,120310.0,8785.0,581.0,265748.0,14.253305545115992,12.581479466697209,9.944806537644224,8.130028828363667,4.800599790981931,4.574920860912107,2.0156756930390927,60.97459124345508,0.1333076354758922
06055,108970.0,133332.0,11238.0,134594.0,7679.0,846.0,18275.0,49663.0,2455.0,46201.0,49663.0,2361.0,136070.0,67232.0,2440.0,254.0,48801.0,14.725508806758487,8.428584285842858,5.7053063286624965,4.629274965800273,4.943317963071099,4.754042244729477,1.7931946792092306,35.864628500036744,0.1866686264422723
06057,84905.0,101450.0,10745.0,101534.0,5322.0,841.0,15903.0,41873.0,2610.0,38421.0,41873.0,1824.0,102452.0,83696.0,309.0,378.0,10723.0,48.204731956847056,10.59142434696895,5.241593948825024,5.28831038168899,6.233133522795119,4.356028944666014,0.3016046538866981,10.466364736657166,0.3689532659196501
06059,113702.0,3125637.0,296493.0,3148716.0,213959.0,25097.0,412521.0,1074654.0,41695.0,1014208.0,1074654.0,50231.0,3164063.0,1191304.0,48224.0,3634.0,1080480.0,0.2498282861974108,9.485842405883984,6.795119026295163,6.083811490808952,3.879853422589969,4.674155588682497,1.5241163023618682,34.1484983073978,0.1148523275295087
06061,114678.0,408930.0,27419.0,409369.0,13827.0,1584.0,54114.0,155422.0,6606.0,145417.0,155422.0,6093.0,412435.0,277453.0,6560.0,763.0,63412.0,14.581248656541623,6.7050595456435085,3.377637290561816,2.927153786450826,4.250363526399094,3.9202944242127886,1.5905536630014427,15.375028792415774,0.184998848303369
06063,64946.0,19338.0,2075.0,19459.0,979.0,355.0,3431.0,8055.0,1034.0,6724.0,8055.0,328.0,19607.0,16039.0,132.0,228.0,1965.0,100.0,10.730168579997931,5.031091011871114,10.346837656659869,12.836747361887026,4.072004965859715,0.6732289488448003,10.02193094303055,1.1628500025501096
06065,89672.0,2413439.0,266955.0,2426978.0,195124.0,23998.0,284394.0,762234.0,38461.0,706758.0,762234.0,32473.0,2449909.0,784572.0,149836.0,6809.0,1239702.0,5.473485279248693,11.061186961841589,8.039792696925971,8.438293353586925,5.045825822516445,4.2602402936631005,6.115982267096451,50.60196113406661,0.2779286904125826
06067,88724.0,1565333.0,197472.0,1570424.0,80866.0,7490.0,189093.0,568223.0,26071.0,530032.0,568223.0,36523.0,1584047.0,657865.0,144563.0,4186.0,379734.0,2.3992227399049244,12.615334884015097,5.149309995262426,3.961013892634841,4.58816344991315,6.427582128847301,9.126181230733684,23.972394758488857,0.2642598357245713
06069,108289.0,65660.0,5118.0,65903.0,4154.0,508.0,7834.0,20188.0,928.0,19037.0,20188.0,530.0,66056.0,19986.0,569.0,168.0,40783.0,22.735130589169746,7.794699969540055,6.3032031925709,6.48455450599949,4.596790172379632,2.625321973449574,0.8613903354729321,61.74003875499576,0.2543296596826935
06071,82184.0,2145516.0,291226.0,2149192.0,181725.0,20737.0,244240.0,668004.0,35846.0,615555.0,668004.0,31015.0,2187816.0,560649.0,166813.0,6104.0,1193691.0,5.381467455426021,13.573704414229493,8.455503277510804,8.490419259744513,5.366135532122562,4.642936269842696,7.624635709767183,54.56084972410843,0.2789996965009854
06073,102285.0,3193390.0,330602.0,3171172.0,214784.0,26073.0,384666.0,1159822.0,47826.0,1093059.0,1159822.0,63060.0,3282782.0,1417346.0,145704.0,8395.0,1127221.0,4.394637295316789,10.35269729034036,6.773016411597983,6.778088003618723,4.123563788236471,5.437041201149832,4.438430575042753,34.33736995024342,0.2557282207591
06075,141446.0,823358.0,87135.0,832209.0,28786.0,3344.0,99929.0,362650.0,18734.0,334776.0,362650.0,108601.0,836321.0,313559.0,40243.0,1691.0,133266.0,0.0,10.582881322583855,3.458986865078364,3.3463759269081046,5.165862401764787,29.9465048945264,4.811908346197214,15.934790588781102,0.2021950901627485
06077,88531.0,773079.0,97063.0,778075.0,50075.0,5373.0,86768.0,241373.0,15501.0,220328.0,241373.0,12480.0,787416.0,220011.0,52610.0,2086.0,332543.0,7.751340099816101,12.555379204453878,6.435754907945892,6.192375069149917,6.422010746852382,5.17042088386025,6.68134759771201,42.23218730632855,0.2649171467178721
06079,93398.0,267954.0,34424.0,276628.0,16050.0,1842.0,35672.0,108897.0,5844.0,100655.0,108897.0,4366.0,281486.0,184190.0,3086.0,505.0,68980.0,19.08796702829788,12.846981198265372,5.802015703399511,5.1637138371832245,5.366539023113584,4.009293185303544,1.0963245063697662,24.505659251259388,0.1794050148142358
06081,156000.0,738600.0,47945.0,741370.0,29225.0,3169.0,97199.0,264424.0,9167.0,251829.0,264424.0,14903.0,745100.0,266446.0,15321.0,898.0,185378.0,1.7051653362845056,6.491334958028703,3.942026248701728,3.2603216082469983,3.4667806250567272,5.6360239615163525,2.056234062541941,24.879613474701383,0.1205207354717487
06083,95977.0,423928.0,58387.0,436460.0,40217.0,3966.0,48994.0,148960.0,7857.0,137226.0,148960.0,9303.0,443975.0,184336.0,6832.0,1020.0,211412.0,5.569474531991459,13.772857655073503,9.21436099528021,8.094868759439931,5.274570354457572,6.245300751879699,1.5388253843121795,47.61799650881243,0.2297426656906357
06085,159674.0,1871483.0,128470.0,1893216.0,75322.0,9236.0,229768.0,654467.0,21382.0,622348.0,654467.0,38133.0,1903297.0,537099.0,42949.0,2799.0,477632.0,1.3188834758159935,6.864609510211955,3.97852120413096,4.01970683472024,3.267086041007415,5.826573379559244,2.2565579623148677,25.09497992168327,0.1470606006314306
06087,109266.0,255068.0,28613.0,264998.0,14067.0,1910.0,34508.0,96873.0,4108.0,90619.0,96873.0,5107.0,266021.0,145237.0,1990.0,222.0,93116.0,13.293165128977591,11.21779290228488,5.308341949750564,5.534948417758201,4.240603676979138,5.271850773693393,0.7480612432853045,35.00325162299217,0.0834520582961495
06089,71931.0,178633.0,23179.0,179911.0,12062.0,1538.0,25059.0,71473.0,5475.0,63984.0,71473.0,4400.0,181554.0,138823.0,1591.0,2614.0,20604.0,33.79155115149186,12.975765955898408,6.70442607733824,6.1375154635061255,7.660235333622487,6.156170861724008,0.8763232977516331,11.34868964605572,1.4397920178018662
06091,60000.0,2633.0,325.0,2633.0,327.0,14.0,488.0,1206.0,255.0,893.0,1206.0,97.0,2731.0,2426.0,8.0,0.0,262.0,98.76390605686032,12.34333459931637,12.419293581466007,2.8688524590163933,21.144278606965173,8.043117744610282,0.2929329915781765,9.59355547418528,0.0
06093,55499.0,43419.0,7196.0,43621.0,2801.0,471.0,6469.0,18907.0,2080.0,16325.0,18907.0,1091.0,43834.0,32529.0,722.0,1234.0,5757.0,70.91387603230783,16.573389529929294,6.421219137571353,7.280878033699181,11.001216480668536,5.770349605966044,1.647123237669389,13.133640552995391,2.8151663092576538
06095,99994.0,441245.0,42767.0,438884.0,21296.0,2362.0,57458.0,155800.0,6777.0,145125.0,155800.0,7625.0,450824.0,154748.0,56789.0,1252.0,130628.0,4.456317765953459,9.692347788643495,4.852307215574047,4.110828779282258,4.349807445442876,4.894094993581515,12.596711798839458,28.975387290827463,0.2777136975848668
06097,102840.0,478869.0,41044.0,482063.0,26060.0,2981.0,67374.0,190498.0,8014.0,179116.0,190498.0,8847.0,485642.0,287210.0,7062.0,1482.0,142986.0,13.632244616589924,8.571028819990437,5.405932419621502,4.42455546650043,4.206868313578095,4.644143245598379,1.454157589335354,29.442675880586933,0.3051630625028313
06099,79661.0,547160.0,71943.0,549358.0,33141.0,4510.0,61402.0,176457.0,12105.0,160573.0,176457.0,9320.0,552250.0,207182.0,14636.0,1549.0,271787.0,8.170518631596844,13.148439213392791,6.032678144306627,7.345037620924399,6.860028222173107,5.281740027315436,2.6502489814395656,49.214486192847446,0.2804889090086012
06101,75450.0,98110.0,14494.0,97599.0,5821.0,668.0,11835.0,33240.0,3194.0,29405.0,33240.0,1931.0,98971.0,41558.0,1578.0,669.0,32061.0,15.065289612879267,14.773213739679951,5.964200452873492,5.644275454161385,9.60890493381468,5.809265944645006,1.594406442291176,32.3943377352962,0.6759555829485405
06103,61834.0,64776.0,9988.0,65061.0,4149.0,759.0,8942.0,24526.0,2671.0,21122.0,24526.0,1460.0,65520.0,41228.0,541.0,743.0,18458.0,57.03261480502514,15.419291095467456,6.377092267256882,8.48803399686871,10.890483568457965,5.952866345918617,0.8257020757020757,28.171550671550676,1.134004884004884
06105,53498.0,15721.0,2830.0,15746.0,1954.0,286.0,3213.0,5373.0,937.0,4258.0,5373.0,221.0,15886.0,12595.0,146.0,331.0,936.0,100.0,18.00139940207366,12.409500825606504,8.901338313103018,17.439047087288294,4.1131583845151685,0.9190482185572202,5.8919803600654665,2.0835956187838347
06107,69489.0,470078.0,83473.0,471506.0,37746.0,4654.0,47030.0,142026.0,13243.0,124761.0,142026.0,6617.0,475774.0,125098.0,6156.0,2223.0,314250.0,20.056138333646857,17.757265815460414,8.005412444380347,9.895811184350414,9.324349062847649,4.65900609747511,1.293891637626268,66.05026756401148,0.4672386469205967
06109,72259.0,51746.0,5547.0,52361.0,3059.0,332.0,7930.0,22809.0,2223.0,20114.0,22809.0,1238.0,54873.0,43120.0,881.0,539.0,7250.0,47.83710895361381,10.71966915317126,5.842134413017322,4.186633039092055,9.746152834407471,5.427682055329036,1.605525486122501,13.212326645162468,0.9822681464472508
06111,107327.0,827580.0,74630.0,830360.0,65925.0,7115.0,111262.0,278045.0,13780.0,258844.0,278045.0,11860.0,838259.0,359342.0,14033.0,1324.0,367516.0,3.366858527000876,9.017859300611422,7.939327520593477,6.394815840089159,4.956032296930353,4.265496592278228,1.6740649369705545,43.842774130668445,0.1579464103576579
06113,88818.0,210055.0,34165.0,216081.0,10032.0,1047.0,22182.0,76640.0,3965.0,70307.0,76640.0,5532.0,217782.0,93721.0,5364.0,892.0,72347.0,8.047947579284946,16.264787793673086,4.642703430657948,4.720043278333784,5.173538622129437,7.218162839248434,2.463013472187784,33.21991716487129,0.4095838958224279
06115,73313.0,81611.0,12501.0,80273.0,5517.0,584.0,9070.0,28063.0,1819.0,25673.0,28063.0,1863.0,83079.0,42130.0,2920.0,505.0,24887.0,29.51271835733987,15.31778804327848,6.872796581665068,6.438809261300992,6.481844421480241,6.638634500944304,3.5147269466411486,29.955825178444613,0.6078551739910206
08001,91387.0,520338.0,48994.0,521069.0,57909.0,5036.0,55755.0,184964.0,10454.0,170406.0,184964.0,9040.0,524408.0,242505.0,17207.0,1678.0,221633.0,4.041018376663869,9.415802805099762,11.113499363807865,9.03237377813649,5.65191064207089,4.887437555416189,3.2812237799575903,42.26346661378164,0.3199798630074293
08003,51445.0,15598.0,2843.0,16255.0,1039.0,144.0,1734.0,6570.0,575.0,5894.0,6570.0,476.0,16515.0,7564.0,280.0,176.0,7900.0,33.042256961406935,18.226695730221824,6.391879421716395,8.304498269896193,8.751902587519027,7.245053272450533,1.6954283984256735,47.8353012412958,1.065697850438995
08005,97215.0,649885.0,55261.0,649603.0,58302.0,4949.0,76444.0,253890.0,9152.0,239189.0,253890.0,13322.0,655709.0,369965.0,68630.0,1712.0,138906.0,2.0635962568885766,8.50319671941959,8.975020127677983,6.474020197791847,3.604710701484895,5.247154279412344,10.466533172489626,21.184092333641907,0.2610914292773166
08007,76524.0,13606.0,1134.0,13620.0,1568.0,434.0,2513.0,5904.0,527.0,5272.0,5904.0,191.0,13730.0,10611.0,2.0,94.0,2255.0,57.84115577513287,8.334558283110393,11.512481644640236,17.270194986072422,8.926151761517616,3.2350948509485096,0.0145666423889293,16.423889293517846,0.6846321922796795
08009,40380.0,3364.0,810.0,3376.0,260.0,38.0,471.0,1593.0,207.0,1311.0,1593.0,89.0,3460.0,2891.0,11.0,16.0,370.0,100.0,24.07847800237812,7.701421800947867,8.067940552016985,12.994350282485875,5.586942875078468,0.3179190751445087,10.693641618497107,0.4624277456647399
08011,49194.0,4252.0,1348.0,4252.0,348.0,71.0,594.0,1875.0,268.0,1563.0,1875.0,129.0,5524.0,3021.0,192.0,77.0,1780.0,100.0,31.702728127939796,8.184383819379116,11.952861952861952,14.293333333333331,6.88,3.4757422157856626,32.22302679217958,1.393917451122375
08013,102772.0,315677.0,36145.0,326101.0,14265.0,1903.0,39753.0,135230.0,4095.0,128409.0,135230.0,6845.0,328317.0,247322.0,2462.0,531.0,47948.0,9.402644833987386,11.449994773138366,4.374411608673387,4.787060096093376,3.028174221696369,5.061746653848998,0.7498850196608765,14.60417827891946,0.1617339339723499
08014,121025.0,74640.0,3695.0,74656.0,3584.0,217.0,8689.0,30921.0,621.0,29679.0,30921.0,1111.0,75110.0,54984.0,830.0,113.0,10381.0,0.3953475820379965,4.95042872454448,4.800685812258895,2.497410519047071,2.008343843989522,3.593027392387051,1.1050459326321396,13.821062441752098,0.150446012514978
08015,70909.0,18500.0,1844.0,18471.0,1348.0,222.0,2945.0,9195.0,975.0,7952.0,9195.0,204.0,19876.0,16802.0,191.0,62.0,1933.0,43.566440747586775,9.967567567567569,7.2979264793460015,7.538200339558574,10.603588907014682,2.2185970636215333,0.9609579392231836,9.725296840410545,0.3119339907426041
08017,67768.0,1691.0,193.0,1691.0,136.0,39.0,277.0,751.0,48.0,667.0,751.0,3.0,1732.0,1366.0,19.0,1.0,219.0,100.0,11.4133648728563,8.042578356002366,14.07942238267148,6.391478029294274,0.3994673768308921,1.0969976905311778,12.644341801385682,0.0577367205542725
08019,96667.0,9282.0,631.0,9282.0,637.0,70.0,1683.0,4512.0,207.0,4154.0,4512.0,175.0,9358.0,8085.0,104.0,60.0,708.0,100.0,6.798103856927386,6.862745098039215,4.159239453357101,4.587765957446808,3.87854609929078,1.1113485787561446,7.565719170762984,0.6411626415900834
08021,47209.0,7490.0,1032.0,7495.0,1014.0,64.0,999.0,3112.0,558.0,2502.0,3112.0,199.0,7536.0,3483.0,12.0,82.0,3773.0,100.0,13.778371161548732,13.52901934623082,6.406406406406407,17.930591259640103,6.394601542416453,0.1592356687898089,50.06634819532909,1.0881104033970277
08023,36519.0,3551.0,793.0,3551.0,295.0,63.0,602.0,1574.0,218.0,1314.0,1574.0,77.0,3571.0,1317.0,78.0,5.0,1985.0,100.0,22.331737538721487,8.307519008729935,10.465116279069768,13.850063532401524,4.891994917407878,2.1842621114533745,55.58667040044806,0.1400168020162419
08025,47563.0,4177.0,762.0,4183.0,322.0,52.0,450.0,1333.0,215.0,1080.0,1333.0,79.0,5734.0,3210.0,342.0,225.0,1644.0,100.0,18.24275796025856,7.697824527850825,11.555555555555555,16.129032258064516,5.926481620405101,5.964422741541681,28.67108475758633,3.923962329961632
08027,72700.0,5064.0,490.0,5064.0,397.0,63.0,1290.0,2448.0,399.0,1969.0,2448.0,97.0,5073.0,4723.0,0.0,5.0,92.0,100.0,9.676145339652448,7.839652448657188,4.883720930232558,16.29901960784314,3.962418300653595,0.0,1.8135225704711213,0.0985610092647348
08029,58330.0,30340.0,4310.0,30430.0,3362.0,785.0,4630.0,12648.0,2130.0,10105.0,12648.0,596.0,31353.0,25243.0,245.0,109.0,4460.0,73.74663418386973,14.205669083717863,11.048307591192902,16.954643628509718,16.840607210626185,4.712207463630613,0.7814244250948873,14.225114024176316,0.3476541319809906
08031,91681.0,701727.0,78668.0,706553.0,62025.0,5733.0,67267.0,329578.0,14193.0,303908.0,329578.0,34085.0,713734.0,389451.0,60519.0,2015.0,199425.0,0.0145348430935736,11.210627494737984,8.778534660527944,8.522752612722435,4.306416083597813,10.342013119807756,8.479209341295217,27.941081691498518,0.2823180624714529
08033,70490.0,2385.0,448.0,2385.0,160.0,42.0,361.0,1238.0,138.0,921.0,1238.0,85.0,2385.0,1870.0,0.0,108.0,296.0,100.0,18.78406708595388,6.708595387840671,11.634349030470917,11.147011308562195,6.8659127625201934,0.0,12.41090146750524,4.528301886792453
08035,145737.0,366926.0,11841.0,366565.0,13515.0,1187.0,47112.0,136130.0,1686.0,132948.0,136130.0,3195.0,368283.0,288358.0,4789.0,625.0,36431.0,9.0145204453905,3.2270812098352257,3.6869313764271,2.519527933435218,1.2385220010284288,2.3470212297068977,1.300358691549705,9.892121004770788,0.1697064485735154
08037,103174.0,55036.0,4553.0,55267.0,5592.0,376.0,6971.0,20911.0,750.0,19877.0,20911.0,914.0,55374.0,34931.0,524.0,42.0,16729.0,18.510344332597658,8.272766916200306,10.118153690267247,5.393774207430785,3.586629046913108,4.370905265171441,0.94629248383718,30.21092931700798,0.0758478708419113
08039,129477.0,27095.0,1444.0,27063.0,1234.0,253.0,4691.0,9657.0,395.0,9098.0,9657.0,89.0,27152.0,22697.0,144.0,66.0,2337.0,100.0,5.329396567632404,4.559730998041607,5.39330633127265,4.09029719374547,0.9216112664388526,0.5303476723629935,8.60710076605775,0.2430760164997053
08041,87470.0,714594.0,60977.0,697143.0,49508.0,5248.0,84012.0,283174.0,11053.0,267390.0,283174.0,10442.0,736008.0,488925.0,40725.0,1732.0,134942.0,10.250480904168292,8.533097115285043,7.101555921812311,6.246726658096462,3.903253829800759,3.6874854329846665,5.533227899696742,18.334311583569743,0.235323529092075
08043,61027.0,41502.0,5800.0,41484.0,2432.0,397.0,6397.0,17695.0,2398.0,14912.0,17695.0,896.0,49394.0,38759.0,1754.0,482.0,6399.0,49.4534011728887,13.97523010939232,5.862501205283965,6.206034078474285,13.551850805312236,5.063577281718,3.551038587682714,12.95501477912297,0.9758270235251244
08045,86172.0,61058.0,5539.0,61415.0,10979.0,1173.0,7594.0,23071.0,1486.0,21271.0,23071.0,995.0,62034.0,38810.0,274.0,116.0,19867.0,32.116397827672856,9.07170231583085,17.876740210046407,15.44640505662365,6.440986519873435,4.31277361189372,0.4416932649837186,32.025985749750134,0.1869942289712093
08047,88654.0,5809.0,580.0,5833.0,433.0,50.0,1291.0,3076.0,287.0,2750.0,3076.0,170.0,5877.0,4999.0,65.0,32.0,413.0,100.0,9.984506799793424,7.423281330361735,3.872966692486445,9.330299089726918,5.526657997399219,1.1060064658839543,7.027394929385741,0.544495490896716
08049,84558.0,15760.0,1420.0,15760.0,2079.0,457.0,2757.0,6460.0,429.0,5992.0,6460.0,144.0,15794.0,12439.0,50.0,70.0,1573.0,68.32092638544252,9.01015228426396,13.191624365482234,16.575988393180992,6.640866873065016,2.2291021671826625,0.3165759149043941,9.959478282892238,0.4432062808661517
08051,77358.0,16166.0,2115.0,17087.0,1053.0,130.0,1959.0,7903.0,323.0,7374.0,7903.0,235.0,17158.0,14525.0,80.0,25.0,1691.0,57.27627379122828,13.083013732525052,6.162579738982853,6.636038795303726,4.087055548525877,2.973554346450715,0.4662548082527101,9.85546100944166,0.1457046275789719
08053,64327.0,939.0,42.0,939.0,100.0,36.0,137.0,473.0,24.0,443.0,473.0,9.0,939.0,806.0,19.0,26.0,29.0,100.0,4.472843450479234,10.649627263045794,26.277372262773724,5.07399577167019,1.9027484143763211,2.0234291799787005,3.08839190628328,2.768903088391906
08055,52139.0,6813.0,1193.0,6813.0,289.0,65.0,1117.0,2836.0,602.0,2204.0,2836.0,109.0,6946.0,4434.0,0.0,114.0,2141.0,100.0,17.51064142081315,4.241890503449288,5.819158460161146,21.227080394922424,3.843441466854725,0.0,30.82349553699971,1.6412323639504751
08057,41809.0,1416.0,258.0,1416.0,106.0,5.0,174.0,634.0,101.0,528.0,634.0,21.0,1422.0,1199.0,15.0,3.0,189.0,100.0,18.220338983050848,7.4858757062146895,2.8735632183908044,15.930599369085174,3.312302839116719,1.0548523206751057,13.291139240506327,0.2109704641350211
08059,107800.0,571679.0,38319.0,574001.0,30099.0,3973.0,78312.0,240031.0,9184.0,226619.0,240031.0,9344.0,579715.0,440240.0,6110.0,1714.0,92162.0,7.148444871420974,6.702887459570843,5.243719087597408,5.073296557360302,3.826172452724856,3.8928305093925366,1.0539661730333008,15.897811855825708,0.2956625238263629
08061,56389.0,1329.0,170.0,1329.0,93.0,10.0,247.0,574.0,70.0,485.0,574.0,15.0,1356.0,1196.0,0.0,6.0,133.0,100.0,12.791572610985703,6.997742663656885,4.048582995951417,12.195121951219512,2.6132404181184667,0.0,9.808259587020649,0.4424778761061947
08063,59810.0,6922.0,633.0,6930.0,751.0,58.0,931.0,2914.0,275.0,2586.0,2914.0,231.0,7015.0,5305.0,4.0,41.0,1383.0,100.0,9.144755850910142,10.836940836940837,6.229860365198711,9.43719972546328,7.927247769389155,0.0570206699928724,19.71489665003564,0.5844618674269423
08065,93655.0,7276.0,525.0,7360.0,981.0,65.0,680.0,2959.0,222.0,2646.0,2959.0,131.0,7411.0,4248.0,7.0,49.0,2606.0,38.972565895642816,7.215503023639362,13.328804347826088,9.558823529411764,7.502534640081109,4.427171341669483,0.0944541897179867,35.16394548643908,0.6611793280259074
08067,85296.0,54260.0,6755.0,55708.0,5307.0,845.0,8126.0,23200.0,1934.0,20463.0,23200.0,480.0,56088.0,42940.0,88.0,3021.0,7149.0,65.64578166001654,12.449318098046444,9.52645939541897,10.398720157519074,8.336206896551724,2.0689655172413794,0.1568963058051633,12.746041934103552,5.3861788617886175
08069,91364.0,353725.0,39240.0,360991.0,20626.0,2565.0,42204.0,151571.0,5181.0,140518.0,151571.0,5542.0,363561.0,290514.0,3301.0,1013.0,46167.0,10.244077690452452,11.093363488585766,5.713715854411883,6.077622974125675,3.418200051461032,3.656372261184528,0.907963175368095,12.698556775891804,0.2786327466367405
08071,50408.0,13672.0,2378.0,13906.0,1177.0,179.0,2048.0,6701.0,844.0,5720.0,6701.0,475.0,14392.0,7833.0,235.0,125.0,5614.0,42.816901408450704,17.393212404915154,8.463972386020423,8.740234375,12.595135054469482,7.088494254588867,1.632851584213452,39.00778210116732,0.868538076709283
08073,54257.0,4325.0,447.0,4369.0,344.0,39.0,662.0,1970.0,330.0,1524.0,1970.0,110.0,5561.0,4183.0,315.0,50.0,827.0,100.0,10.335260115606935,7.873655298695353,5.891238670694864,16.751269035532996,5.583756345177665,5.664448840136666,14.871426002517532,0.8991188635137565
08075,55074.0,19152.0,2506.0,19556.0,1713.0,210.0,2520.0,8148.0,896.0,6969.0,8148.0,481.0,21067.0,16070.0,334.0,114.0,3530.0,42.96729840208101,13.084795321637428,8.759460012272449,8.333333333333334,10.996563573883162,5.903289150711832,1.585417952247591,16.75606398632933,0.541130678312052
08077,71485.0,153296.0,17123.0,155993.0,15311.0,1611.0,20982.0,64559.0,4092.0,59339.0,64559.0,3505.0,157316.0,124328.0,889.0,662.0,23957.0,12.671560599346192,11.169893539296524,9.815184014667324,7.678009722619388,6.3383881410802525,5.4291423349184464,0.5651046301711206,15.228584505072591,0.4208090721859188
08079,52455.0,799.0,104.0,796.0,124.0,8.0,147.0,434.0,21.0,399.0,434.0,11.0,799.0,719.0,0.0,1.0,19.0,100.0,13.016270337922403,15.57788944723618,5.442176870748299,4.838709677419355,2.5345622119815667,0.0,2.3779724655819776,0.1251564455569462
08081,70975.0,13154.0,1533.0,13134.0,1166.0,119.0,1799.0,5303.0,639.0,4555.0,5303.0,291.0,13258.0,10188.0,17.0,85.0,2178.0,27.399939813421607,11.654249657898738,8.877721943048575,6.614785992217898,12.049783141617953,5.487459928342448,0.1282244682455875,16.427817166993513,0.6411223412279379
08083,63005.0,25865.0,3414.0,25971.0,2969.0,382.0,3846.0,10915.0,1600.0,8958.0,10915.0,462.0,26204.0,18687.0,321.0,2262.0,3243.0,66.62153274788193,13.19930407887106,11.431981825882715,9.932397295891835,14.658726523133303,4.232707283554741,1.2250038162112655,12.37597313387269,8.632269882460694
08085,66072.0,42825.0,5101.0,42852.0,5533.0,953.0,6101.0,17529.0,2205.0,14882.0,17529.0,549.0,43272.0,32028.0,129.0,277.0,9195.0,42.5642587689496,11.9112667834209,12.911882759264444,15.62039009998361,12.579154543898682,3.1319527639911007,0.298114254021076,21.24930671103716,0.6401368090220003
08087,75407.0,28641.0,3515.0,28723.0,3094.0,545.0,3598.0,11033.0,827.0,10020.0,11033.0,548.0,29186.0,16373.0,890.0,43.0,10918.0,34.59173508295833,12.272616179602668,10.77185530759322,15.147304057809894,7.495694733979879,4.966917429529593,3.0494072500513947,37.408346467484414,0.1473309120811348
08089,54897.0,18004.0,4249.0,18274.0,1303.0,241.0,2417.0,7643.0,757.0,6525.0,7643.0,620.0,18460.0,9627.0,181.0,74.0,7698.0,58.309256286784375,23.60031104199067,7.130349129911349,9.971038477451383,9.904487766583802,8.111997906581186,0.980498374864572,41.70097508125677,0.4008667388949079
08091,84556.0,5018.0,253.0,5024.0,717.0,78.0,770.0,2514.0,147.0,2313.0,2514.0,41.0,5024.0,4489.0,40.0,0.0,238.0,100.0,5.0418493423674775,14.271496815286625,10.12987012987013,5.847255369928401,1.6308671439936355,0.7961783439490446,4.737261146496815,0.0
08093,95450.0,17593.0,1266.0,17642.0,1236.0,286.0,3706.0,8447.0,504.0,7708.0,8447.0,163.0,17739.0,15393.0,142.0,66.0,1315.0,100.0,7.19604388108907,7.006008389071534,7.717215326497572,5.966615366402273,1.9296791760388303,0.8004960820790349,7.413044703760077,0.3720615592761711
08095,60372.0,4414.0,695.0,4414.0,241.0,27.0,531.0,1859.0,222.0,1516.0,1859.0,107.0,4491.0,3207.0,0.0,0.0,1214.0,100.0,15.745355686452198,5.459900317172632,5.084745762711864,11.941904249596558,5.755782678859602,0.0,27.031841460699177,0.0
08097,100318.0,17066.0,1221.0,17095.0,777.0,82.0,2643.0,9031.0,166.0,8346.0,9031.0,437.0,17119.0,13778.0,63.0,54.0,1904.0,32.96462726120521,7.154576350638697,4.54518865165253,3.10253499810821,1.838113165762374,4.83888827372384,0.3680121502424207,11.12214498510427,0.3154389859220748
08099,57601.0,11613.0,1994.0,11795.0,1191.0,239.0,1459.0,4564.0,624.0,3809.0,4564.0,310.0,11931.0,6679.0,84.0,19.0,4750.0,37.47812317693141,17.17041246878498,10.09749894022891,16.381082933516108,13.672217353198947,6.792287467134093,0.704048277596178,39.812253792641016,0.159249015170564
08101,62250.0,164201.0,25321.0,164662.0,9368.0,1555.0,21580.0,67816.0,7523.0,58669.0,67816.0,4953.0,168726.0,87111.0,3040.0,957.0,70812.0,13.146251828593856,15.420734343883412,5.689230059151474,7.205746061167748,11.093252329833668,7.303586174354135,1.801737728625108,41.9686355392767,0.5671917783862593
08103,72620.0,6223.0,559.0,6414.0,618.0,102.0,990.0,2587.0,100.0,2442.0,2587.0,121.0,6518.0,5370.0,6.0,53.0,685.0,100.0,8.982805720713483,9.635173058933583,10.303030303030305,3.865481252415926,4.67723231542327,0.0920527769254372,10.50935869898742,0.8131328628413624
08105,62166.0,11146.0,1662.0,11229.0,1546.0,136.0,1581.0,5032.0,664.0,4062.0,5032.0,417.0,11394.0,6284.0,46.0,159.0,4630.0,100.0,14.911178898259465,13.767922343930891,8.602150537634408,13.195548489666136,8.286963434022258,0.4037212568018255,40.63542215200983,1.395471300684571
08107,104803.0,24672.0,1580.0,24836.0,1993.0,315.0,3736.0,10619.0,589.0,9760.0,10619.0,262.0,24990.0,20351.0,36.0,93.0,2180.0,41.7817874259938,6.40402075226978,8.024641649218875,8.431477516059957,5.54666164422262,2.467275638007345,0.1440576230492196,8.723489395758303,0.3721488595438175
08109,54283.0,6481.0,1142.0,6481.0,714.0,135.0,1145.0,3261.0,338.0,2794.0,3261.0,48.0,6511.0,3652.0,48.0,23.0,2404.0,100.0,17.620737540503008,11.016818392223422,11.790393013100436,10.36491873658387,1.4719411223551058,0.7372139456304715,36.92213177699278,0.3532483489479343
08111,73889.0,690.0,116.0,690.0,86.0,41.0,111.0,362.0,39.0,302.0,362.0,9.0,690.0,544.0,0.0,8.0,112.0,100.0,16.81159420289855,12.46376811594203,36.93693693693694,10.773480662983426,2.4861878453038675,0.0,16.231884057971016,1.1594202898550725
08113,80117.0,8010.0,674.0,8013.0,863.0,160.0,1182.0,3998.0,379.0,3534.0,3998.0,302.0,8026.0,6790.0,56.0,54.0,906.0,43.17393458870168,8.414481897627965,10.769998752027954,13.53637901861252,9.479739869934969,7.553776888444222,0.697732369798156,11.28831298280588,0.672813356591079
08115,52833.0,2316.0,336.0,2316.0,193.0,79.0,379.0,1000.0,103.0,865.0,1000.0,44.0,2346.0,1769.0,21.0,3.0,437.0,100.0,14.507772020725389,8.333333333333334,20.844327176781004,10.3,4.4,0.8951406649616368,18.62745098039216,0.1278772378516624
08117,106255.0,30670.0,2277.0,30819.0,3151.0,246.0,4093.0,12347.0,245.0,11989.0,12347.0,335.0,30857.0,23120.0,115.0,92.0,5218.0,16.100466913540494,7.424193022497555,10.224212336545635,6.010261421939897,1.9842876812181096,2.7132096865635376,0.372686910587549,16.910263473442008,0.2981495284700392
08119,80666.0,24659.0,1871.0,24631.0,1722.0,371.0,4957.0,11253.0,739.0,10377.0,11253.0,289.0,24774.0,20922.0,236.0,2.0,1831.0,60.0809388911372,7.587493410113955,6.991189963866672,7.484365543675611,6.56713765218164,2.5682040344796944,0.9526116089448616,7.390812949059498,0.0080729797368208
08121,65164.0,4645.0,353.0,4649.0,292.0,25.0,646.0,2070.0,228.0,1794.0,2070.0,94.0,4839.0,4101.0,54.0,0.0,548.0,100.0,7.59956942949408,6.280920628092063,3.869969040247678,11.014492753623188,4.541062801932367,1.115933044017359,11.324653854102086,0.0
08123,93287.0,334453.0,30256.0,338632.0,28705.0,2595.0,37523.0,120019.0,7270.0,110273.0,120019.0,4178.0,340711.0,214808.0,4194.0,766.0,103804.0,20.013617807715335,9.046413098402466,8.476753525951475,6.915758334887936,6.057374249077229,3.4811154900474093,1.2309552670738544,30.46687661977453,0.2248239710487774
08125,60051.0,9589.0,1437.0,9746.0,1425.0,192.0,1175.0,3957.0,353.0,3546.0,3957.0,100.0,9921.0,6768.0,12.0,84.0,2862.0,100.0,14.985921368234436,14.621383131541146,16.340425531914892,8.920899671468284,2.527167045741724,0.1209555488358028,28.847898397338977,0.8466888418506199
09001,,944054.0,87612.0,952361.0,73490.0,8830.0,136635.0,355129.0,18999.0,329124.0,355129.0,27651.0,,,,,,,9.280401332974597,7.71661166301434,6.462473012039375,5.34988694249132,7.786184738503473,,,
09003,,876704.0,90572.0,883860.0,37493.0,4387.0,120459.0,363137.0,24971.0,328127.0,363137.0,36553.0,,,,,,,10.330966894185496,4.241961396601272,3.641903054151205,6.876468109831826,10.065897994420839,,,
09005,,183874.0,14978.0,184347.0,7174.0,1180.0,30811.0,76102.0,4421.0,70268.0,76102.0,3985.0,,,,,,,8.145795490390158,3.8915740424308507,3.829801045081302,5.809308559564794,5.23639326167512,,,
09007,,159809.0,11399.0,163024.0,5760.0,881.0,26565.0,69565.0,4622.0,63059.0,69565.0,4100.0,,,,,,,7.132889887302968,3.533222102267151,3.31639375117636,6.644145762955509,5.893768418026307,,,
09009,,838493.0,99297.0,854091.0,43340.0,5074.0,121117.0,343733.0,25669.0,309919.0,343733.0,37163.0,,,,,,,11.842317109385528,5.074400737157984,4.189337582667998,7.46771476698484,10.811589227685442,,,
09011,,259387.0,23925.0,258028.0,10872.0,1367.0,39869.0,110336.0,7746.0,100331.0,110336.0,7599.0,,,,,,,9.22366965191008,4.213496209713674,3.428729087762422,7.020374129930395,6.887144721577727,,,
09013,,135233.0,11481.0,145174.0,5430.0,497.0,21324.0,55127.0,2370.0,51005.0,55127.0,2353.0,,,,,,,8.489791692856034,3.7403391791918663,2.330707184393172,4.299163749161028,4.268325865728228,,,
09015,,112639.0,12684.0,114818.0,5001.0,747.0,17632.0,47041.0,3768.0,42360.0,47041.0,2709.0,,,,,,,11.260753380267936,4.355588844954624,4.236615245009075,8.010033800301864,5.75880614782849,,,
10001,72872.0,180040.0,20323.0,181512.0,12636.0,1662.0,23755.0,70053.0,5314.0,63346.0,70053.0,4470.0,185043.0,106611.0,48830.0,610.0,14649.0,26.47167186322869,11.2880471006443,6.96152320507735,6.996421805935593,7.585685124120308,6.380883045693975,26.38846106040217,7.916538318120653,0.3296531076560583
10003,89901.0,556738.0,56807.0,565684.0,32007.0,3716.0,76777.0,222943.0,11458.0,205882.0,222943.0,15814.0,573030.0,306451.0,141051.0,340.0,65392.0,6.094242525656234,10.20354277954801,5.658105939004815,4.8399911431809,5.139430257958312,7.09329290446437,24.614941626092875,11.41161893792646,0.0593337172573861
10005,78162.0,244486.0,28116.0,245102.0,17034.0,2440.0,40549.0,103213.0,8370.0,92843.0,103213.0,3560.0,247799.0,180486.0,25323.0,554.0,27788.0,37.58183150923843,11.5000449923513,6.949759691883379,6.017411033564329,8.109443577843876,3.4491779136349106,10.21916956888446,11.213927416979084,0.2235682952715709
11001,106287.0,647874.0,94140.0,663014.0,22635.0,2697.0,65519.0,321556.0,21911.0,289940.0,321556.0,115456.0,672079.0,245760.0,285926.0,715.0,77760.0,0.0,14.530603172839164,3.4139550597724937,4.116363192356416,6.81405416163903,35.905409944146584,42.54351050992517,11.57006839969706,0.1063863028007124
12001,59659.0,264520.0,52015.0,279201.0,21770.0,2368.0,28561.0,112776.0,6650.0,98921.0,112776.0,9247.0,281751.0,164301.0,53662.0,270.0,34392.0,23.24144964591982,19.663919552396795,7.7972500098495345,8.291026224571969,5.896644676172235,8.199439597077392,19.045895134356225,12.206522780753218,0.0958292960805817
12003,70833.0,25161.0,3285.0,25248.0,2614.0,457.0,3074.0,9012.0,807.0,7969.0,9012.0,358.0,28186.0,21901.0,3230.0,14.0,1049.0,61.49545277610672,13.055919875998567,10.353295310519645,14.86662329212752,8.954727030625833,3.972481136262761,11.459589867310012,3.721705811395728,0.0496700489604768
12005,70188.0,178417.0,20821.0,176660.0,24454.0,3734.0,26601.0,76118.0,4504.0,69665.0,76118.0,3045.0,181368.0,133662.0,17855.0,412.0,15221.0,14.209318783672725,11.669852088085776,13.842409147515,14.03706627570392,5.91712866864605,4.000367849917234,9.844625292223546,8.39232940761325,0.22716245423669
12007,59740.0,23884.0,4550.0,24053.0,2724.0,402.0,3168.0,9104.0,956.0,8023.0,9104.0,652.0,27888.0,20241.0,4829.0,15.0,1360.0,70.74868388510052,19.05041031652989,11.324990645657506,12.68939393939394,10.500878734622145,7.161687170474517,17.315691336775675,4.876649454962708,0.0537865748709122
12009,75817.0,612448.0,60603.0,613812.0,60681.0,9733.0,99676.0,251889.0,13183.0,231912.0,251889.0,11611.0,620533.0,442208.0,57308.0,636.0,72613.0,3.880404607887744,9.895207429855269,9.885925983851733,9.764637425257837,5.233654506548519,4.609570088411959,9.235286439238523,11.701714493830304,0.1024925346436047
12011,74534.0,1927838.0,235824.0,1932643.0,256243.0,34501.0,267498.0,749372.0,47002.0,681521.0,749372.0,51200.0,1946127.0,621174.0,536826.0,2183.0,621023.0,0.0078174220507875,12.232563109555883,13.25868253992072,12.89766652460953,6.272185243110231,6.832387652594439,27.5843251750785,31.91071291852998,0.1121715078204043
12013,46901.0,11801.0,2506.0,11836.0,2244.0,365.0,1742.0,4625.0,514.0,3947.0,4625.0,262.0,13593.0,10326.0,1578.0,95.0,685.0,100.0,21.23548851792221,18.95910780669145,20.95292766934558,11.113513513513514,5.664864864864865,11.608916354005736,5.039358493342162,0.6988891341131465
12015,66154.0,190668.0,18219.0,191139.0,18684.0,4769.0,33607.0,87376.0,6001.0,79414.0,87376.0,3738.0,195083.0,160819.0,9957.0,175.0,15278.0,6.499970564151418,9.55535275977091,9.775085147458132,14.190496027613294,6.868018677897821,4.2780626258926935,5.103981382283438,7.83153837084728,0.0897054074419606
12017,55355.0,155678.0,24124.0,156348.0,17958.0,3527.0,25620.0,69701.0,5666.0,62240.0,69701.0,3039.0,158693.0,136069.0,3369.0,359.0,10329.0,24.97416197032039,15.496088079240485,11.48591603346381,13.766588602654176,8.129008192134977,4.360052223067101,2.1229669865715564,6.508793708607185,0.2262229587946538
12019,86094.0,221079.0,20204.0,219386.0,17919.0,2542.0,30785.0,81757.0,3377.0,77179.0,81757.0,3194.0,223436.0,154359.0,24902.0,117.0,24684.0,14.425530939998623,9.138814631873672,8.167795574922739,8.257268150073088,4.130533165355872,3.9066991205646,11.145025868705131,11.04745878014286,0.0523639878981005
12021,86173.0,383948.0,40135.0,385705.0,43062.0,6113.0,54513.0,160867.0,7504.0,147590.0,160867.0,7187.0,387681.0,241784.0,24974.0,277.0,106446.0,11.622825693542548,10.453238459374708,11.164490997005483,11.21383890081265,4.664723032069971,4.467665835752516,6.441894237788285,27.457110356194917,0.0714504966712322
12023,55070.0,66013.0,11237.0,66425.0,9191.0,1305.0,9226.0,26720.0,2794.0,23198.0,26720.0,1452.0,70755.0,50036.0,11496.0,43.0,5258.0,63.6517547131912,17.02240467786648,13.836657884832515,14.144808150877951,10.456586826347303,5.434131736526946,16.247615009539963,7.431276941558901,0.0607730902409723
12027,50868.0,33041.0,7626.0,33066.0,6208.0,992.0,3992.0,12656.0,1602.0,10358.0,12656.0,670.0,34719.0,19264.0,4392.0,45.0,10334.0,48.95808806216153,23.08041524166944,18.774572067985243,24.8496993987976,12.65802781289507,5.293931731984829,12.650133932428927,29.76468216250468,0.129612027996198
12029,47655.0,15349.0,2961.0,15351.0,2718.0,407.0,2330.0,6130.0,1548.0,4514.0,6130.0,260.0,16952.0,14083.0,1073.0,49.0,759.0,100.0,19.29115903316177,17.705686925933165,17.467811158798284,25.25285481239804,4.241435562805873,6.329636621047664,4.477347805568664,0.2890514393581878
12031,68447.0,983310.0,143754.0,982567.0,112908.0,14497.0,125446.0,405139.0,27583.0,364269.0,405139.0,28319.0,1007189.0,496520.0,286983.0,1066.0,118365.0,2.65075077819976,14.619397748421148,11.491124778259396,11.556366882961592,6.80828061480134,6.989946660282027,28.49346051237653,11.752014765848315,0.1058391225480024
12033,65715.0,304592.0,44136.0,306495.0,37207.0,4768.0,42539.0,128292.0,10035.0,115420.0,128292.0,8918.0,323275.0,200929.0,67970.0,696.0,21413.0,7.626162998400149,14.490203288333246,12.139512879492324,11.208538047438822,7.82199981292676,6.951329778941789,21.02544273451396,6.623772330059547,0.2152965741241976
12035,72923.0,120593.0,11360.0,120993.0,13053.0,1856.0,19561.0,50296.0,2738.0,43227.0,50296.0,1728.0,121710.0,89205.0,11167.0,131.0,13595.0,7.653105444712163,9.42011559543257,10.788227418115095,9.488267470988191,5.443772864641323,3.4356608875457293,9.17508832470627,11.169994248623778,0.1076328978719908
12037,62734.0,10825.0,1874.0,10853.0,1661.0,392.0,1890.0,4918.0,500.0,4323.0,4918.0,285.0,12418.0,9801.0,1330.0,8.0,675.0,100.0,17.31177829099307,15.304524094720351,20.74074074074074,10.1667344448963,5.795038633590891,10.710259301014656,5.435657915928491,0.0644226123369302
12039,46047.0,40646.0,11243.0,40994.0,6717.0,885.0,6023.0,16485.0,3725.0,12352.0,16485.0,1724.0,43642.0,13744.0,23848.0,46.0,5180.0,80.51156847533427,27.66077842838164,16.38532468166073,14.693674248713268,22.59629966636336,10.45799211404307,54.64460840474772,11.869300215388844,0.1054030521057696
12041,61070.0,17444.0,1946.0,17557.0,2657.0,402.0,2739.0,6913.0,1092.0,5594.0,6913.0,648.0,18494.0,15893.0,561.0,17.0,1378.0,100.0,11.15569823434992,15.133564959845076,14.676889375684556,15.796325763055114,9.373643859395342,3.033416243105872,7.451065210338488,0.0919217043365415
12043,38905.0,11068.0,2341.0,11155.0,2274.0,337.0,1401.0,4560.0,928.0,3575.0,4560.0,93.0,12324.0,6790.0,1812.0,356.0,3089.0,82.69008741547088,21.151066136610048,20.38547736441058,24.05424696645253,20.350877192982452,2.039473684210526,14.703018500486856,25.064913988964623,2.8886725089256733
12045,67361.0,12168.0,1412.0,12233.0,1159.0,225.0,2238.0,5800.0,667.0,5054.0,5800.0,162.0,14772.0,11414.0,2037.0,29.0,656.0,100.0,11.604207758053912,9.474372598708412,10.05361930294906,11.5,2.793103448275862,13.789601949634443,4.440834010289738,0.1963173571621987
12047,47696.0,10724.0,2933.0,10870.0,1444.0,282.0,1508.0,4360.0,888.0,3360.0,4360.0,160.0,13445.0,7424.0,4146.0,71.0,1478.0,100.0,27.349869451697128,13.28426862925483,18.70026525198939,20.36697247706422,3.669724770642202,30.83674228337672,10.992934176273709,0.52807735217553
12049,54231.0,23615.0,5727.0,23913.0,4020.0,692.0,2575.0,8148.0,1208.0,6617.0,8148.0,433.0,25508.0,12010.0,1642.0,4.0,10713.0,61.34559955778418,24.25153504128732,16.81093965625392,26.87378640776699,14.82572410407462,5.314187530682376,6.437196173749412,41.998588678061786,0.0156813548690606
12051,53044.0,39966.0,8630.0,40029.0,8248.0,524.0,4512.0,13944.0,1903.0,11572.0,13944.0,1067.0,40798.0,11888.0,4313.0,500.0,23074.0,36.00040384663924,21.59335435119852,20.605061330535364,11.613475177304965,13.64744693057946,7.652036718301779,10.571596646894456,56.556693955586056,1.2255502720721605
12053,63193.0,198366.0,23818.0,199641.0,23279.0,3793.0,29134.0,80544.0,5147.0,73348.0,80544.0,4003.0,201512.0,147951.0,9550.0,414.0,32348.0,20.05809320617947,12.007097990583064,11.660430472698494,13.0191528797968,6.390295987286452,4.969954310687326,4.73917186073286,16.052642026281312,0.2054468220254873
12055,55581.0,102146.0,15723.0,102449.0,13038.0,2340.0,13593.0,45943.0,5724.0,38902.0,45943.0,2525.0,103808.0,66658.0,9508.0,150.0,22310.0,19.87652491727169,15.39267323243201,12.72633212622866,17.214742882365922,12.458916483468649,5.49594062207518,9.159217016029594,21.49159987669544,0.1444975339087546
12057,75011.0,1462859.0,193025.0,1474629.0,168864.0,19676.0,180276.0,569998.0,26922.0,530801.0,569998.0,33112.0,1489634.0,682693.0,232451.0,1135.0,441871.0,3.672310965760172,13.195051607844638,11.45128706949341,10.914375734984135,4.723174467278833,5.809143189976105,15.60457132423132,29.66305817402127,0.0761932125609377
12059,48236.0,17820.0,2565.0,17862.0,2376.0,333.0,2513.0,7087.0,1420.0,5384.0,7087.0,312.0,19626.0,16569.0,1300.0,151.0,697.0,100.0,14.393939393939394,13.301981860933823,13.251094309590131,20.036686891491463,4.402426978975589,6.623866299806379,3.5514113930500355,0.7693875471313564
12061,71049.0,162278.0,18567.0,161909.0,17093.0,3438.0,25816.0,68696.0,5788.0,60749.0,68696.0,2975.0,163856.0,119812.0,13104.0,332.0,22009.0,7.24272160612812,11.44147697161661,10.557164827155995,13.317322590641462,8.425526959357168,4.330674275066961,7.997265892002734,13.43191582853237,0.2026169319402402
12063,47327.0,40627.0,7647.0,41341.0,4045.0,714.0,5320.0,17038.0,3001.0,13712.0,17038.0,872.0,47652.0,30749.0,12060.0,81.0,2432.0,88.24996301696993,18.82245797129988,9.7844754601969,13.421052631578949,17.613569667801386,5.117971592909966,25.30848652732309,5.103668261562999,0.1699823721984386
12065,56984.0,13486.0,2740.0,13530.0,1320.0,205.0,2168.0,5675.0,1193.0,4190.0,5675.0,512.0,14713.0,8849.0,4416.0,14.0,704.0,100.0,20.317366157496664,9.75609756097561,9.455719557195572,21.02202643171806,9.022026431718064,30.01427309182356,4.784884116087813,0.0951539454903826
12067,60692.0,6601.0,1174.0,6618.0,728.0,124.0,865.0,2619.0,354.0,2240.0,2619.0,91.0,8035.0,5583.0,1404.0,3.0,956.0,100.0,17.785184063020754,11.000302206104564,14.335260115606935,13.516609392898053,3.4746086292478044,17.47355320472931,11.897946484131923,0.0373366521468574
12069,69956.0,393752.0,37240.0,394637.0,39859.0,5617.0,54046.0,159474.0,9607.0,145610.0,159474.0,6369.0,398696.0,260319.0,39144.0,361.0,71545.0,17.93174217879132,9.457729738515614,10.100168002493431,10.392998556784962,6.024179490073617,3.993754467812935,9.818006701848024,17.944749884623874,0.090545177277926
12071,73099.0,780517.0,91539.0,787302.0,98036.0,12476.0,112366.0,319588.0,18341.0,291702.0,319588.0,15819.0,792692.0,504628.0,60490.0,504.0,187055.0,3.92798841253276,11.727995674661797,12.45214669847149,11.103002687645729,5.738951399927407,4.949810380865364,7.630958808717636,23.597437592406635,0.0635808107057974
12073,65074.0,277659.0,51451.0,291499.0,22319.0,2455.0,30126.0,120673.0,7340.0,109452.0,120673.0,8057.0,295335.0,159105.0,89723.0,153.0,23394.0,13.437463637670346,18.530283549245656,7.656630039897221,8.149107083582289,6.082553678121866,6.676721387551482,30.380076861868726,7.92117425973894,0.0518055767179643
12075,53805.0,43932.0,7539.0,43988.0,6549.0,1351.0,6866.0,17976.0,3673.0,13892.0,17976.0,933.0,44276.0,34138.0,3643.0,57.0,4365.0,100.0,17.16061185468451,14.888151313994726,19.67666763763472,20.432799287939478,5.190253671562083,8.227933869364893,9.85861414761948,0.1287379167043093
12077,53824.0,6199.0,1290.0,6199.0,533.0,56.0,880.0,2554.0,418.0,2025.0,2554.0,196.0,7650.0,5729.0,985.0,28.0,544.0,100.0,20.8098080335538,8.598160993708662,6.363636363636363,16.366483946750197,7.674236491777604,12.875816993464053,7.111111111111111,0.3660130718954248
12079,48176.0,16302.0,3413.0,16342.0,1976.0,227.0,2233.0,6980.0,1556.0,5095.0,6980.0,470.0,18113.0,9763.0,6508.0,27.0,1005.0,100.0,20.93608146239725,12.091543262758536,10.165696372592924,22.292263610315185,6.73352435530086,35.929995031193066,5.548501076574836,0.1490642080273836
12081,75792.0,410945.0,42741.0,411898.0,48059.0,7513.0,61500.0,168504.0,8138.0,152969.0,168504.0,6649.0,416020.0,284736.0,32353.0,312.0,74279.0,4.691401265917791,10.40066188906058,11.667694429203346,12.216260162601628,4.829558942220956,3.945900394055928,7.776789577424163,17.85467044853613,0.0749963944041152
12083,58535.0,378555.0,55184.0,379768.0,46490.0,7769.0,52675.0,159796.0,12121.0,144283.0,159796.0,7799.0,387697.0,258819.0,47151.0,529.0,61736.0,29.345212126371347,14.577538270528722,12.24168439678962,14.748932130991932,7.5852962527222205,4.880597762146737,12.161817089118564,15.923775525732724,0.1364467612594371
12085,80701.0,156901.0,17817.0,157256.0,16016.0,2825.0,24954.0,67820.0,4046.0,61692.0,67820.0,2988.0,160464.0,121185.0,7876.0,118.0,24690.0,7.322430584923405,11.355568160814782,10.184667039731393,11.320830327803158,5.965791801828369,4.405780005897965,4.9082660285173,15.386628776548012,0.0735367434440123
12086,68694.0,2644927.0,394945.0,2661149.0,381592.0,56273.0,352134.0,964805.0,90839.0,839094.0,964805.0,93683.0,2685296.0,345749.0,392563.0,2037.0,1846781.0,0.8635459682496677,14.932170150631755,14.339369948845404,15.980564217031016,9.41527044325019,9.710045035007074,14.61898427584892,68.77383349917477,0.075857559092182
12087,82430.0,80849.0,8412.0,79810.0,11859.0,1828.0,13754.0,34630.0,2646.0,30489.0,34630.0,2374.0,81840.0,53020.0,5485.0,2.0,19611.0,13.11267707604315,10.40458138010365,14.859040220523744,13.29067907517813,7.640773895466358,6.855327750505342,6.702101661779081,23.962609970674485,0.0024437927663734
12089,88900.0,93741.0,8659.0,93308.0,7030.0,1341.0,14546.0,38112.0,1346.0,35959.0,38112.0,1048.0,94653.0,79754.0,5204.0,132.0,5052.0,43.769922082521695,9.237153433396273,7.534187850988125,9.21902928640176,3.531696053736356,2.749790092359362,5.49797682059734,5.337390257044151,0.1394567525593483
12091,79097.0,208586.0,19364.0,198625.0,22683.0,2670.0,27884.0,84123.0,4476.0,77404.0,84123.0,3134.0,214281.0,150139.0,19688.0,364.0,23230.0,10.641192811383863,9.28346101847679,11.42001258653241,9.575383732606513,5.320780286009772,3.725497188640443,9.187935467913627,10.840905166580333,0.1698704038155506
12093,52288.0,37436.0,7127.0,37579.0,6503.0,785.0,5051.0,15187.0,2042.0,12606.0,15187.0,605.0,40249.0,25254.0,3100.0,61.0,10281.0,36.44687720714358,19.03782455390533,17.30487772426089,15.541476935260343,13.44571014683611,3.983670244287878,7.702054709433774,25.54349176377053,0.1515565604114388
12095,77011.0,1401137.0,182784.0,1428006.0,176313.0,18134.0,165025.0,508907.0,25742.0,473191.0,508907.0,27551.0,1440471.0,530144.0,277717.0,1216.0,478735.0,2.347703488616051,13.045405267293631,12.346796862198058,10.988638085138616,5.058291593552457,5.413759291972797,19.27959674300975,33.23461562225133,0.0844168331052829
12097,68711.0,403446.0,50246.0,405066.0,44284.0,5511.0,45282.0,131365.0,7216.0,120536.0,131365.0,5721.0,406943.0,115811.0,39259.0,172.0,223890.0,6.305576139310856,12.454207006637816,10.93253938864284,12.170398833973763,5.493091767213489,4.355041297149165,9.64729704160042,55.01753316803582,0.0422663616280412
12099,81115.0,1481929.0,164211.0,1493156.0,196856.0,24863.0,202604.0,597053.0,37718.0,538135.0,597053.0,35147.0,1507453.0,766229.0,271548.0,920.0,358640.0,0.8488189514613076,11.08089523857081,13.18388701515448,12.271722177252176,6.31736211023142,5.886747072705438,18.013695949392783,23.79112317266276,0.0610300951339776
12101,67384.0,580567.0,64423.0,582904.0,62588.0,9398.0,78956.0,229860.0,15869.0,206412.0,229860.0,11013.0,588758.0,407831.0,34351.0,746.0,104251.0,7.244821504526679,11.096565943293369,10.737274062281267,11.902831957039364,6.903767510658662,4.791177238318976,5.834485476205844,17.706935617010725,0.1267074077974312
12103,70293.0,940612.0,107618.0,945254.0,101577.0,17227.0,153145.0,423242.0,30790.0,378388.0,423242.0,28485.0,960565.0,687960.0,91718.0,967.0,104765.0,0.1904896951017978,11.441274404323991,10.74600054588502,11.248816481112671,7.274797869776629,6.730192183195429,9.548338738138492,10.906601843706568,0.1006699182252112
12105,63644.0,744172.0,109496.0,752294.0,97459.0,10955.0,90404.0,276643.0,24170.0,244022.0,276643.0,14681.0,760961.0,400412.0,107927.0,928.0,211002.0,10.884688695613796,14.713802723026395,12.954908586270792,12.117826644838724,8.736891950998219,5.306839500728375,14.18298703875757,27.728359272025767,0.121951059252708
12107,47256.0,72925.0,17409.0,73118.0,11027.0,1948.0,11415.0,30650.0,4230.0,25773.0,30650.0,2088.0,74235.0,51942.0,11234.0,206.0,8092.0,72.67904147515719,23.872471717518,15.081101780683278,17.065265002190102,13.800978792822184,6.812398042414356,15.133023506432275,10.9005186232909,0.2774971374688489
12109,106169.0,288913.0,19379.0,290093.0,18668.0,3258.0,41046.0,108827.0,4085.0,102516.0,108827.0,3207.0,292243.0,229577.0,14404.0,187.0,25354.0,14.793087684008412,6.707555561708888,6.435177684397762,7.937436047361497,3.753664072334991,2.94687899142676,4.928775026262391,8.675656901961723,0.063987845731121
12111,69027.0,342483.0,39878.0,343537.0,41664.0,6091.0,48570.0,131640.0,8367.0,120171.0,131640.0,5891.0,346237.0,182174.0,69661.0,423.0,72914.0,3.5376914338478733,11.6437896187548,12.127951283267889,12.540662960675316,6.355970829535096,4.47508356122759,20.11945574851908,21.05898560812392,0.1221706518945115
12113,88968.0,188472.0,15911.0,183538.0,19095.0,4029.0,26658.0,71250.0,4222.0,66180.0,71250.0,2498.0,193719.0,153283.0,10581.0,320.0,12751.0,19.902659574468085,8.442102805721804,10.403840076714358,15.113661940130545,5.925614035087719,3.5059649122807017,5.462035215957134,6.582214444633722,0.1651877203578379
12115,80633.0,440606.0,36101.0,443093.0,44275.0,8495.0,69547.0,205503.0,10329.0,188521.0,205503.0,8813.0,449011.0,361961.0,17882.0,500.0,45922.0,2.4105657525472,8.193488059626969,9.99225896143699,12.214761240599882,5.026203997021941,4.288501871018915,3.982530494798569,10.227366367416389,0.1113558465160096
12117,83030.0,469868.0,43264.0,471260.0,45071.0,5348.0,60535.0,185396.0,7306.0,174076.0,185396.0,7194.0,474912.0,266320.0,52933.0,318.0,110154.0,3.2445163701853645,9.207692373177148,9.563934982812036,8.834558519864542,3.940753845821917,3.88034261796371,11.145854389865912,23.194612896705078,0.0669597736001617
12119,73297.0,129329.0,11723.0,129475.0,6709.0,1865.0,18316.0,66941.0,4702.0,60654.0,66941.0,2132.0,137536.0,115620.0,9150.0,326.0,8369.0,21.57731672729515,9.064478964501388,5.181695307974512,10.182354225813496,7.024095845595375,3.1848941605294216,6.6528036295951605,6.084952303396928,0.2370288506281991
12121,55479.0,42383.0,5998.0,42682.0,5081.0,520.0,6382.0,15567.0,2058.0,13251.0,15567.0,1002.0,44484.0,32623.0,4349.0,96.0,5040.0,84.66209688549478,14.151900526154355,11.904315636568109,8.14791601378878,13.220273655810368,6.4366930044324535,9.77654887150436,11.32991637442676,0.2158079309414621
12123,44985.0,18627.0,3225.0,18675.0,1770.0,157.0,2690.0,7571.0,1188.0,6153.0,7571.0,488.0,21422.0,15418.0,4227.0,85.0,879.0,70.03578638282254,17.313577065550007,9.477911646586346,5.836431226765799,15.691454233258488,6.445647866860388,19.732051162356456,4.103258332555317,0.3967883484268509
12125,64922.0,10695.0,1995.0,10727.0,1028.0,88.0,1163.0,4192.0,312.0,3761.0,4192.0,165.0,15551.0,11090.0,2484.0,13.0,799.0,100.0,18.653576437587656,9.583294490537895,7.566638005159072,7.442748091603053,3.936068702290077,15.973249308726126,5.137933251880908,0.0835959102308533
12127,66581.0,552500.0,67642.0,560338.0,61861.0,9548.0,85683.0,237396.0,18576.0,213130.0,237396.0,12855.0,568229.0,390004.0,58769.0,714.0,89077.0,8.537006158509818,12.24289592760181,11.03994374823767,11.143400674579556,7.824900166809887,5.415002780164788,10.34248516003231,15.676250244179723,0.1256535657279019
12129,74183.0,31471.0,1758.0,31759.0,2088.0,297.0,4420.0,12187.0,1025.0,10907.0,12187.0,387.0,34608.0,26630.0,4799.0,68.0,1625.0,70.01540101883663,5.586095135203839,6.574514310903996,6.719457013574661,8.41060146057274,3.175514892918684,13.866736014794268,4.695446139620897,0.1964863615349052
12131,79281.0,77981.0,8912.0,78060.0,10976.0,1321.0,12683.0,32659.0,2042.0,29517.0,32659.0,1354.0,79846.0,65095.0,3036.0,248.0,6563.0,56.14766615762566,11.428424872725408,14.060978734306945,10.41551683355673,6.252487828776141,4.145870969717382,3.802319464970068,8.219572677404003,0.3105979009593467
12133,52723.0,22582.0,4279.0,22682.0,3255.0,581.0,3242.0,9282.0,1305.0,7797.0,9282.0,207.0,25259.0,19412.0,3406.0,226.0,973.0,100.0,18.948720219643963,14.350586368045146,17.921036397285626,14.059469941822885,2.2301228183581125,13.484302624807,3.852092323528247,0.894730591076448
13001,43728.0,18098.0,4310.0,18064.0,2959.0,390.0,2444.0,7037.0,1354.0,5080.0,7037.0,447.0,18426.0,12482.0,3260.0,41.0,1909.0,70.97158967685968,23.81478616421704,16.380646589902568,15.95744680851064,19.241153900810005,6.352138695466818,17.69239118636709,10.36036036036036,0.2225116682948008
13003,38438.0,8234.0,2062.0,8234.0,1845.0,256.0,1087.0,3189.0,576.0,2510.0,3189.0,112.0,8261.0,4527.0,1255.0,0.0,2177.0,100.0,25.042506679621084,22.40709254311392,23.55105795768169,18.0620884289746,3.5120727500783944,15.19186539159908,26.352741798813703,0.0
13005,50310.0,10629.0,2223.0,10630.0,1541.0,167.0,1279.0,4013.0,616.0,3278.0,4013.0,275.0,11129.0,8101.0,1671.0,0.0,929.0,100.0,20.914479254868755,14.496707431796802,13.05707584050039,15.350112135559431,6.852728631946175,15.014826129930812,8.347560427711384,0.0
13007,44405.0,2830.0,832.0,2830.0,479.0,39.0,364.0,1114.0,450.0,645.0,1114.0,77.0,2830.0,1380.0,1148.0,0.0,73.0,100.0,29.39929328621908,16.925795053003533,10.714285714285714,40.394973070017954,6.912028725314183,40.56537102473498,2.579505300353357,0.0
13009,55413.0,38733.0,8518.0,40852.0,4809.0,765.0,5393.0,16075.0,1547.0,13969.0,16075.0,1198.0,43669.0,22565.0,18188.0,27.0,1206.0,48.76367040343387,21.991583404332225,11.771761480466072,14.185054700537734,9.623639191290824,7.452566096423017,41.64968284137489,2.7616844901417483,0.0618287572419794
13011,68830.0,18666.0,2396.0,18724.0,2210.0,541.0,2869.0,6787.0,882.0,5732.0,6787.0,195.0,18757.0,16244.0,311.0,16.0,1299.0,95.58081508178542,12.836172720454302,11.803033539841914,18.85674451028233,12.99543244437896,2.873139826138205,1.6580476622061098,6.925414511915552,0.0853014874446873
13013,77477.0,86319.0,8797.0,86667.0,13353.0,1261.0,10000.0,29770.0,1579.0,27583.0,29770.0,1079.0,86982.0,56544.0,11376.0,46.0,12347.0,32.96569067720496,10.191267276034244,15.40724843365987,12.61,5.303997312730937,3.624454148471616,13.078567979581983,14.19489089696719,0.0528845048400818
13015,79431.0,110009.0,11092.0,110119.0,16055.0,1654.0,14810.0,39664.0,3835.0,33539.0,39664.0,1085.0,111153.0,82365.0,11776.0,29.0,11401.0,39.431226526845485,10.08281140633948,14.579681980403018,11.168129642133694,9.668717224687374,2.735478015328761,10.594405908972318,10.257033098521855,0.0260901640081689
13017,39081.0,16742.0,4308.0,16817.0,3152.0,347.0,2273.0,7162.0,1509.0,5183.0,7162.0,685.0,17138.0,9219.0,6468.0,44.0,1108.0,34.389903454693496,25.731692748775533,18.74293869298924,15.26616805983282,21.069533649818485,9.564367495113096,37.74069319640565,6.465165130120201,0.2567394094993581
13019,50414.0,18029.0,3979.0,17955.0,3371.0,519.0,2408.0,6881.0,1110.0,5531.0,6881.0,223.0,18257.0,14495.0,1929.0,0.0,1079.0,73.32599118942731,22.0699983360142,18.774714564188248,21.5531561461794,16.131376253451535,3.240808022089813,10.565810374103084,5.910061894068028,0.0
13021,50747.0,150343.0,37337.0,153131.0,20810.0,2776.0,18898.0,59681.0,6794.0,50927.0,59681.0,6651.0,156543.0,54627.0,85004.0,72.0,6967.0,14.08551853876171,24.8345450070838,13.589671588378575,14.689385120118532,11.383857509089996,11.144250263903086,54.30073526123813,4.450534357971931,0.0459937525152833
13023,53005.0,11142.0,2289.0,11998.0,1250.0,293.0,1638.0,4283.0,917.0,3075.0,4283.0,278.0,12414.0,8438.0,3225.0,21.0,464.0,51.05300802670269,20.543887991383954,10.418403067177865,17.887667887667888,21.41022647676862,6.490777492411861,25.97873368777187,3.737715482519736,0.1691638472692122
13025,47801.0,18043.0,3054.0,18110.0,3025.0,509.0,2558.0,6828.0,1036.0,5159.0,6828.0,306.0,18171.0,16582.0,535.0,0.0,378.0,99.32301204150713,16.926231779637533,16.703478741027055,19.898358092259578,15.172817809021677,4.481546572934974,2.944251829838754,2.0802377414561666,0.0
13027,47656.0,15992.0,4056.0,15987.0,2511.0,369.0,2462.0,5994.0,1532.0,4233.0,5994.0,492.0,16285.0,8827.0,5542.0,9.0,1048.0,100.0,25.36268134067033,15.706511540626758,14.987814784727863,25.558892225558893,8.208208208208209,34.031317163033464,6.435369972367209,0.0552655818237642
13029,94234.0,46400.0,3357.0,44697.0,3826.0,590.0,4700.0,15821.0,1019.0,14521.0,15821.0,564.0,46681.0,32819.0,6516.0,44.0,3672.0,46.78125977915866,7.234913793103448,8.559858603485692,12.5531914893617,6.440806522975792,3.564882118702989,13.958569867826313,7.866155395128639,0.0942567639939161
13031,56832.0,74599.0,16801.0,80715.0,9578.0,1103.0,8159.0,30276.0,2406.0,26065.0,30276.0,1760.0,81372.0,50269.0,22920.0,105.0,4105.0,45.14358993329141,22.5217496213086,11.86644365979062,13.5188135800956,7.946888624653191,5.813185361342318,28.166937029936587,5.04473283193236,0.1290370151895001
13033,50739.0,24057.0,4611.0,24216.0,2758.0,438.0,3364.0,9097.0,1342.0,7536.0,9097.0,737.0,24427.0,11716.0,10987.0,24.0,841.0,75.18702228004554,19.166978426237687,11.389164188965973,13.020214030915575,14.752116082224909,8.101571946795646,44.97891677242396,3.4429115323207924,0.0982519343349572
13035,59221.0,23524.0,3032.0,23581.0,2806.0,501.0,3303.0,8751.0,889.0,7509.0,8751.0,552.0,26074.0,16910.0,7179.0,19.0,941.0,77.60084925690022,12.88896446182622,11.89941054238582,15.16802906448683,10.158838989829734,6.307850531367843,27.53317481015571,3.608959116361126,0.0728695251975147
13037,55714.0,3813.0,866.0,3813.0,444.0,65.0,532.0,1508.0,324.0,1160.0,1508.0,106.0,5528.0,1821.0,3293.0,0.0,267.0,100.0,22.711775504851826,11.644374508261212,12.218045112781954,21.485411140583555,7.029177718832892,59.56946454413893,4.8299565846599135,0.0
13039,72399.0,53820.0,8095.0,51733.0,4547.0,471.0,6529.0,21024.0,1207.0,18831.0,21024.0,1054.0,56036.0,38475.0,9881.0,54.0,4106.0,29.581142272860063,15.040876997398737,8.789360756190439,7.213968448460713,5.741057838660578,5.013318112633181,17.63330715968306,7.327432364908273,0.0963666214576343
13043,50431.0,10675.0,1870.0,10675.0,1847.0,200.0,1286.0,4183.0,740.0,3378.0,4183.0,152.0,10972.0,6575.0,2485.0,22.0,1398.0,100.0,17.517564402810304,17.302107728337237,15.552099533437014,17.690652641644753,3.6337556777432463,22.648559970834853,12.741523878964635,0.2005103900838498
13045,72327.0,118501.0,18511.0,121166.0,15232.0,1757.0,14231.0,43598.0,4314.0,38540.0,43598.0,1783.0,122187.0,82284.0,24762.0,130.0,10112.0,54.38278443616343,15.62096522392216,12.571183335259066,12.34628627643876,9.894949309601358,4.0896371393183175,20.265658376095654,8.275839491926309,0.1063942972656665
13047,72425.0,67737.0,5898.0,67865.0,7045.0,846.0,8927.0,26139.0,2544.0,23074.0,26139.0,1108.0,68356.0,60420.0,1524.0,20.0,2595.0,23.7225954738331,8.707205810709066,10.380903263832607,9.47686792875546,9.732583495925628,4.238876774168866,2.229504359529522,3.796301714553221,0.0292585873954005
13049,48534.0,11967.0,2697.0,11963.0,2089.0,379.0,1480.0,4086.0,599.0,3345.0,4086.0,209.0,12711.0,6911.0,3171.0,75.0,1967.0,100.0,22.536976685886188,17.46217503970576,25.60810810810811,14.659813999021049,5.115026921194322,24.94689638895445,15.474785618755408,0.5900401227283455
13051,69575.0,286444.0,41100.0,289641.0,37922.0,4181.0,35411.0,119241.0,7495.0,109087.0,119241.0,8745.0,298143.0,136229.0,115594.0,168.0,23945.0,3.0166852359198213,14.348354303109858,13.092759657645152,11.807065601084409,6.285589688110633,7.333886834226482,38.771327852741805,8.031380914527592,0.0563487990662199
13053,59221.0,4775.0,772.0,4113.0,204.0,80.0,470.0,1897.0,235.0,1597.0,1897.0,22.0,9181.0,4965.0,1650.0,37.0,1600.0,40.083638264506014,16.167539267015705,4.959883296863604,17.02127659574468,12.38798102266737,1.1597258829731154,17.971898486003703,17.427295501579348,0.4030062084740224
13055,47785.0,23373.0,4696.0,23440.0,2840.0,446.0,3249.0,9142.0,1205.0,7573.0,9142.0,547.0,24975.0,20345.0,2356.0,13.0,1361.0,59.03464850791107,20.091558636033028,12.1160409556314,13.727300707910128,13.180923211551082,5.983373441260119,9.433433433433434,5.44944944944945,0.052052052052052
13057,105442.0,272243.0,17693.0,273001.0,29501.0,3908.0,35628.0,99132.0,3791.0,94109.0,99132.0,2424.0,274539.0,204916.0,19244.0,114.0,33341.0,18.297952141624783,6.498973343667238,10.806187523122626,10.968900864488605,3.8241940039543234,2.445224549086067,7.00956876800746,12.14435836074292,0.041524155038082
13059,52267.0,118852.0,30727.0,128311.0,14252.0,1560.0,11504.0,54161.0,2693.0,49539.0,54161.0,3211.0,129267.0,70365.0,33824.0,195.0,14751.0,5.9244118721390215,25.85316191565981,11.10738751938649,13.560500695410292,4.972212477613042,5.928620224885065,26.16599750903169,11.411265056046789,0.1508505651094246
13061,48715.0,2794.0,644.0,2794.0,193.0,24.0,342.0,1179.0,256.0,891.0,1179.0,88.0,2853.0,1131.0,1698.0,0.0,4.0,100.0,23.04939155332856,6.907659269863994,7.017543859649122,21.71331636980492,7.463952502120441,59.51629863301788,0.1402032947774272,0.0
13063,58507.0,294183.0,49531.0,295407.0,52356.0,4698.0,33730.0,105626.0,6762.0,95047.0,105626.0,7919.0,298771.0,24600.0,205375.0,325.0,42738.0,0.524874409852316,16.836798863292575,17.723344402806976,13.928253780017789,6.401832882055555,7.497207127033117,68.73993794578456,14.304601182845724,0.1087789644911989
13065,55549.0,6635.0,1517.0,6635.0,1494.0,124.0,860.0,2470.0,499.0,1778.0,2470.0,346.0,6722.0,4312.0,1718.0,80.0,377.0,100.0,22.863602110022608,22.516955538809345,14.418604651162791,20.20242914979757,14.008097165991902,25.55786968164237,5.608449866111276,1.1901219875037192
13067,98712.0,757861.0,64760.0,764217.0,92967.0,10672.0,94269.0,293410.0,8736.0,281266.0,293410.0,10783.0,769152.0,367833.0,203535.0,449.0,112882.0,0.0052209165580063,8.545102597969812,12.165000255163129,11.320794746947564,2.9774036331413383,3.675062199652364,26.462259735396906,14.67616283907472,0.0583759777001164
13069,50175.0,39420.0,7799.0,39915.0,7367.0,716.0,4719.0,15318.0,2235.0,12665.0,15318.0,1263.0,43161.0,24287.0,12099.0,45.0,5576.0,66.9126520003713,19.7843734145104,18.45672053112865,15.17270608179699,14.590677634155895,8.245201723462593,28.032251338013484,12.919070457125644,0.1042607909918676
13071,49691.0,45381.0,10835.0,45431.0,9447.0,908.0,5551.0,16807.0,2893.0,13627.0,16807.0,1146.0,45907.0,24938.0,10450.0,29.0,9066.0,58.13107324937906,23.87563077058681,20.794171380775243,16.357413078724555,17.21306598441126,6.81858749330636,22.763412987126145,19.74862221447709,0.0631711939355653
13073,96122.0,158446.0,10805.0,155813.0,13838.0,2015.0,18788.0,52083.0,2879.0,47252.0,52083.0,1653.0,159638.0,102675.0,28398.0,63.0,12474.0,14.947118774437536,6.819358014717948,8.881158825001766,10.72493080689802,5.527715377378415,3.173780312193998,17.78899760708603,7.813929014395069,0.0394642879514902
13075,50133.0,17008.0,3494.0,17007.0,3005.0,372.0,2239.0,6323.0,1179.0,4815.0,6323.0,335.0,17363.0,10726.0,4840.0,0.0,1216.0,59.17348656335249,20.543273753527757,17.669195037337566,16.614560071460474,18.64621224102483,5.298117981970584,27.875367160052985,7.003398030294304,0.0
13077,94142.0,149141.0,12222.0,149218.0,12450.0,1832.0,20367.0,55290.0,3414.0,50832.0,55290.0,1890.0,150071.0,102423.0,27341.0,66.0,11859.0,44.89251358119296,8.194929630349803,8.34349743328553,8.994942799626847,6.174715138361368,3.41833966359197,18.218709810689607,7.902259597124028,0.043979183186625
13079,60905.0,11999.0,1593.0,12039.0,1424.0,380.0,1944.0,4390.0,932.0,3365.0,4390.0,265.0,12183.0,8803.0,2620.0,72.0,466.0,100.0,13.276106342195185,11.828224935625885,19.54732510288066,21.23006833712984,6.036446469248292,21.50537634408602,3.825002052039728,0.5909874415168678
13081,42745.0,19488.0,4695.0,19639.0,3154.0,465.0,2717.0,7966.0,1898.0,5833.0,7966.0,1265.0,19995.0,9688.0,8999.0,5.0,690.0,45.692567567567565,24.091748768472907,16.059880849330415,17.114464482885534,23.826261611850363,15.879989957318603,45.006251562890725,3.45086271567892,0.0250062515628907
13083,58936.0,15041.0,1280.0,16077.0,1663.0,262.0,2316.0,6178.0,862.0,5224.0,6178.0,107.0,16196.0,14868.0,260.0,2.0,374.0,94.58494861854656,8.510072468585864,10.343969646078248,11.312607944732298,13.95273551311104,1.7319520880543866,1.605334650530995,2.309212151148432,0.0123487280810076
13085,88986.0,28543.0,2634.0,28507.0,3730.0,467.0,4176.0,10844.0,622.0,9955.0,10844.0,215.0,28704.0,25032.0,462.0,15.0,1926.0,69.4007015448914,9.228182041130925,13.084505560037885,11.182950191570882,5.735890815197344,1.982663223902619,1.609531772575251,6.709866220735786,0.052257525083612
13087,50485.0,28096.0,6976.0,28018.0,4198.0,488.0,3818.0,10474.0,2281.0,7549.0,10474.0,959.0,29118.0,14269.0,12155.0,18.0,1972.0,52.81438349167433,24.829157175398635,14.983225069598117,12.781561026715558,21.777735344662972,9.156005346572464,41.74393845731163,6.772443162305104,0.0618174325159695
13089,77683.0,749492.0,101298.0,756699.0,98546.0,11432.0,88835.0,284681.0,17147.0,262625.0,284681.0,21337.0,762105.0,214181.0,389138.0,864.0,79372.0,0.1579053405234555,13.51555453560545,13.02314394495037,12.868801711037316,6.023233022224876,7.495055869552235,51.06094304590575,10.414837850427434,0.1133702048930265
13091,50152.0,18219.0,4040.0,18371.0,2956.0,283.0,2491.0,6657.0,1489.0,4802.0,6657.0,364.0,19909.0,12690.0,6122.0,34.0,680.0,68.78293601003764,22.17465283495252,16.09057754068913,11.360899237254117,22.367432777527416,5.467928496319663,30.74991210005525,3.4155407102315536,0.1707770355115777
13093,56545.0,8998.0,1777.0,9069.0,1472.0,193.0,1357.0,3919.0,1154.0,2595.0,3919.0,293.0,11026.0,4511.0,5262.0,0.0,845.0,100.0,19.74883307401645,16.2311169919506,14.222549742078114,29.446287318193416,7.47639704006124,47.72356248866316,7.663703972428805,0.0
13095,46784.0,80385.0,21255.0,82014.0,11455.0,1559.0,10217.0,34280.0,5639.0,27541.0,34280.0,3724.0,83915.0,19583.0,58868.0,51.0,2561.0,14.350157360997786,26.441500279902968,13.967127563586704,15.258882255065089,16.449824970828473,10.8634772462077,70.1519394625514,3.0518977536793184,0.0607757850205565
13097,80764.0,144662.0,16295.0,144639.0,17321.0,1885.0,18244.0,51339.0,2487.0,47744.0,51339.0,1793.0,146141.0,47990.0,70867.0,170.0,17076.0,15.475918107004444,11.264188245703778,11.975331687857356,10.332163999123,4.844270437678958,3.4924716102767874,48.49220957842084,11.68460596273462,0.1163260139180654
13099,53750.0,10524.0,2216.0,10547.0,1840.0,229.0,1460.0,4043.0,1339.0,2460.0,4043.0,407.0,10683.0,4628.0,5509.0,6.0,225.0,100.0,21.05663245914101,17.44571916184697,15.684931506849315,33.11897106109325,10.066782092505566,51.567911635308434,2.1061499578770007,0.05616399887672
13101,61723.0,3705.0,458.0,3682.0,779.0,61.0,397.0,1209.0,378.0,823.0,1209.0,9.0,3705.0,2133.0,157.0,3.0,1012.0,100.0,12.361673414304994,21.15697990222705,15.365239294710328,31.265508684863523,0.7444168734491315,4.237516869095816,27.314439946018894,0.0809716599190283
13103,85465.0,66742.0,4946.0,66526.0,6366.0,1024.0,8125.0,23555.0,3271.0,19291.0,23555.0,569.0,67265.0,49859.0,9554.0,72.0,4128.0,74.21142830675169,7.41062599262833,9.56919099299522,12.603076923076925,13.886648270006368,2.4156230099766502,14.203523377685274,6.136921132832826,0.1070393220842934
13105,49727.0,19350.0,3989.0,19482.0,2208.0,135.0,2670.0,8245.0,1607.0,6356.0,8245.0,621.0,19725.0,12390.0,5040.0,138.0,1110.0,70.97316290675765,20.61498708010336,11.333538651062518,5.056179775280899,19.49060036385688,7.531837477258945,25.55133079847909,5.6273764258555135,0.6996197718631179
13107,50053.0,21886.0,5410.0,22020.0,3681.0,522.0,2773.0,8267.0,1342.0,6836.0,8267.0,696.0,22961.0,13366.0,7392.0,51.0,1067.0,68.152670414617,24.71899844649548,16.716621253405993,18.824377930039667,16.233216402564413,8.419015362283778,32.193719785723616,4.647010147641653,0.2221157615086451
13109,53908.0,10162.0,1870.0,10182.0,1738.0,324.0,1194.0,3876.0,798.0,3055.0,3876.0,179.0,10740.0,5932.0,2932.0,17.0,1296.0,100.0,18.401889391852,17.069338047534867,27.1356783919598,20.58823529411765,4.618163054695563,27.299813780260703,12.067039106145252,0.1582867783985102
13111,58073.0,25463.0,3059.0,25455.0,3881.0,623.0,4598.0,11361.0,1215.0,10034.0,11361.0,397.0,25605.0,23554.0,182.0,0.0,794.0,100.0,12.013509798531205,15.246513455116872,13.549369290996085,10.694481119619752,3.4944107032831617,0.7107986721343488,3.1009568443663347,0.0
13113,108986.0,119729.0,6603.0,119820.0,9451.0,1362.0,17559.0,43669.0,1551.0,41409.0,43669.0,1431.0,120689.0,68654.0,30420.0,132.0,9978.0,18.131785156970988,5.514954605818139,7.887664830579202,7.756705962754143,3.55171861045593,3.27692413382491,25.20527968580401,8.267530595166088,0.1093720223052639
13115,62540.0,94862.0,15943.0,96966.0,13393.0,1746.0,12244.0,36688.0,3571.0,31925.0,36688.0,2631.0,98985.0,68671.0,13381.0,39.0,11878.0,38.729408423273554,16.80651894330712,13.812057834704948,14.260045736687356,9.7334278238116,7.171282163105103,13.518209829772188,11.99979794918422,0.0393999090771329
13117,138000.0,258953.0,11712.0,259193.0,20492.0,2521.0,30005.0,86688.0,1714.0,84297.0,86688.0,1786.0,260062.0,165972.0,10440.0,159.0,26070.0,7.738685068229844,4.522828466941878,7.906077710431995,8.401933011164806,1.9772056109265408,2.060262089331857,4.014427328867732,10.024532611454193,0.0611392667902269
13119,52264.0,22983.0,4685.0,23631.0,4370.0,618.0,3286.0,8774.0,1537.0,7017.0,8774.0,468.0,23840.0,19432.0,1996.0,28.0,1244.0,100.0,20.384632119392595,18.49265794930388,18.807060255629946,17.517665830863915,5.333941189879188,8.37248322147651,5.218120805369128,0.1174496644295302
13121,91490.0,1038056.0,133805.0,1058211.0,102420.0,12619.0,121329.0,457791.0,22779.0,423217.0,457791.0,45914.0,1068507.0,399326.0,455582.0,1097.0,86110.0,0.6323180620787281,12.889959693889349,9.67859906956174,10.4006461769239,4.9758514256505695,10.029467595474792,42.63724991974784,8.058908364662093,0.1026666180006307
13123,72542.0,31711.0,4667.0,31820.0,4847.0,1083.0,5297.0,12612.0,1317.0,11151.0,12612.0,405.0,31976.0,27037.0,139.0,86.0,3839.0,78.50923356616592,14.717290530099966,15.232558139534884,20.445535208608646,10.442435775451951,3.2112274024738343,0.434701025769327,12.005879409557169,0.268951713785339
13125,55250.0,2837.0,347.0,2834.0,330.0,49.0,421.0,1042.0,376.0,653.0,1042.0,100.0,2913.0,2530.0,343.0,0.0,21.0,100.0,12.23123017271766,11.644318983768525,11.63895486935867,36.08445297504799,9.596928982725528,11.774802608994165,0.7209062821833162,0.0
13127,68546.0,83655.0,13668.0,83967.0,11808.0,1463.0,11608.0,34625.0,3642.0,29536.0,34625.0,1923.0,84987.0,52808.0,20787.0,132.0,6400.0,18.63809039160227,16.338533261610184,14.06266747650863,12.603376981392143,10.51841155234657,5.553790613718411,24.45903491122172,7.530563497946745,0.1553178721451516
13129,61997.0,57673.0,7438.0,57812.0,8714.0,1024.0,7530.0,20841.0,2682.0,17088.0,20841.0,813.0,58336.0,44513.0,1985.0,45.0,9371.0,59.91589044904769,12.896849478958956,15.072995225904656,13.598937583001328,12.868864257953073,3.900964445084209,3.4027015907844214,16.063837081733407,0.0771393307734503
13131,54312.0,25831.0,5318.0,25871.0,4974.0,679.0,3432.0,10073.0,1509.0,8375.0,10073.0,592.0,26056.0,14701.0,7627.0,37.0,3366.0,60.565635005336176,20.587665982733924,19.22616056588458,19.78438228438229,14.980641318375856,5.877097190509282,29.27156892846177,12.91832975130488,0.1420018421860608
13133,84530.0,19419.0,1705.0,19450.0,2991.0,536.0,3261.0,7846.0,860.0,6649.0,7846.0,381.0,19586.0,11552.0,5948.0,0.0,1360.0,100.0,8.78006076522993,15.37789203084833,16.436675866298682,10.960999235279123,4.855977568187612,30.368630654549168,6.943735321147758,0.0
13135,84823.0,959703.0,100570.0,961665.0,148129.0,14509.0,114506.0,322852.0,16179.0,300966.0,322852.0,11012.0,966972.0,309200.0,268853.0,1236.0,224818.0,0.47280113514067,10.479283695059824,15.403388914018915,12.670951740520149,5.011274515877244,3.410850792313506,27.803597208605836,23.24969078732373,0.1278216949404946
13137,65622.0,44429.0,6064.0,45294.0,6362.0,1004.0,5824.0,16048.0,1742.0,14084.0,16048.0,519.0,46948.0,35692.0,1597.0,50.0,7315.0,59.33392713606048,13.648742938171017,14.046010509118206,17.23901098901099,10.85493519441675,3.234047856430708,3.4016358524324786,15.581068416119962,0.1065008094061514
13139,77430.0,205887.0,26231.0,206946.0,34531.0,3746.0,25659.0,71263.0,3953.0,66368.0,71263.0,4475.0,208395.0,122828.0,13834.0,98.0,59586.0,25.94813327032136,12.74048385765007,16.685995380437408,14.599165984644763,5.547058080630903,6.279556010833111,6.638355046906116,28.59281652630821,0.047026080280237
13141,33182.0,6837.0,2154.0,7086.0,564.0,193.0,1246.0,2852.0,1102.0,1698.0,2852.0,390.0,8630.0,2280.0,6161.0,0.0,55.0,100.0,31.505046072838965,7.959356477561388,15.489566613162118,38.63955119214586,13.674614305750351,71.39049826187717,0.6373117033603708,0.0
13143,65016.0,30445.0,4596.0,30413.0,3650.0,650.0,4020.0,11510.0,1649.0,9654.0,11510.0,481.0,30720.0,27576.0,1458.0,10.0,589.0,75.66095123500116,15.096074889144358,12.001446749745174,16.16915422885572,14.326672458731538,4.178974804517811,4.74609375,1.9173177083333333,0.0325520833333333
13145,89184.0,35019.0,2586.0,34806.0,2444.0,377.0,5325.0,12637.0,1357.0,10932.0,12637.0,243.0,35509.0,26600.0,5592.0,18.0,1657.0,97.19049267335872,7.384562665981324,7.021777854392921,7.07981220657277,10.7383081427554,1.9229247447970248,15.74812019488017,4.666422597088062,0.0506913740178546
13147,57241.0,25675.0,2940.0,25667.0,3418.0,426.0,3742.0,10543.0,1440.0,8894.0,10543.0,776.0,26484.0,19582.0,4504.0,63.0,1050.0,76.91265293479944,11.4508276533593,13.316710172595162,11.384286477819348,13.65835151285213,7.360333870814759,17.00649448723758,3.964657906660625,0.2378794743996375
13149,62907.0,11434.0,2136.0,11487.0,1670.0,124.0,1633.0,4342.0,992.0,3230.0,4342.0,274.0,11616.0,9811.0,919.0,0.0,302.0,100.0,18.68112646492916,14.538173587533734,7.593386405388855,22.84661446338093,6.310456011054813,7.911501377410467,2.599862258953168,0.0
13151,81612.0,243925.0,22940.0,243834.0,22441.0,2999.0,30865.0,84498.0,4024.0,78085.0,84498.0,2365.0,245417.0,84858.0,122305.0,216.0,19620.0,18.82083153311841,9.404530080967511,9.203392471927623,9.716507370808358,4.762242893322919,2.798882813794409,49.835585961852686,7.994556204337923,0.0880134628000505
13153,80743.0,164889.0,16644.0,161379.0,17350.0,1893.0,20168.0,62158.0,4389.0,57096.0,62158.0,2630.0,166902.0,87786.0,52252.0,147.0,12228.0,8.977406757805577,10.0940632789331,10.751089051239628,9.386156287187625,7.061037999935648,4.231152868496412,31.306994523732488,7.326455045475789,0.0880756372002732
13155,53915.0,9138.0,1657.0,9138.0,1959.0,168.0,1138.0,3725.0,537.0,2925.0,3725.0,164.0,9385.0,6189.0,2375.0,0.0,658.0,100.0,18.133070693806083,21.437951411687457,14.76274165202109,14.416107382550337,4.402684563758389,25.30633990410229,7.011188066062866,0.0
13157,85012.0,79849.0,6613.0,79939.0,9479.0,1372.0,9780.0,26976.0,1653.0,24690.0,26976.0,801.0,80640.0,62206.0,6202.0,7.0,7989.0,62.81897585202946,8.281882052373856,11.857791566069128,14.028629856850715,6.127669039145908,2.9693060498220643,7.690972222222222,9.906994047619047,0.0086805555555555
13159,59574.0,15152.0,2125.0,15215.0,1699.0,234.0,2244.0,5812.0,1030.0,4656.0,5812.0,238.0,15345.0,11377.0,2617.0,2.0,739.0,100.0,14.02455121436114,11.16661189615511,10.427807486631016,17.721954576737783,4.094975911906401,17.05441511893125,4.815900944933203,0.0130335614206581
13161,40879.0,14778.0,3935.0,14769.0,3225.0,444.0,1891.0,5368.0,1100.0,4036.0,5368.0,530.0,14838.0,10208.0,2056.0,15.0,2033.0,66.72981933825022,26.627419136554337,21.83627869185456,23.479640401903755,20.49180327868853,9.873323397913564,13.85631486723278,13.70130745383475,0.1010917913465426
13163,46561.0,14957.0,2810.0,15004.0,2629.0,433.0,2064.0,5838.0,1105.0,4632.0,5838.0,505.0,15468.0,6490.0,8091.0,4.0,521.0,100.0,18.78718994450759,17.521994134897362,20.97868217054264,18.92771497088044,8.650222678999658,52.30799069045772,3.3682441168864754,0.025859839668994
13165,36906.0,7500.0,1769.0,7659.0,1305.0,557.0,1373.0,3067.0,811.0,2179.0,3067.0,187.0,8674.0,4920.0,3294.0,2.0,365.0,100.0,23.586666666666662,17.038777908343125,40.56809905316825,26.44277795891751,6.097163351809586,37.97555914226424,4.20797786488356,0.023057412958266
13167,54183.0,7700.0,1351.0,7718.0,882.0,106.0,986.0,3235.0,569.0,2599.0,3235.0,198.0,9192.0,5681.0,3070.0,0.0,194.0,100.0,17.545454545454547,11.427831044312,10.75050709939148,17.58887171561051,6.120556414219474,33.398607484769364,2.11053089643168,0.0
13169,68259.0,28237.0,3800.0,28234.0,2194.0,432.0,3845.0,10771.0,1040.0,9469.0,10771.0,480.0,28526.0,19912.0,7153.0,14.0,571.0,83.41270681200832,13.45752027481673,7.770772827087908,11.235370611183354,9.655556587132114,4.456410732522514,25.075369838042487,2.001682675453972,0.0490780340741779
13171,68457.0,17985.0,1895.0,18866.0,1925.0,220.0,2504.0,7000.0,834.0,5864.0,7000.0,235.0,19098.0,12638.0,5436.0,11.0,159.0,63.108108108108105,10.53655824298026,10.20354076115764,8.78594249201278,11.914285714285716,3.357142857142857,28.463713477851083,0.8325479107759974,0.0575976542046287
13173,44361.0,9842.0,2726.0,9469.0,1469.0,206.0,1304.0,3442.0,334.0,2967.0,3442.0,225.0,10094.0,6646.0,2466.0,0.0,679.0,100.0,27.697622434464535,15.513781814341536,15.797546012269938,9.70366066240558,6.5368971528181286,24.4303546661383,6.726768377253814,0.0
13175,49705.0,48813.0,10944.0,48864.0,6321.0,815.0,6039.0,18133.0,2940.0,14890.0,18133.0,1186.0,49619.0,28055.0,18593.0,119.0,1530.0,57.95440790800888,22.42025689877697,12.93590373280943,13.495611856267594,16.21353333700987,6.540561407378812,37.47153308208549,3.083496241359157,0.2398274854390455
13177,88024.0,32059.0,2256.0,32372.0,2671.0,354.0,3768.0,11960.0,1111.0,10702.0,11960.0,321.0,33337.0,22581.0,7731.0,0.0,1077.0,62.36468353285288,7.037025484263389,8.250957617694304,9.394904458598726,9.289297658862877,2.6839464882943145,23.190449050604432,3.2306446290908,0.0
13179,59013.0,64111.0,9289.0,58999.0,6240.0,583.0,5764.0,23406.0,1316.0,21781.0,23406.0,1090.0,66826.0,24966.0,27652.0,135.0,8298.0,23.51354664705161,14.48893325638346,10.576450448312682,10.114503816793894,5.622489959839357,4.656925574638981,41.37910394157962,12.417322598988418,0.2020171789423278
13181,50688.0,7677.0,1393.0,7673.0,990.0,191.0,1285.0,2976.0,842.0,1820.0,2976.0,216.0,7773.0,5279.0,2121.0,0.0,103.0,100.0,18.145108766445222,12.902384986315653,14.863813229571983,28.29301075268817,7.258064516129032,27.286761868004632,1.3250997041039496,0.0
13183,64747.0,17126.0,2746.0,16596.0,1728.0,227.0,2038.0,5836.0,418.0,5238.0,5836.0,349.0,17512.0,9478.0,4309.0,15.0,2232.0,80.23874319643741,16.034100198528552,10.412147505422992,11.13837095191364,7.162440027416039,5.980123372172721,24.605984467793512,12.745545911375055,0.085655550479671
13185,55887.0,114549.0,23253.0,113506.0,16959.0,1882.0,11791.0,44928.0,6123.0,36471.0,44928.0,3086.0,119055.0,60666.0,44023.0,116.0,8169.0,35.07961877700823,20.299609773983185,14.941060384473069,15.961326435416844,13.62847222222222,6.868767806267806,36.97702742429969,6.861534584855739,0.0974339590945361
13187,72388.0,31245.0,4893.0,33534.0,4162.0,524.0,4420.0,11374.0,779.0,10323.0,11374.0,260.0,33931.0,30207.0,538.0,99.0,1916.0,80.5661729574773,15.660105616898704,12.411284069899208,11.855203619909505,6.848953754176192,2.2859152452962896,1.5855707170434117,5.646753706050514,0.2917685891957207
13189,54058.0,21295.0,4052.0,21464.0,2401.0,272.0,3034.0,8298.0,1862.0,6220.0,8298.0,298.0,21687.0,11499.0,8900.0,0.0,777.0,59.375,19.027940831181027,11.186172195303763,8.96506262359921,22.439141961918533,3.5912268016389493,41.03841010743764,3.582791534098769,0.0
13191,50348.0,11048.0,2475.0,11070.0,1275.0,396.0,1835.0,4784.0,739.0,3964.0,4784.0,361.0,11187.0,7022.0,3326.0,15.0,282.0,100.0,22.40224475018103,11.51761517615176,21.580381471389646,15.44732441471572,7.545986622073578,29.730937695539467,2.5207830517565037,0.134084204880665
13193,37177.0,9948.0,2537.0,9939.0,2310.0,338.0,1483.0,3970.0,897.0,2873.0,3970.0,471.0,11953.0,3916.0,7062.0,21.0,524.0,100.0,25.50261359067149,23.241774826441294,22.791638570465278,22.594458438287155,11.8639798488665,59.08140215845395,4.3838366937170585,0.1756881117711035
13195,58784.0,30519.0,5772.0,30716.0,5172.0,673.0,3933.0,10895.0,1190.0,9478.0,10895.0,420.0,30914.0,24274.0,2853.0,20.0,2127.0,90.65737051792829,18.912808414430355,16.838129964839172,17.1116196287821,10.922441486920606,3.85497934832492,9.228828362554182,6.880377822345863,0.0646956071682732
13197,50484.0,7374.0,1247.0,7370.0,1294.0,296.0,1245.0,2950.0,741.0,2117.0,2950.0,162.0,7474.0,4322.0,2133.0,16.0,588.0,100.0,16.91076756170328,17.557666214382632,23.775100401606423,25.11864406779661,5.491525423728813,28.538934974578535,7.867273213807867,0.214075461600214
13199,56458.0,20590.0,4052.0,20636.0,2930.0,439.0,3089.0,8170.0,1367.0,6605.0,8170.0,460.0,20757.0,11757.0,7926.0,17.0,569.0,100.0,19.679456046624576,14.198488079085092,14.211719002913563,16.731946144430843,5.630354957160343,38.18470877294407,2.741243917714506,0.0819000819000819
13201,58407.0,5718.0,1377.0,5718.0,868.0,105.0,823.0,2482.0,823.0,1575.0,2482.0,279.0,5873.0,3854.0,1604.0,43.0,183.0,100.0,24.081846799580276,15.180132913606156,12.75820170109356,33.15874294923449,11.240934730056406,27.31142516601396,3.1159543674442363,0.7321641409841648
13205,51908.0,19751.0,5042.0,19751.0,3625.0,394.0,2552.0,7995.0,1640.0,6212.0,7995.0,1142.0,21441.0,9799.0,9800.0,68.0,1072.0,75.77568375086187,25.52782137613285,18.35350108855248,15.438871473354231,20.512820512820515,14.283927454659162,45.706823375775386,4.999766801921552,0.3171493866890537
13207,82863.0,27624.0,3162.0,27695.0,2916.0,319.0,3985.0,10423.0,1013.0,9168.0,10423.0,222.0,28919.0,20849.0,6250.0,48.0,782.0,81.83639160138785,11.446568201563858,10.528976349521574,8.005018820577165,9.71889091432409,2.1299050177492083,21.6120889380684,2.7041045679311178,0.1659808430443653
13209,51188.0,7816.0,1279.0,8150.0,1182.0,190.0,1119.0,3021.0,476.0,2436.0,3021.0,125.0,8675.0,5675.0,1979.0,14.0,618.0,98.71080139372822,16.363868986693962,14.503067484662576,16.979445933869528,15.75637206223105,4.137702747434624,22.81268011527377,7.123919308357348,0.1613832853025936
13211,85692.0,20436.0,1522.0,20420.0,1851.0,169.0,2942.0,7793.0,779.0,6717.0,7793.0,155.0,20614.0,15091.0,4350.0,0.0,739.0,76.56864208588347,7.447641417107066,9.06464250734574,5.744391570360299,9.996150391376876,1.98896445528038,21.102163578150773,3.5849422722421656,0.0
13213,67880.0,39847.0,5198.0,39974.0,5451.0,943.0,5461.0,15258.0,1888.0,12875.0,15258.0,712.0,40282.0,32351.0,193.0,14.0,6287.0,67.9583719010332,13.04489672999222,13.636363636363637,17.267899652078373,12.37383667584218,4.666404509109976,0.4791221885705774,15.60746735514622,0.0347549774092646
13215,56622.0,198961.0,37491.0,194801.0,21952.0,2798.0,23035.0,80600.0,7599.0,70413.0,80600.0,8285.0,204383.0,76497.0,93760.0,140.0,16884.0,3.756487951981906,18.843391418418687,11.26893599108834,12.146733232038205,9.428039702233251,10.279156327543424,45.87465689416439,8.260961038833955,0.0684988477515253
13217,73732.0,113729.0,13984.0,114650.0,14034.0,1367.0,13958.0,40531.0,1735.0,37975.0,40531.0,1595.0,115530.0,46630.0,54367.0,89.0,7813.0,33.97491176444441,12.295896385266731,12.240732664631487,9.793666714429,4.280674051960228,3.935259431052774,47.058772613174064,6.762745607201593,0.0770362676361118
13219,115925.0,42500.0,2586.0,42592.0,2668.0,457.0,5310.0,14721.0,602.0,13935.0,14721.0,99.0,42788.0,35334.0,1343.0,110.0,2466.0,54.08502595755879,6.084705882352941,6.264087152516905,8.606403013182675,4.089396100808369,0.672508661096393,3.1387304851827613,5.763298120968496,0.2570814246985136
13221,69784.0,15020.0,1676.0,15062.0,1820.0,258.0,2203.0,5242.0,872.0,4142.0,5242.0,174.0,15221.0,11208.0,2421.0,0.0,966.0,100.0,11.158455392809588,12.083388660204488,11.71130276895143,16.634872186188478,3.31934376192293,15.905656658563826,6.346494974049011,0.0
13223,94557.0,173316.0,10525.0,173171.0,17799.0,1715.0,20709.0,58608.0,2172.0,55596.0,58608.0,1539.0,174292.0,110767.0,37822.0,91.0,14256.0,20.47954180278784,6.072722656881073,10.278279850552344,8.281423535660824,3.705978705978706,2.625921375921376,21.700364904872284,8.179377137218003,0.0522112317260688
13225,68365.0,26648.0,4730.0,28158.0,3143.0,363.0,3919.0,10284.0,1297.0,8698.0,10284.0,485.0,28269.0,12273.0,12125.0,18.0,2585.0,40.04145670276259,17.749924947463224,11.162014347609915,9.2625669813728,12.611824192921045,4.716063788409179,42.89150659733277,9.144292334359193,0.0636739891754218
13227,75293.0,33824.0,4502.0,33994.0,4202.0,799.0,5462.0,13054.0,918.0,11977.0,13054.0,305.0,34197.0,31507.0,168.0,54.0,1294.0,80.78034682080924,13.3100756859035,12.361004883214685,14.62834126693519,7.032327256013483,2.336448598130841,0.491271164137205,3.783957657104424,0.157908588472673
13229,56691.0,19781.0,2605.0,19845.0,2905.0,549.0,2437.0,7496.0,918.0,5971.0,7496.0,301.0,19996.0,16409.0,1965.0,48.0,1035.0,98.71677825116656,13.16920277033517,14.638447971781304,22.527697989331145,12.246531483457844,4.015474919957311,9.826965393078616,5.176035207041409,0.2400480096019203
13231,84184.0,19148.0,1830.0,19270.0,2777.0,208.0,2590.0,6505.0,1044.0,5297.0,6505.0,165.0,19540.0,16884.0,1665.0,3.0,412.0,99.7194134152152,9.557133904324212,14.41100155682408,8.03088803088803,16.049192928516526,2.536510376633359,8.52098259979529,2.10849539406346,0.0153531218014329
13233,55308.0,42825.0,8302.0,42940.0,6014.0,405.0,5460.0,15588.0,2093.0,13266.0,15588.0,917.0,43365.0,30699.0,5144.0,11.0,5843.0,51.98469185354584,19.38587273788675,14.0055891942245,7.417582417582418,13.42699512445471,5.8827303053631,11.862100772512395,13.473999769399285,0.0253660786348437
13235,47688.0,8610.0,1577.0,8610.0,897.0,198.0,1209.0,3284.0,904.0,2223.0,3284.0,239.0,9893.0,5678.0,3261.0,7.0,641.0,100.0,18.31591173054588,10.418118466898957,16.377171215880892,27.527405602923263,7.2777101096224115,32.962700899626,6.4793288183564135,0.0707571009804912
13237,64163.0,22145.0,4121.0,22318.0,2610.0,224.0,3540.0,10134.0,1242.0,8639.0,10134.0,455.0,22524.0,14580.0,5757.0,0.0,1568.0,100.0,18.6091668548205,11.694596289990145,6.327683615819209,12.255772646536412,4.489836194987172,25.559403303143316,6.961463328005683,0.0
13239,36838.0,2092.0,324.0,2092.0,440.0,101.0,434.0,935.0,333.0,593.0,935.0,158.0,2092.0,1001.0,1044.0,0.0,25.0,73.69127516778524,15.48757170172084,21.032504780114724,23.27188940092166,35.61497326203209,16.898395721925134,49.90439770554493,1.1950286806883366,0.0
13241,61466.0,16825.0,2497.0,16913.0,2292.0,452.0,2628.0,7113.0,604.0,6320.0,7113.0,285.0,17107.0,14916.0,148.0,0.0,1481.0,100.0,14.841010401188708,13.551705788446757,17.199391171993913,8.491494446787572,4.006748207507381,0.8651429239492605,8.65727479978956,0.0
13243,25425.0,6073.0,1628.0,6191.0,476.0,82.0,930.0,2644.0,427.0,2144.0,2644.0,558.0,6270.0,1709.0,4246.0,0.0,223.0,100.0,26.80717931829409,7.688580197060249,8.817204301075268,16.149773071104388,21.104387291981844,67.71929824561404,3.5566188197767143,0.0
13245,53197.0,196159.0,41459.0,194371.0,22462.0,2828.0,24813.0,75023.0,6930.0,64355.0,75023.0,7583.0,206040.0,65767.0,113995.0,141.0,11627.0,8.333212330656755,21.135405461895708,11.556250675255054,11.397251440777012,9.237167268704264,10.107567012782749,55.32663560473694,5.643079013783732,0.0684333139196272
13247,72349.0,93411.0,10026.0,93424.0,13190.0,1624.0,13135.0,33959.0,2041.0,30935.0,33959.0,1285.0,94293.0,23941.0,53816.0,80.0,9994.0,13.712728438602117,10.733211292031989,14.118427812981675,12.363913208983632,6.010188757030537,3.783974793132896,57.07316555841897,10.598877965490546,0.0848419288812531
13249,59647.0,4539.0,601.0,4539.0,449.0,59.0,586.0,1627.0,257.0,1307.0,1627.0,77.0,4539.0,3536.0,779.0,0.0,96.0,100.0,13.240801938753028,9.89204670632298,10.06825938566553,15.795943454210205,4.7326367547633685,17.16237056620401,2.115003304692664,0.0
13251,53017.0,13653.0,2472.0,13746.0,1583.0,211.0,2129.0,4763.0,794.0,3886.0,4763.0,213.0,14057.0,7752.0,5546.0,3.0,348.0,100.0,18.10591078883762,11.516077404335809,9.910756223579146,16.670165861851775,4.47197144656729,39.45365298427829,2.4756349149889734,0.021341680301629
13253,49559.0,8966.0,1700.0,9013.0,1509.0,151.0,1300.0,3672.0,943.0,2387.0,3672.0,454.0,9117.0,5642.0,3052.0,7.0,267.0,100.0,18.960517510595583,16.742483079995562,11.615384615384617,25.68082788671024,12.363834422657952,33.475924097839204,2.9285949325436,0.0767796424262367
13255,60217.0,66941.0,12519.0,67326.0,8945.0,1088.0,8492.0,26535.0,3074.0,22576.0,26535.0,1804.0,68215.0,37278.0,24113.0,63.0,3943.0,40.65313642171574,18.701543149938004,13.286100466387428,12.81205840791333,11.584699453551911,6.798567929150179,35.34853038188082,5.780253609909844,0.0923550538737814
13257,52264.0,25770.0,3587.0,26697.0,3593.0,436.0,3674.0,10276.0,1614.0,8388.0,10276.0,493.0,26842.0,21737.0,2857.0,5.0,987.0,55.917712066905615,13.91928599146294,13.458441023335956,11.867174741426238,15.70650058388478,4.797586609575711,10.643767230459728,3.677073243424484,0.0186275240295059
13259,35000.0,3660.0,1018.0,3665.0,658.0,54.0,470.0,1756.0,458.0,1170.0,1756.0,247.0,4978.0,1223.0,2972.0,18.0,538.0,100.0,27.814207650273225,17.95361527967258,11.48936170212766,26.082004555808656,14.066059225512529,59.7026918441141,10.807553234230614,0.3615910004017678
13261,41877.0,27412.0,6209.0,28437.0,3777.0,435.0,3517.0,10848.0,1419.0,9204.0,10848.0,1203.0,29174.0,11271.0,14531.0,51.0,1799.0,41.22433819556996,22.650663942798776,13.281991771283892,12.36849587716804,13.08075221238938,11.089601769911503,49.80804826215123,6.166449578391719,0.1748131898265578
13263,45098.0,5697.0,1232.0,5717.0,723.0,107.0,1030.0,2532.0,591.0,1814.0,2532.0,229.0,5753.0,2310.0,3176.0,2.0,65.0,100.0,21.625416886080394,12.646492915864965,10.388349514563108,23.341232227488156,9.044233807266982,55.20597948896228,1.1298452981053364,0.0347644707109334
13265,48036.0,1733.0,370.0,1731.0,236.0,34.0,177.0,644.0,164.0,431.0,644.0,54.0,1740.0,698.0,777.0,0.0,101.0,100.0,21.35025966532025,13.63373772385904,19.2090395480226,25.46583850931677,8.385093167701863,44.6551724137931,5.804597701149425,0.0
13267,52351.0,19639.0,4463.0,19626.0,2680.0,362.0,2730.0,7551.0,1315.0,5963.0,7551.0,432.0,24215.0,13886.0,6624.0,53.0,2552.0,100.0,22.72518967360864,13.655355141139305,13.26007326007326,17.41491193219441,5.721096543504172,27.35494528185009,10.538922155688622,0.2188725996283295
13269,41743.0,7631.0,2242.0,7636.0,771.0,158.0,1159.0,3061.0,725.0,2273.0,3061.0,371.0,7786.0,4545.0,3014.0,6.0,61.0,100.0,29.380159874197357,10.096909376636985,13.63244176013805,23.685070238484155,12.120222149624306,38.71050603647573,0.7834574877986129,0.0770613922424865
13271,44948.0,9758.0,3026.0,9812.0,1243.0,310.0,1354.0,3123.0,685.0,2350.0,3123.0,413.0,12174.0,5785.0,4347.0,2.0,1884.0,100.0,31.010452961672478,12.66816143497758,22.89512555391433,21.934037784181875,13.224463656740314,35.70724494825037,15.47560374568753,0.0164284540824708
13273,43812.0,8607.0,2838.0,8616.0,1348.0,194.0,1202.0,3355.0,640.0,2588.0,3355.0,441.0,8941.0,3252.0,5326.0,0.0,219.0,100.0,32.97316138027187,15.64531104921077,16.139767054908486,19.076005961251862,13.144560357675113,59.56828095291355,2.449390448495694,0.0
13275,60140.0,45143.0,8069.0,45184.0,4900.0,836.0,6188.0,18369.0,2370.0,15474.0,18369.0,997.0,45696.0,26125.0,16312.0,110.0,1730.0,44.90807458840997,17.874310524333783,10.844546742209632,13.510019392372334,12.902172137840928,5.427622625074855,35.69677871148459,3.785889355742297,0.2407212885154061
13277,53165.0,39510.0,8266.0,40687.0,6518.0,817.0,4899.0,15541.0,3776.0,11491.0,15541.0,1353.0,41322.0,22101.0,11913.0,51.0,5334.0,40.547600619195045,20.921285750442927,16.019858922997518,16.67687283119004,24.297020783733352,8.706003474679878,28.8296791055612,12.908378103673588,0.1234209379991287
13279,54130.0,26597.0,5252.0,26657.0,4424.0,531.0,3150.0,10127.0,1489.0,8296.0,10127.0,864.0,26943.0,15661.0,6383.0,105.0,3154.0,49.6929337772845,19.74658796104824,16.596016055820236,16.857142857142858,14.70326849017478,8.531648069517132,23.69075455591434,11.706194558883569,0.3897116134060795
13281,58400.0,11892.0,1529.0,12584.0,1655.0,361.0,2025.0,5819.0,616.0,5094.0,5819.0,181.0,12739.0,11847.0,190.0,11.0,419.0,100.0,12.857383114698957,13.15162110616656,17.82716049382716,10.58601134215501,3.1105000859254166,1.4914828479472486,3.289112175209985,0.0863490069864196
13283,43750.0,6046.0,1511.0,6060.0,810.0,194.0,869.0,2307.0,538.0,1688.0,2307.0,181.0,6387.0,4094.0,1997.0,5.0,39.0,100.0,24.991730069467412,13.366336633663366,22.32451093210587,23.320329432162985,7.845687039445167,31.266635353060902,0.6106153123532174,0.0782840144042586
13285,54905.0,68004.0,12589.0,68428.0,7639.0,703.0,8812.0,26222.0,2876.0,22569.0,26222.0,2956.0,69821.0,37852.0,25454.0,75.0,3077.0,45.363408521303256,18.512146344332685,11.163558777108786,7.97775760326827,10.967889558386087,11.272976889634656,36.45608054883201,4.406983572277682,0.1074175391357901
13287,39565.0,8657.0,1869.0,8706.0,1141.0,196.0,1073.0,3298.0,925.0,2305.0,3298.0,335.0,8915.0,4834.0,3356.0,13.0,415.0,47.39062846990895,21.58946517269262,13.105903974270618,18.26654240447344,28.04730139478472,10.15767131594906,37.64441951766685,4.655075715086932,0.1458216489063376
13289,55439.0,7773.0,1160.0,7773.0,982.0,305.0,1326.0,2849.0,501.0,2073.0,2849.0,224.0,7869.0,4325.0,3195.0,27.0,61.0,100.0,14.923452978258071,12.633474848835714,23.001508295625943,17.585117585117587,7.862407862407863,40.60236370568052,0.7751937984496124,0.3431185665268776
13291,65697.0,25027.0,2598.0,25040.0,3173.0,663.0,4369.0,11012.0,928.0,9727.0,11012.0,550.0,25598.0,23754.0,186.0,15.0,920.0,100.0,10.380788748151996,12.671725239616611,15.17509727626459,8.4271703596077,4.994551398474392,0.7266192671302445,3.594030783654973,0.0585983279943745
13293,50904.0,26962.0,5749.0,27430.0,3156.0,427.0,3955.0,10377.0,1467.0,8635.0,10377.0,1303.0,27856.0,18482.0,7382.0,73.0,702.0,46.69675090252708,21.32260218084712,11.505650747356908,10.79646017699115,14.137033824804856,12.556615592175003,26.500574382538773,2.520103388856979,0.2620620333141872
13295,55887.0,66637.0,9223.0,66901.0,8834.0,975.0,8949.0,26181.0,3036.0,22509.0,26181.0,1335.0,68449.0,61290.0,2869.0,81.0,1855.0,51.01693913146303,13.840659093296518,13.204585880629589,10.89507207509219,11.59619571444941,5.099117680760857,4.191441803386463,2.7100468962293096,0.1183362795658081
13297,82381.0,98961.0,12060.0,99406.0,11415.0,1374.0,12794.0,34951.0,2736.0,31580.0,34951.0,936.0,100361.0,69999.0,19709.0,50.0,6110.0,58.06067878311421,12.186618971109832,11.483210268997848,10.739409098014695,7.82810220022317,2.6780349632342424,19.638106435766883,6.08802223971463,0.0498201492611671
13299,44833.0,33703.0,7690.0,33785.0,5495.0,957.0,4376.0,12866.0,2352.0,9314.0,12866.0,1738.0,35958.0,22174.0,10679.0,74.0,1711.0,32.11221759399741,22.816959914547667,16.26461447387894,21.869287020109688,18.280739934711644,13.508471941551376,29.6985371822682,4.758329161799877,0.2057956504811168
13301,46776.0,5105.0,1112.0,5102.0,377.0,76.0,784.0,1999.0,656.0,1237.0,1999.0,132.0,5175.0,2010.0,2960.0,0.0,57.0,100.0,21.78256611165524,7.389259114072913,9.693877551020408,32.81640820410205,6.603301650825412,57.19806763285024,1.1014492753623188,0.0
13303,44009.0,18053.0,2807.0,18118.0,2448.0,278.0,2658.0,7272.0,1199.0,5857.0,7272.0,641.0,19893.0,8300.0,10246.0,7.0,393.0,64.49369621773064,15.548662272198529,13.5114251021084,10.458991723100077,16.487898789878987,8.814631463146315,51.50555471773991,1.975569295732167,0.035188257175891
13305,49562.0,28585.0,5874.0,28615.0,5385.0,761.0,3605.0,11045.0,1402.0,9236.0,11045.0,913.0,30519.0,21604.0,6027.0,23.0,1857.0,57.63004246284501,20.549239111422075,18.81880132797484,21.10957004160888,12.6935264825713,8.266183793571752,19.74835348471444,6.084734100068809,0.07536288869229
13307,40764.0,2345.0,620.0,2345.0,487.0,81.0,255.0,849.0,194.0,604.0,849.0,57.0,2348.0,976.0,1151.0,0.0,166.0,100.0,26.439232409381663,20.76759061833689,31.764705882352946,22.85041224970553,6.713780918727915,49.02044293015332,7.0698466780238505,0.0
13309,45262.0,6544.0,1406.0,6548.0,1541.0,242.0,799.0,1545.0,344.0,1196.0,1545.0,153.0,7434.0,4200.0,2833.0,9.0,315.0,100.0,21.485330073349637,23.53390348197923,30.287859824780977,22.265372168284788,9.902912621359222,38.10868980360506,4.237288135593221,0.1210653753026634
13311,69747.0,27808.0,3261.0,28259.0,3496.0,589.0,4255.0,10422.0,1144.0,9033.0,10422.0,400.0,28454.0,25561.0,583.0,20.0,992.0,100.0,11.726841196777906,12.371279946211828,13.842538190364277,10.976779888696989,3.838034926117828,2.048921065579532,3.486328811414915,0.0702888873269136
13313,64262.0,101897.0,13995.0,102271.0,17914.0,1879.0,12060.0,36101.0,3571.0,31474.0,36101.0,1897.0,103118.0,58273.0,3365.0,46.0,37703.0,34.89267382174522,13.734457344180887,17.51620694038388,15.580431177446105,9.891692750893329,5.254702085814797,3.2632518086076145,36.56296669834558,0.0446090886169243
13315,48036.0,7001.0,1620.0,7028.0,1024.0,107.0,875.0,2504.0,567.0,1795.0,2504.0,216.0,8784.0,5221.0,2937.0,4.0,322.0,100.0,23.139551492643907,14.570290267501424,12.228571428571428,22.64376996805112,8.626198083067093,33.435792349726775,3.6657559198542806,0.0455373406193078
13317,52542.0,9442.0,1603.0,9457.0,1756.0,179.0,1451.0,4108.0,1319.0,2525.0,4108.0,186.0,9553.0,4944.0,3911.0,21.0,443.0,100.0,16.97733531031561,18.56825631807127,12.33631977946244,32.1080817916261,4.527750730282376,40.940018842248506,4.637286716214802,0.2198262325970899
13319,46673.0,8693.0,1761.0,8693.0,1081.0,201.0,1392.0,3347.0,630.0,2596.0,3347.0,238.0,8795.0,4862.0,3361.0,0.0,277.0,100.0,20.25767859197055,12.43529276429311,14.439655172413794,18.82282641171198,7.110845533313415,38.21489482660603,3.1495167708925527,0.0
13321,57201.0,20318.0,4096.0,20418.0,2861.0,448.0,3005.0,7876.0,1866.0,5845.0,7876.0,562.0,20575.0,13732.0,4961.0,105.0,463.0,70.42917628945342,20.15946451422384,14.01214614555784,14.908485856905155,23.692229558151347,7.135601828339259,24.111786148238156,2.250303766707169,0.5103280680437424
15001,77215.0,200968.0,29257.0,202126.0,8563.0,1515.0,28497.0,72958.0,5918.0,65382.0,72958.0,3443.0,203684.0,61076.0,1493.0,174.0,23451.0,59.49837760244033,14.558039090800523,4.236466362565924,5.316349089377829,8.11151621480852,4.719153485567039,0.7329981736415232,11.513422752891737,0.0854264448852143
15003,104264.0,972612.0,88808.0,948045.0,32503.0,4126.0,119600.0,337061.0,19263.0,308542.0,337061.0,33190.0,1003666.0,174457.0,22844.0,1305.0,93725.0,1.6888209438587791,9.130876444049632,3.428423756256296,3.4498327759197323,5.714989274938365,9.846882315070566,2.276055978781786,9.338265917147735,0.1300233344558847
15005,86250.0,41.0,13.0,41.0,1.0,0.0,5.0,22.0,0.0,21.0,22.0,4.0,43.0,7.0,0.0,5.0,4.0,100.0,31.70731707317073,2.4390243902439024,0.0,0.0,18.181818181818183,0.0,9.30232558139535,11.627906976744184
15007,93612.0,72848.0,6414.0,72849.0,3010.0,451.0,9963.0,23465.0,1121.0,22017.0,23465.0,927.0,73610.0,21341.0,436.0,70.0,7720.0,42.201697181369205,8.804634307050296,4.131834342269626,4.526748971193416,4.777327935222672,3.9505646707862776,0.5923108273332428,10.48770547479962,0.0950957750305665
15009,95076.0,162991.0,15969.0,163047.0,7364.0,1019.0,23118.0,55485.0,4489.0,49216.0,55485.0,2638.0,164632.0,48448.0,1225.0,191.0,17325.0,21.40646054117047,9.797473480130805,4.51648911050188,4.407820745739251,8.090474903126971,4.75443813643327,0.7440837747218038,10.523470528208367,0.116016327323971
16001,88907.0,494706.0,42195.0,498757.0,33342.0,4257.0,59975.0,196700.0,6365.0,185707.0,196700.0,6843.0,508052.0,414759.0,6210.0,1583.0,48291.0,5.565825600494579,8.529308316454621,6.685018957127419,7.0979574822842855,3.235892221657346,3.478901881037112,1.2223158259390772,9.505129396203538,0.311582278979317
16003,59286.0,4563.0,686.0,4572.0,544.0,126.0,829.0,1752.0,191.0,1352.0,1752.0,19.0,4599.0,4084.0,11.0,48.0,210.0,100.0,15.033968880122726,11.89851268591426,15.19903498190591,10.901826484018263,1.0844748858447488,0.2391824309632528,4.566210045662101,1.0437051532941943
16005,64080.0,85373.0,10398.0,87350.0,6288.0,627.0,9377.0,33340.0,2587.0,29166.0,33340.0,1820.0,88457.0,71712.0,726.0,1999.0,8481.0,17.01601967409042,12.179494688016115,7.198626216370921,6.686573530980057,7.759448110377924,5.458908218356329,0.820737759589405,9.587709282476233,2.2598550708253726
16007,67304.0,6493.0,660.0,6494.0,499.0,57.0,813.0,2308.0,196.0,2068.0,2308.0,56.0,6552.0,6101.0,18.0,50.0,244.0,100.0,10.1647928538426,7.684016014782877,7.011070110701107,8.492201039861351,2.4263431542461005,0.2747252747252747,3.724053724053724,0.7631257631257631
16009,56553.0,9786.0,1466.0,9810.0,1375.0,369.0,1590.0,3978.0,485.0,3295.0,3978.0,88.0,9913.0,8346.0,73.0,738.0,355.0,100.0,14.980584508481504,14.016309887869522,23.20754716981132,12.192056309703368,2.212166918049271,0.7364067386260466,3.581156057702008,7.4447694946030465
16011,76842.0,48272.0,5300.0,48487.0,4301.0,416.0,5407.0,16009.0,1374.0,14329.0,16009.0,676.0,48993.0,36318.0,133.0,2370.0,8619.0,59.70161693615603,10.979449784554191,8.870418875162414,7.693730349546883,8.58267224686114,4.22262477356487,0.2714673524789255,17.5923091053824,4.837425754699651
16013,84470.0,24458.0,1821.0,24483.0,2523.0,301.0,3958.0,9822.0,413.0,9379.0,9822.0,104.0,24579.0,17876.0,104.0,231.0,5221.0,24.27076466710613,7.445416632594652,10.305109667932852,7.6048509348155635,4.204846263490124,1.0588474852372225,0.4231254322795882,21.241710403189717,0.9398266813133164
16015,77349.0,8037.0,658.0,8017.0,901.0,107.0,1636.0,3524.0,192.0,3177.0,3524.0,102.0,8045.0,6848.0,17.0,76.0,383.0,100.0,8.187134502923977,11.238617936884122,6.540342298288508,5.448354143019296,2.894438138479001,0.2113113735239279,4.76072094468614,0.944686140459913
16017,65168.0,48902.0,5231.0,49062.0,5170.0,929.0,7839.0,19599.0,2059.0,17123.0,19599.0,949.0,49456.0,44580.0,129.0,239.0,1804.0,72.77860326894502,10.696904012105843,10.537687008275244,11.85100140324021,10.505638042757283,4.842083779784683,0.2608379165318667,3.647686832740213,0.4832578453574895
16019,76646.0,125396.0,11922.0,125587.0,9991.0,1145.0,12692.0,43378.0,2067.0,40107.0,43378.0,1558.0,127056.0,102599.0,420.0,475.0,17992.0,15.191507211771158,9.50748030240199,7.955441247899862,9.021430822565396,4.765088293605054,3.5916824196597354,0.3305629013978088,14.16068505226042,0.373850900390379
16021,62438.0,12543.0,2154.0,12568.0,1711.0,305.0,1691.0,4835.0,416.0,4316.0,4835.0,75.0,12695.0,11040.0,94.0,197.0,706.0,100.0,17.172925137526907,13.61394016549968,18.036664695446483,8.60392967942089,1.5511892450879008,0.7404489956675857,5.56124458448208,1.5517920441118551
16023,43281.0,2629.0,561.0,2629.0,200.0,46.0,416.0,1017.0,108.0,891.0,1017.0,77.0,2654.0,2344.0,0.0,1.0,206.0,100.0,21.338912133891213,7.607455306200076,11.057692307692308,10.619469026548671,7.571288102261554,0.0,7.761868877166541,0.0376789751318764
16025,55536.0,1155.0,77.0,1155.0,166.0,13.0,115.0,339.0,42.0,292.0,339.0,18.0,1155.0,880.0,0.0,8.0,164.0,100.0,6.666666666666667,14.372294372294371,11.304347826086955,12.389380530973453,5.3097345132743365,0.0,14.1991341991342,0.6926406926406926
16027,72355.0,237994.0,24145.0,240621.0,28202.0,3399.0,26148.0,82864.0,4225.0,76875.0,82864.0,2794.0,242405.0,164019.0,1488.0,654.0,62458.0,18.72698556932996,10.145213744884323,11.720506522705833,12.999082147774208,5.098715968333655,3.371789920834138,0.6138487242424867,25.76597017388255,0.2697964150904478
16029,66653.0,7038.0,513.0,7026.0,516.0,212.0,829.0,2430.0,113.0,2255.0,2430.0,77.0,7118.0,6462.0,0.0,12.0,399.0,100.0,7.289002557544757,7.344150298889838,25.5729794933655,4.650205761316872,3.168724279835391,0.0,5.60550716493397,0.1685866816521495
16031,67042.0,24786.0,2546.0,24811.0,2852.0,234.0,2675.0,8238.0,719.0,7280.0,8238.0,317.0,25165.0,16420.0,21.0,47.0,7408.0,50.31433786250253,10.2719277011216,11.494901454999798,8.74766355140187,8.72784656470017,3.848021364408837,0.0834492350486787,29.437711106695808,0.186767335585138
16033,52083.0,771.0,98.0,771.0,134.0,10.0,55.0,252.0,27.0,213.0,252.0,0.0,776.0,460.0,0.0,1.0,238.0,100.0,12.71076523994812,17.380025940337223,18.181818181818183,10.714285714285714,0.0,0.0,30.670103092783503,0.1288659793814432
16035,57961.0,8139.0,1019.0,8149.0,1003.0,252.0,1428.0,3561.0,484.0,2930.0,3561.0,168.0,8921.0,7890.0,18.0,113.0,379.0,100.0,12.51996559773928,12.308258682046876,17.647058823529413,13.591687728166246,4.717775905644482,0.2017711018944064,4.248402645443336,1.2666741396704406
16037,56957.0,4355.0,503.0,4369.0,618.0,204.0,898.0,1933.0,200.0,1664.0,1933.0,71.0,4411.0,3944.0,12.0,18.0,131.0,100.0,11.549942594718717,14.145113298237582,22.71714922048998,10.346611484738748,3.673047077082256,0.2720471548401723,2.9698481070052143,0.4080707322602584
16039,58976.0,27788.0,3435.0,25480.0,3113.0,458.0,3285.0,10848.0,845.0,9879.0,10848.0,511.0,29046.0,20492.0,793.0,176.0,5223.0,37.90902114002651,12.361450986037138,12.217425431711144,13.942161339421611,7.789454277286135,4.7105457227138645,2.7301521724161675,17.981821937616196,0.6059354127934999
16041,65991.0,14555.0,1218.0,14666.0,1657.0,234.0,1560.0,4870.0,201.0,4602.0,4870.0,118.0,14715.0,13208.0,0.0,21.0,1073.0,100.0,8.36825833047063,11.298240829128597,15.0,4.1273100616016425,2.42299794661191,0.0,7.291879034998301,0.1427115188583078
16043,72767.0,13131.0,1282.0,13196.0,1610.0,159.0,1741.0,4506.0,271.0,4152.0,4506.0,62.0,13701.0,11440.0,39.0,117.0,1656.0,100.0,9.76315589064047,12.200666868748106,9.13268236645606,6.014203284509543,1.3759431868619618,0.2846507554193124,12.086708999343111,0.8539522662579374
16045,66245.0,19292.0,2013.0,19605.0,2334.0,355.0,2820.0,7406.0,541.0,6622.0,7406.0,327.0,19854.0,16679.0,37.0,77.0,1852.0,46.80227997699106,10.434376943810904,11.90512624330528,12.588652482269504,7.304887928706454,4.415338914393735,0.1863604311473758,9.328095094187567,0.3878311675229173
16047,62395.0,15590.0,2391.0,15651.0,3067.0,157.0,1857.0,5512.0,678.0,4698.0,5512.0,213.0,15740.0,10084.0,10.0,244.0,4876.0,100.0,15.336754329698524,19.59619193661747,8.454496499730748,12.30043541364296,3.864296081277213,0.0635324015247776,30.978398983481576,1.5501905972045744
16049,60975.0,16562.0,1791.0,16596.0,2533.0,554.0,2712.0,6567.0,765.0,5510.0,6567.0,142.0,17120.0,15385.0,16.0,389.0,649.0,100.0,10.813911363361912,15.262713906965534,20.42772861356932,11.649154865235268,2.162326785442364,0.0934579439252336,3.7908878504672896,2.272196261682243
16051,82952.0,32096.0,2967.0,32105.0,2767.0,370.0,3417.0,9899.0,402.0,9334.0,9899.0,136.0,32234.0,27745.0,19.0,180.0,3485.0,66.71198731021981,9.24414257228315,8.618595234387167,10.828211881767633,4.061016264269118,1.3738761491059703,0.0589439722032636,10.811565427809146,0.5584165787677607
16053,69338.0,24600.0,3421.0,24627.0,3886.0,383.0,2840.0,8198.0,793.0,7143.0,8198.0,284.0,24788.0,14261.0,23.0,28.0,9532.0,48.817923010273546,13.90650406504065,15.779429081901975,13.485915492957746,9.673090997804342,3.464259575506221,0.0927868323382281,38.454090689043085,0.1129578828465386
16055,77034.0,175419.0,16237.0,176249.0,16905.0,2309.0,23587.0,69104.0,3773.0,62926.0,69104.0,3154.0,177736.0,153384.0,533.0,1278.0,9663.0,23.511630349785836,9.25612390904064,9.59154378180869,9.789290710984863,5.459886547811993,4.5641352164852975,0.2998829724985372,5.436715128055093,0.7190439753342035
16057,65179.0,35646.0,5439.0,40068.0,2965.0,371.0,4062.0,16058.0,884.0,14410.0,16058.0,630.0,40315.0,34506.0,420.0,219.0,2057.0,34.423159652807655,15.25837401110924,7.399920135769192,9.133431806991627,5.505044214721634,3.923278116826504,1.0417958576212327,5.102319236016371,0.5432221257596428
16059,52057.0,8039.0,947.0,8051.0,551.0,205.0,1323.0,3350.0,426.0,2850.0,3350.0,162.0,8166.0,7488.0,1.0,63.0,148.0,100.0,11.78007214827715,6.843870326667495,15.495086923658352,12.71641791044776,4.835820895522388,0.0122458976242958,1.8123928483957876,0.7714915503306392
16061,49643.0,3616.0,629.0,3625.0,454.0,53.0,579.0,1546.0,288.0,1237.0,1546.0,53.0,3649.0,3000.0,62.0,53.0,148.0,100.0,17.39491150442478,12.524137931034485,9.153713298791018,18.628719275549805,3.428201811125485,1.6990956426418198,4.055905727596602,1.4524527267744587
16063,66038.0,5205.0,487.0,5212.0,806.0,100.0,623.0,1836.0,258.0,1536.0,1836.0,15.0,5276.0,3339.0,34.0,31.0,1689.0,100.0,9.35638808837656,15.464313123561013,16.051364365971107,14.052287581699346,0.8169934640522876,0.6444275966641395,32.01288855193328,0.5875663381349507
16065,58259.0,44097.0,11836.0,53334.0,2839.0,171.0,2224.0,12778.0,127.0,10114.0,12778.0,399.0,53578.0,45271.0,492.0,163.0,5203.0,21.890650690756527,26.840828174252216,5.323058461769228,7.688848920863309,0.9938957583346376,3.1225543903584287,0.9182873567509052,9.71107544141252,0.3042293478666616
16067,70060.0,21834.0,3250.0,21865.0,2832.0,422.0,2476.0,7814.0,869.0,6771.0,7814.0,394.0,21922.0,13084.0,67.0,133.0,8042.0,44.36218942303243,14.885041678116698,12.952206723073404,17.04361873990307,11.12106475556693,5.0422318914768365,0.305629048444485,36.68460906851565,0.6066964693002463
16069,71466.0,41063.0,5382.0,41653.0,3650.0,769.0,5754.0,17250.0,1944.0,14923.0,17250.0,1049.0,42477.0,36579.0,31.0,1832.0,1813.0,18.90947968638632,13.106689720673112,8.76287422274506,13.364615919360444,11.269565217391303,6.081159420289855,0.0729806718930244,4.268192198130753,4.31292228735551
16071,72563.0,4639.0,549.0,4637.0,324.0,31.0,590.0,1932.0,218.0,1653.0,1932.0,40.0,4681.0,4318.0,17.0,12.0,204.0,100.0,11.834447079111875,6.987276256200129,5.254237288135593,11.283643892339544,2.070393374741201,0.3631702627643666,4.358043153172399,0.2563554795983764
16073,59773.0,12121.0,1620.0,12123.0,2559.0,259.0,1568.0,4248.0,547.0,3599.0,4248.0,141.0,12284.0,8461.0,59.0,327.0,3049.0,100.0,13.365233891593103,21.108636476119774,16.517857142857142,12.876647834274952,3.3192090395480225,0.4802995766851188,24.82090524259199,2.6619993487463365
16075,65723.0,25864.0,2332.0,25994.0,2090.0,349.0,3225.0,9481.0,788.0,8198.0,9481.0,365.0,26190.0,19990.0,22.0,83.0,4589.0,41.243204916095486,9.01639344262295,8.0403169962299,10.821705426356589,8.311359561227718,3.849804872903702,0.0840015273004963,17.521954944635358,0.3169148529973272
16077,59760.0,7946.0,646.0,7946.0,1345.0,242.0,961.0,2708.0,231.0,2433.0,2708.0,90.0,8018.0,4886.0,72.0,76.0,2710.0,100.0,8.129876667505663,16.926755600302037,25.18210197710718,8.530280649926144,3.323485967503693,0.8979795460214517,33.798952357196306,0.9478672985781992
16079,49975.0,13352.0,2015.0,13386.0,1443.0,532.0,2136.0,5679.0,768.0,4824.0,5679.0,247.0,13580.0,12126.0,127.0,132.0,537.0,100.0,15.091372079089275,10.779919318691167,24.906367041198504,13.52350765979926,4.349357281211481,0.93519882179676,3.954344624447717,0.9720176730486008
16081,90740.0,12075.0,1136.0,12088.0,1776.0,113.0,1558.0,4573.0,168.0,4302.0,4573.0,50.0,12101.0,9652.0,0.0,73.0,2069.0,100.0,9.407867494824016,14.692256783587029,7.2528883183568675,3.6737371528537066,1.0933741526350318,0.0,17.097760515659864,0.6032559292620444
16083,65338.0,90730.0,9742.0,91192.0,9253.0,1044.0,10220.0,33912.0,2539.0,30509.0,33912.0,1113.0,92121.0,70169.0,629.0,195.0,16150.0,34.69115785265309,10.737352584591646,10.146723396789191,10.215264187866929,7.487025241802311,3.2820240622788392,0.682797624862952,17.53129036810282,0.2116781189956687
16085,76125.0,11984.0,1702.0,12043.0,1205.0,340.0,1900.0,3778.0,205.0,3415.0,3778.0,149.0,12136.0,11403.0,6.0,1.0,619.0,68.54248254725013,14.2022696929239,10.005812505189736,17.894736842105264,5.426151402858656,3.9438856537850713,0.049439683586025,5.100527356624918,0.0082399472643375
16087,53608.0,10685.0,1640.0,10675.0,1047.0,206.0,1427.0,4089.0,479.0,3542.0,4089.0,203.0,10866.0,8535.0,12.0,13.0,1741.0,47.58095238095238,15.348619560131024,9.807962529274004,14.435879467414155,11.714355588163365,4.964539007092198,0.1104362230811706,16.02245536535984,0.1196392416712681
17001,64962.0,63538.0,7788.0,64051.0,3065.0,399.0,9085.0,27770.0,3264.0,23400.0,27770.0,1956.0,65166.0,58858.0,2310.0,23.0,1312.0,33.9382691634848,12.257231892725612,4.78524925450032,4.391854705558613,11.753691033489376,7.043572200216061,3.544793297118129,2.0133198293588683,0.0352944787158947
17003,43523.0,4922.0,1034.0,4945.0,547.0,57.0,797.0,1826.0,715.0,1068.0,1826.0,206.0,5042.0,3184.0,1606.0,0.0,67.0,96.9465648854962,21.007720438846,11.061678463094037,7.151819322459222,39.1566265060241,11.281489594742606,31.852439508131692,1.3288377627925427,0.0
17005,61603.0,14562.0,1846.0,15156.0,541.0,95.0,2141.0,6256.0,751.0,5325.0,6256.0,453.0,16627.0,14365.0,1121.0,136.0,629.0,59.55156950672646,12.676830105754703,3.569543415149116,4.437178888369921,12.004475703324808,7.241048593350383,6.742046069645757,3.7830035484453,0.8179467131773621
17007,81638.0,52758.0,5538.0,53009.0,2544.0,274.0,7058.0,19155.0,1386.0,17051.0,19155.0,825.0,53316.0,36748.0,989.0,12.0,13273.0,29.396796886693608,10.496986239053792,4.799185044049124,3.882119580617738,7.235708692247455,4.306969459671104,1.8549778678070368,24.89496586390577,0.0225073148773351
17009,72288.0,4499.0,399.0,4511.0,123.0,24.0,652.0,2021.0,314.0,1660.0,2021.0,142.0,6320.0,4739.0,1082.0,45.0,321.0,100.0,8.868637474994443,2.72666814453558,3.6809815950920246,15.53686293913904,7.026224641266699,17.120253164556964,5.079113924050633,0.7120253164556962
17011,65894.0,32513.0,4094.0,32622.0,1939.0,300.0,4715.0,14011.0,1722.0,11702.0,14011.0,872.0,33027.0,28194.0,212.0,20.0,3251.0,54.98435807965347,12.59188632239412,5.943841579302311,6.362672322375397,12.290343301691529,6.223681393191064,0.6418990522905501,9.84346141036122,0.060556514367033
17013,92095.0,4309.0,251.0,4330.0,57.0,9.0,722.0,1222.0,156.0,1052.0,1222.0,36.0,4406.0,4179.0,45.0,3.0,42.0,100.0,5.825017405430494,1.3163972286374137,1.2465373961218835,12.76595744680851,2.9459901800327333,1.021334543803904,0.9532455742169768,0.0680889695869269
17015,60871.0,14327.0,1950.0,14416.0,977.0,97.0,2102.0,6478.0,756.0,5523.0,6478.0,291.0,15621.0,13813.0,584.0,42.0,794.0,100.0,13.61066517763663,6.777192008879023,4.61465271170314,11.670268601420192,4.492127199753011,3.738557070610076,5.082901222713015,0.2688688304205877
17017,64907.0,12719.0,1387.0,12726.0,928.0,115.0,1566.0,5135.0,568.0,4359.0,5135.0,246.0,12826.0,9127.0,478.0,9.0,2808.0,51.98589173439657,10.904945357339413,7.292157787207292,7.343550446998723,11.061343719571568,4.790652385589095,3.7268049274910338,21.893029783252768,0.0701699672540152
17019,63091.0,191726.0,34513.0,204503.0,10278.0,1004.0,20331.0,83777.0,4050.0,74368.0,83777.0,10065.0,206098.0,131146.0,27001.0,112.0,16628.0,15.95074441988682,18.00121006019006,5.025843141665403,4.938271604938271,4.834262387051338,12.014037265597956,13.10104901551689,8.068006482353056,0.0543430795058661
17021,59253.0,31981.0,3562.0,32056.0,1425.0,207.0,4818.0,13534.0,1688.0,11332.0,13534.0,754.0,33684.0,30797.0,876.0,16.0,1093.0,50.68758815232722,11.137863106219315,4.445345645121038,4.296388542963886,12.472292005319934,5.571154130338407,2.6006412540078374,3.24486403040019,0.0475002968768554
17023,70625.0,15023.0,1425.0,15062.0,731.0,190.0,2241.0,6597.0,733.0,5728.0,6597.0,376.0,15328.0,14649.0,106.0,5.0,274.0,100.0,9.48545563469347,4.853273137697517,8.478357875948237,11.11111111111111,5.699560406245263,0.691544885177453,1.7875782881002087,0.0326200417536534
17025,57266.0,12923.0,2160.0,12996.0,725.0,92.0,1792.0,5431.0,540.0,4649.0,5431.0,265.0,13173.0,12520.0,93.0,27.0,88.0,63.92986152919928,16.71438520467384,5.578639581409664,5.133928571428571,9.942920272509667,4.879396059657521,0.7059895240264177,0.668033098003492,0.2049647005237986
17027,82314.0,34857.0,2613.0,34914.0,1725.0,208.0,5286.0,14463.0,1322.0,12972.0,14463.0,473.0,36899.0,33380.0,1147.0,38.0,1430.0,80.21626602346947,7.496342198123763,4.940711462450593,3.934922436625048,9.140565581138077,3.2704141602710366,3.1084853248055504,3.8754437789642,0.1029838206997479
17029,56040.0,43320.0,7950.0,45947.0,2915.0,564.0,5970.0,20335.0,1941.0,17579.0,20335.0,1490.0,46689.0,41355.0,1746.0,22.0,1721.0,26.32567270554595,18.35180055401662,6.344266219774958,9.447236180904522,9.545119252520283,7.32726825670027,3.7396388871040287,3.686093084024074,0.04712030671036
17031,81797.0,5101747.0,680528.0,5141254.0,460523.0,57757.0,629933.0,2084578.0,160509.0,1859300.0,2084578.0,374197.0,5185812.0,2102352.0,1148288.0,3593.0,1374034.0,0.0547811115485596,13.339116973068244,8.95740611142729,9.168752867368434,7.699831812481951,17.9507315149637,22.14287752814796,26.496024152051792,0.0692851958381831
17033,67614.0,16990.0,1963.0,17181.0,885.0,182.0,2517.0,7411.0,702.0,6569.0,7411.0,438.0,18588.0,16823.0,656.0,82.0,470.0,67.16098292199797,11.55385520894644,5.151038938362144,7.23083035359555,9.472405883146674,5.910133585211173,3.529158596944265,2.528513019152141,0.4411448246180331
17035,69826.0,10213.0,1013.0,10249.0,572.0,140.0,1502.0,4180.0,479.0,3584.0,4180.0,184.0,10378.0,9958.0,15.0,0.0,33.0,100.0,9.918731029080584,5.58103229583374,9.320905459387482,11.45933014354067,4.401913875598086,0.1445365195606089,0.3179803430333398,0.0
17037,69022.0,96063.0,15291.0,99796.0,4763.0,508.0,10909.0,39314.0,1866.0,36455.0,39314.0,2485.0,100512.0,72768.0,7691.0,70.0,14075.0,21.75662218681537,15.917679023141064,4.772736382219728,4.656705472545605,4.746400773261434,6.32090349493819,7.651822667940147,14.003303088188474,0.0696434256606176
17039,64802.0,15205.0,1535.0,15210.0,573.0,109.0,2395.0,6642.0,803.0,5661.0,6642.0,239.0,15461.0,14414.0,149.0,28.0,520.0,52.80355761794277,10.095363367313384,3.767258382642998,4.551148225469729,12.089732008431197,3.598313760915387,0.9637151542591036,3.3633012094948582,0.1811008343574154
17041,74186.0,19342.0,1718.0,19464.0,3249.0,234.0,2505.0,7821.0,1341.0,6257.0,7821.0,918.0,19686.0,17313.0,240.0,29.0,1603.0,74.9645390070922,8.882225209388894,16.692355117139336,9.34131736526946,17.14614499424626,11.737629459148447,1.21914050594331,8.142842629279691,0.1473128111348166
17043,110502.0,914576.0,58877.0,920647.0,48447.0,6782.0,126401.0,349497.0,13413.0,329798.0,349497.0,14825.0,927263.0,585489.0,45002.0,384.0,145993.0,0.1878061094871028,6.437627928132818,5.262277507014089,5.365463880823728,3.8378011828427714,4.241810373193475,4.853207773846255,15.74450830023413,0.0414121991279712
17045,56909.0,16283.0,1927.0,16295.0,757.0,175.0,2441.0,7612.0,948.0,6570.0,7612.0,614.0,16637.0,15991.0,84.0,6.0,238.0,50.69370330843116,11.834428545108397,4.645596808837067,7.169192953707497,12.454019968470837,8.066211245401997,0.5048987197211036,1.4305463725431269,0.0360641942657931
17047,59386.0,6074.0,1030.0,6101.0,456.0,122.0,874.0,2653.0,319.0,2201.0,2653.0,122.0,6118.0,5812.0,11.0,1.0,82.0,100.0,16.957523872242344,7.4741845599082115,13.958810068649884,12.024123633622317,4.598567659253675,0.17979731938542,1.3403072899640405,0.01634521085322
17049,75380.0,34027.0,3622.0,34139.0,1710.0,263.0,4871.0,14030.0,1071.0,12595.0,14030.0,811.0,34505.0,32634.0,226.0,6.0,905.0,59.6457828545056,10.644488200546624,5.008934063680834,5.39930199137754,7.633642195295795,5.7804704205274415,0.6549775394870309,2.622808288653818,0.0173887842341689
17051,57113.0,20165.0,3324.0,20356.0,1841.0,151.0,2748.0,7832.0,1216.0,6413.0,7832.0,444.0,21380.0,18947.0,805.0,95.0,620.0,62.25800446760983,16.484006942722537,9.044016506189822,5.4949053857350805,15.526046986721145,5.669050051072523,3.765201122544434,2.899906454630496,0.4443405051449953
17053,60782.0,12869.0,1628.0,12999.0,733.0,90.0,1902.0,5728.0,652.0,4890.0,5728.0,522.0,13396.0,12129.0,86.0,4.0,621.0,66.54352002364415,12.65055559872562,5.638895299638434,4.73186119873817,11.38268156424581,9.113128491620111,0.6419826813974321,4.6357121528814575,0.0298596595998805
17055,53471.0,36835.0,6227.0,37079.0,2778.0,450.0,5163.0,16130.0,2043.0,13310.0,16130.0,1125.0,37541.0,35470.0,152.0,29.0,709.0,59.19479420167178,16.90511741550156,7.492111437741039,8.715862870424171,12.665840049597024,6.974581525108493,0.4048906528861777,1.888601795370395,0.0772488745638102
17057,58617.0,31193.0,3942.0,31254.0,1239.0,202.0,4545.0,13902.0,1511.0,11966.0,13902.0,680.0,33259.0,30643.0,819.0,123.0,808.0,60.793239905977565,12.637450710095214,3.9642925705509695,4.444444444444445,10.868939720903468,4.891382534887066,2.462491355723263,2.429417601250789,0.3698247091012959
17059,54626.0,4823.0,750.0,4840.0,190.0,69.0,695.0,2096.0,433.0,1600.0,2096.0,192.0,4857.0,4629.0,33.0,17.0,38.0,100.0,15.550487248600456,3.925619834710744,9.928057553956837,20.658396946564885,9.16030534351145,0.679431747992588,0.7823759522338892,0.3500102944204241
17061,60976.0,11554.0,1642.0,11606.0,545.0,154.0,1847.0,4514.0,582.0,3866.0,4514.0,181.0,11837.0,11362.0,81.0,7.0,119.0,100.0,14.211528474987018,4.695846975702223,8.337845154304278,12.8932210899424,4.009747452370403,0.6842950071808735,1.0053222945002958,0.0591366055588409
17063,93060.0,52454.0,3307.0,52606.0,1956.0,342.0,6908.0,20518.0,1459.0,18549.0,20518.0,844.0,52920.0,44096.0,1123.0,37.0,6081.0,25.02807758932481,6.304571624661608,3.718207048625632,4.95078170237406,7.110829515547325,4.11346135100887,2.122071050642479,11.49092970521542,0.0699168556311413
17065,61520.0,7884.0,989.0,7905.0,721.0,59.0,1097.0,3350.0,621.0,2718.0,3350.0,194.0,7972.0,7566.0,4.0,4.0,107.0,100.0,12.544393708777273,9.120809614168248,5.378304466727439,18.53731343283582,5.791044776119403,0.0501756146512794,1.342197691921726,0.0501756146512794
17067,65044.0,17156.0,2182.0,17200.0,1113.0,235.0,2722.0,7515.0,1079.0,6138.0,7515.0,358.0,17434.0,16485.0,132.0,11.0,352.0,84.0295119182747,12.718582420144555,6.47093023255814,8.633357825128583,14.357950765136394,4.763805721889554,0.7571412183090512,2.0190432488241368,0.0630951015257542
17069,57155.0,3541.0,373.0,3541.0,135.0,18.0,651.0,1484.0,339.0,1128.0,1484.0,142.0,3623.0,3463.0,43.0,0.0,42.0,100.0,10.533747528946623,3.812482349618752,2.7649769585253456,22.84366576819407,9.568733153638814,1.186861716809274,1.1592602815346398,0.0
17071,65651.0,6179.0,714.0,6228.0,175.0,39.0,1062.0,2662.0,437.0,2200.0,2662.0,96.0,6284.0,5913.0,16.0,12.0,122.0,99.46766870205104,11.555267842692992,2.8098908156711624,3.672316384180791,16.416228399699474,3.606311044327573,0.2546148949713558,1.9414385741565885,0.1909611712285168
17073,69912.0,48086.0,3877.0,48247.0,1967.0,327.0,6826.0,20261.0,2183.0,17163.0,20261.0,1312.0,48948.0,42722.0,1001.0,5.0,3284.0,49.80115250385521,8.062637773988271,4.076937426161212,4.790506885438031,10.774394156260795,6.475494792951976,2.0450273759908475,6.709160742011931,0.0102149219579962
17075,62439.0,26099.0,3495.0,26357.0,1673.0,262.0,4054.0,11333.0,1491.0,9557.0,11333.0,480.0,26746.0,23491.0,182.0,20.0,2132.0,82.74919673523655,13.391317675006706,6.347459877831316,6.46275283670449,13.156269302038297,4.235418688784964,0.6804755851342257,7.971285425858072,0.0747775368279368
17077,45572.0,49237.0,10753.0,52183.0,3550.0,469.0,5807.0,23088.0,2236.0,19709.0,23088.0,2758.0,52706.0,38046.0,7557.0,89.0,2772.0,40.948389776116585,21.839267217742755,6.802981814000728,8.076459445496814,9.684684684684685,11.945599445599443,14.338026031191896,5.259363260349866,0.1688612302204682
17079,71094.0,9124.0,795.0,9160.0,442.0,136.0,1462.0,3766.0,342.0,3329.0,3766.0,127.0,9233.0,8959.0,10.0,0.0,106.0,100.0,8.713283647523017,4.82532751091703,9.30232558139535,9.081253319171536,3.3722782793414763,0.1083071591032167,1.1480558864940973,0.0
17081,61102.0,35127.0,4975.0,35394.0,2668.0,362.0,4772.0,14805.0,1771.0,12632.0,14805.0,874.0,36808.0,31012.0,2274.0,60.0,1003.0,58.806887074609975,14.162894639451135,7.538000791094536,7.585917854149204,11.962174940898343,5.903411009793989,6.178004781569224,2.724951097587481,0.1630080417300586
17083,79104.0,20345.0,2028.0,21009.0,1110.0,241.0,3311.0,7984.0,1155.0,6676.0,7984.0,372.0,21336.0,20265.0,124.0,6.0,330.0,59.4133506879881,9.968051118210862,5.28344995002142,7.278767743884023,14.466432865731464,4.659318637274549,0.5811773528308961,1.546681664791901,0.0281214848143982
17085,74954.0,21704.0,1746.0,21737.0,1128.0,82.0,3441.0,10385.0,1052.0,9033.0,10385.0,718.0,21918.0,20210.0,181.0,40.0,879.0,88.39119582482414,8.04460007371913,5.18930855223812,2.3830281894798024,10.129995185363503,6.913818006740491,0.8258052742038507,4.010402408978922,0.1824984031389725
17087,65203.0,11418.0,1903.0,11503.0,914.0,118.0,1645.0,4133.0,759.0,3271.0,4133.0,173.0,13350.0,10813.0,1006.0,0.0,567.0,100.0,16.666666666666668,7.945753281752586,7.173252279635259,18.36438422453424,4.185821437212678,7.535580524344569,4.247191011235955,0.0
17089,100678.0,510174.0,42101.0,512398.0,40463.0,4771.0,66125.0,183196.0,10299.0,169377.0,183196.0,8397.0,516097.0,282290.0,25051.0,271.0,170629.0,4.022481133427037,8.252282554579418,7.896791166241867,7.215122873345936,5.621847638594729,4.583615362780847,4.853932497185607,33.0614206244175,0.0525095088713943
17091,68325.0,102681.0,12883.0,105368.0,5920.0,936.0,13801.0,40895.0,4217.0,35567.0,40895.0,2692.0,106833.0,73563.0,15571.0,56.0,12948.0,28.404122713996017,12.546624984174288,5.618404069546732,6.782117237881313,10.311774055508009,6.582711822961242,14.575084477642676,12.119850607958217,0.052418260275383
17093,110474.0,134483.0,6533.0,134689.0,5961.0,375.0,13762.0,44526.0,1565.0,42382.0,44526.0,938.0,135053.0,85601.0,11111.0,52.0,29273.0,11.370375145030296,4.857863075630377,4.425751174928911,2.724894637407353,3.5148003413735798,2.1066343260117684,8.227140455969138,21.67519418302444,0.0385034023679592
17095,53291.0,45526.0,7220.0,46840.0,2558.0,264.0,6438.0,20765.0,2892.0,16670.0,20765.0,1811.0,49294.0,39853.0,3810.0,31.0,3090.0,32.261292453019,15.859069542678908,5.461144321093083,4.100652376514446,13.92728148326511,8.721406212376595,7.729135391731245,6.268511380695419,0.0628879782529314
17097,108917.0,693133.0,55934.0,693452.0,47962.0,6451.0,95590.0,256660.0,12011.0,240027.0,256660.0,12254.0,711885.0,406806.0,45108.0,450.0,173796.0,1.415288475268149,8.069735534161554,6.916412383265172,6.748613871743906,4.679731941089379,4.77440972492792,6.336416696516993,24.41349375250216,0.0632124570682062
17099,72281.0,105677.0,14227.0,106226.0,4291.0,666.0,16135.0,45092.0,4788.0,38988.0,45092.0,2561.0,109049.0,90539.0,2880.0,13.0,11806.0,31.599153732513816,13.462721311165154,4.039500687214053,4.127672761078401,10.618291492947751,5.679499689523641,2.6410145897715704,10.826325780153876,0.0119212464121633
17101,53438.0,13440.0,1974.0,13504.0,1009.0,232.0,1796.0,5414.0,542.0,4793.0,5414.0,305.0,15137.0,12780.0,1020.0,34.0,352.0,69.68586387434554,14.6875,7.4718601895734595,12.917594654788418,10.011082379017362,5.633542667159217,6.738455440311819,2.3254277597938824,0.2246151813437273
17103,68459.0,31368.0,3676.0,31464.0,1133.0,170.0,4774.0,13382.0,1651.0,11443.0,13382.0,1006.0,34058.0,28727.0,1824.0,11.0,2443.0,53.17908917850344,11.718949247640907,3.6009407576913297,3.5609551738583995,12.33746824092064,7.517560902705126,5.355569910153268,7.173057725057255,0.0322978448528979
17105,70796.0,33633.0,3380.0,33775.0,1666.0,324.0,4905.0,14614.0,1774.0,12472.0,14614.0,701.0,35659.0,31467.0,1241.0,3.0,1975.0,64.59583973195589,10.04965361401005,4.932642487046632,6.605504587155964,12.139044751608049,4.796770220336663,3.48018732998682,5.5385737121063405,0.0084130233601615
17107,64188.0,24497.0,3346.0,25328.0,600.0,57.0,3364.0,11122.0,1416.0,9498.0,11122.0,655.0,27870.0,24101.0,1652.0,16.0,924.0,50.01250580626719,13.658815365146753,2.368919772583702,1.694411414982164,12.731523107354793,5.889228556015105,5.927520631503409,3.3153928955866525,0.0574094007893792
17109,50434.0,24540.0,4885.0,26709.0,1726.0,102.0,3084.0,11760.0,1310.0,9628.0,11760.0,1308.0,27102.0,23245.0,1552.0,6.0,935.0,42.521477347822895,19.906275468622656,6.46224119210753,3.307392996108949,11.139455782312924,11.122448979591836,5.726514648365434,3.449929894472733,0.0221385875581137
17111,102836.0,309151.0,18764.0,309787.0,14487.0,2009.0,45432.0,116329.0,4048.0,110646.0,116329.0,4082.0,311366.0,239568.0,4512.0,145.0,48557.0,14.089591882125784,6.069525895112744,4.676438972584388,4.421993308681106,3.479785779986074,3.5090132297191587,1.449098488595415,15.594830520994584,0.0465689895492764
17113,78329.0,161683.0,21011.0,169850.0,7458.0,701.0,19459.0,69072.0,4632.0,60670.0,69072.0,3975.0,170882.0,131654.0,14159.0,114.0,10700.0,21.55784597026101,12.995181930073043,4.390933176332058,3.602446168867876,6.706045865184156,5.754864489228631,8.285834669538044,6.26163083297246,0.0667127023326037
17115,62449.0,99401.0,14562.0,100745.0,4153.0,420.0,13769.0,43334.0,5334.0,36859.0,43334.0,3812.0,102591.0,75859.0,17460.0,14.0,2821.0,17.030135194907594,14.649752014567255,4.1222889473423,3.050330452465684,12.309041399363087,8.79678774172705,17.019036757610316,2.7497538770457446,0.0136464212260334
17117,68518.0,43482.0,6259.0,44058.0,1902.0,448.0,6790.0,17431.0,1928.0,15096.0,17431.0,788.0,44566.0,42016.0,534.0,26.0,587.0,65.51915849400672,14.394462076261442,4.317036633528531,6.597938144329897,11.06075382938443,4.520681544374964,1.1982228604765963,1.317147601310416,0.0583404388996095
17119,74800.0,259571.0,29306.0,262214.0,12612.0,1909.0,36675.0,109385.0,8108.0,98374.0,109385.0,6237.0,264631.0,218003.0,22617.0,113.0,11039.0,16.439165121361324,11.290167237480304,4.809811833082902,5.205180640763463,7.412350870777529,5.701878685377337,8.546617743197132,4.171468951105502,0.0427009685184275
17121,60839.0,36135.0,5841.0,36637.0,2417.0,486.0,5157.0,15465.0,2012.0,13130.0,15465.0,1111.0,37294.0,33408.0,1551.0,6.0,798.0,47.79347451562459,16.164383561643834,6.597155880667085,9.424083769633508,13.010022631749113,7.183963789201423,4.15884592695876,2.1397543840832305,0.0160883788276934
17123,69818.0,11367.0,1334.0,11453.0,411.0,88.0,1756.0,4964.0,615.0,4156.0,4964.0,176.0,11715.0,10821.0,49.0,1.0,379.0,100.0,11.73572622503739,3.5885794115079017,5.011389521640091,12.389202256244964,3.5455278001611603,0.4182671788305591,3.2351685872812634,0.008536064874093
17125,62127.0,12681.0,1778.0,12681.0,586.0,112.0,1932.0,5714.0,631.0,4923.0,5714.0,320.0,12878.0,12299.0,71.0,25.0,189.0,100.0,14.0209762637016,4.621086665089504,5.797101449275362,11.04305215260763,5.6002800140007,0.5513278459388103,1.4676191955272555,0.1941295232178909
17127,62584.0,13622.0,2032.0,13765.0,1240.0,64.0,2147.0,5482.0,1066.0,4267.0,5482.0,256.0,13958.0,12103.0,860.0,0.0,388.0,52.88305455572024,14.917045955072677,9.008354522339266,2.980903586399628,19.445457862094127,4.669828529733674,6.161341166356212,2.7797678750537327,0.0
17129,81334.0,12029.0,1174.0,12033.0,350.0,85.0,1873.0,5195.0,380.0,4639.0,5195.0,299.0,12169.0,11567.0,56.0,0.0,188.0,100.0,9.759747277412918,2.908667830133799,4.538174052322478,7.314725697786333,5.75553416746872,0.4601857178075437,1.544909195496754,0.0
17131,71710.0,15437.0,1217.0,15448.0,798.0,69.0,2324.0,6413.0,586.0,5715.0,6413.0,236.0,15619.0,14606.0,88.0,14.0,514.0,100.0,7.883656150806503,5.165717244950803,2.9690189328743544,9.137689069078434,3.68002494932169,0.5634163518791215,3.2908636916575964,0.0896344196171329
17133,101635.0,34559.0,1583.0,34668.0,761.0,68.0,5354.0,13830.0,900.0,12654.0,13830.0,604.0,34969.0,33313.0,208.0,18.0,656.0,41.499342142898,4.580572354524147,2.195107880466136,1.270078446021666,6.507592190889371,4.367317425885756,0.5948125482570277,1.8759472675798563,0.051474162829935
17135,61863.0,25736.0,3546.0,25873.0,1161.0,251.0,3821.0,11265.0,1484.0,9273.0,11265.0,816.0,28078.0,25835.0,756.0,37.0,597.0,53.231052036199095,13.778364936276034,4.487303366443783,6.56896100497252,13.173546382600977,7.243675099866844,2.692499465773916,2.126219816226227,0.131775767504808
17137,65175.0,30449.0,3808.0,31166.0,1254.0,175.0,4542.0,13125.0,1859.0,10731.0,13125.0,942.0,32621.0,28576.0,1724.0,35.0,906.0,36.190186844903536,12.506157837695818,4.023615478405955,3.852928225451343,14.163809523809524,7.177142857142857,5.28493914962754,2.7773520125072806,0.1072928481652922
17139,71676.0,14157.0,1393.0,14190.0,1820.0,230.0,1895.0,5822.0,893.0,4723.0,5822.0,732.0,14469.0,13843.0,153.0,0.0,228.0,69.61310753132314,9.83965529420075,12.825933756166314,12.137203166226913,15.338371693576091,12.572998969426314,1.057433132904831,1.5757827078581796,0.0
17141,79244.0,50969.0,4541.0,51051.0,2185.0,516.0,7469.0,20695.0,2327.0,17885.0,20695.0,1228.0,51536.0,43162.0,627.0,30.0,5927.0,67.87286630107361,8.909337048009574,4.280033691798398,6.90855536216361,11.244261899009423,5.933800434887654,1.2166252716547656,11.50069854082583,0.0582117354858739
17143,64938.0,174975.0,26991.0,177615.0,10739.0,1410.0,21728.0,77074.0,6548.0,67801.0,77074.0,6488.0,179831.0,120556.0,31409.0,132.0,10348.0,16.942748721333114,15.425632233176168,6.046223573459449,6.489322533136966,8.495731375042167,8.417884111373485,17.46584293030679,5.754291529269147,0.0734022498901746
17145,59286.0,18320.0,3098.0,18415.0,677.0,111.0,2494.0,7994.0,946.0,6818.0,7994.0,508.0,20810.0,17785.0,1661.0,15.0,731.0,71.67343041298639,16.91048034934498,3.676350800977464,4.450681635926223,11.833875406554917,6.354766074555917,7.981739548294089,3.5127342623738587,0.0720807304180682
17147,87516.0,16605.0,987.0,16629.0,501.0,96.0,2446.0,6851.0,727.0,5971.0,6851.0,107.0,16702.0,15881.0,250.0,1.0,261.0,64.1036406165657,5.943992773261066,3.012808948222984,3.924775143090761,10.611589548970953,1.5618157933148449,1.4968267273380431,1.562687103340917,0.0059873069093521
17149,58029.0,14170.0,2163.0,14282.0,836.0,140.0,1990.0,5815.0,1033.0,4680.0,5815.0,201.0,14625.0,13887.0,74.0,5.0,283.0,100.0,15.264643613267468,5.853521915698082,7.035175879396985,17.76440240756664,3.4565778159931213,0.505982905982906,1.935042735042735,0.0341880341880341
17151,62500.0,3599.0,516.0,3638.0,105.0,29.0,714.0,1364.0,349.0,996.0,1364.0,96.0,3757.0,3350.0,189.0,25.0,96.0,100.0,14.337315921089193,2.886201209455745,4.061624649859944,25.58651026392962,7.038123167155425,5.030609528879425,2.5552302368911364,0.6654245408570668
17153,43227.0,4921.0,1286.0,4957.0,365.0,90.0,721.0,1862.0,758.0,1057.0,1862.0,177.0,5074.0,3130.0,1637.0,0.0,98.0,100.0,26.132899817110346,7.363324591486786,12.48266296809986,40.70891514500537,9.505907626208378,32.262514781237684,1.931415057154119,0.0
17155,77526.0,5580.0,555.0,5594.0,171.0,23.0,903.0,2473.0,257.0,2094.0,2473.0,84.0,5600.0,5060.0,13.0,1.0,359.0,100.0,9.946236559139784,3.0568466213800503,2.547065337763012,10.392236150424583,3.396684189243833,0.2321428571428571,6.410714285714286,0.0178571428571428
17157,68870.0,27285.0,3343.0,27363.0,1453.0,258.0,4072.0,11671.0,1554.0,9814.0,11671.0,817.0,30142.0,25871.0,2373.0,25.0,1094.0,78.98750124324503,12.25215319772769,5.310090267879984,6.335952848722986,13.315054408362608,7.000257047382401,7.872735717603344,3.6294870944197455,0.0829407471302501
17159,60404.0,15328.0,1823.0,15457.0,891.0,101.0,2218.0,6401.0,638.0,5436.0,6401.0,470.0,15675.0,14680.0,46.0,8.0,298.0,45.3487636754569,11.893267223382043,5.764378598693149,4.553651938683498,9.967192626152164,7.342602718325262,0.2934609250398724,1.901116427432217,0.0510366826156299
17161,66768.0,137868.0,21244.0,140477.0,8484.0,724.0,18340.0,61192.0,5128.0,54608.0,61192.0,5442.0,142995.0,97940.0,14883.0,111.0,20013.0,11.544044459190443,15.408941886442104,6.039422823665084,3.947655398037077,8.38018041574062,8.893319388155314,10.40805622574216,13.995594251547256,0.0776250917864261
17163,70178.0,249619.0,33836.0,248186.0,13498.0,1218.0,34601.0,101273.0,8703.0,89251.0,101273.0,7648.0,254777.0,151513.0,70841.0,571.0,12600.0,14.155788655788657,13.555057908252175,5.438662938280161,3.520129476026705,8.593603428357016,7.551864761585023,27.80510014640254,4.945501360012874,0.2241175616323294
17165,54945.0,22828.0,3907.0,22974.0,1349.0,232.0,3612.0,10032.0,2000.0,7614.0,10032.0,847.0,23387.0,21436.0,654.0,20.0,486.0,65.15062268596432,17.114946556859998,5.8718551405937145,6.423034330011074,19.936204146730464,8.442982456140351,2.7964253645187496,2.078077564458888,0.0855175952452217
17167,74114.0,191460.0,24702.0,193186.0,7253.0,1118.0,26913.0,84290.0,6947.0,74018.0,84290.0,6100.0,195217.0,152464.0,24341.0,103.0,5451.0,18.88429941479961,12.901911626449388,3.754412845651341,4.154126258685394,8.241784316051726,7.236920156602206,12.468688690021873,2.7922773119144337,0.05276179840895
17169,66059.0,6706.0,1293.0,6740.0,547.0,169.0,1132.0,2732.0,330.0,2391.0,2732.0,137.0,6826.0,6188.0,303.0,0.0,169.0,100.0,19.28124067998807,8.11572700296736,14.929328621908128,12.079062957540264,5.014641288433382,4.438910049809552,2.475827717550542,0.0
17171,73013.0,4791.0,507.0,4803.0,245.0,42.0,781.0,2032.0,310.0,1684.0,2032.0,77.0,4847.0,4637.0,51.0,4.0,71.0,100.0,10.582341891045711,5.100978555069748,5.377720870678617,15.255905511811024,3.789370078740157,1.0521972354033422,1.4648236022281824,0.082525273364968
17173,68457.0,20631.0,2053.0,20691.0,1032.0,143.0,3093.0,8795.0,967.0,7585.0,8795.0,406.0,20867.0,20095.0,24.0,85.0,241.0,76.54121010004764,9.951044544617323,4.98767580107293,4.623343032654381,10.99488345650938,4.616259238203525,0.1150141371543585,1.1549336272583506,0.4073417357550198
17175,62284.0,5182.0,624.0,5212.0,276.0,83.0,762.0,2289.0,307.0,1921.0,2289.0,68.0,5324.0,4912.0,55.0,4.0,134.0,100.0,12.041682747973756,5.295471987720645,10.89238845144357,13.411970292704238,2.9707295762341634,1.033057851239669,2.5169045830202856,0.0751314800901577
17177,61943.0,43295.0,5683.0,43241.0,2263.0,501.0,6501.0,19469.0,2278.0,16437.0,19469.0,1533.0,44042.0,35218.0,3714.0,20.0,2335.0,45.92202554335649,13.126227047003118,5.233458985684883,7.706506691278265,11.700652319071343,7.874056191894807,8.432859543163344,5.301757413378139,0.0454111984015258
17179,76704.0,127594.0,11135.0,127957.0,6504.0,1029.0,17295.0,53812.0,4692.0,47480.0,53812.0,3071.0,130555.0,120850.0,1813.0,130.0,3355.0,21.82225166167973,8.726899383983573,5.082957556053987,5.949696444058977,8.719244778116405,5.706905522931688,1.388686760369193,2.5697981693539123,0.0995748918080502
17181,56420.0,16558.0,3204.0,16607.0,1104.0,99.0,2315.0,6914.0,1784.0,4911.0,6914.0,674.0,16972.0,15297.0,132.0,17.0,882.0,64.81094873579217,19.35016306317188,6.647799120852652,4.27645788336933,25.80271912062482,9.748336708128434,0.7777515908555267,5.196794720716475,0.1001649776101814
17183,54537.0,70087.0,12065.0,70669.0,3260.0,762.0,9732.0,30185.0,3678.0,25740.0,30185.0,2778.0,73179.0,56451.0,10794.0,52.0,3968.0,39.53739149188548,17.21431934595574,4.613055229308467,7.829839704069051,12.184860029816134,9.203246645684942,14.750133234944451,5.422320611104278,0.071058637040681
17185,53650.0,10940.0,1541.0,11114.0,557.0,148.0,1558.0,4784.0,678.0,3968.0,4784.0,522.0,11199.0,10499.0,108.0,5.0,208.0,38.71138104040137,14.085923217550274,5.011696958790714,9.499358151476253,14.172240802675583,10.911371237458194,0.9643718189124028,1.8573086882757388,0.0446468434681668
17187,64650.0,15546.0,1996.0,16414.0,992.0,214.0,2202.0,6722.0,937.0,5667.0,6722.0,380.0,16576.0,13544.0,462.0,23.0,1791.0,45.41728541728542,12.839315579570307,6.043621298891191,9.71843778383288,13.93930377863731,5.653079440642665,2.7871621621621623,10.804777992277993,0.1387548262548262
17189,75652.0,13454.0,1050.0,13501.0,452.0,47.0,2094.0,5722.0,661.0,4889.0,5722.0,134.0,13682.0,13005.0,66.0,13.0,216.0,99.316910108277,7.804370447450572,3.3479001555440338,2.24450811843362,11.551904928346731,2.341838518000699,0.4823856161379915,1.578716561906154,0.0950153486332407
17191,53107.0,15906.0,2202.0,15928.0,1823.0,158.0,2278.0,6853.0,1048.0,5497.0,6853.0,460.0,15994.0,15311.0,35.0,0.0,259.0,70.5420606959639,13.843832516031686,11.445253641386238,6.935908691834943,15.292572595943382,6.712388734860645,0.2188320620232587,1.6193572589721146,0.0
17193,53097.0,13281.0,2175.0,13405.0,655.0,133.0,1994.0,5669.0,1150.0,4352.0,5669.0,499.0,13708.0,13130.0,90.0,3.0,205.0,63.48634431072998,16.37677885701378,4.886236478925774,6.670010030090271,20.285764685129653,8.802257893808433,0.6565509191712868,1.4954770936679311,0.0218850306390428
17195,64536.0,53927.0,6509.0,54412.0,3006.0,468.0,7768.0,23215.0,2864.0,19500.0,23215.0,1330.0,55192.0,45340.0,564.0,35.0,7212.0,43.551022606884416,12.070020583381238,5.524516650738808,6.024716786817714,12.336851173810036,5.729054490631057,1.021887230033338,13.067111175532686,0.0634149876793738
17197,107799.0,689477.0,47993.0,692068.0,36888.0,4895.0,90125.0,241310.0,12114.0,224935.0,241310.0,9084.0,698450.0,417514.0,80482.0,328.0,134835.0,4.874812416080879,6.960783318370301,5.3301120699122055,5.431345353675451,5.020098628320418,3.764452364178857,11.522943660963564,19.30488939795261,0.0469611282124704
17199,65521.0,64519.0,9213.0,64828.0,3372.0,463.0,8863.0,28774.0,2963.0,24986.0,28774.0,1897.0,66902.0,59028.0,2316.0,189.0,1881.0,41.03465221211264,14.279514561602008,5.201456160918122,5.223964797472639,10.297490790296797,6.592757350385765,3.4617799168933665,2.811575139756659,0.2825027652387074
17201,64363.0,279177.0,44717.0,280225.0,17147.0,2276.0,37438.0,115449.0,10868.0,101232.0,115449.0,9836.0,283289.0,183505.0,36633.0,116.0,42452.0,9.694059926406169,16.017436966512285,6.119011508609153,6.07938458250975,9.413680499614548,8.519779296485893,12.931317488501142,14.985403598445403,0.0409475835630751
17203,85629.0,37218.0,2834.0,37754.0,1941.0,203.0,5273.0,14704.0,1383.0,12952.0,14704.0,437.0,38348.0,36064.0,242.0,13.0,765.0,70.16143707593521,7.614595088398087,5.141177093817873,3.849800872368671,9.405603917301416,2.9719804134929277,0.6310628976739334,1.994888912068426,0.0339000730155418
18001,63128.0,35459.0,4411.0,35511.0,8273.0,319.0,4109.0,12345.0,2576.0,9563.0,12345.0,1715.0,35995.0,33389.0,149.0,19.0,1688.0,70.84252562205032,12.439719112214108,23.29700656134719,7.763446093940131,20.86674767112191,13.892264074524098,0.4139463814418669,4.6895402139186,0.0527851090429226
18003,68839.0,382081.0,46610.0,385052.0,31458.0,3214.0,45438.0,154183.0,10747.0,139926.0,154183.0,9573.0,388791.0,274650.0,41658.0,211.0,34095.0,12.918709945253108,12.198983985071228,8.169805636641286,7.073374708393855,6.9702885532127405,6.208855710422031,10.714754199557088,8.76949312098274,0.0542708035937045
18005,80365.0,81753.0,9813.0,81935.0,4283.0,508.0,9828.0,32984.0,1877.0,30387.0,32984.0,1645.0,82881.0,64351.0,1468.0,49.0,7445.0,30.69409303230829,12.00322923929397,5.227314334533472,5.168905168905169,5.690637885035168,4.987266553480476,1.771214150408417,8.982758412663939,0.0591209082901992
18007,61811.0,8590.0,1038.0,8640.0,549.0,68.0,1243.0,3469.0,381.0,3043.0,3469.0,127.0,8708.0,7792.0,128.0,3.0,608.0,100.0,12.083818393480792,6.354166666666667,5.470635559131134,10.98299221677717,3.66099740559239,1.4699127239320164,6.982085438677078,0.0344510794671566
18009,47560.0,11827.0,2069.0,11868.0,896.0,172.0,1696.0,5060.0,741.0,4226.0,5060.0,511.0,12007.0,11311.0,56.0,6.0,263.0,49.34775429326288,17.493869958569377,7.549713515335355,10.141509433962264,14.644268774703557,10.098814229249012,0.4663946031481635,2.1903889397851253,0.0499708503373032
18011,104865.0,71745.0,3689.0,72206.0,2945.0,494.0,8961.0,27948.0,1569.0,25899.0,27948.0,591.0,72827.0,63510.0,1773.0,2.0,2991.0,27.191718917697564,5.141821729737264,4.078608425892585,5.512777591786631,5.613997423787033,2.114641477028768,2.4345366416301646,4.106993285457317,0.0027462342263171
18013,72644.0,15322.0,1321.0,15404.0,934.0,170.0,2784.0,6695.0,641.0,5885.0,6695.0,228.0,15543.0,14697.0,93.0,18.0,312.0,100.0,8.62158987077405,6.0633601661906,6.10632183908046,9.574309185959672,3.405526512322629,0.5983400887859487,2.007334491410925,0.115807759119861
18015,64003.0,20228.0,1698.0,20338.0,2403.0,240.0,2939.0,8024.0,1362.0,6398.0,8024.0,336.0,20443.0,18924.0,148.0,3.0,899.0,94.56810794838964,8.394304923867907,11.815321073851903,8.166042871725077,16.9740777666999,4.187437686939182,0.7239641931223402,4.397593308222864,0.0146749498605879
18017,56525.0,36802.0,4674.0,36999.0,2568.0,474.0,5356.0,14924.0,2051.0,12355.0,14924.0,702.0,37703.0,28160.0,494.0,46.0,6810.0,46.20015843675733,12.700396717569696,6.940728127787238,8.849887976101568,13.74296435272045,4.70383275261324,1.31024056441132,18.06222316526536,0.1220062064026735
18019,72298.0,121001.0,11232.0,121442.0,7623.0,689.0,16003.0,49184.0,5048.0,43213.0,49184.0,2311.0,122800.0,98569.0,8432.0,27.0,8166.0,21.33071275796289,9.28256791266188,6.27707053572899,4.305442729488221,10.263500325309044,4.698682498373455,6.866449511400652,6.649837133550489,0.021986970684039
18021,67676.0,25744.0,2744.0,25990.0,1479.0,135.0,3590.0,10541.0,1166.0,9137.0,10541.0,423.0,26431.0,24937.0,81.0,1.0,496.0,59.99773294037633,10.658794282162834,5.690650250096191,3.7604456824512535,11.06156911109003,4.012902001707618,0.3064583254511747,1.8765843138738605,0.0037834361166811
18023,63690.0,32102.0,2744.0,32408.0,2384.0,208.0,4149.0,12396.0,1734.0,10339.0,12396.0,584.0,32967.0,25860.0,184.0,6.0,6252.0,49.45766797228081,8.547754034016572,7.356208343618859,5.013256206314774,13.98838334946757,4.711197160374314,0.5581338914672248,18.964418964418964,0.0182000182000182
18025,48993.0,10422.0,2483.0,10429.0,680.0,139.0,1732.0,4573.0,1209.0,3186.0,4573.0,193.0,10494.0,9999.0,28.0,0.0,33.0,100.0,23.824601803876416,6.520279988493623,8.02540415704388,26.437787010715063,4.220424229171222,0.266819134743663,0.3144654088050314,0.0
18027,68561.0,32757.0,3419.0,32935.0,7764.0,441.0,3791.0,11568.0,2012.0,9204.0,11568.0,1643.0,33442.0,29405.0,521.0,18.0,2144.0,61.295347652856414,10.43746374820649,23.57370578412024,11.6328145608019,17.39280774550484,14.202973720608576,1.5579211769631005,6.411099814604389,0.0538245320255965
18029,82693.0,50064.0,4075.0,50327.0,2404.0,568.0,7559.0,20148.0,1534.0,17810.0,20148.0,871.0,50828.0,48062.0,111.0,0.0,771.0,60.21034353479745,8.13958133589006,4.776759989667574,7.514221457864797,7.613658923962676,4.323009728012706,0.2183835681120642,1.5168804595892027,0.0
18031,74228.0,25853.0,2416.0,25959.0,1027.0,219.0,3606.0,10518.0,1140.0,9141.0,10518.0,362.0,26411.0,24682.0,84.0,3.0,640.0,52.67074644907827,9.345143697056434,3.9562386840787394,6.0732113144758735,10.838562464346834,3.4417189579768017,0.3180492976411344,2.4232327439324526,0.0113589034871833
18033,70080.0,43033.0,4354.0,43166.0,2953.0,324.0,5868.0,17008.0,1991.0,14491.0,17008.0,980.0,43584.0,40928.0,92.0,14.0,1280.0,52.97353519010748,10.11781655938466,6.841032293935042,5.521472392638037,11.706255879586076,5.761994355597366,0.211086637298091,2.936857562408224,0.0321218795888399
18035,56932.0,104356.0,20789.0,110480.0,7915.0,1284.0,13327.0,46146.0,3944.0,40373.0,46146.0,3334.0,112109.0,95256.0,5899.0,185.0,3552.0,23.05925667765833,19.921231170225,7.164192614047791,9.634576423801306,8.546786287002124,7.224894898799462,5.261843384563238,3.1683450927222614,0.1650179735792844
18037,71918.0,42619.0,4055.0,42867.0,1879.0,156.0,6495.0,17588.0,2069.0,15049.0,17588.0,869.0,43563.0,38085.0,387.0,34.0,4220.0,47.59951417375164,9.514535770431028,4.383325168544568,2.4018475750577366,11.763702524448489,4.940868774164203,0.888368569657737,9.687119803502974,0.0780478846727727
18039,65617.0,203468.0,25517.0,204813.0,30177.0,2820.0,23807.0,71760.0,6942.0,63271.0,71760.0,5965.0,206868.0,146352.0,9879.0,336.0,40368.0,23.25752123913894,12.541038394243811,14.733928022147031,11.845255597093292,9.673913043478262,8.312430323299889,4.775509020244794,19.513892917222577,0.1624224142931724
18041,56659.0,22914.0,3830.0,23057.0,1372.0,217.0,3199.0,9479.0,1232.0,7984.0,9479.0,739.0,23390.0,21952.0,266.0,49.0,318.0,38.45200444482435,16.71467225277123,5.950470572927961,6.783369803063457,12.99715159826986,7.796181031754404,1.1372381359555366,1.3595553655408297,0.2094912355707567
18043,78179.0,78877.0,7877.0,79249.0,4046.0,490.0,10934.0,31173.0,3374.0,27219.0,31173.0,1930.0,80512.0,69109.0,4067.0,25.0,3256.0,34.051488494607625,9.986434575351495,5.105427197819531,4.481434058898848,10.823469027684212,6.191255252943252,5.051420906200318,4.044117647058823,0.0310512718600953
18045,62526.0,16348.0,2032.0,16427.0,1131.0,244.0,2382.0,6854.0,733.0,5949.0,6854.0,247.0,16546.0,15545.0,127.0,14.0,472.0,100.0,12.429655003670174,6.8850063919157485,10.24349286314022,10.69448497227896,3.603735045229064,0.7675571135017527,2.85265320923486,0.0846125951891695
18047,79702.0,22782.0,1942.0,22868.0,1611.0,144.0,3366.0,9131.0,1408.0,7576.0,9131.0,609.0,22929.0,22008.0,34.0,0.0,258.0,88.86109282422646,8.524273549293301,7.044778730103201,4.278074866310161,15.4199978096594,6.669587120797284,0.1482838327009464,1.125212612848358,0.0
18049,62878.0,20132.0,2541.0,20259.0,2005.0,231.0,2868.0,7927.0,878.0,6820.0,7927.0,451.0,20411.0,18340.0,87.0,13.0,1097.0,64.1943359375,12.621696801112655,9.896835974134952,8.05439330543933,11.076069130818722,5.689415920272486,0.4262407525353975,5.374552937141737,0.0636911469305766
18051,67763.0,32239.0,3300.0,32471.0,1375.0,262.0,4545.0,13156.0,1315.0,11588.0,13156.0,456.0,32986.0,29915.0,739.0,12.0,709.0,74.72660628275423,10.236049505257608,4.234547750300268,5.764576457645765,9.99543934326543,3.466099118273031,2.240344388528466,2.149396713757352,0.036379069908446
18053,54007.0,61054.0,11499.0,65633.0,4703.0,559.0,9096.0,26757.0,2820.0,23242.0,26757.0,1945.0,66377.0,55240.0,3164.0,203.0,3530.0,38.56525782163962,18.83414682084712,7.165602669388875,6.145558487247142,10.53929812759278,7.2691258362297715,4.766711360862949,5.318107175678322,0.3058288262500565
18055,59753.0,30548.0,4057.0,30639.0,2479.0,315.0,4600.0,12781.0,2210.0,10299.0,12781.0,746.0,30954.0,29556.0,132.0,5.0,605.0,82.8003765866961,13.28073850988608,8.090995136917002,6.8478260869565215,17.291291761208043,5.836788983647602,0.4264392324093816,1.9545131485429992,0.016153001227628
18057,117957.0,354549.0,15422.0,354658.0,14899.0,1833.0,42429.0,133171.0,2951.0,127936.0,133171.0,2994.0,357176.0,284532.0,14777.0,160.0,19165.0,5.740689043851647,4.349751374281129,4.200948519418708,4.320158382238564,2.2159479165884464,2.248237228826096,4.137176070060699,5.365702062848568,0.0447958429457746
18059,91326.0,81154.0,3642.0,81015.0,4210.0,787.0,10702.0,32246.0,1760.0,29877.0,32246.0,1052.0,82013.0,73271.0,2570.0,65.0,2613.0,27.67535070140281,4.487764004238855,5.196568536690736,7.353765651280135,5.458041307448986,3.26242014513428,3.133649543365076,3.186080255569239,0.0792557277504785
18061,72468.0,39291.0,2956.0,39367.0,2182.0,470.0,5973.0,15154.0,2438.0,12358.0,15154.0,630.0,39785.0,37613.0,351.0,13.0,913.0,85.63574923084683,7.52335140362933,5.542713440191023,7.86874267537251,16.088161541507194,4.15731819981523,0.8822420510242553,2.294834736709815,0.0326756315194168
18063,99988.0,174882.0,8738.0,175428.0,9843.0,892.0,21521.0,65839.0,3497.0,61330.0,65839.0,1845.0,179379.0,142074.0,16116.0,150.0,8849.0,15.240748792823306,4.996511933761051,5.610848895273275,4.14478881092886,5.311441546803566,2.80229043575996,8.984329269312461,4.933130411029162,0.0836218286421487
18065,60144.0,45704.0,5957.0,45773.0,3068.0,406.0,6470.0,18460.0,1889.0,15919.0,18460.0,850.0,48896.0,45196.0,1108.0,26.0,1055.0,62.06607515230813,13.033870120777175,6.702641295086623,6.275115919629057,10.2329360780065,4.604550379198266,2.2660340314136125,2.1576407068062826,0.0531740837696335
18067,62496.0,82161.0,10292.0,82460.0,5530.0,568.0,11352.0,35129.0,3274.0,31165.0,35129.0,2408.0,83610.0,69511.0,6526.0,36.0,3260.0,25.66042697649956,12.526624554228892,6.706281833616298,5.003523608174771,9.319935096359131,6.854735403797433,7.805286448989356,3.899055136945341,0.0430570505920344
18069,62734.0,35291.0,3564.0,36271.0,2269.0,302.0,5333.0,15227.0,1722.0,12922.0,15227.0,535.0,36757.0,34277.0,292.0,23.0,1098.0,52.116633026021496,10.09889206879941,6.25568636100466,5.662853928370523,11.308859263150982,3.513495764103238,0.7944065076039938,2.987186114209538,0.0625731153249721
18071,70208.0,45150.0,5067.0,45632.0,4179.0,327.0,5987.0,17745.0,2444.0,14674.0,17745.0,965.0,46319.0,37379.0,509.0,6.0,6288.0,47.77504953907125,11.222591362126243,9.15804698457223,5.461833973609488,13.772893772893774,5.4381515919977454,1.098901098901099,13.575422612750708,0.0129536475312506
18073,79634.0,32572.0,2259.0,32902.0,1447.0,271.0,4695.0,12586.0,1102.0,11271.0,12586.0,347.0,33198.0,29026.0,231.0,9.0,2435.0,83.26447536302327,6.9354046420238245,4.397908941705672,5.77209797657082,8.755760368663594,2.757031622437629,0.6958250497017893,7.33477920356648,0.0271100668714982
18075,54114.0,20001.0,2639.0,20076.0,1948.0,135.0,2693.0,7959.0,1319.0,6392.0,7959.0,714.0,20281.0,18864.0,62.0,14.0,911.0,68.92274636194941,13.19434028298585,9.703128113169956,5.012996658002228,16.5724337228295,8.970976253298153,0.3057048469010404,4.491888960110448,0.0690301267195897
18077,59987.0,31017.0,3489.0,32056.0,2814.0,412.0,4740.0,12699.0,1906.0,10463.0,12699.0,571.0,33074.0,30321.0,349.0,48.0,1125.0,47.36476905904004,11.248670084147404,8.778387821312704,8.691983122362869,15.009055831167808,4.496417040711867,1.0552095301445243,3.4014633851363607,0.1451291044324847
18079,68476.0,26753.0,3339.0,27351.0,2463.0,422.0,3836.0,10760.0,1384.0,9200.0,10760.0,529.0,27584.0,25789.0,148.0,32.0,909.0,74.88139644370405,12.480843269913654,9.005155204562904,11.001042752867573,12.862453531598511,4.91635687732342,0.5365429234338747,3.2953886310904874,0.1160092807424593
18081,87227.0,160487.0,11600.0,161545.0,7745.0,1176.0,19732.0,61513.0,4102.0,56136.0,61513.0,1968.0,163983.0,139247.0,4941.0,42.0,6744.0,12.734522300868544,7.227999775682766,4.794329753319508,5.9598621528481655,6.668509095638321,3.1993237201892284,3.013117213369678,4.112621430270211,0.025612411042608
18083,58863.0,34298.0,4593.0,35432.0,2457.0,182.0,4845.0,15110.0,1796.0,12987.0,15110.0,1214.0,36108.0,32523.0,571.0,41.0,1025.0,45.42748470315859,13.391451396582893,6.934409573267104,3.756449948400413,11.886168100595633,8.034414295168762,1.5813670100808686,2.8387061039104906,0.1135482441564196
18085,73922.0,78770.0,7615.0,79675.0,8816.0,1061.0,10954.0,31747.0,3665.0,27366.0,31747.0,1732.0,80357.0,68887.0,573.0,38.0,7643.0,48.36365902293121,9.667386060683,11.064951364919988,9.68595946686142,11.544397895864176,5.455633603175103,0.7130679343429944,9.511305797876974,0.0472889729581741
18087,83741.0,40174.0,2310.0,40440.0,17912.0,1069.0,4452.0,12804.0,4195.0,8476.0,12804.0,3493.0,40596.0,37974.0,124.0,8.0,1794.0,100.0,5.749987554139493,44.29277942631058,24.011680143755616,32.763199000312405,27.280537332083725,0.3054488126909055,4.419154596511972,0.0197063750123164
18089,68985.0,493040.0,72010.0,495128.0,33545.0,4772.0,66262.0,193474.0,18524.0,170407.0,193474.0,14657.0,498990.0,259429.0,114300.0,500.0,102413.0,4.536795668738721,14.605305857536914,6.7750157535021245,7.201714406447134,9.57441309943455,7.575694925416335,22.906270666746828,20.524058598368704,0.1002024088659091
18091,70452.0,104852.0,14691.0,105379.0,6751.0,815.0,14988.0,43681.0,4257.0,38617.0,43681.0,2170.0,112141.0,86093.0,11454.0,98.0,8264.0,36.521166727452254,14.011177659939724,6.406399757067347,5.437683480117427,9.745656006043818,4.967834985462787,10.213927109620924,7.369294013786216,0.0873899822544831
18093,65551.0,44280.0,4984.0,44479.0,2858.0,433.0,6660.0,19156.0,2718.0,16051.0,19156.0,1048.0,45077.0,42464.0,163.0,12.0,847.0,67.93672657794761,11.25564588979223,6.425504170507431,6.501501501501502,14.188765921904364,5.470870745458342,0.3616034784923575,1.879007032411208,0.0266211149810324
18095,62632.0,125091.0,16142.0,126841.0,10168.0,1310.0,17132.0,52843.0,5261.0,46363.0,52843.0,3282.0,130949.0,108194.0,8195.0,151.0,6724.0,24.62248999070153,12.904205738222574,8.016335412051308,7.646509455988792,9.955907121094564,6.210851011486858,6.258161574353374,5.134823480897143,0.1153120680570298
18097,63450.0,953481.0,144204.0,962713.0,86460.0,8267.0,110645.0,396662.0,31726.0,354083.0,396662.0,32256.0,971822.0,490631.0,265415.0,521.0,129973.0,0.8794487941604764,15.123951080304694,8.980869688058643,7.47164354466989,7.998245357508408,8.131860374827939,27.31107136903672,13.374156995828454,0.0536106406317206
18099,68041.0,45480.0,4979.0,45624.0,5933.0,718.0,6248.0,17377.0,2660.0,14219.0,17377.0,975.0,46225.0,39466.0,226.0,17.0,5346.0,73.36153595834689,10.947669305189097,13.004120638260565,11.49167733674776,15.30759049318064,5.610864936410198,0.4889129259058951,11.565170362358032,0.0367766360194699
18101,65345.0,9697.0,1594.0,9720.0,689.0,91.0,1466.0,3928.0,555.0,3268.0,3928.0,159.0,9854.0,9313.0,15.0,0.0,120.0,100.0,16.438073631019904,7.088477366255144,6.207366984993179,14.129327902240323,4.047861507128309,0.1522224477369596,1.217779581895677,0.0
18103,61130.0,33512.0,5083.0,33520.0,2504.0,566.0,4561.0,13270.0,1517.0,11431.0,13270.0,736.0,35772.0,31228.0,1340.0,78.0,1288.0,45.55920137923364,15.167701121986154,7.470167064439141,12.40955930716948,11.431801055011304,5.546345139412208,3.745946550374595,3.600581460360058,0.2180476350218047
18105,63372.0,125252.0,25256.0,138735.0,7350.0,772.0,14231.0,58264.0,2906.0,52356.0,58264.0,4982.0,139822.0,114157.0,4888.0,41.0,6441.0,21.1962667659142,20.164149075463865,5.297870040004325,5.424776895509803,4.987642455032267,8.550734587395304,3.495873324655633,4.606571211969504,0.0293229963811131
18107,66571.0,36730.0,4388.0,37668.0,3098.0,451.0,5400.0,15524.0,1418.0,13637.0,15524.0,873.0,38155.0,33989.0,205.0,1.0,2322.0,52.912800506115566,11.946637625918868,8.224487628756505,8.351851851851851,9.13424375161041,5.623550631280597,0.5372821386450006,6.085703053335081,0.0026208884811951
18109,79088.0,71031.0,6064.0,71316.0,3650.0,644.0,10889.0,27713.0,2234.0,24765.0,27713.0,1039.0,72202.0,67964.0,363.0,10.0,1433.0,54.10002786291446,8.537117596542355,5.118066072129676,5.914225365047296,8.061198715404323,3.74914300147945,0.5027561563391596,1.984709564831999,0.0138500318550732
18111,68596.0,13642.0,1843.0,13676.0,790.0,150.0,2152.0,5591.0,560.0,4888.0,5591.0,199.0,13859.0,12079.0,141.0,13.0,1083.0,100.0,13.50974930362117,5.776542848786195,6.970260223048327,10.016097299230909,3.55929171883384,1.0173894220362218,7.814416624576087,0.0938018616061765
18113,70908.0,46465.0,3950.0,46782.0,5488.0,508.0,6608.0,17971.0,2350.0,15205.0,17971.0,1872.0,47417.0,40493.0,145.0,45.0,5312.0,77.69138377899993,8.501022274830518,11.731007652515926,7.687651331719128,13.076623448889878,10.416782594179512,0.3057974987873547,11.20273319695468,0.0949026720374549
18115,67942.0,5942.0,529.0,5942.0,376.0,41.0,1002.0,2567.0,328.0,2166.0,2567.0,154.0,5993.0,5696.0,21.0,7.0,0.0,100.0,8.902726354762706,6.327835745540222,4.091816367265469,12.777561355668094,5.999220880405142,0.3504088102786584,0.0,0.1168029367595528
18117,64758.0,19422.0,2575.0,19484.0,1380.0,144.0,2813.0,7994.0,1087.0,6738.0,7994.0,507.0,19746.0,18380.0,292.0,1.0,345.0,100.0,13.258160848522294,7.082734551426812,5.119089939566299,13.597698273705278,6.342256692519389,1.4787805125088624,1.7471893041628683,0.0050643168236604
18119,59586.0,21048.0,2504.0,21216.0,2003.0,290.0,3497.0,8598.0,1460.0,6904.0,8598.0,167.0,21434.0,20400.0,121.0,13.0,313.0,100.0,11.896617255796276,9.440987933634991,8.29282241921647,16.980693184461504,1.942312165619912,0.5645236540076514,1.4602967248297098,0.0606513016702435
18121,66776.0,15279.0,2623.0,15316.0,2401.0,228.0,2346.0,5985.0,1258.0,4598.0,5985.0,550.0,16346.0,15425.0,367.0,6.0,264.0,99.3748452587274,17.16735388441652,15.676416819012797,9.718670076726342,21.01921470342523,9.189640768588138,2.245197601859782,1.6150740242261103,0.0367062278233206
18123,61099.0,17801.0,2285.0,17789.0,974.0,155.0,2588.0,7751.0,1083.0,6336.0,7751.0,485.0,19218.0,17876.0,400.0,31.0,273.0,54.298382889932185,12.836357508005168,5.475293720838721,5.9891808346213296,13.972390659269772,6.257257128112502,2.081382037673015,1.4205432407118326,0.1613071079196586
18125,66250.0,11984.0,1466.0,12008.0,519.0,60.0,1786.0,4994.0,811.0,3955.0,4994.0,160.0,12187.0,11648.0,31.0,159.0,179.0,100.0,12.23297730307076,4.322118587608261,3.3594624860022395,16.239487384861835,3.2038446135362437,0.254369410027078,1.468778206285386,1.3046689094937227
18127,85828.0,170455.0,15723.0,172527.0,8243.0,1249.0,23448.0,68049.0,4285.0,62173.0,68049.0,2854.0,174150.0,139285.0,7090.0,111.0,19734.0,23.579366683023988,9.224135402305594,4.777802894619393,5.326680313886046,6.2969330923305264,4.194036650060985,4.071202985931668,11.33161068044789,0.0637381567614125
18129,79124.0,24809.0,2444.0,24900.0,980.0,245.0,3797.0,10270.0,861.0,9236.0,10270.0,368.0,25163.0,23580.0,175.0,16.0,378.0,70.41075251764333,9.851263654318997,3.9357429718875503,6.452462470371346,8.383641674780915,3.583252190847128,0.695465564519334,1.5022056193617612,0.0635854230417676
18131,59956.0,12193.0,1442.0,12300.0,918.0,169.0,1806.0,4894.0,522.0,4297.0,4894.0,327.0,12441.0,11430.0,41.0,6.0,485.0,100.0,11.826457803657837,7.463414634146342,9.357696566998891,10.6661217817736,6.681651001225991,0.329555501969295,3.898400450124588,0.0482276344345309
18133,76182.0,32430.0,2616.0,34745.0,1364.0,255.0,4861.0,13980.0,1587.0,12037.0,13980.0,549.0,37091.0,33736.0,1255.0,42.0,806.0,72.2539889996188,8.066604995374654,3.925744711469276,5.245834190495783,11.351931330472103,3.927038626609442,3.3835701383084844,2.17303388962282,0.1132350165808417
18135,61121.0,23955.0,3594.0,24072.0,1812.0,261.0,3412.0,10182.0,1376.0,8532.0,10182.0,626.0,24425.0,22177.0,192.0,14.0,1216.0,66.56599461268468,15.003130870381966,7.52741774675972,7.64947245017585,13.514044392064427,6.148104498133962,0.7860798362333674,4.9785056294779935,0.0573183213920163
18137,71084.0,28505.0,2733.0,28554.0,1914.0,246.0,3965.0,11356.0,1329.0,9739.0,11356.0,521.0,29039.0,27488.0,65.0,0.0,555.0,81.36575271598551,9.58779161550605,6.703088884219373,6.204287515762926,11.70306445931666,4.587883057414583,0.2238369089844691,1.911222838252006,0.0
18139,64393.0,16419.0,2135.0,16577.0,1310.0,162.0,2568.0,6650.0,882.0,5566.0,6650.0,307.0,16734.0,15846.0,109.0,0.0,300.0,61.38371537726839,13.003227967598514,7.90251553357061,6.308411214953271,13.263157894736842,4.616541353383458,0.6513684713756424,1.7927572606669058,0.0
18141,64885.0,260632.0,38013.0,269873.0,19804.0,2141.0,32494.0,107005.0,9299.0,94242.0,107005.0,7419.0,272574.0,189708.0,33761.0,234.0,27729.0,10.019346895702643,14.5849320114184,7.338266517954741,6.588908721610143,8.690248119246764,6.933320872856409,12.38599426210864,10.173017235686457,0.0858482467146536
18143,54583.0,23529.0,3467.0,24093.0,886.0,127.0,3416.0,9637.0,1039.0,8331.0,9637.0,510.0,24468.0,22990.0,75.0,69.0,605.0,68.92224409448819,14.735007862637596,3.6774166770431247,3.717798594847775,10.781363494863546,5.292103351665456,0.306522805296714,2.47261729606016,0.2820009808729769
18145,71301.0,44239.0,5091.0,44313.0,2727.0,443.0,6572.0,18145.0,1974.0,15795.0,18145.0,989.0,45104.0,40809.0,547.0,2.0,2451.0,52.59127732771058,11.507945477971925,6.153950308036016,6.740718198417529,10.87903003582254,5.450537338109672,1.2127527492018446,5.434107839659454,0.0044341965235899
18147,70890.0,19502.0,1294.0,19659.0,745.0,75.0,3092.0,7979.0,1348.0,6382.0,7979.0,287.0,19871.0,18567.0,110.0,0.0,691.0,100.0,6.635216900830684,3.789612899944046,2.425614489003881,16.89434766261436,3.5969419726782803,0.553570529917971,3.477429419757436,0.0
18149,62933.0,23086.0,3426.0,23265.0,1509.0,329.0,3350.0,8758.0,1304.0,7217.0,8758.0,509.0,23300.0,21461.0,100.0,9.0,962.0,100.0,14.84016286927142,6.486137975499678,9.82089552238806,14.889244119662024,5.811829184745376,0.4291845493562232,4.128755364806867,0.03862660944206
18151,71483.0,33046.0,2912.0,34414.0,2174.0,286.0,5176.0,13765.0,1660.0,11628.0,13765.0,607.0,34648.0,31848.0,263.0,8.0,1488.0,63.1595760127777,8.81195908733281,6.317196489800662,5.525502318392581,12.059571376679983,4.409734834725754,0.7590625721542369,4.294620180096976,0.0230893558069729
18153,54985.0,18546.0,2498.0,18705.0,1279.0,284.0,2514.0,7697.0,1214.0,6281.0,7697.0,312.0,20766.0,18829.0,693.0,0.0,376.0,76.58644377191719,13.469211689852258,6.837743918738306,11.296738265712012,15.77237884890217,4.053527348317527,3.33718578445536,1.810652027352403,0.0
18155,65148.0,9780.0,1083.0,9816.0,1289.0,243.0,1426.0,3897.0,796.0,2997.0,3897.0,217.0,9914.0,9381.0,28.0,4.0,95.0,100.0,11.07361963190184,13.13162184189079,17.040673211781208,20.42596869386708,5.568385937900949,0.282428888440589,0.9582408714948556,0.0403469840629412
18157,58622.0,171023.0,32500.0,185737.0,10285.0,909.0,17578.0,74415.0,3639.0,66576.0,74415.0,6656.0,187399.0,135814.0,11069.0,163.0,18958.0,15.651459589478714,19.003291954883263,5.537399656503551,5.1712367732392766,4.890143116307196,8.944433245985353,5.906648381261372,10.116382691476476,0.0869801866605478
18159,78309.0,15093.0,1741.0,15124.0,1207.0,431.0,2217.0,6265.0,532.0,5625.0,6265.0,80.0,15329.0,14308.0,119.0,10.0,482.0,61.54046487401524,11.53514874445107,7.980692938376091,19.44068561118629,8.491620111731844,1.2769353551476457,0.7763063474460173,3.1443668862939527,0.065235827516472
18161,79500.0,6969.0,446.0,6974.0,555.0,76.0,1090.0,2852.0,254.0,2468.0,2852.0,93.0,7028.0,6701.0,23.0,8.0,77.0,100.0,6.399770411823791,7.958130197877832,6.972477064220183,8.906030855539973,3.260869565217391,0.3272623790552077,1.095617529880478,0.1138303927148548
18163,60938.0,173806.0,24967.0,177342.0,12863.0,1184.0,23507.0,77198.0,5845.0,69214.0,77198.0,6156.0,179908.0,145281.0,17376.0,33.0,6480.0,7.95676599902296,14.364866575377144,7.253216948043892,5.036797549666057,7.571439674602969,7.97429985232778,9.658269782333193,3.601840940925362,0.0183427084954532
18165,59363.0,15150.0,2012.0,15240.0,602.0,141.0,2152.0,6560.0,779.0,5695.0,6560.0,318.0,15452.0,14783.0,0.0,30.0,214.0,58.65664874668048,13.28052805280528,3.9501312335958,6.552044609665428,11.875,4.847560975609756,0.0,1.3849339891276211,0.194149624644059
18167,52525.0,98608.0,19750.0,102553.0,7917.0,923.0,12167.0,42595.0,4569.0,36630.0,42595.0,3388.0,106201.0,89504.0,6485.0,136.0,3307.0,24.767081476736408,20.028800908648385,7.719910680331146,7.586093531684064,10.72661110458974,7.953985209531635,6.106345514637338,3.113906648713289,0.1280590578243142
18169,68414.0,29185.0,3136.0,29945.0,2024.0,226.0,4319.0,12554.0,1207.0,10984.0,12554.0,551.0,30901.0,28695.0,350.0,46.0,938.0,50.1485020661157,10.745245845468563,6.759058273501419,5.232692752952072,9.614465509001116,4.389039350007965,1.1326494288210738,3.035500469240477,0.1488624963593411
18171,74635.0,8338.0,1061.0,8378.0,411.0,39.0,1261.0,3359.0,316.0,3010.0,3359.0,70.0,8469.0,8004.0,8.0,5.0,84.0,100.0,12.724874070520508,4.905705418954405,3.0927835051546397,9.4075617743376,2.0839535576064305,0.0944621560987129,0.991852639036486,0.0590388475616956
18173,95027.0,63576.0,4053.0,63787.0,1987.0,388.0,8539.0,24697.0,1648.0,22601.0,24697.0,518.0,64650.0,58227.0,1220.0,43.0,1504.0,26.741056058092585,6.375047187617969,3.1150547917287223,4.543857594566108,6.67287524800583,2.097420739361056,1.88708430007734,2.326372776488786,0.0665119876256767
18175,61358.0,27667.0,3724.0,27853.0,2307.0,327.0,4141.0,10994.0,1747.0,8978.0,10994.0,482.0,28167.0,26941.0,77.0,0.0,416.0,76.52047406145766,13.460078794231396,8.282770258140955,7.896643322868872,15.890485719483356,4.38420956885574,0.2733695459225335,1.4769055987503106,0.0
18177,56652.0,63987.0,10795.0,65073.0,6940.0,780.0,8974.0,26818.0,2551.0,23490.0,26818.0,2223.0,66377.0,57188.0,2672.0,17.0,2531.0,37.6992772677415,16.87061434353853,10.664945522720636,8.691776242478271,9.512267879782236,8.28920874039824,4.025490757340645,3.813067779501936,0.0256112810160145
18179,69741.0,27657.0,1996.0,27719.0,1821.0,264.0,3825.0,11360.0,1520.0,9418.0,11360.0,372.0,28261.0,26152.0,297.0,6.0,1075.0,63.28601845280341,7.216979426546625,6.569501064251957,6.901960784313726,13.380281690140846,3.2746478873239435,1.0509182265312622,3.8038285977141646,0.0212306712430558
18181,66143.0,24318.0,2422.0,24496.0,1759.0,223.0,3577.0,9865.0,968.0,8651.0,9865.0,219.0,24709.0,21458.0,110.0,26.0,2522.0,61.39014906027219,9.959700633275762,7.180764206401045,6.234274531730501,9.812468322351748,2.2199695894576785,0.445181917519932,10.206807236229714,0.1052248168683475
18183,75790.0,33928.0,3627.0,34088.0,2668.0,585.0,4838.0,13929.0,1352.0,12325.0,13929.0,587.0,34388.0,31886.0,70.0,31.0,906.0,69.08543183878798,10.69028531006838,7.826801220370805,12.091773460107484,9.70636800918946,4.214229305764951,0.2035593811794812,2.634639990694428,0.0901477259509131
19001,66176.0,7287.0,753.0,7313.0,336.0,65.0,1128.0,3260.0,462.0,2663.0,3260.0,151.0,7471.0,6980.0,101.0,0.0,214.0,100.0,10.333470564018114,4.594557637084644,5.76241134751773,14.171779141104295,4.631901840490798,1.3518939900950342,2.864409048320171,0.0
19003,68828.0,3561.0,339.0,3586.0,146.0,24.0,618.0,1530.0,232.0,1267.0,1530.0,84.0,3641.0,3453.0,13.0,20.0,27.0,100.0,9.519797809604045,4.071388733965421,3.883495145631068,15.163398692810455,5.490196078431373,0.3570447679209008,0.7415545179895633,0.549299642955232
19005,66000.0,13744.0,1657.0,13797.0,917.0,78.0,2019.0,6024.0,752.0,5070.0,6024.0,261.0,14038.0,12269.0,246.0,23.0,1225.0,100.0,12.05616996507567,6.646372399797057,3.863298662704309,12.48339973439575,4.332669322709164,1.752386379826186,8.72631428978487,0.1638410029918791
19007,51146.0,12083.0,2468.0,12113.0,1298.0,118.0,1765.0,5006.0,616.0,4154.0,5006.0,321.0,12242.0,11530.0,121.0,7.0,212.0,57.22172606965982,20.425391045270214,10.71575992735078,6.685552407932011,12.305233719536556,6.412305233719537,0.988400588139193,1.7317431792190818,0.0571801993138376
19009,54152.0,5485.0,649.0,5504.0,179.0,43.0,904.0,2525.0,371.0,2101.0,2525.0,189.0,5622.0,5328.0,15.0,3.0,115.0,100.0,11.832269826800363,3.2521802325581395,4.756637168141593,14.693069306930694,7.485148514851486,0.2668089647812166,2.0455353966559944,0.0533617929562433
19011,84742.0,25116.0,1979.0,25432.0,766.0,142.0,3943.0,10111.0,1016.0,8888.0,10111.0,367.0,25698.0,24346.0,91.0,23.0,479.0,81.30987292277615,7.879439401178532,3.011953444479396,3.6013187927973624,10.04846207101177,3.629710216595787,0.3541131605572418,1.863958284691416,0.0895011284924896
19013,64581.0,125807.0,18505.0,129221.0,5673.0,621.0,14730.0,53740.0,4577.0,47334.0,53740.0,3693.0,130693.0,102976.0,12370.0,113.0,6579.0,12.966662599890196,14.709038447781126,4.390153303255663,4.215885947046843,8.516933382954969,6.871976181615184,9.464929261704912,5.033934487692531,0.0864621670632704
19015,79741.0,26170.0,1757.0,26204.0,958.0,157.0,3884.0,10935.0,855.0,9605.0,10935.0,593.0,26669.0,24883.0,340.0,12.0,754.0,53.16863185476324,6.713794421092855,3.655930392306518,4.042224510813594,7.818930041152264,5.4229538180155465,1.2748884472608646,2.827252615396153,0.0449960628445011
19017,83343.0,23614.0,1767.0,24786.0,544.0,35.0,3014.0,9693.0,678.0,8829.0,9693.0,189.0,25118.0,23298.0,272.0,4.0,502.0,63.34640627501201,7.48284915727958,2.194787379972565,1.1612475116124752,6.994738471061591,1.9498607242339836,1.0828887650290628,1.9985667648698144,0.0159248347798391
19019,78430.0,20469.0,1439.0,20483.0,1209.0,84.0,2848.0,8150.0,970.0,7008.0,8150.0,487.0,20645.0,19662.0,154.0,20.0,372.0,67.07512764405543,7.030143143289853,5.902455694966558,2.949438202247191,11.901840490797548,5.975460122699387,0.7459433276822475,1.801889077258416,0.0968757568418503
19021,66564.0,19716.0,1624.0,20374.0,1322.0,99.0,2482.0,7543.0,430.0,6959.0,7543.0,228.0,20684.0,11058.0,637.0,14.0,5924.0,43.043749699851126,8.236964901602759,6.488662020221852,3.988718775181306,5.700649608908922,3.022670025188917,3.0796751111970604,28.640495068652097,0.0676851672790562
19023,69651.0,14039.0,1500.0,14085.0,530.0,79.0,1991.0,5887.0,724.0,4997.0,5887.0,194.0,14301.0,13575.0,24.0,13.0,231.0,100.0,10.68452168957903,3.7628682996095137,3.9678553490708186,12.298284355359266,3.295396636657041,0.1678204321376127,1.6152716593245229,0.0909027340745402
19025,66875.0,9184.0,791.0,9202.0,278.0,34.0,1329.0,3886.0,365.0,3386.0,3886.0,115.0,9858.0,9028.0,149.0,12.0,251.0,100.0,8.612804878048781,3.021082373397088,2.558314522197141,9.39269171384457,2.959341224909933,1.5114627713532156,2.546155406776222,0.1217285453438831
19027,68528.0,20295.0,1693.0,20329.0,513.0,60.0,2955.0,8750.0,1093.0,7497.0,8750.0,521.0,20677.0,19199.0,142.0,8.0,660.0,51.10789980732177,8.341956146834196,2.5234886123272173,2.030456852791878,12.491428571428573,5.954285714285715,0.686753397494801,3.1919524108913286,0.0386903322532282
19029,61657.0,12861.0,2243.0,12886.0,542.0,137.0,1919.0,5789.0,739.0,4782.0,5789.0,345.0,13115.0,12354.0,112.0,15.0,341.0,49.661004037480005,17.440323458518,4.206115163743598,7.139134966128192,12.765589911901882,5.959578510969079,0.8539839878002288,2.6000762485703395,0.1143728555089592
19031,79080.0,18056.0,1308.0,18164.0,692.0,109.0,2830.0,7539.0,855.0,6560.0,7539.0,237.0,18427.0,17286.0,85.0,17.0,474.0,100.0,7.244129375276916,3.80973353886809,3.851590106007067,11.341026661360925,3.143653004377238,0.4612796440006512,2.5723123677212785,0.0922559288001302
19033,65537.0,41878.0,3918.0,42205.0,1583.0,248.0,6373.0,19421.0,1985.0,16944.0,19421.0,1038.0,42785.0,38032.0,832.0,67.0,2331.0,20.32833259906787,9.3557476479297,3.750740433597915,3.891416915110623,10.220894907574277,5.3447299315174295,1.9446067547037515,5.44817108799813,0.1565969381792684
19035,64478.0,11274.0,1717.0,11297.0,687.0,105.0,1715.0,5082.0,630.0,4308.0,5082.0,345.0,11587.0,10395.0,107.0,0.0,551.0,59.64144793275004,15.229732127017916,6.0812605116402585,6.122448979591836,12.396694214876034,6.78866587957497,0.9234486925002158,4.755329248295504,0.0
19037,73421.0,11657.0,827.0,11729.0,898.0,78.0,1825.0,4985.0,569.0,4218.0,4985.0,175.0,11868.0,11087.0,88.0,37.0,470.0,100.0,7.094449686883418,7.656236678318697,4.273972602739726,11.414242728184554,3.510531594784353,0.741489720256151,3.960229187731716,0.311762723289518
19039,66821.0,9479.0,1304.0,9524.0,509.0,99.0,1211.0,4001.0,519.0,3365.0,4001.0,478.0,9690.0,7557.0,4.0,5.0,1579.0,45.80426754205991,13.756725392973944,5.344393112137757,8.175061932287365,12.971757060734816,11.947013246688329,0.0412796697626419,16.29514963880289,0.0515995872033023
19041,64082.0,16133.0,1848.0,16215.0,741.0,52.0,2238.0,7249.0,486.0,6366.0,7249.0,360.0,16446.0,15085.0,90.0,71.0,743.0,33.062744140625,11.454782123597594,4.569842738205366,2.323503127792672,6.704373016967858,4.966202234791005,0.5472455308281649,4.517815882281406,0.4317159187644412
19043,62326.0,16833.0,2294.0,16870.0,1277.0,130.0,2701.0,7406.0,1022.0,6063.0,7406.0,569.0,17069.0,16245.0,110.0,11.0,381.0,99.072933169043,13.627992633517495,7.569650266745702,4.8130322102924845,13.799621928166353,7.682959762354847,0.644443142539106,2.23211670279454,0.0644443142539106
19045,65177.0,45382.0,5962.0,45786.0,2275.0,378.0,6923.0,19434.0,2243.0,16665.0,19434.0,1288.0,46383.0,41505.0,1332.0,31.0,1622.0,30.14851485148515,13.137367238112027,4.968767745599092,5.460060667340748,11.541628074508592,6.62755994648554,2.8717418019533016,3.4969708729491407,0.0668348317271414
19047,65039.0,16095.0,2635.0,16108.0,1380.0,106.0,2140.0,6229.0,684.0,5415.0,6229.0,143.0,16289.0,10228.0,293.0,3.0,4895.0,50.72919818456884,16.371543957750855,8.567171591755649,4.953271028037383,10.980895809921336,2.2957135976882324,1.7987598993185585,30.05095463196022,0.018417336853091
19049,102349.0,103581.0,6038.0,103552.0,4230.0,562.0,10620.0,40868.0,1787.0,37576.0,40868.0,1215.0,104136.0,85128.0,2566.0,27.0,6954.0,21.348742952306427,5.829254399938213,4.084904202719407,5.291902071563088,4.372614270333758,2.972986199471469,2.464085426749635,6.677805946070524,0.0259276330951832
19051,79505.0,9006.0,647.0,9018.0,2552.0,157.0,1114.0,3169.0,819.0,2227.0,3169.0,493.0,9127.0,8677.0,0.0,0.0,181.0,100.0,7.184099489229403,28.29895764027501,14.093357271095153,25.844114862732724,15.556958030924582,0.0,1.983126985866112,0.0
19053,57146.0,7015.0,1067.0,7572.0,598.0,145.0,915.0,3049.0,408.0,2465.0,3049.0,273.0,7669.0,6974.0,125.0,22.0,250.0,100.0,15.210263720598718,7.897517168515583,15.846994535519126,13.381436536569367,8.953755329616268,1.6299387143043422,3.2598774286086845,0.2868692137175642
19055,76205.0,17373.0,1368.0,17375.0,699.0,22.0,2863.0,7176.0,827.0,6180.0,7176.0,498.0,17549.0,16687.0,2.0,19.0,284.0,71.90645013723696,7.8742876877914,4.023021582733813,0.7684247293049249,11.524526198439242,6.939799331103679,0.0113966607783919,1.618325830531654,0.1082682773947233
19057,60662.0,37872.0,5354.0,38153.0,1529.0,333.0,5289.0,17188.0,1649.0,15088.0,17188.0,1348.0,38597.0,32877.0,1610.0,36.0,1351.0,26.977640709329226,14.13709336713139,4.007548554504233,6.2960862166761205,9.59390272282988,7.842680940190831,4.17130865093142,3.500272041868539,0.0932714977848019
19059,74570.0,17596.0,1103.0,17637.0,659.0,92.0,2625.0,8650.0,677.0,7658.0,8650.0,354.0,17844.0,16744.0,10.0,4.0,478.0,26.814664181212223,6.268470106842464,3.7364631173102,3.5047619047619047,7.826589595375722,4.092485549132948,0.0560412463573189,2.678771575879848,0.0224164985429275
19061,75919.0,95406.0,8982.0,97665.0,3402.0,558.0,13122.0,40585.0,3062.0,36184.0,40585.0,2478.0,98948.0,87977.0,2859.0,97.0,3049.0,31.724860475893056,9.41450223256399,3.4833358931039777,4.252400548696845,7.54465935690526,6.105704077861279,2.889396450660953,3.0814165015967983,0.098031289161984
19063,65181.0,8708.0,904.0,9080.0,492.0,26.0,1367.0,3922.0,440.0,3382.0,3922.0,201.0,9316.0,7974.0,182.0,16.0,918.0,38.49595227950575,10.381258612769868,5.418502202643172,1.9019751280175567,11.218765935747069,5.124936257011728,1.9536281665951047,9.854014598540148,0.17174753112924
19065,58764.0,18717.0,2333.0,19034.0,887.0,174.0,3038.0,8203.0,1117.0,6869.0,8203.0,433.0,19393.0,17693.0,162.0,94.0,566.0,69.90619713978164,12.464604370358495,4.660081958600399,5.727452271231073,13.616969401438498,5.278556625624772,0.8353529624091167,2.918578868663951,0.4847109781880059
19067,64500.0,15298.0,1742.0,15298.0,625.0,140.0,2260.0,6620.0,1075.0,5420.0,6620.0,427.0,15502.0,13769.0,183.0,4.0,579.0,53.57394253535548,11.387109426068768,4.085501372728461,6.1946902654867255,16.238670694864048,6.450151057401813,1.1804928396335956,3.735001935234164,0.0258031221777835
19069,63648.0,9832.0,1481.0,9835.0,1050.0,159.0,1399.0,4084.0,657.0,3333.0,4084.0,200.0,9977.0,8065.0,59.0,1.0,1609.0,100.0,15.06305939788446,10.676156583629894,11.365260900643316,16.087169441723802,4.897159647404505,0.5913601282950787,16.127092312318332,0.0100230530219504
19071,73750.0,6443.0,489.0,6434.0,248.0,54.0,1030.0,2760.0,300.0,2349.0,2760.0,82.0,6570.0,6093.0,31.0,3.0,213.0,99.86373959121876,7.589632158932174,3.854522847373329,5.242718446601942,10.869565217391305,2.971014492753623,0.471841704718417,3.2420091324200917,0.045662100456621
19073,59159.0,8590.0,897.0,8621.0,292.0,25.0,1253.0,3928.0,314.0,3462.0,3928.0,170.0,8722.0,8087.0,12.0,23.0,284.0,100.0,10.442374854481956,3.387078065189653,1.9952114924181965,7.993890020366599,4.327902240325866,0.1375831231368952,3.2561339142398533,0.2637009860123824
19075,83617.0,12198.0,786.0,12211.0,315.0,63.0,1689.0,5085.0,471.0,4470.0,5085.0,145.0,12352.0,11806.0,86.0,31.0,189.0,100.0,6.443679291687162,2.5796413070182624,3.730017761989343,9.262536873156344,2.8515240904621435,0.6962435233160622,1.530116580310881,0.2509715025906736
19077,79981.0,10517.0,982.0,10534.0,355.0,43.0,1655.0,4587.0,436.0,3993.0,4587.0,188.0,10646.0,9936.0,50.0,12.0,310.0,100.0,9.337263478178189,3.370039870894247,2.598187311178248,9.505123174187922,4.098539350337911,0.4696599661844824,2.911891790343791,0.1127183918842757
19079,71750.0,14657.0,1171.0,14685.0,627.0,79.0,2078.0,6317.0,916.0,5257.0,6317.0,313.0,14893.0,12539.0,181.0,6.0,1438.0,49.42482877850921,7.989356621409565,4.269662921348314,3.8017324350336863,14.500554060471742,4.954883647300934,1.2153360639226485,9.655542872490432,0.0402873833344524
19081,70212.0,10478.0,1272.0,10512.0,496.0,35.0,1574.0,4614.0,463.0,3981.0,4614.0,193.0,10718.0,9698.0,94.0,12.0,620.0,100.0,12.13972132086276,4.718417047184171,2.223634053367217,10.034677069787604,4.182921543129606,0.8770292965105431,5.784661317409965,0.1119611867885799
19083,64906.0,16031.0,1381.0,16288.0,800.0,146.0,2587.0,7010.0,1009.0,5760.0,7010.0,294.0,16729.0,15169.0,168.0,44.0,848.0,70.0319943121223,8.614559291372965,4.911591355599215,5.643602628527252,14.393723252496434,4.194008559201142,1.0042441269651503,5.069041783728854,0.2630163189670632
19085,77027.0,14380.0,1079.0,14390.0,600.0,154.0,2248.0,6004.0,691.0,5047.0,6004.0,256.0,14645.0,13906.0,11.0,8.0,305.0,100.0,7.5034770514603615,4.169562195969423,6.850533807829182,11.508994003997335,4.263824117255163,0.0751109593717992,2.08262205530898,0.0546261522703994
19087,64604.0,18602.0,2248.0,19045.0,857.0,67.0,2715.0,7617.0,928.0,6505.0,7617.0,351.0,20228.0,17511.0,530.0,34.0,1092.0,54.67239527389904,12.084722072895389,4.499868731950643,2.467771639042357,12.18327425495602,4.608113430484443,2.6201305121613605,5.398457583547557,0.1680838441763891
19089,67336.0,9260.0,778.0,9289.0,891.0,118.0,1319.0,3672.0,444.0,3054.0,3672.0,201.0,9459.0,8851.0,5.0,24.0,288.0,100.0,8.40172786177106,9.59199052642911,8.946171341925702,12.091503267973856,5.473856209150327,0.0528597103287874,3.044719314938154,0.2537266095781795
19091,66994.0,9455.0,1294.0,9467.0,570.0,54.0,1368.0,4236.0,425.0,3649.0,4236.0,211.0,9573.0,8719.0,32.0,6.0,492.0,44.36803167656559,13.685880486515073,6.020914756522657,3.947368421052632,10.033050047214353,4.981114258734656,0.3342734774887705,5.139454716389847,0.0626762770291444
19093,62841.0,6771.0,701.0,6783.0,370.0,110.0,1013.0,2994.0,343.0,2577.0,2994.0,119.0,6944.0,6404.0,59.0,4.0,271.0,100.0,10.35297592674642,5.454813504349108,10.85883514313919,11.4562458249833,3.9746158984635938,0.8496543778801844,3.9026497695852536,0.0576036866359447
19095,72185.0,16298.0,1502.0,16297.0,399.0,42.0,2555.0,6849.0,529.0,6076.0,6849.0,215.0,16547.0,15447.0,73.0,11.0,552.0,100.0,9.215854706098908,2.448303368718169,1.643835616438356,7.723755292743466,3.1391444006424294,0.4411675832477186,3.3359521363389133,0.0664773070647247
19097,71605.0,19182.0,1977.0,19228.0,1043.0,156.0,3107.0,8303.0,1152.0,7013.0,8303.0,434.0,19429.0,18380.0,149.0,38.0,288.0,68.70413138311521,10.306537378792616,5.424381110879967,5.02092050209205,13.874503191617489,5.227026376008672,0.7668948479077667,1.4823202429358175,0.1955839209429203
19099,70128.0,36053.0,2942.0,36171.0,1501.0,203.0,5016.0,14748.0,1186.0,13259.0,14748.0,584.0,37864.0,34781.0,589.0,25.0,1110.0,57.83725173881998,8.160208581810114,4.149733211688922,4.047049441786284,8.041768375372932,3.959858963927312,1.5555672934713711,2.931544474963025,0.0660257764631312
19101,56824.0,14711.0,2141.0,15504.0,1113.0,145.0,1971.0,6878.0,575.0,5994.0,6878.0,425.0,15676.0,12961.0,900.0,5.0,632.0,41.19261954925621,14.55373530011556,7.178792569659443,7.356671740233384,8.359988368711836,6.17912183774353,5.7412605256442975,4.031640724674662,0.0318958918091349
19103,74721.0,146977.0,24608.0,153088.0,7815.0,837.0,14737.0,62214.0,3006.0,55536.0,62214.0,4396.0,154881.0,116962.0,11552.0,121.0,10312.0,16.655108796629463,16.74275566925437,5.104906981605351,5.679582004478523,4.831709904523097,7.065933712669175,7.458629528476702,6.65801486302387,0.0781244955804779
19105,73071.0,19537.0,2038.0,19691.0,522.0,50.0,2937.0,8109.0,974.0,6949.0,8109.0,285.0,20799.0,19110.0,420.0,28.0,516.0,73.79153346895282,10.431488969647337,2.650957290132548,1.7024174327545114,12.011345418670611,3.514613392526822,2.0193278523005915,2.480888504255012,0.1346218568200394
19107,60856.0,9815.0,1175.0,9848.0,328.0,92.0,1438.0,4065.0,547.0,3378.0,4065.0,176.0,9964.0,9480.0,65.0,3.0,221.0,100.0,11.971472236372898,3.330625507717303,6.397774687065368,13.456334563345631,4.329643296432964,0.6523484544359694,2.2179847450822963,0.030108390204737
19109,65656.0,14332.0,1383.0,14356.0,557.0,70.0,2183.0,6502.0,661.0,5640.0,6502.0,433.0,14610.0,13467.0,80.0,13.0,612.0,63.29241974642568,9.649734859056656,3.879910838673725,3.20659642693541,10.166102737619196,6.659489387880652,0.5475701574264202,4.188911704312115,0.0889801505817932
19111,59803.0,31831.0,4151.0,32022.0,1521.0,399.0,4873.0,14305.0,1631.0,12309.0,14305.0,691.0,33175.0,30029.0,902.0,22.0,1134.0,40.94769780956639,13.040746442147592,4.749859471613266,8.187974553663041,11.401607829430269,4.830478853547711,2.7189148455162018,3.418236623963828,0.0663149962321024
19113,76421.0,224252.0,22106.0,227425.0,8715.0,1164.0,28960.0,95051.0,5326.0,86784.0,95051.0,4615.0,229463.0,190404.0,12979.0,210.0,9120.0,13.691765921693102,9.857660132351103,3.8320325381994063,4.019337016574585,5.603307697972667,4.855288213695806,5.656249591437399,3.9744969777262567,0.0915180225134335
19115,80223.0,10559.0,1042.0,10578.0,539.0,122.0,1605.0,4143.0,363.0,3636.0,4143.0,176.0,10710.0,8307.0,47.0,0.0,1730.0,100.0,9.86835874609338,5.095481187370013,7.601246105919003,8.761766835626357,4.248129374849143,0.4388422035480859,16.1531279178338,0.0
19117,67921.0,8586.0,1415.0,8600.0,681.0,84.0,1365.0,3672.0,718.0,2840.0,3672.0,330.0,8685.0,8211.0,17.0,1.0,239.0,100.0,16.480316794782205,7.9186046511627906,6.153846153846154,19.55337690631808,8.986928104575163,0.1957397812320092,2.7518710420264823,0.0115141047783534
19119,72881.0,11906.0,634.0,11904.0,523.0,35.0,1417.0,4444.0,339.0,3986.0,4444.0,172.0,12087.0,11361.0,36.0,2.0,421.0,100.0,5.3250461951957,4.393481182795699,2.4700070571630204,7.628262826282628,3.8703870387038704,0.2978406552494415,3.483080996111525,0.0165467030694134
19121,89542.0,16564.0,1127.0,16593.0,805.0,102.0,2292.0,6625.0,864.0,5601.0,6625.0,380.0,16760.0,15813.0,132.0,0.0,367.0,69.31955523326081,6.803912098526926,4.851443379738444,4.450261780104712,13.041509433962265,5.735849056603773,0.7875894988066826,2.1897374701670644,0.0
19123,69019.0,21323.0,2527.0,21731.0,1016.0,176.0,2871.0,8891.0,809.0,7664.0,8891.0,309.0,22045.0,20334.0,325.0,8.0,528.0,43.48355114916629,11.851052853726024,4.675348580369058,6.130268199233717,9.099088966370488,3.475424586660668,1.4742572011794055,2.395100929916081,0.0362894080290315
19125,78059.0,31814.0,2248.0,33214.0,844.0,135.0,4523.0,13409.0,1140.0,11690.0,13409.0,508.0,33551.0,31407.0,170.0,27.0,748.0,46.96534386783983,7.06607154083108,2.541097127717228,2.9847446385142606,8.501752554254605,3.788500261018719,0.5066913057733003,2.229441745402521,0.0804745015051712
19127,72785.0,38631.0,4275.0,38858.0,2110.0,219.0,5167.0,15546.0,1695.0,13383.0,15546.0,996.0,39971.0,26950.0,600.0,85.0,9518.0,31.726717366911856,11.066242137143744,5.430027278810027,4.238436229920651,10.903126206098031,6.406792744114242,1.5010882890095318,23.81226389132121,0.2126541742763503
19129,87810.0,14396.0,989.0,14258.0,376.0,45.0,2087.0,5349.0,438.0,4759.0,5349.0,309.0,14563.0,13582.0,56.0,10.0,525.0,65.4170118751726,6.869963878855238,2.637116005049797,2.156205079060853,8.188446438586652,5.776780706674145,0.3845361532651239,3.605026436860537,0.068667170225915
19131,68704.0,10344.0,713.0,10347.0,752.0,130.0,1566.0,4477.0,369.0,3949.0,4477.0,174.0,10548.0,10098.0,36.0,23.0,216.0,100.0,6.892884764114463,7.267807093843626,8.301404853128991,8.242126423944606,3.886531159258432,0.3412969283276451,2.04778156996587,0.2180508153204399
19133,62944.0,8404.0,943.0,8445.0,279.0,42.0,1260.0,3891.0,552.0,3233.0,3891.0,147.0,8619.0,8041.0,13.0,55.0,217.0,100.0,11.220847215611611,3.303730017761989,3.333333333333333,14.186584425597532,3.777949113338473,0.1508295625942684,2.5176934679197123,0.6381250725142128
19135,72518.0,7373.0,676.0,7394.0,186.0,28.0,1114.0,2991.0,367.0,2459.0,2991.0,147.0,7546.0,7176.0,16.0,9.0,58.0,100.0,9.168588091685882,2.5155531512036786,2.5134649910233398,12.270143764627216,4.914744232698094,0.2120328650940895,0.7686191359660748,0.1192684866154253
19137,63190.0,10042.0,1201.0,10069.0,263.0,61.0,1474.0,4609.0,654.0,3819.0,4609.0,196.0,10254.0,9485.0,59.0,32.0,177.0,46.60212971926428,11.959768970324635,2.6119773562419306,4.1383989145183175,14.189628986765024,4.252549359947928,0.5753852155256485,1.7261556465769456,0.31207333723425
19139,69512.0,42001.0,4858.0,41955.0,1662.0,277.0,5765.0,17170.0,1278.0,15555.0,17170.0,780.0,42735.0,32174.0,1216.0,33.0,7878.0,41.843413900774834,11.56639127639818,3.9613872005720414,4.804856895056375,7.443214909726267,4.54280722189866,2.8454428454428453,18.434538434538435,0.0772200772200772
19141,68216.0,13827.0,1910.0,13825.0,497.0,82.0,1791.0,5791.0,508.0,5098.0,5791.0,324.0,14103.0,12487.0,186.0,24.0,1009.0,63.82033563672261,13.813553193028133,3.59493670886076,4.578447794528197,8.772232774995683,5.594888620272837,1.3188683258881089,7.154506133446785,0.1701765581791108
19143,69138.0,6006.0,981.0,6000.0,461.0,21.0,981.0,2606.0,288.0,2243.0,2606.0,72.0,6114.0,5200.0,46.0,30.0,618.0,100.0,16.333666333666333,7.683333333333334,2.140672782874618,11.051419800460476,2.762854950115119,0.7523716061498201,10.107948969578018,0.4906771344455348
19145,57752.0,14054.0,1887.0,14080.0,671.0,69.0,2067.0,6161.0,640.0,5255.0,6161.0,423.0,15168.0,13729.0,279.0,31.0,498.0,33.75846426927881,13.42678241070158,4.765625,3.3381712626995648,10.38792403830547,6.865768544067522,1.8393987341772151,3.2832278481012658,0.2043776371308016
19147,68963.0,8551.0,1002.0,8721.0,436.0,47.0,1229.0,3739.0,407.0,3249.0,3739.0,136.0,8902.0,8153.0,155.0,8.0,293.0,100.0,11.71792772775114,4.999426671253296,3.824247355573637,10.885263439422303,3.637336186146028,1.74118175690856,3.291395192091665,0.0898674455178611
19149,81600.0,25317.0,1712.0,25367.0,1424.0,101.0,3515.0,10297.0,863.0,9233.0,10297.0,400.0,25699.0,22809.0,607.0,57.0,1578.0,60.549459101875634,6.762254611525853,5.613592462648323,2.873399715504979,8.38108186850539,3.8846265902690105,2.36195960932332,6.140316743842173,0.2217985135608389
19151,63423.0,6888.0,599.0,6908.0,490.0,98.0,1143.0,3084.0,335.0,2629.0,3084.0,110.0,7040.0,6336.0,43.0,1.0,383.0,100.0,8.696283391405343,7.093225246091488,8.573928258967628,10.862516212710766,3.566796368352789,0.6107954545454546,5.440340909090909,0.0142045454545454
19153,81621.0,488661.0,49165.0,491863.0,24050.0,2466.0,57359.0,202404.0,12444.0,183106.0,202404.0,11643.0,497441.0,368617.0,36708.0,400.0,49816.0,4.473386528459528,10.061167148595857,4.889572909529687,4.299238131766593,6.148099839924112,5.752356672793028,7.379367603394171,10.014453975446337,0.0804115462939323
19155,71446.0,90696.0,9885.0,91919.0,4405.0,668.0,12820.0,37531.0,4481.0,31541.0,37531.0,2439.0,93407.0,79725.0,1624.0,144.0,8127.0,26.92517108480041,10.899047367028317,4.792262753076078,5.210608424336973,11.939463376941728,6.498627801017825,1.7386277259734282,8.700632714892889,0.1541640348153778
19157,64837.0,16978.0,1886.0,18299.0,661.0,129.0,2427.0,7791.0,879.0,6497.0,7791.0,578.0,18582.0,16856.0,209.0,42.0,615.0,49.16943521594684,11.108493344327954,3.612219246953386,5.315203955500618,11.282248748556029,7.418816583237068,1.1247443762781186,3.3096545043590573,0.2260251856635453
19159,69821.0,4473.0,403.0,4465.0,351.0,112.0,722.0,1869.0,285.0,1559.0,1869.0,104.0,4664.0,4432.0,9.0,0.0,93.0,100.0,9.009613234965348,7.86114221724524,15.512465373961218,15.248796147672552,5.564472980203317,0.192967409948542,1.9939965694682675,0.0
19161,70991.0,9566.0,757.0,9599.0,500.0,183.0,1488.0,4251.0,595.0,3519.0,4251.0,237.0,9759.0,9082.0,50.0,4.0,398.0,100.0,7.913443445536274,5.2088759245754765,12.298387096774194,13.996706657257116,5.57515878616796,0.5123475765959628,4.078286709703863,0.040987806127677
19163,76363.0,170336.0,19837.0,172594.0,9375.0,1043.0,22433.0,72675.0,5931.0,64691.0,72675.0,4707.0,174302.0,135337.0,12177.0,200.0,12512.0,13.277685221762304,11.645805936501972,5.431822658956858,4.649400436856417,8.160990712074303,6.476780185758514,6.986150474463861,7.178345629998509,0.114743376438595
19165,67690.0,11531.0,984.0,11560.0,373.0,85.0,1813.0,4983.0,609.0,4278.0,4983.0,172.0,11757.0,10829.0,55.0,12.0,440.0,59.87570236676315,8.53351834186107,3.226643598615917,4.688361831218974,12.22155328115593,3.451735902067028,0.4678064132006464,3.7424513056051714,0.1020668537892319
19167,84736.0,33755.0,2172.0,35599.0,2030.0,151.0,3864.0,12576.0,872.0,11428.0,12576.0,418.0,35984.0,30087.0,212.0,33.0,4970.0,56.60961195361285,6.434602281143534,5.702407370993567,3.907867494824016,6.933842239185751,3.323791348600509,0.5891507336594042,13.81169408626056,0.0917074255224544
19169,69006.0,86298.0,16046.0,98018.0,4461.0,287.0,8874.0,38708.0,1879.0,30432.0,38708.0,2306.0,98592.0,80243.0,2606.0,144.0,4943.0,25.846128865299328,18.593710167095413,4.551204880736191,3.234167230110435,4.854293686059729,5.957424821742276,2.643216488153197,5.013591366439468,0.1460564751703992
19171,67955.0,16572.0,2544.0,16613.0,1168.0,146.0,2462.0,6731.0,835.0,5664.0,6731.0,214.0,16982.0,13393.0,173.0,982.0,1919.0,69.2850889991246,15.351194786386676,7.030638656473846,5.930138099106418,12.40528896152132,3.1793195661863023,1.018725709574844,11.300200211989164,5.782593334118478
19173,67279.0,5794.0,600.0,5797.0,304.0,74.0,804.0,2471.0,333.0,2093.0,2471.0,88.0,5901.0,5266.0,7.0,0.0,461.0,100.0,10.355540214014498,5.244091771606003,9.203980099502488,13.476325374342371,3.5613112100364224,0.1186239620403321,7.812235214370446,0.0
19175,56813.0,11743.0,1480.0,11909.0,937.0,123.0,1615.0,5055.0,564.0,4293.0,5055.0,335.0,12038.0,11143.0,55.0,1.0,420.0,38.15290822211237,12.6032530017883,7.867998992358721,7.61609907120743,11.15727002967359,6.627101879327399,0.4568865260009968,3.488951653098521,0.0083070277454726
19177,60183.0,7151.0,874.0,7169.0,873.0,146.0,1070.0,2898.0,621.0,2197.0,2898.0,205.0,7236.0,6845.0,15.0,2.0,124.0,100.0,12.22206684379807,12.177430603989398,13.644859813084112,21.428571428571427,7.07384403036577,0.2072968490878938,1.7136539524599226,0.0276395798783858
19179,60034.0,34359.0,5743.0,34814.0,2493.0,174.0,4657.0,14088.0,1862.0,11715.0,14088.0,925.0,35265.0,27265.0,1108.0,4.0,4457.0,29.398651127352768,16.71468901888879,7.160912276670305,3.736310929783122,13.216922203293583,6.56587166382737,3.141925421806324,12.638593506309372,0.0113426910534524
19181,92990.0,51715.0,2767.0,52852.0,1150.0,162.0,6699.0,20219.0,1287.0,18335.0,20219.0,430.0,53484.0,49496.0,345.0,23.0,1854.0,47.07364082209034,5.350478584549937,2.1758873836373267,2.418271383788625,6.365299965379099,2.126712498145309,0.6450527260489118,3.4664572582454567,0.0430035150699274
19183,71339.0,22122.0,1876.0,22176.0,1601.0,130.0,2957.0,9048.0,898.0,7915.0,9048.0,460.0,22539.0,20105.0,143.0,0.0,1668.0,69.66097939286506,8.480245909049815,7.219516594516595,4.396347649644911,9.924845269672856,5.083996463306808,0.634455832113226,7.400505789964062,0.0
19185,59118.0,6399.0,961.0,6412.0,803.0,17.0,941.0,2554.0,470.0,2015.0,2554.0,183.0,6518.0,6136.0,24.0,0.0,84.0,100.0,15.017971558055946,12.523393636930756,1.8065887353878851,18.40250587314017,7.1652310101801095,0.368211107701749,1.2887388769561214,0.0
19187,68054.0,34068.0,3994.0,35014.0,2614.0,384.0,4857.0,15641.0,1744.0,13072.0,15641.0,1009.0,36848.0,31190.0,1163.0,71.0,2217.0,33.24414173356037,11.723611600328754,7.465585194493631,7.906114885731934,11.150182213413464,6.450994181957675,3.1562092922275293,6.016608771168042,0.1926834563612679
19189,63719.0,10050.0,988.0,10463.0,468.0,74.0,1456.0,4591.0,429.0,4039.0,4591.0,240.0,10648.0,9515.0,62.0,10.0,616.0,100.0,9.83084577114428,4.472904520691962,5.082417582417582,9.344369418427355,5.227619255064256,0.5822689706987227,5.785123966942149,0.0939143501126972
19191,75652.0,18073.0,1426.0,19751.0,572.0,46.0,2942.0,8197.0,880.0,7067.0,8197.0,278.0,19972.0,18726.0,136.0,50.0,600.0,60.17438963627304,7.890222984562607,2.896055895904005,1.5635622025832767,10.735634988410396,3.3914846895205564,0.6809533346685359,3.004205888243541,0.2503504906869617
19193,70147.0,103024.0,13739.0,104608.0,6783.0,654.0,12403.0,40503.0,3989.0,34692.0,40503.0,2350.0,105760.0,72293.0,4735.0,1414.0,19487.0,16.127844743772478,13.33572759745302,6.484207708779444,5.27291784245747,9.84865318618374,5.802039355109498,4.477118003025718,18.42568078668684,1.3369894099848714
19195,76875.0,7279.0,532.0,7297.0,480.0,37.0,1092.0,3195.0,440.0,2699.0,3195.0,164.0,7380.0,6909.0,64.0,5.0,249.0,100.0,7.30869624948482,6.578045772235165,3.388278388278388,13.77151799687011,5.13302034428795,0.8672086720867209,3.3739837398373984,0.067750677506775
19197,64033.0,12657.0,1867.0,12657.0,685.0,49.0,1712.0,5352.0,763.0,4393.0,5352.0,320.0,12817.0,9872.0,23.0,8.0,2402.0,100.0,14.750730820889626,5.412024966421743,2.8621495327102804,14.256352765321376,5.9790732436472345,0.1794491690723258,18.740734961379417,0.0624171022860263
20001,57618.0,12035.0,1578.0,12331.0,1178.0,143.0,1811.0,5014.0,692.0,4135.0,5014.0,370.0,12491.0,11120.0,236.0,91.0,512.0,53.3370589174517,13.111757374324888,9.553158705701078,7.896189950303699,13.801356202632627,7.379337854008775,1.8893603394444,4.098951244896325,0.7285245376671203
20003,64925.0,7704.0,840.0,7700.0,827.0,115.0,1053.0,3287.0,749.0,2365.0,3287.0,226.0,7819.0,7120.0,69.0,19.0,127.0,100.0,10.903426791277258,10.74025974025974,10.921177587844255,22.786735625190143,6.87557042896258,0.8824657884639979,1.6242486251438804,0.2429978258089269
20005,62164.0,14644.0,1871.0,16046.0,1396.0,154.0,2080.0,5876.0,778.0,4935.0,5876.0,354.0,16211.0,13998.0,679.0,18.0,582.0,33.28235869831172,12.776563780387873,8.699987535834476,7.403846153846154,13.240299523485364,6.024506466984343,4.1885139719943245,3.590154833137993,0.1110357164888038
20007,57615.0,4058.0,716.0,4111.0,284.0,32.0,569.0,1806.0,252.0,1532.0,1806.0,104.0,4153.0,3687.0,7.0,85.0,254.0,100.0,17.644159684573683,6.908294818778886,5.62390158172232,13.953488372093023,5.758582502768549,0.1685528533590175,6.11606067902721,2.046713219359499
20009,56733.0,24698.0,3640.0,24909.0,2803.0,483.0,3524.0,10219.0,1352.0,8762.0,10219.0,499.0,25275.0,20072.0,165.0,40.0,4149.0,42.078217549915664,14.738035468458984,11.252960777229116,13.706015891032918,13.23025736373422,4.883060964869361,0.6528189910979229,16.415430267062316,0.1582591493570722
20011,67555.0,14002.0,1649.0,14203.0,1112.0,166.0,1938.0,5770.0,597.0,5040.0,5770.0,243.0,14384.0,12773.0,313.0,6.0,432.0,48.19637883008357,11.776889015854875,7.829331831303246,8.565531475748195,10.346620450606586,4.211438474870017,2.1760289210233594,3.0033370411568407,0.0417130144605116
20013,58886.0,9170.0,1303.0,9309.0,954.0,104.0,1334.0,3719.0,451.0,3132.0,3719.0,210.0,9415.0,7706.0,131.0,629.0,416.0,100.0,14.209378407851691,10.248146954560102,7.796101949025488,12.12691583759075,5.6466792148427,1.3913967073818374,4.418481147105682,6.680828465215082
20015,80375.0,64697.0,5845.0,64812.0,4088.0,652.0,8632.0,25025.0,2193.0,22163.0,25025.0,1002.0,67916.0,58612.0,1392.0,402.0,3813.0,46.10121697833185,9.034421997928806,6.307473924581868,7.553290083410565,8.763236763236764,4.003996003996004,2.04959067082867,5.614288238412156,0.5919076506272454
20017,54518.0,2458.0,258.0,2458.0,184.0,17.0,342.0,1145.0,188.0,915.0,1145.0,35.0,2579.0,2245.0,32.0,0.0,208.0,100.0,10.496338486574452,7.485760781122864,4.970760233918129,16.419213973799128,3.056768558951965,1.240791004265219,8.065141527723924,0.0
20019,54592.0,3320.0,560.0,3320.0,420.0,123.0,512.0,1315.0,171.0,1088.0,1315.0,39.0,3370.0,2788.0,32.0,84.0,161.0,100.0,16.867469879518072,12.650602409638552,24.0234375,13.003802281368822,2.9657794676806084,0.9495548961424332,4.777448071216617,2.492581602373887
20021,58274.0,18963.0,2476.0,19052.0,1904.0,250.0,2954.0,7727.0,964.0,6501.0,7727.0,510.0,19236.0,16536.0,157.0,367.0,548.0,100.0,13.057005748035648,9.993701448666808,8.463100880162491,12.475734437686036,6.600232949398214,0.8161779995841131,2.848825119567478,1.907881056352672
20023,55765.0,2590.0,451.0,2586.0,390.0,107.0,377.0,1186.0,153.0,998.0,1186.0,39.0,2628.0,2307.0,1.0,12.0,239.0,100.0,17.413127413127413,15.08120649651972,28.381962864721487,12.900505902192243,3.288364249578415,0.0380517503805175,9.094368340943683,0.45662100456621
20025,65515.0,1884.0,178.0,1940.0,114.0,18.0,311.0,813.0,66.0,695.0,813.0,35.0,1987.0,1673.0,0.0,37.0,127.0,100.0,9.447983014861997,5.876288659793815,5.787781350482315,8.118081180811808,4.305043050430505,0.0,6.391545042778057,1.8621036738802212
20027,63136.0,7876.0,1018.0,7811.0,519.0,123.0,1010.0,3629.0,465.0,3044.0,3629.0,280.0,8071.0,7379.0,189.0,46.0,264.0,49.10681286189479,12.92534281361097,6.644475739341954,12.178217821782178,12.81344723064205,7.715624138881234,2.341717259323504,3.270970140007434,0.5699417668194772
20029,57333.0,8497.0,863.0,8733.0,867.0,84.0,1141.0,3670.0,501.0,3047.0,3670.0,216.0,8973.0,8037.0,54.0,43.0,332.0,44.29805137289637,10.156525832646816,9.927859841978702,7.361963190184049,13.651226158038147,5.885558583106267,0.6018054162487463,3.6999888554552554,0.4792154240499275
20031,67377.0,8183.0,782.0,8174.0,951.0,104.0,1238.0,3547.0,376.0,3049.0,3547.0,174.0,8304.0,7653.0,41.0,7.0,279.0,100.0,9.556397409263106,11.634450697333008,8.40064620355412,10.60050747110234,4.905553989286721,0.49373795761079,3.359826589595376,0.0842967244701348
20033,49417.0,1619.0,181.0,1624.0,148.0,26.0,282.0,821.0,126.0,691.0,821.0,32.0,1685.0,1606.0,4.0,0.0,31.0,100.0,11.179740580605312,9.113300492610838,9.21985815602837,15.347137637028014,3.89768574908648,0.2373887240356083,1.8397626112759644,0.0
20035,58263.0,32150.0,4455.0,33320.0,2719.0,465.0,4323.0,13339.0,1767.0,11173.0,13339.0,763.0,34487.0,26639.0,763.0,411.0,4098.0,31.995137341167617,13.85692068429238,8.160264105642257,10.756419153365718,13.246870080215908,5.720068970687458,2.2124278713718213,11.882738423173947,1.1917534143300377
20037,50311.0,37152.0,7727.0,38456.0,4394.0,369.0,4574.0,15897.0,1833.0,13671.0,15897.0,1522.0,38963.0,32839.0,718.0,183.0,2769.0,40.67535666632454,20.79834194659776,11.426045350530476,8.067337122868386,11.530477448575205,9.574133484305214,1.8427739137130097,7.106742293971204,0.4696763596232323
20039,52030.0,2662.0,345.0,2694.0,194.0,33.0,466.0,1373.0,123.0,1209.0,1373.0,29.0,2746.0,2501.0,47.0,13.0,112.0,100.0,12.960180315552217,7.201187824795842,7.081545064377682,8.958485069191552,2.112163146394756,1.7115804806991988,4.0786598689002185,0.4734158776402039
20041,67982.0,18043.0,1592.0,18089.0,1491.0,243.0,2721.0,7958.0,666.0,7137.0,7958.0,414.0,18423.0,16396.0,51.0,25.0,998.0,64.1071622649712,8.823366402482957,8.24257836254077,8.930540242557884,8.368936918823826,5.202312138728324,0.2768278781957335,5.417141616457688,0.1356999402920262
20043,72833.0,6755.0,662.0,7391.0,550.0,103.0,1032.0,2670.0,288.0,2328.0,2670.0,94.0,7492.0,6639.0,229.0,24.0,237.0,71.67776298268974,9.800148038490008,7.441482884589365,9.98062015503876,10.786516853932584,3.5205992509363297,3.05659369994661,3.163374265883609,0.3203416978109984
20045,68756.0,111114.0,16894.0,118873.0,9324.0,767.0,11841.0,49939.0,1511.0,45634.0,49939.0,3535.0,119547.0,91508.0,4758.0,1233.0,8443.0,14.6373700383045,15.204204690678042,7.843665087951006,6.477493454944684,3.025691343438996,7.078635935841727,3.9800245928379634,7.062494249123776,1.0313935105021457
20047,53792.0,2758.0,453.0,2756.0,265.0,33.0,446.0,1187.0,147.0,1010.0,1187.0,62.0,2817.0,2073.0,4.0,16.0,621.0,100.0,16.424945612762873,9.615384615384617,7.3991031390134525,12.384161752316764,5.223251895534962,0.1419950301739439,22.044728434504798,0.5679801206957756
20049,56087.0,2452.0,410.0,2455.0,219.0,58.0,387.0,1076.0,148.0,904.0,1076.0,51.0,2464.0,2172.0,3.0,31.0,110.0,100.0,16.721044045676997,8.920570264765784,14.987080103359173,13.754646840148698,4.739776951672862,0.1217532467532467,4.464285714285714,1.2581168831168832
20051,59889.0,27478.0,4873.0,28680.0,2069.0,150.0,3046.0,12186.0,757.0,11244.0,12186.0,472.0,28870.0,25267.0,342.0,33.0,2039.0,24.37962258934126,17.734187349879903,7.214086471408647,4.924491135915956,6.212046610864927,3.8732972263252914,1.1846207135434708,7.062694838933148,0.114305507447177
20053,66792.0,5360.0,453.0,5364.0,184.0,36.0,814.0,2329.0,255.0,1996.0,2329.0,92.0,6366.0,5368.0,197.0,20.0,385.0,100.0,8.451492537313433,3.43027591349739,4.422604422604422,10.94890510948905,3.95019321597252,3.094564875903236,6.04775369148602,0.3141690229343387
20055,72437.0,37216.0,4351.0,37739.0,4846.0,458.0,4077.0,13198.0,1346.0,11625.0,13198.0,769.0,38001.0,14422.0,1605.0,41.0,19915.0,19.480114374837537,11.691208082545142,12.840827790879462,11.233750306597988,10.198514926504016,5.826640400060615,4.22357306386674,52.40651561801005,0.1078918975816425
20057,70495.0,33177.0,4769.0,33735.0,4639.0,417.0,3734.0,11768.0,1238.0,10265.0,11768.0,466.0,34133.0,12418.0,767.0,33.0,19858.0,19.205529792632777,14.374416011092022,13.751296872684156,11.167648634172467,10.520054384772264,3.959891230455472,2.24709225676032,58.17830252248557,0.0966806316467934
20059,72142.0,25339.0,2444.0,25800.0,1944.0,308.0,3777.0,10289.0,1361.0,8619.0,10289.0,374.0,25994.0,23173.0,203.0,87.0,1215.0,52.06570241575627,9.645210939658234,7.534883720930233,8.154620068837701,13.22771892312178,3.634949946544854,0.7809494498730476,4.674155574363315,0.3346926213741633
20061,57344.0,34821.0,6709.0,30758.0,2443.0,175.0,2021.0,13787.0,601.0,12856.0,13787.0,596.0,35895.0,19955.0,5757.0,78.0,5811.0,11.62252647050818,19.267108928520145,7.942649066909422,8.659079663532905,4.359178936679481,4.322912888953362,16.03844546594233,16.188884245716675,0.2173004596740493
20063,63203.0,2743.0,112.0,2751.0,219.0,36.0,397.0,1171.0,216.0,928.0,1171.0,18.0,2796.0,2660.0,6.0,0.0,37.0,100.0,4.083120670798396,7.960741548527808,9.06801007556675,18.445772843723315,1.5371477369769428,0.2145922746781116,1.323319027181688,0.0
20065,52909.0,2371.0,267.0,2375.0,130.0,31.0,388.0,1181.0,137.0,1032.0,1181.0,41.0,2406.0,2108.0,90.0,0.0,90.0,100.0,11.261071277941795,5.473684210526316,7.989690721649485,11.60033869602032,3.4716342082980525,3.740648379052369,3.740648379052369,0.0
20067,72484.0,7194.0,390.0,7223.0,1205.0,72.0,884.0,2377.0,105.0,2241.0,2377.0,77.0,7284.0,3230.0,13.0,53.0,3850.0,20.225788900979325,5.421184320266889,16.682818773362868,8.144796380090497,4.417332772402188,3.239377366428271,0.1784733662822624,52.8555738605162,0.727622185612301
20069,77885.0,5514.0,383.0,5611.0,644.0,35.0,672.0,2078.0,260.0,1797.0,2078.0,33.0,5696.0,4593.0,0.0,0.0,915.0,100.0,6.945955749002539,11.477454999108891,5.208333333333333,12.512030798845045,1.588065447545717,0.0,16.063904494382022,0.0
20071,78819.0,1270.0,127.0,1270.0,144.0,3.0,156.0,524.0,27.0,484.0,524.0,23.0,1296.0,1050.0,2.0,5.0,225.0,100.0,10.0,11.338582677165354,1.9230769230769231,5.152671755725191,4.3893129770992365,0.1543209876543209,17.36111111111111,0.3858024691358024
20073,58276.0,5872.0,873.0,5884.0,588.0,101.0,945.0,2604.0,351.0,2121.0,2604.0,156.0,5956.0,5432.0,35.0,63.0,235.0,100.0,14.86716621253406,9.99320190346703,10.687830687830688,13.47926267281106,5.990783410138249,0.587642713230356,3.9456010745466754,1.0577568838146407
20075,61929.0,2475.0,92.0,2475.0,573.0,38.0,270.0,770.0,54.0,691.0,770.0,12.0,2485.0,1424.0,1.0,0.0,1034.0,100.0,3.717171717171717,23.151515151515152,14.074074074074074,7.012987012987013,1.5584415584415583,0.0402414486921529,41.60965794768612,0.0
20077,55417.0,5315.0,812.0,5315.0,483.0,61.0,726.0,2205.0,289.0,1800.0,2205.0,68.0,5446.0,4740.0,46.0,14.0,421.0,100.0,15.277516462841016,9.087488240827843,8.402203856749312,13.10657596371882,3.0839002267573696,0.8446566287183254,7.730444362835108,0.2570694087403599
20079,73269.0,32564.0,2592.0,33135.0,2945.0,576.0,4239.0,13478.0,1456.0,11356.0,13478.0,547.0,33823.0,27475.0,371.0,57.0,4104.0,40.106983305901714,7.959710109323179,8.887882903274484,13.588110403397028,10.802789731414157,4.058465647722214,1.096886733879313,12.133755137036928,0.1685243769032906
20081,69138.0,3598.0,387.0,3640.0,640.0,97.0,495.0,1384.0,118.0,1234.0,1384.0,53.0,3695.0,2471.0,9.0,38.0,1112.0,100.0,10.75597554196776,17.582417582417584,19.595959595959595,8.526011560693641,3.8294797687861273,0.2435723951285521,30.094722598105548,1.0284167794316643
20083,63125.0,1638.0,99.0,1654.0,113.0,9.0,343.0,666.0,126.0,531.0,666.0,6.0,1676.0,1537.0,2.0,1.0,96.0,100.0,6.043956043956044,6.831922611850061,2.623906705539359,18.91891891891892,0.9009009009009008,0.1193317422434367,5.727923627684964,0.0596658711217183
20085,72703.0,13092.0,1190.0,13109.0,1067.0,135.0,1828.0,5100.0,551.0,4433.0,5100.0,204.0,13277.0,11006.0,124.0,807.0,705.0,100.0,9.0895203177513,8.139446182012358,7.38512035010941,10.803921568627452,4.0,0.9339459215184152,5.309934473149054,6.0781803118174285
20087,77393.0,18160.0,1147.0,18174.0,869.0,162.0,3024.0,7390.0,708.0,6528.0,7390.0,370.0,18391.0,16847.0,117.0,85.0,616.0,99.12891986062718,6.316079295154185,4.781556069109717,5.357142857142857,9.580514208389715,5.006765899864682,0.6361807405796314,3.349464411940623,0.4621825893099885
20089,52344.0,2879.0,369.0,2879.0,159.0,23.0,429.0,1268.0,210.0,1027.0,1268.0,30.0,2909.0,2685.0,23.0,9.0,76.0,100.0,12.816950329975686,5.522750955192775,5.361305361305361,16.561514195583594,2.365930599369085,0.7906497078033689,2.612581643176349,0.3093846682708834
20091,107261.0,608815.0,32476.0,609881.0,31334.0,3721.0,74528.0,244777.0,6429.0,234315.0,244777.0,8156.0,614764.0,472785.0,29088.0,666.0,55724.0,4.037300180532349,5.334296953918678,5.137723588700091,4.992754401030485,2.626472258422973,3.332012403126111,4.731571790150366,9.064291337814186,0.1083342550962645
20093,74135.0,3826.0,232.0,3840.0,441.0,24.0,461.0,1365.0,49.0,1252.0,1365.0,18.0,3910.0,2290.0,46.0,3.0,1379.0,100.0,6.0637741766858335,11.484375,5.206073752711497,3.58974358974359,1.3186813186813189,1.1764705882352942,35.26854219948849,0.0767263427109974
20095,59819.0,7146.0,670.0,7146.0,593.0,149.0,1177.0,3088.0,430.0,2537.0,3088.0,161.0,7284.0,6601.0,19.0,9.0,289.0,100.0,9.375874615169325,8.298348726560313,12.65930331350892,13.924870466321243,5.213730569948186,0.2608456891817682,3.967600219659528,0.1235584843492586
20097,73214.0,2209.0,125.0,2352.0,193.0,28.0,296.0,948.0,140.0,753.0,948.0,42.0,2422.0,2147.0,20.0,10.0,104.0,100.0,5.658669081032142,8.20578231292517,9.45945945945946,14.767932489451477,4.430379746835443,0.8257638315441783,4.293971924029727,0.4128819157720891
20099,55439.0,19391.0,3117.0,19603.0,2087.0,272.0,2900.0,8057.0,1425.0,6394.0,8057.0,468.0,19949.0,16634.0,686.0,142.0,998.0,53.264962346413,16.074467536485997,10.646329643421923,9.379310344827584,17.686483802904306,5.808613627901204,3.438768860594516,5.00275703042759,0.7118151285778735
20101,53042.0,1490.0,121.0,1490.0,249.0,57.0,226.0,725.0,101.0,597.0,725.0,36.0,1497.0,1210.0,5.0,14.0,231.0,100.0,8.120805369127517,16.711409395973153,25.221238938053094,13.93103448275862,4.965517241379311,0.334001336005344,15.430861723446894,0.9352037408149632
20103,86906.0,77206.0,6671.0,75578.0,5235.0,891.0,9971.0,29754.0,2137.0,27017.0,29754.0,1317.0,82493.0,64124.0,5916.0,343.0,6027.0,33.198177843455746,8.640520166826413,6.926618857339437,8.935914151038011,7.182227599650467,4.426295624117766,7.1715175833101,7.306074454802226,0.4157928551513462
20105,53546.0,2873.0,341.0,2873.0,199.0,46.0,462.0,1221.0,232.0,957.0,1221.0,42.0,2924.0,2693.0,6.0,2.0,123.0,100.0,11.869126348764356,6.926557605290637,9.956709956709958,19.000819000819,3.43980343980344,0.2051983584131327,4.20656634746922,0.0683994528043775
20107,59200.0,9587.0,1024.0,9674.0,954.0,341.0,1570.0,4299.0,661.0,3575.0,4299.0,211.0,9723.0,8869.0,69.0,19.0,284.0,100.0,10.681130697819963,9.86148439115154,21.719745222929937,15.375668760176785,4.908118167015585,0.7096575131132367,2.9209091844081043,0.1954129383934999
20109,71389.0,2691.0,355.0,2691.0,237.0,51.0,381.0,1238.0,105.0,1116.0,1238.0,70.0,2720.0,2408.0,0.0,31.0,185.0,100.0,13.192121887774062,8.807134894091416,13.385826771653544,8.481421647819063,5.654281098546042,0.0,6.801470588235294,1.1397058823529411
20111,59078.0,31087.0,4712.0,31742.0,3492.0,221.0,3682.0,13322.0,1147.0,11795.0,13322.0,713.0,32145.0,22235.0,509.0,44.0,7526.0,25.16237297616458,15.15746131823592,11.001197152038309,6.002172732210755,8.609818345593755,5.352049241855577,1.5834499922227407,23.41266137813035,0.1368797635713174
20113,77701.0,28381.0,2579.0,29376.0,1655.0,143.0,3834.0,12151.0,844.0,10777.0,12151.0,333.0,30130.0,26986.0,486.0,30.0,1635.0,53.54862191046554,9.08706529015891,5.633850762527233,3.729786124152321,6.9459303761007325,2.7405151839354787,1.6130102887487554,5.426485230667109,0.0995685363425157
20115,63438.0,11006.0,1104.0,11509.0,825.0,170.0,1730.0,4692.0,610.0,3912.0,4692.0,151.0,11795.0,10785.0,131.0,62.0,480.0,100.0,10.03089224059604,7.168303067164827,9.826589595375722,13.00085251491901,3.218243819266837,1.1106401017380243,4.069520983467571,0.5256464603645613
20117,70828.0,9756.0,913.0,9801.0,492.0,60.0,1434.0,4101.0,494.0,3459.0,4101.0,132.0,10001.0,9385.0,66.0,29.0,262.0,100.0,9.358343583435834,5.019895928986838,4.184100418410042,12.045842477444523,3.218727139722019,0.6599340065993401,2.61973802619738,0.28997100289971
20119,74868.0,3852.0,255.0,3860.0,336.0,31.0,504.0,1496.0,182.0,1293.0,1496.0,46.0,3949.0,2877.0,51.0,5.0,915.0,100.0,6.61993769470405,8.704663212435234,6.150793650793651,12.16577540106952,3.074866310160428,1.2914661939731578,23.17042289187136,0.1266143327424664
20121,88000.0,34006.0,2267.0,34045.0,2197.0,470.0,5031.0,13532.0,1323.0,11667.0,13532.0,403.0,34625.0,31499.0,373.0,75.0,1334.0,75.38241057588255,6.666470622831265,6.453223674548392,9.34207910952097,9.776825302985516,2.9781259237363287,1.077256317689531,3.852707581227437,0.2166064981949458
20123,58233.0,5628.0,702.0,5642.0,482.0,37.0,808.0,2567.0,240.0,2149.0,2567.0,188.0,5767.0,5394.0,11.0,27.0,118.0,100.0,12.473347547974411,8.543069833392414,4.579207920792079,9.349435138293728,7.323724191663421,0.1907404196289231,2.046124501473903,0.468181029998266
20125,53242.0,30162.0,4911.0,30714.0,3567.0,414.0,4421.0,12871.0,1693.0,10833.0,12871.0,1042.0,31143.0,24097.0,1321.0,702.0,2428.0,45.39477863177285,16.28207678535906,11.61359640554796,9.364397195204704,13.153601118794189,8.095719058348225,4.241723661818065,7.796294512410493,2.2541181003756865
20127,56716.0,5301.0,677.0,5286.0,365.0,121.0,904.0,2499.0,315.0,2123.0,2499.0,108.0,5388.0,4867.0,12.0,0.0,237.0,100.0,12.771175249952838,6.905032160423761,13.38495575221239,12.605042016806722,4.321728691476591,0.22271714922049,4.398663697104677,0.0
20129,65625.0,2578.0,381.0,2578.0,288.0,34.0,355.0,950.0,118.0,802.0,950.0,31.0,2647.0,1889.0,35.0,1.0,613.0,100.0,14.7788983708301,11.171450737005433,9.577464788732394,12.421052631578949,3.263157894736842,1.3222516055912354,23.15829240649792,0.0377786173026067
20131,77375.0,9896.0,764.0,9954.0,496.0,67.0,1368.0,4047.0,394.0,3453.0,4047.0,145.0,10213.0,9567.0,65.0,49.0,257.0,100.0,7.720291026677446,4.982921438617641,4.89766081871345,9.735606622189277,3.5829009142574746,0.6364437481641045,2.516400665818075,0.4797806716929403
20133,55704.0,15190.0,2340.0,15527.0,1811.0,320.0,2054.0,6322.0,938.0,5190.0,6322.0,359.0,15715.0,13861.0,218.0,10.0,930.0,45.23390342052314,15.404871626069784,11.66355380949314,15.57935735150925,14.837076874406833,5.678582726985131,1.3872096722876233,5.917912822144448,0.0636334712058542
20135,66107.0,2595.0,296.0,2599.0,238.0,54.0,438.0,1163.0,103.0,1035.0,1163.0,28.0,2659.0,2120.0,1.0,0.0,403.0,100.0,11.406551059730251,9.157368218545594,12.32876712328767,8.856405846947549,2.407566638005159,0.0376081233546446,15.156073711921776,0.0
20137,50305.0,4397.0,375.0,4401.0,419.0,105.0,643.0,1917.0,127.0,1775.0,1917.0,21.0,5392.0,4616.0,146.0,64.0,314.0,100.0,8.528542187855356,9.52056350829357,16.329704510108865,6.624934793948879,1.0954616588419406,2.707715133531157,5.8234421364985165,1.1869436201780414
20139,70216.0,15538.0,1709.0,15585.0,1299.0,194.0,2437.0,6362.0,838.0,5302.0,6362.0,156.0,15780.0,14582.0,79.0,16.0,512.0,100.0,10.998841549749002,8.334937439846005,7.960607304062372,13.171958503615215,2.452059100911663,0.5006337135614702,3.244613434727503,0.1013941698352344
20141,59408.0,3364.0,419.0,3371.0,183.0,35.0,543.0,1609.0,231.0,1343.0,1609.0,49.0,3473.0,3224.0,14.0,12.0,93.0,100.0,12.455410225921522,5.428656185108276,6.445672191528545,14.356743318831573,3.045369794903667,0.4031097034264325,2.6778001727613017,0.3455226029369421
20143,76755.0,5654.0,685.0,5681.0,350.0,87.0,861.0,2377.0,242.0,2062.0,2377.0,73.0,5782.0,5382.0,40.0,27.0,183.0,100.0,12.11531659002476,6.160887167752156,10.104529616724738,10.180900294488852,3.071098022717712,0.6918021445866482,3.164994811483916,0.4669664475959875
20145,63625.0,5417.0,608.0,5430.0,601.0,119.0,913.0,2415.0,255.0,2154.0,2415.0,170.0,6220.0,5081.0,426.0,39.0,540.0,40.28466336158644,11.223924681558058,11.068139963167589,13.03395399780942,10.559006211180124,7.0393374741200825,6.84887459807074,8.681672025723472,0.6270096463022508
20147,61235.0,4775.0,661.0,4799.0,293.0,105.0,734.0,2182.0,267.0,1867.0,2182.0,102.0,4874.0,4515.0,26.0,30.0,160.0,100.0,13.842931937172777,6.105438633048552,14.30517711171662,12.23648029330889,4.674610449129239,0.5334427574887156,3.282724661469019,0.6155108740254411
20149,87694.0,25453.0,1810.0,25412.0,1453.0,298.0,3077.0,9084.0,547.0,8276.0,9084.0,189.0,25808.0,22688.0,443.0,72.0,1508.0,65.53968754931356,7.1111460338663415,5.71777113174878,9.684757881052974,6.021576398062527,2.080581241743725,1.7165220086794792,5.843149411035338,0.2789832610043397
20151,64348.0,8514.0,813.0,8929.0,769.0,64.0,1065.0,3521.0,424.0,2964.0,3521.0,198.0,9120.0,7773.0,189.0,17.0,755.0,28.04411925303047,9.548978153629315,8.61238660544294,6.009389671361502,12.042033513206476,5.623402442487929,2.0723684210526314,8.278508771929825,0.1864035087719298
20153,65000.0,2497.0,252.0,2497.0,213.0,45.0,357.0,1166.0,161.0,983.0,1166.0,47.0,2533.0,2256.0,0.0,20.0,186.0,100.0,10.092110532639166,8.530236283540248,12.605042016806722,13.807890222984565,4.030874785591767,0.0,7.343071456770628,0.7895775759968416
20155,60498.0,58310.0,7252.0,58921.0,5368.0,871.0,8002.0,25344.0,3230.0,20927.0,25344.0,1196.0,61693.0,51001.0,1388.0,233.0,6245.0,31.379042941613623,12.436974789915968,9.110503895045907,10.884778805298676,12.74463383838384,4.719065656565657,2.2498500640267127,10.122704358679266,0.3776765597393545
20157,53611.0,4557.0,665.0,4594.0,303.0,45.0,673.0,1994.0,459.0,1480.0,1994.0,98.0,4662.0,4368.0,29.0,0.0,116.0,100.0,14.592933947772655,6.595559425337397,6.686478454680535,23.019057171514543,4.914744232698094,0.622050622050622,2.488202488202488,0.0
20159,63947.0,8747.0,644.0,9223.0,617.0,139.0,1243.0,3694.0,411.0,3156.0,3694.0,131.0,9389.0,7346.0,176.0,47.0,1282.0,100.0,7.362524294043672,6.689797246015396,11.182622687047466,11.126150514347591,3.546291283161884,1.8745340291830863,13.654276280754074,0.5005857918841197
20161,59560.0,61260.0,13499.0,64574.0,4223.0,284.0,5259.0,27137.0,1432.0,24654.0,27137.0,1381.0,71710.0,53106.0,4385.0,221.0,7120.0,9.848663822454451,22.03558602677114,6.539783813918914,5.400266210306142,5.276928179238678,5.088992887938976,6.114907265374425,9.928880211964858,0.30818574815228
20163,61596.0,4645.0,247.0,4657.0,231.0,32.0,808.0,2142.0,242.0,1793.0,2142.0,167.0,4869.0,4485.0,131.0,15.0,144.0,100.0,5.317545748116254,4.960274855056904,3.96039603960396,11.297852474323063,7.796451914098973,2.6904908605463134,2.957486136783734,0.3080714725816389
20165,60288.0,2881.0,329.0,2881.0,171.0,23.0,366.0,1382.0,126.0,1250.0,1382.0,47.0,2957.0,2613.0,13.0,12.0,160.0,100.0,11.419645956265184,5.93543908365151,6.284153005464481,9.117221418234443,3.4008683068017365,0.439634764964491,5.410889414947582,0.4058167061210686
20167,53902.0,6541.0,1004.0,6617.0,589.0,100.0,962.0,3099.0,360.0,2683.0,3099.0,189.0,6717.0,6042.0,0.0,36.0,271.0,39.23180391570767,15.349334964072773,8.901314795224422,10.395010395010395,11.616650532429816,6.098741529525653,0.0,4.034539228822391,0.5359535506922734
20169,63316.0,52312.0,6457.0,53133.0,5290.0,774.0,7498.0,22299.0,2366.0,19418.0,22299.0,1521.0,53801.0,42359.0,1866.0,33.0,6715.0,14.282820470323925,12.343248203089155,9.956147780098997,10.322752734062416,10.610341270909007,6.820933674155792,3.468337019757997,12.481180647199864,0.0613371498671028
20171,67788.0,4933.0,436.0,4975.0,335.0,19.0,580.0,2190.0,232.0,1792.0,2190.0,61.0,5071.0,3876.0,0.0,0.0,1024.0,100.0,8.838435029393878,6.733668341708543,3.2758620689655173,10.593607305936072,2.785388127853881,0.0,20.19325576809308,0.0
20173,67675.0,516113.0,72477.0,516838.0,56522.0,7339.0,62843.0,205024.0,14857.0,185882.0,205024.0,11652.0,524810.0,343531.0,40792.0,2364.0,84671.0,7.419858578453832,14.042854956182076,10.93611537851319,11.678309437805323,7.2464687061027,5.683237084438895,7.772717745469789,16.133648367980793,0.4504487338274804
20175,62269.0,21283.0,2762.0,21480.0,2983.0,257.0,2195.0,7208.0,764.0,6270.0,7208.0,644.0,21640.0,5603.0,545.0,46.0,14418.0,9.656710981606263,12.977493774373912,13.88733705772812,11.708428246013668,10.599334073251942,8.934517203107658,2.518484288354898,66.62661737523105,0.2125693160813308
20177,66043.0,173782.0,21495.0,174801.0,14444.0,1856.0,23489.0,74528.0,8110.0,64120.0,74528.0,5578.0,178315.0,127911.0,13092.0,748.0,24244.0,16.831461804604576,12.368945000057543,8.26311062293694,7.901570948103368,10.881816230141691,7.484435379991413,7.342063202759162,13.596164091635588,0.419482376692931
20179,70000.0,2414.0,252.0,2414.0,177.0,26.0,346.0,1022.0,78.0,934.0,1022.0,28.0,2442.0,2237.0,3.0,6.0,145.0,100.0,10.43910521955261,7.332228666114333,7.514450867052023,7.632093933463796,2.73972602739726,0.1228501228501228,5.937755937755938,0.2457002457002457
20181,64444.0,5554.0,557.0,5854.0,579.0,128.0,825.0,2358.0,173.0,2165.0,2358.0,75.0,5919.0,4748.0,122.0,0.0,766.0,25.105449637253248,10.028808066258552,9.890673044072429,15.515151515151516,7.336726039016115,3.1806615776081424,2.0611589795573577,12.941375232302754,0.0
20183,57024.0,3509.0,275.0,3527.0,286.0,80.0,582.0,1578.0,189.0,1330.0,1578.0,51.0,3579.0,3354.0,27.0,17.0,40.0,100.0,7.836990595611285,8.108874397504962,13.745704467353953,11.977186311787072,3.2319391634980987,0.7544006705783739,1.1176306230790725,0.4749930148086057
20185,63786.0,3903.0,422.0,3906.0,297.0,60.0,602.0,1598.0,203.0,1367.0,1598.0,45.0,4004.0,3284.0,7.0,19.0,534.0,100.0,10.812195746861388,7.6036866359447,9.966777408637874,12.703379224030035,2.816020025031289,0.1748251748251748,13.336663336663335,0.4745254745254745
20187,70361.0,1988.0,256.0,1988.0,470.0,66.0,343.0,822.0,115.0,701.0,822.0,18.0,2018.0,926.0,0.0,105.0,908.0,100.0,12.877263581488934,23.64185110663984,19.24198250728863,13.990267639902676,2.18978102189781,0.0,44.99504459861249,5.203171456888008
20189,61909.0,5104.0,780.0,5104.0,903.0,93.0,589.0,1789.0,128.0,1612.0,1789.0,61.0,5212.0,3013.0,6.0,3.0,2016.0,100.0,15.282131661442008,17.692006269592476,15.789473684210526,7.154835103409726,3.4097261039686977,0.1151189562547966,38.67996930161166,0.0575594781273983
20191,60348.0,21860.0,2351.0,21996.0,1952.0,353.0,3327.0,8974.0,1156.0,7590.0,8974.0,485.0,22386.0,19510.0,255.0,172.0,1320.0,62.64855687606112,10.7548032936871,8.874340789234406,10.610159302675084,12.881658123467796,5.404501894361489,1.139104797641383,5.896542481908336,0.7683373537032073
20193,73575.0,7488.0,516.0,7793.0,969.0,82.0,937.0,3101.0,281.0,2767.0,3101.0,99.0,7913.0,7133.0,25.0,1.0,639.0,31.059268600252206,6.891025641025641,12.43423585268831,8.751334044823906,9.061593034504998,3.192518542405676,0.3159358018450651,8.075319095159864,0.0126374320738026
20195,73375.0,2704.0,149.0,2719.0,142.0,28.0,450.0,1346.0,139.0,1198.0,1346.0,37.0,2778.0,2669.0,2.0,3.0,5.0,100.0,5.510355029585799,5.2225082751011405,6.222222222222222,10.326894502228829,2.74888558692422,0.0719942404607631,0.1799856011519078,0.1079913606911447
20197,70536.0,6804.0,480.0,6847.0,682.0,89.0,1085.0,2616.0,382.0,2193.0,2616.0,79.0,6961.0,6265.0,22.0,29.0,322.0,100.0,7.054673721340388,9.96056667153498,8.202764976958525,14.602446483180428,3.0198776758409784,0.3160465450366326,4.6257721591725325,0.4166068093664703
20199,60263.0,1435.0,184.0,1435.0,83.0,29.0,241.0,660.0,62.0,571.0,660.0,23.0,1459.0,1298.0,10.0,2.0,91.0,100.0,12.822299651567944,5.7839721254355405,12.033195020746888,9.393939393939394,3.484848484848485,0.6854009595613434,6.237148732008225,0.1370801919122686
20201,62452.0,5420.0,440.0,5421.0,282.0,65.0,798.0,2371.0,474.0,1796.0,2371.0,67.0,5519.0,5043.0,11.0,12.0,258.0,100.0,8.118081180811808,5.201992252351965,8.145363408521304,19.99156474061577,2.825811893715732,0.1993114694691067,4.674759920275412,0.2174306939662982
20203,71282.0,2096.0,342.0,2096.0,172.0,29.0,273.0,878.0,36.0,822.0,878.0,0.0,2115.0,1431.0,4.0,6.0,628.0,100.0,16.31679389312977,8.206106870229007,10.622710622710622,4.100227790432802,0.0,0.1891252955082742,29.692671394799053,0.2836879432624113
20205,57056.0,8429.0,1331.0,8431.0,582.0,110.0,1221.0,3515.0,622.0,2787.0,3515.0,183.0,8559.0,7786.0,13.0,50.0,310.0,100.0,15.790722505635308,6.903095718182897,9.00900900900901,17.695590327169274,5.2062588904694165,0.1518869026755462,3.621918448416871,0.584180394905947
20207,48152.0,3079.0,379.0,3086.0,166.0,89.0,492.0,1226.0,192.0,1011.0,1226.0,70.0,3118.0,2868.0,3.0,31.0,23.0,100.0,12.309191295875284,5.379131561892417,18.089430894308943,15.66068515497553,5.709624796084829,0.096215522771007,0.7376523412443874,0.9942270686337396
20209,60582.0,165387.0,28943.0,165898.0,29487.0,2448.0,18833.0,61241.0,5832.0,53071.0,61241.0,4651.0,167277.0,62177.0,31495.0,489.0,55765.0,5.288782534195988,17.50016627667229,17.77417449276061,12.998460149737165,9.523031955715942,7.594585326823533,18.828051674767003,33.33692019823407,0.2923294894097814
21001,50316.0,17779.0,3208.0,18759.0,1297.0,166.0,2645.0,6986.0,952.0,5916.0,6986.0,444.0,19016.0,17258.0,342.0,3.0,626.0,73.4539491086071,18.04375949153496,6.914014606322299,6.275992438563328,13.627254509018035,6.355568279415975,1.798485485906605,3.2919646613378206,0.0157761884728649
21003,59029.0,20743.0,3120.0,20836.0,2048.0,378.0,3086.0,7852.0,1461.0,6189.0,7852.0,541.0,21029.0,19672.0,96.0,28.0,584.0,77.47717116767049,15.041218724388951,9.82914186984066,12.248865845755022,18.606724401426387,6.889964340295466,0.4565124352085216,2.777117314185173,0.1331494602691521
21005,71747.0,23910.0,2981.0,23989.0,870.0,134.0,3396.0,9496.0,962.0,8314.0,9496.0,277.0,24098.0,22214.0,679.0,0.0,578.0,43.220694281401975,12.46758678377248,3.6266622201842513,3.945818610129564,10.130581297388376,2.917017691659646,2.817661216698481,2.398539297867043,0.0
21007,64740.0,7529.0,1037.0,7555.0,298.0,60.0,1090.0,3121.0,267.0,2683.0,3121.0,143.0,7678.0,7028.0,279.0,0.0,110.0,100.0,13.77340948333112,3.944407677035076,5.504587155963303,8.55495033643063,4.581864786927267,3.6337587913519145,1.4326647564469914,0.0
21009,49171.0,43745.0,9207.0,44024.0,3551.0,408.0,6008.0,17972.0,2096.0,15272.0,17972.0,1535.0,44670.0,39349.0,1630.0,10.0,1904.0,62.10183207822862,21.046976797348268,8.066054879156823,6.790945406125166,11.66258624527042,8.541063877142221,3.6489814192970673,4.262368479964182,0.0223863890754421
21011,54128.0,12678.0,2974.0,12730.0,978.0,112.0,1790.0,4743.0,675.0,3964.0,4743.0,413.0,12812.0,12148.0,225.0,1.0,227.0,100.0,23.45795866855971,7.682639434406913,6.256983240223463,14.231499051233396,8.707569049125027,1.7561660942866064,1.771776459569154,0.0078051826412738
21013,32403.0,23125.0,6268.0,23369.0,1572.0,140.0,3429.0,9526.0,1880.0,7330.0,9526.0,824.0,23878.0,22255.0,533.0,21.0,177.0,59.26878864588953,27.104864864864865,6.7268603705764045,4.082822980460776,19.73546084400588,8.650010497585555,2.2321802496021443,0.7412681129072787,0.0879470642432364
21015,94752.0,136365.0,8997.0,136742.0,7219.0,526.0,16956.0,50341.0,2571.0,46742.0,50341.0,1869.0,137676.0,115033.0,5240.0,58.0,7827.0,11.465933160743704,6.597734022659774,5.2792850770063335,3.102146732719981,5.107169106692358,3.712679525635168,3.806037363084343,5.685086725355181,0.0421278944768877
21017,56322.0,19930.0,2724.0,20030.0,559.0,77.0,2855.0,8128.0,1008.0,6878.0,8128.0,384.0,20174.0,16947.0,950.0,0.0,1523.0,44.35611297649615,13.66783743100853,2.7908137793310037,2.6970227670753064,12.401574803149606,4.724409448818897,4.709031426588679,7.549320908099534,0.0
21019,60659.0,46017.0,8154.0,46284.0,2183.0,198.0,6454.0,19016.0,1670.0,16427.0,19016.0,1621.0,48043.0,44397.0,996.0,37.0,816.0,23.791467230268747,17.719538431449248,4.716532711088065,3.0678648899907035,8.782078249894825,8.524400504838031,2.07314280956643,1.698478446391774,0.0770143413192348
21021,61635.0,27779.0,3946.0,29169.0,1765.0,360.0,3785.0,11806.0,1397.0,10144.0,11806.0,604.0,30708.0,25485.0,2260.0,6.0,1438.0,35.362905860064025,14.20497498110083,6.050944495868902,9.511228533685602,11.832966288327968,5.116042690157547,7.359645694932916,4.682818809430767,0.019538882375928
21023,59521.0,8330.0,1675.0,8397.0,417.0,126.0,1256.0,3263.0,372.0,2813.0,3263.0,100.0,8427.0,7971.0,102.0,91.0,78.0,100.0,20.10804321728692,4.966059306895319,10.031847133757962,11.400551639595465,3.064664419246093,1.2103951584193664,0.9255962976148095,1.0798623472172777
21025,41101.0,13230.0,3726.0,13349.0,363.0,52.0,2041.0,5532.0,1055.0,4343.0,5532.0,683.0,13438.0,12933.0,73.0,19.0,155.0,100.0,28.163265306122447,2.719304816840213,2.5477707006369426,19.070860448300795,12.346348517715112,0.543235600535794,1.1534454531924394,0.1413900878106861
21027,53673.0,20315.0,4331.0,20418.0,1357.0,154.0,3087.0,7647.0,1455.0,6084.0,7647.0,313.0,20722.0,19305.0,332.0,0.0,327.0,100.0,21.31922224956928,6.646096581447742,4.988662131519274,19.027069438995685,4.093108408526219,1.6021619534793938,1.578033008396873,0.0
21029,77640.0,82721.0,7882.0,82810.0,2422.0,364.0,11859.0,31425.0,2552.0,28335.0,31425.0,1403.0,83209.0,76290.0,954.0,21.0,2401.0,29.45254631037377,9.528414791890814,2.924767540152156,3.0693987688675266,8.120922832140016,4.464598249801114,1.1465105938059583,2.885505173719189,0.0252376545806343
21031,52003.0,12003.0,2230.0,12194.0,1145.0,79.0,1685.0,4561.0,891.0,3587.0,4561.0,386.0,12373.0,11436.0,27.0,15.0,616.0,100.0,18.57868866116804,9.389863867475809,4.688427299703264,19.53518965139224,8.46305634729226,0.2182170855895902,4.978582397155096,0.121231714216439
21033,57618.0,12483.0,1731.0,12477.0,1200.0,81.0,1787.0,5187.0,736.0,4391.0,5187.0,348.0,12631.0,11375.0,627.0,0.0,299.0,52.10688591983556,13.866858928142271,9.61769656167348,4.532736429770565,14.189319452477347,6.70908039329092,4.963977515636134,2.3671918296255243,0.0
21035,51854.0,34876.0,6012.0,37546.0,2659.0,679.0,4576.0,15086.0,1695.0,12443.0,15086.0,766.0,37882.0,33220.0,1380.0,88.0,1314.0,48.90440126135353,17.238215391673357,7.081979438555372,14.838286713286712,11.235582659419329,5.077555349330505,3.642891082836176,3.468665857135315,0.2323003009344807
21037,77271.0,90476.0,9728.0,92039.0,4273.0,545.0,12932.0,39232.0,3127.0,35442.0,39232.0,2275.0,93193.0,84518.0,2596.0,16.0,2362.0,17.11074820576733,10.752022635837127,4.642597159899608,4.214351995051036,7.970534257748777,5.798837683523654,2.7856169454787376,2.534525125277649,0.017168671466741
21039,62019.0,4697.0,783.0,4688.0,293.0,51.0,615.0,1876.0,230.0,1621.0,1876.0,66.0,4763.0,4333.0,67.0,8.0,133.0,100.0,16.670215030870768,6.25,8.292682926829269,12.260127931769723,3.518123667377399,1.406676464413185,2.7923577577157253,0.1679613688851564
21041,57753.0,10589.0,2001.0,10597.0,1042.0,11.0,1401.0,4087.0,720.0,3279.0,4087.0,306.0,10878.0,9444.0,255.0,0.0,796.0,49.38945420906568,18.896968552271225,9.832971595734644,0.7851534618129907,17.616833863469537,7.487154391974554,2.344180915609487,7.317521603235889,0.0
21043,50389.0,25851.0,5058.0,26237.0,2192.0,245.0,3564.0,10371.0,1638.0,8141.0,10371.0,918.0,26515.0,25254.0,85.0,11.0,289.0,79.6522326961355,19.565974236973425,8.354613713458093,6.874298540965207,15.794041076077525,8.851605438241249,0.320573260418631,1.0899490854233451,0.0414859513482934
21045,41689.0,15511.0,3791.0,15578.0,1795.0,165.0,2142.0,6217.0,1198.0,4885.0,6217.0,591.0,15951.0,14960.0,84.0,33.0,532.0,100.0,24.440719489394624,11.522660161766591,7.703081232492997,19.26974424963809,9.506192697442495,0.5266127515516269,3.335214093160304,0.2068835809667105
21047,54190.0,67254.0,11580.0,64141.0,6149.0,526.0,6307.0,25676.0,3087.0,21070.0,25676.0,1774.0,72599.0,46719.0,13823.0,72.0,6120.0,29.07296420520152,17.21830671781604,9.586691819584976,8.3399397494847,12.02290076335878,6.909175884094096,19.040207165387955,8.42986818000248,0.099174919764735
21049,67824.0,36281.0,4696.0,36602.0,1400.0,133.0,4917.0,14934.0,1390.0,13254.0,14934.0,1207.0,37004.0,32678.0,1575.0,27.0,1493.0,28.992210321324244,12.943413908106171,3.824927599584722,2.7049013626194838,9.307620195526985,8.082228471943218,4.256296616581992,4.034698951464707,0.0729650848556912
21051,39607.0,18533.0,5887.0,18741.0,865.0,91.0,2762.0,7178.0,1066.0,5949.0,7178.0,841.0,20105.0,18374.0,919.0,10.0,244.0,100.0,31.76495980143528,4.6155487967557765,3.294713975380159,14.850933407634438,11.71635553078852,4.571002238249192,1.2136284506341706,0.0497388709276299
21053,42168.0,9090.0,1674.0,9109.0,561.0,172.0,1346.0,3762.0,682.0,2975.0,3762.0,206.0,9240.0,8670.0,0.0,37.0,280.0,100.0,18.41584158415841,6.158744099242507,12.778603268945025,18.128654970760238,5.475810738968634,0.0,3.0303030303030303,0.4004329004329004
21055,47003.0,8718.0,1578.0,8745.0,898.0,41.0,1237.0,3553.0,649.0,2746.0,3553.0,195.0,8972.0,8461.0,46.0,13.0,216.0,100.0,18.10048176187199,10.268724985706118,3.3144704931285367,18.26625386996904,5.488319729805798,0.5127061970575123,2.407489968791797,0.14489522960321
21057,39662.0,5862.0,1987.0,5865.0,626.0,66.0,969.0,2430.0,497.0,1909.0,2430.0,224.0,5948.0,5519.0,98.0,42.0,107.0,100.0,33.89628113271921,10.673486786018756,6.811145510835913,20.45267489711934,9.218106995884774,1.6476126429051785,1.7989240080699396,0.7061197041022192
21059,65323.0,100445.0,15314.0,101595.0,5541.0,627.0,13389.0,41157.0,3690.0,36767.0,41157.0,3080.0,103195.0,88226.0,4401.0,184.0,4175.0,26.017306798822982,15.246154611976705,5.454008563413554,4.6829486892224965,8.96566805160726,7.483538644701995,4.264741508794031,4.045738650128397,0.1783032123649401
21061,54512.0,12065.0,2030.0,12162.0,864.0,43.0,1909.0,4955.0,624.0,4257.0,4955.0,218.0,12243.0,11620.0,82.0,15.0,195.0,100.0,16.82552838789888,7.104094721262951,2.252488213724463,12.593340060544904,4.399596367305752,0.6697704810912358,1.5927468757657437,0.1225189904435187
21063,40074.0,6108.0,1659.0,6135.0,469.0,97.0,828.0,2289.0,431.0,1756.0,2289.0,190.0,7336.0,6819.0,216.0,35.0,148.0,100.0,27.161100196463654,7.644661776691117,11.714975845410628,18.82918304936653,8.300567933595456,2.9443838604143946,2.017448200654308,0.4770992366412214
21065,43905.0,13950.0,3064.0,13970.0,866.0,157.0,2134.0,5900.0,1171.0,4478.0,5900.0,457.0,14079.0,13554.0,16.0,4.0,131.0,71.55263715314553,21.96415770609319,6.19899785254116,7.357075913776945,19.847457627118644,7.745762711864407,0.1136444349740748,0.930463811350238,0.0284111087435187
21067,67631.0,309022.0,48466.0,316691.0,21680.0,2271.0,35613.0,137803.0,6933.0,125336.0,137803.0,9519.0,321122.0,217678.0,45939.0,159.0,29571.0,2.927426605077968,15.683673007099818,6.845789744577522,6.376884845421616,5.031095114039608,6.907687060513922,14.305777866356088,9.208649672087244,0.0495138919164678
21069,49663.0,15176.0,3480.0,15176.0,1162.0,115.0,2089.0,5779.0,1122.0,4569.0,5779.0,528.0,15221.0,14361.0,166.0,5.0,238.0,100.0,22.93094359515024,7.656826568265683,5.505026328386788,19.41512372382765,9.136528811213012,1.0905985152092503,1.5636291965048288,0.0328493528677485
21071,41582.0,34500.0,9177.0,34755.0,1541.0,267.0,4987.0,14460.0,2219.0,11974.0,14460.0,1372.0,35342.0,34027.0,190.0,10.0,330.0,78.21490178621112,26.6,4.433894403682923,5.353920192500501,15.345781466113417,9.488243430152144,0.5376039839284704,0.9337332352441854,0.028294946522551
21073,66470.0,49821.0,6683.0,50582.0,3097.0,376.0,6891.0,22548.0,1939.0,19285.0,22548.0,1270.0,51563.0,41700.0,4757.0,26.0,2109.0,26.590481364350712,13.414022199474118,6.122731406429165,5.456392395878682,8.599432322157176,5.632428596771332,9.225607509260517,4.090142156197273,0.050423753466633
21075,36834.0,5874.0,1509.0,5947.0,450.0,56.0,870.0,2494.0,351.0,2139.0,2494.0,413.0,6440.0,4464.0,1567.0,25.0,86.0,64.1903300076746,25.689479060265576,7.566840423743064,6.436781609195402,14.073777064955896,16.55974338412189,24.332298136645964,1.3354037267080745,0.3881987577639751
21077,62247.0,8629.0,1245.0,8686.0,864.0,284.0,1384.0,3250.0,410.0,2732.0,3250.0,153.0,8749.0,7774.0,238.0,1.0,472.0,100.0,14.428091319967551,9.947041215749485,20.520231213872837,12.615384615384617,4.707692307692308,2.7203108926734485,5.394902274545663,0.0114298777003086
21079,62572.0,17111.0,2922.0,17247.0,1247.0,110.0,2680.0,6625.0,743.0,5681.0,6625.0,309.0,17346.0,15977.0,384.0,33.0,468.0,100.0,17.07673426450821,7.230242940801299,4.104477611940299,11.215094339622642,4.664150943396226,2.213766862677274,2.698028363887928,0.1902455897613282
21081,67940.0,24806.0,3045.0,24922.0,1230.0,200.0,3173.0,9235.0,777.0,8105.0,9235.0,451.0,25238.0,23341.0,208.0,7.0,799.0,100.0,12.27525598645489,4.935398443142605,6.303183107469272,8.413643746616135,4.883595018949648,0.8241540534115223,3.165861003249069,0.02773595372058
21083,50576.0,36089.0,7406.0,36242.0,2931.0,254.0,5096.0,14152.0,2035.0,11503.0,14152.0,760.0,36612.0,30933.0,1493.0,12.0,2838.0,66.55843269939153,20.52148854221508,8.087302025274543,4.984301412872841,14.379592990390051,5.370265686828716,4.077897956954004,7.751556866601114,0.0327761389708292
21085,49893.0,26050.0,5027.0,26145.0,2075.0,316.0,3726.0,9772.0,1556.0,7835.0,9772.0,501.0,26586.0,25216.0,264.0,18.0,409.0,75.44284632853899,19.29750479846449,7.936507936507937,8.480944712828771,15.923045435939418,5.126893164142448,0.9930038366057324,1.5384036711050928,0.0677048070412999
21087,41087.0,11097.0,2384.0,11138.0,974.0,93.0,1740.0,4394.0,741.0,3550.0,4394.0,258.0,11278.0,10589.0,136.0,12.0,260.0,100.0,21.483283770388397,8.744837493266296,5.344827586206897,16.86390532544379,5.871643149749659,1.2058875687178578,2.305373293137081,0.1064018442986345
21089,59613.0,35041.0,5292.0,35160.0,1943.0,165.0,4942.0,14600.0,1935.0,11970.0,14600.0,792.0,35639.0,33926.0,196.0,26.0,386.0,42.68394416328346,15.102308724066091,5.526166097838453,3.338729259409146,13.253424657534246,5.424657534246576,0.5499593142344061,1.0830831392575548,0.0729537865821151
21091,66836.0,8872.0,1409.0,8936.0,349.0,45.0,1246.0,3537.0,522.0,2954.0,3537.0,133.0,9032.0,8511.0,100.0,3.0,63.0,91.42385926333152,15.881424706943193,3.905550581915846,3.611556982343499,14.75826972010178,3.7602487984167374,1.1071744906997345,0.6975199291408326,0.033215234720992
21093,67608.0,108209.0,12623.0,106606.0,5869.0,699.0,14269.0,43485.0,3421.0,38768.0,43485.0,2782.0,111452.0,83392.0,12206.0,202.0,7007.0,33.497136456432585,11.665388276391058,5.505318649982177,4.898731515873572,7.867080602506611,6.3976083707025415,10.951799877974375,6.287011448874852,0.1812439435810932
21095,37198.0,25446.0,6930.0,25750.0,1210.0,220.0,3635.0,10500.0,1542.0,8615.0,10500.0,927.0,26185.0,24675.0,387.0,16.0,40.0,77.08993328612426,27.234142890827638,4.699029126213592,6.052269601100413,14.685714285714283,8.82857142857143,1.4779453885812488,0.1527592132900515,0.0611036853160206
21097,63205.0,18562.0,3039.0,18789.0,678.0,158.0,2746.0,7239.0,1400.0,5648.0,7239.0,640.0,18971.0,17747.0,354.0,16.0,420.0,65.79820243954633,16.37215817261071,3.608494331789877,5.753823743627094,19.33968780218262,8.841000138140627,1.866006009171894,2.2139054346107216,0.084339254651837
21099,49653.0,18953.0,4022.0,19213.0,1945.0,128.0,2834.0,7222.0,1115.0,5969.0,7222.0,624.0,19470.0,17625.0,897.0,11.0,384.0,88.3243467440896,21.220914894739614,10.123353979076668,4.516584333098095,15.438936582664082,8.640265854333979,4.6070878274268106,1.9722650231124808,0.0564971751412429
21101,58239.0,43597.0,6734.0,43715.0,2039.0,197.0,6182.0,18458.0,1763.0,16364.0,18458.0,1355.0,44493.0,37548.0,3032.0,148.0,1436.0,36.53026142477619,15.44601692777026,4.664302870868123,3.186670980265286,9.551414021020696,7.340990356484993,6.814555098554829,3.227473984671746,0.3326365945204864
21103,60736.0,15667.0,2602.0,15680.0,1224.0,215.0,2279.0,6147.0,1084.0,5030.0,6147.0,320.0,15774.0,14214.0,425.0,1.0,606.0,100.0,16.608157273249507,7.806122448979591,9.433962264150944,17.63461851309582,5.205791442980316,2.694307087612527,3.8417649296310383,0.0063395460885
21105,63750.0,4289.0,893.0,4338.0,341.0,65.0,657.0,1640.0,162.0,1470.0,1640.0,114.0,4470.0,3839.0,412.0,7.0,108.0,100.0,20.82070412683609,7.860765329644997,9.89345509893455,9.878048780487806,6.951219512195122,9.217002237136466,2.416107382550336,0.1565995525727069
21107,57610.0,43865.0,8405.0,44163.0,2145.0,284.0,6074.0,18169.0,1870.0,15979.0,18169.0,1012.0,45143.0,39423.0,2736.0,53.0,1140.0,53.04581379477357,19.16106235039325,4.857006996807282,4.6756667764241024,10.292256040508558,5.569926798392867,6.06074031411293,2.5253084642137207,0.1174046917573045
21109,41410.0,12793.0,2945.0,12895.0,673.0,137.0,1834.0,5015.0,750.0,4142.0,5015.0,370.0,13003.0,12546.0,24.0,28.0,125.0,100.0,23.020401782224653,5.219077161690578,7.470010905125409,14.955134596211366,7.377866400797608,0.1845727908944089,0.9613166192417134,0.2153349227101438
21111,67849.0,762894.0,110819.0,769116.0,42829.0,4794.0,100117.0,329392.0,24311.0,296652.0,329392.0,28995.0,777392.0,492366.0,168473.0,338.0,60873.0,1.6327594068219815,14.526133381570704,5.568600835244618,4.7883975748374406,7.380567834070044,8.802581726332152,21.671563381151337,7.8304124560067505,0.0434787082964579
21113,74886.0,52202.0,5480.0,53410.0,3468.0,316.0,7002.0,19645.0,1558.0,17642.0,19645.0,612.0,53792.0,46434.0,2088.0,21.0,2467.0,24.73250174557944,10.497682081146316,6.493166073768957,4.512996286775207,7.930771188597608,3.115296513107661,3.881618084473528,4.586183819155265,0.0390392623438429
21115,43014.0,21895.0,5116.0,22008.0,1391.0,282.0,3187.0,8843.0,1019.0,7651.0,8843.0,624.0,22464.0,21416.0,126.0,26.0,120.0,73.80511463844798,23.366065311715005,6.320428934932751,8.848446815186696,11.52323871989144,7.05642881375099,0.5608974358974359,0.5341880341880342,0.1157407407407407
21117,79421.0,168126.0,20065.0,168695.0,7660.0,817.0,22088.0,67593.0,4222.0,61765.0,67593.0,4806.0,169817.0,146110.0,7106.0,94.0,7758.0,6.71994037760848,11.934501504823762,4.540739203888675,3.698840999637812,6.246208926959892,7.110203719320048,4.1845044960163,4.56844721082106,0.0553537042816679
21119,37736.0,13545.0,3511.0,13946.0,278.0,84.0,2150.0,5448.0,974.0,4337.0,5448.0,496.0,14046.0,13562.0,134.0,24.0,120.0,100.0,25.921004060538944,1.993403126344472,3.9069767441860463,17.878120411160058,9.104258443465492,0.9540082585789548,0.8543357539513029,0.1708671507902605
21121,33153.0,29295.0,10761.0,29533.0,1921.0,262.0,3924.0,11326.0,1541.0,9469.0,11326.0,1391.0,30034.0,28563.0,252.0,0.0,365.0,62.04749445235651,36.733230926779314,6.504588087901669,6.6768603465851175,13.605862616987462,12.281476249337809,0.8390490777119265,1.2152893387494172,0.0
21123,67770.0,14765.0,2789.0,14779.0,632.0,34.0,2312.0,5966.0,736.0,5124.0,5966.0,191.0,15028.0,13606.0,300.0,5.0,495.0,100.0,18.8892651540806,4.276338047229176,1.4705882352941178,12.336573918873617,3.201475025142474,1.9962736225712003,3.2938514772424807,0.0332712270428533
21125,56999.0,61218.0,13047.0,61700.0,5029.0,784.0,8223.0,23835.0,2416.0,20957.0,23835.0,1413.0,62731.0,59665.0,297.0,29.0,1039.0,60.99212623576574,21.312359110065668,8.150729335494328,9.53423324820625,10.136354101111811,5.92825676526117,0.4734501283257082,1.6562783950518882,0.0462291371092442
21127,45584.0,16055.0,3529.0,16079.0,974.0,172.0,2241.0,6150.0,943.0,4918.0,6150.0,296.0,16171.0,15649.0,8.0,1.0,105.0,76.02037684895353,21.980691373403925,6.057590646184464,7.675145024542615,15.333333333333334,4.813008130081301,0.0494712757405231,0.6493104940943665,0.0061839094675653
21129,34182.0,6498.0,1876.0,6500.0,319.0,46.0,1068.0,2606.0,613.0,1943.0,2606.0,351.0,7375.0,6917.0,158.0,0.0,72.0,100.0,28.8704216682056,4.907692307692308,4.307116104868914,23.52264006139678,13.468917881811205,2.142372881355932,0.976271186440678,0.0
21131,40176.0,9895.0,2701.0,9930.0,217.0,16.0,1512.0,3909.0,673.0,3096.0,3909.0,313.0,10261.0,9930.0,54.0,0.0,51.0,100.0,27.296614451743302,2.1852970795568982,1.058201058201058,17.216679457661805,8.007162957278076,0.5262644966377547,0.4970275801578793,0.0
21133,40501.0,20698.0,5539.0,20918.0,787.0,78.0,3130.0,8367.0,1205.0,6925.0,8367.0,573.0,21146.0,20459.0,157.0,6.0,159.0,100.0,26.761039713982026,3.762309972272684,2.492012779552716,14.401816660690807,6.848332735747579,0.742457202307765,0.751915255840348,0.0283741605977489
21135,41632.0,12886.0,2915.0,12882.0,708.0,80.0,1897.0,4905.0,743.0,4003.0,4905.0,287.0,13028.0,12641.0,4.0,0.0,11.0,100.0,22.62144963526308,5.496040987424313,4.217185028993147,15.147808358817532,5.851172273190622,0.0307031010132023,0.0844335277863064,0.0
21137,50862.0,24051.0,4459.0,24201.0,1355.0,257.0,3340.0,9684.0,1493.0,8071.0,9684.0,545.0,24415.0,22608.0,409.0,2.0,498.0,99.89289392378991,18.539769656147357,5.598942192471386,7.6946107784431135,15.417182982238744,5.627839735646427,1.6751996723325824,2.039729674380504,0.0081916854392791
21139,59713.0,8876.0,1677.0,8887.0,409.0,59.0,1394.0,3502.0,504.0,2909.0,3502.0,112.0,8941.0,8439.0,10.0,0.0,218.0,95.34203420342034,18.893645786390262,4.602227973444357,4.232424677187948,14.3917761279269,3.198172472872644,0.1118443127166983,2.438206017224024,0.0
21141,61535.0,27353.0,3839.0,27393.0,2282.0,142.0,3760.0,10922.0,1500.0,9230.0,10922.0,589.0,27731.0,24322.0,1274.0,60.0,937.0,75.79104695246427,14.03502358059445,8.33059540758588,3.776595744680851,13.733748397729354,5.39278520417506,4.594136525909632,3.378890050845624,0.2163643575781616
21143,64464.0,7314.0,778.0,7314.0,352.0,47.0,1240.0,3315.0,278.0,3004.0,3315.0,148.0,8831.0,7750.0,609.0,33.0,94.0,100.0,10.63713426305715,4.812687995624829,3.7903225806451615,8.386123680241328,4.464555052790347,6.896161250141547,1.0644321141433586,0.3736836145396897
21145,62385.0,66346.0,10173.0,66506.0,3696.0,364.0,8933.0,27287.0,2157.0,24320.0,27287.0,1830.0,67584.0,55068.0,6730.0,82.0,2210.0,26.824309392265192,15.3332529466735,5.55739331789613,4.074778909660808,7.904863121633012,6.706490270091985,9.957978219696969,3.270004734848485,0.1213304924242424
21147,37355.0,15246.0,5358.0,15350.0,1280.0,114.0,2033.0,5595.0,1002.0,4335.0,5595.0,621.0,16905.0,15042.0,1121.0,11.0,296.0,100.0,35.14364423455333,8.338762214983714,5.607476635514018,17.908847184986595,11.099195710455763,6.6311742088139605,1.7509612540668442,0.0650695060632948
21149,70549.0,9046.0,840.0,9054.0,382.0,102.0,1300.0,3608.0,480.0,3080.0,3608.0,210.0,9127.0,8640.0,69.0,22.0,186.0,100.0,9.285872208711032,4.21912966644577,7.846153846153846,13.303769401330378,5.82039911308204,0.7559986852196778,2.0379094992878275,0.2410430590555494
21151,62407.0,88155.0,13938.0,93142.0,5244.0,540.0,10648.0,36722.0,3171.0,32239.0,36722.0,1601.0,94064.0,82786.0,3308.0,92.0,3180.0,36.185154421203656,15.810787816913392,5.630113160550557,5.07137490608565,8.63515059092642,4.359784325472469,3.516754550093553,3.3806769858819528,0.0978057492770879
21153,33632.0,11309.0,3775.0,11370.0,427.0,66.0,1714.0,4564.0,696.0,3790.0,4564.0,359.0,11495.0,11220.0,6.0,22.0,150.0,100.0,33.380493412326466,3.7554969217238345,3.850641773628938,15.249780893952671,7.865907099035933,0.0521966072205306,1.3049151805132666,0.1913875598086124
21155,55404.0,18792.0,3665.0,18797.0,591.0,87.0,2613.0,7590.0,910.0,6452.0,7590.0,436.0,19680.0,17052.0,1415.0,4.0,696.0,68.29068995454777,19.502979991485734,3.144118742352503,3.3295063145809416,11.989459815546772,5.744400527009223,7.190040650406504,3.5365853658536586,0.0203252032520325
21157,63611.0,30945.0,4148.0,31186.0,2200.0,307.0,4760.0,13150.0,1474.0,11108.0,13150.0,606.0,31728.0,30324.0,209.0,79.0,600.0,85.1827284500458,13.404427209565355,7.054447508497403,6.449579831932773,11.209125475285171,4.608365019011407,0.6587241553202219,1.8910741301059,0.2489914271306101
21159,46185.0,9793.0,2862.0,9758.0,200.0,79.0,1422.0,3935.0,613.0,3193.0,3935.0,353.0,11181.0,9682.0,817.0,53.0,213.0,100.0,29.22495660165424,2.0496003279360524,5.555555555555555,15.578144853875475,8.970775095298603,7.307038726410876,1.9050174403005096,0.4740184241123334
21161,51473.0,16720.0,3073.0,16729.0,1013.0,98.0,2449.0,6927.0,1061.0,5677.0,6927.0,662.0,16995.0,14854.0,1052.0,0.0,384.0,53.48714953271028,18.379186602870814,6.055352979855341,4.001633319722336,15.316875992493143,9.556806698426447,6.190055898793763,2.259488084730803,0.0
21163,70163.0,29777.0,4091.0,29250.0,1038.0,114.0,4230.0,10798.0,852.0,9677.0,10798.0,460.0,30032.0,26550.0,1013.0,31.0,1213.0,90.59760690597606,13.73879168485744,3.5487179487179485,2.695035460992908,7.89035006482682,4.260048157066123,3.373068726691529,4.039025039957378,0.1032232285562067
21165,44672.0,6143.0,1730.0,6143.0,328.0,135.0,960.0,2387.0,499.0,1816.0,2387.0,140.0,6203.0,5945.0,15.0,0.0,154.0,100.0,28.162135764284557,5.339410711378805,14.0625,20.90490155006284,5.865102639296188,0.2418184749314847,2.482669675963244,0.0
21167,63115.0,22528.0,2557.0,22631.0,1098.0,205.0,3452.0,9137.0,1165.0,7818.0,9137.0,413.0,22824.0,20606.0,813.0,18.0,730.0,56.75544366414911,11.350319602272728,4.851752021563343,5.938586326767092,12.750355696618143,4.5200831782860895,3.562039957939012,3.1983876621100595,0.0788643533123028
21169,48572.0,10265.0,2634.0,10298.0,792.0,59.0,1444.0,4245.0,566.0,3501.0,4245.0,324.0,10372.0,9761.0,229.0,14.0,233.0,100.0,25.660009741841208,7.690813750242765,4.085872576177286,13.333333333333334,7.632508833922261,2.2078673351330504,2.2464327034323177,0.1349787890474354
21171,49430.0,11175.0,2484.0,11197.0,616.0,113.0,1660.0,4586.0,742.0,3698.0,4586.0,251.0,11318.0,10364.0,292.0,7.0,500.0,100.0,22.22818791946309,5.501473609002411,6.807228915662651,16.179677278674227,5.473179241168775,2.579961123873476,4.4177416504682805,0.0618483831065559
21173,57468.0,27744.0,4229.0,27888.0,2243.0,280.0,3583.0,10950.0,1101.0,9755.0,10950.0,757.0,28271.0,26033.0,749.0,41.0,942.0,50.48730170022053,15.2429354094579,8.042885829030407,7.814680435389339,10.054794520547944,6.9132420091324205,2.649357999363305,3.3320363623501112,0.1450249372148137
21175,47493.0,12216.0,2224.0,12228.0,1067.0,142.0,1713.0,4747.0,723.0,3894.0,4747.0,281.0,13938.0,12528.0,570.0,3.0,440.0,100.0,18.205631958087757,8.725875040889761,8.289550496205488,15.23067200337055,5.919528123025068,4.089539388721481,3.156837422872722,0.0215238915195867
21177,52672.0,29526.0,5250.0,29635.0,1447.0,255.0,4077.0,11937.0,1687.0,9992.0,11937.0,564.0,30712.0,28310.0,645.0,47.0,595.0,63.51849456802897,17.780938833570413,4.882740003374388,6.254598969830758,14.13252911116696,4.724805227444081,2.100156290700703,1.9373534774680907,0.1530346444386559
21179,67888.0,46478.0,4512.0,46717.0,2372.0,371.0,6546.0,18787.0,1552.0,16760.0,18787.0,495.0,47102.0,42165.0,2400.0,22.0,1278.0,62.16782917540331,9.707818752958389,5.077380824967356,5.66758325695081,8.261031564379625,2.6348006600308724,5.095325039276464,2.713260583414717,0.0467071461933675
21181,53616.0,7536.0,1396.0,7568.0,392.0,34.0,1075.0,2745.0,521.0,2095.0,2745.0,367.0,7655.0,7324.0,76.0,0.0,78.0,100.0,18.524416135881104,5.179704016913319,3.1627906976744184,18.979963570127502,13.36976320582878,0.992815153494448,1.0189418680600917,0.0
21183,54369.0,23130.0,3023.0,23410.0,1423.0,205.0,3087.0,9155.0,1596.0,7431.0,9155.0,354.0,23704.0,21932.0,256.0,3.0,1007.0,76.19888944977284,13.069606571552097,6.07859888936352,6.640751538710722,17.433096668487167,3.8667394866193336,1.079986500168748,4.24822814714816,0.0126560917988525
21185,121491.0,64659.0,2561.0,64777.0,1722.0,217.0,8312.0,22457.0,839.0,21277.0,22457.0,343.0,68600.0,59194.0,2494.0,33.0,3301.0,25.163074829529485,3.960778855225104,2.6583509579017246,2.6106833493743986,3.736028855145389,1.5273634056196286,3.6355685131195337,4.811953352769679,0.0481049562682215
21187,59706.0,11152.0,1913.0,11166.0,868.0,152.0,1582.0,4261.0,933.0,3223.0,4261.0,160.0,11270.0,10603.0,41.0,3.0,278.0,100.0,17.153873744619798,7.773598423786495,9.608091024020228,21.896268481577096,3.7549870922318704,0.3637976929902395,2.466725820763088,0.0266193433895297
21189,31064.0,3862.0,960.0,3935.0,247.0,102.0,698.0,1506.0,390.0,1097.0,1506.0,223.0,4021.0,3751.0,0.0,0.0,0.0,100.0,24.85758674262041,6.277001270648031,14.613180515759312,25.89641434262948,14.807436918990703,0.0,0.0,0.0
21191,66601.0,14381.0,2061.0,14596.0,791.0,114.0,2298.0,5333.0,1160.0,4049.0,5333.0,266.0,14683.0,13575.0,86.0,12.0,230.0,100.0,14.331409498644044,5.419292956974513,4.960835509138382,21.75135945996625,4.987811738233639,0.585711366886876,1.566437376557924,0.0817271674725873
21193,45261.0,27002.0,6894.0,27254.0,814.0,17.0,3934.0,11293.0,1165.0,9785.0,11293.0,803.0,27847.0,26231.0,276.0,92.0,90.0,72.5775295894356,25.53144211539886,2.9867175460482867,0.4321301474326385,10.316125033206411,7.1105994864075095,0.9911301037813768,0.3231945990591446,0.3303767012604589
21195,42179.0,56222.0,14081.0,56713.0,2824.0,490.0,8235.0,24449.0,3960.0,19650.0,24449.0,2265.0,57466.0,54397.0,348.0,12.0,701.0,84.78412790400382,25.04535591049767,4.979457972598875,5.950212507589557,16.19698147163483,9.26418258415477,0.6055754707131173,1.219851738419239,0.0208819127832109
21197,39811.0,12667.0,2755.0,12723.0,635.0,73.0,1776.0,4629.0,929.0,3574.0,4629.0,427.0,13057.0,12250.0,224.0,0.0,179.0,100.0,21.74942764664088,4.990961251277215,4.11036036036036,20.069129401598616,9.224454525815512,1.7155548747798115,1.3709121543999387,0.0
21199,50943.0,64162.0,13006.0,64588.0,4297.0,562.0,9243.0,25920.0,3497.0,21574.0,25920.0,1294.0,65503.0,60709.0,574.0,69.0,1948.0,52.59095242488544,20.2705651320096,6.652938626370224,6.080276966352916,13.491512345679013,4.992283950617284,0.8762957421797475,2.9739095919270877,0.1053386867777048
21201,52337.0,2090.0,573.0,2181.0,90.0,12.0,308.0,791.0,196.0,568.0,791.0,24.0,2239.0,2114.0,46.0,9.0,15.0,100.0,27.416267942583733,4.126547455295736,3.896103896103896,24.778761061946906,3.034134007585335,2.054488610987048,0.6699419383653417,0.401965163019205
21203,48367.0,15689.0,3824.0,15833.0,781.0,172.0,2363.0,6428.0,1070.0,5073.0,6428.0,479.0,16144.0,15474.0,101.0,1.0,190.0,100.0,24.37376505832112,4.932735426008969,7.278882776132035,16.645924082140635,7.451773490976976,0.625619425173439,1.1769078295341924,0.0061942517343904
21205,53657.0,21649.0,5308.0,24118.0,1385.0,114.0,2650.0,9345.0,641.0,8606.0,9345.0,738.0,24525.0,23008.0,451.0,13.0,543.0,61.98605141513259,24.518453508245184,5.742598888796749,4.30188679245283,6.85928303905832,7.897271268057785,1.8389398572884808,2.214067278287462,0.0530071355759429
21207,50520.0,17670.0,4142.0,17896.0,1162.0,218.0,2599.0,7210.0,1251.0,5803.0,7210.0,370.0,18117.0,16679.0,175.0,7.0,791.0,100.0,23.440860215053764,6.493071077335718,8.387841477491342,17.350901525658806,5.131761442441055,0.9659435888944086,4.366065021802727,0.0386377435557763
21209,83660.0,56821.0,5933.0,57985.0,2855.0,280.0,6656.0,22119.0,1302.0,20078.0,22119.0,844.0,58269.0,49332.0,2763.0,19.0,3192.0,32.30338553057475,10.441562098519912,4.923687160472536,4.206730769230769,5.886342058863421,3.81572403815724,4.741800957627555,5.478041497194048,0.0326073898642502
21211,82671.0,47202.0,4066.0,47386.0,2925.0,295.0,6497.0,17850.0,1142.0,16379.0,17850.0,560.0,48599.0,37952.0,2211.0,50.0,5239.0,51.76323728284615,8.614041777890767,6.172709239015743,4.540557180237032,6.397759103641457,3.1372549019607843,4.549476326673388,10.780057202823103,0.1028827753657482
21213,57392.0,19275.0,2914.0,19395.0,1632.0,329.0,2754.0,7689.0,924.0,6592.0,7689.0,234.0,19786.0,16659.0,1360.0,7.0,679.0,40.60426661222823,15.118028534370946,8.414539829853055,11.946259985475672,12.017167381974248,3.043308622707764,6.873546952390579,3.431719397553826,0.0353785504902456
21215,98333.0,19643.0,1450.0,19770.0,885.0,224.0,3190.0,7062.0,648.0,6256.0,7062.0,283.0,19875.0,18515.0,181.0,17.0,510.0,100.0,7.381764496258209,4.476479514415781,7.021943573667712,9.175870858113848,4.0073633531577455,0.9106918238993712,2.5660377358490565,0.0855345911949685
21217,61871.0,24985.0,4156.0,25735.0,969.0,188.0,3444.0,10045.0,1165.0,8605.0,10045.0,692.0,26205.0,23284.0,1205.0,16.0,753.0,50.85501287322753,16.63398038823294,3.765300174859141,5.458768873403019,11.597809855649578,6.88899950223992,4.598359091776379,2.8734974241556954,0.0610570501812631
21219,57759.0,12088.0,2618.0,12162.0,2215.0,274.0,1515.0,4434.0,995.0,3282.0,4434.0,375.0,12330.0,10445.0,880.0,3.0,624.0,100.0,21.657842488418265,18.212465055089623,18.085808580858085,22.44023455119531,8.457374830852503,7.137064071370641,5.0608272506082725,0.024330900243309
21221,54630.0,14137.0,2888.0,14125.0,2031.0,132.0,2275.0,6012.0,1204.0,4624.0,6012.0,517.0,14211.0,12280.0,913.0,0.0,366.0,100.0,20.42866237532716,14.378761061946904,5.802197802197802,20.02661343978709,8.599467731204259,6.424600661459433,2.575469706565337,0.0
21223,67813.0,8409.0,1107.0,8485.0,467.0,64.0,1252.0,3277.0,629.0,2591.0,3277.0,136.0,8531.0,7896.0,70.0,8.0,234.0,100.0,13.164466642882626,5.503830288744844,5.111821086261981,19.194385108330792,4.150137320720171,0.8205368655491736,2.742937521978666,0.0937756417770484
21225,60989.0,13118.0,2281.0,13225.0,711.0,16.0,1908.0,5128.0,439.0,4563.0,5128.0,278.0,13379.0,11793.0,1078.0,0.0,220.0,100.0,17.38832139045586,5.376181474480151,0.8385744234800838,8.560842433697347,5.421216848673947,8.057403393377681,1.644368039464833,0.0
21227,64801.0,131590.0,22098.0,136347.0,9578.0,650.0,14900.0,54208.0,3397.0,49457.0,54208.0,3550.0,137549.0,103151.0,11732.0,101.0,9543.0,27.30502251884002,16.793069382171897,7.024723682955988,4.362416107382551,6.266602715466352,6.548848878394333,8.529324095413271,6.937891224218278,0.0734283782506597
21229,59762.0,11841.0,1489.0,11948.0,1128.0,166.0,1700.0,4650.0,684.0,3779.0,4650.0,288.0,12091.0,10614.0,629.0,0.0,55.0,100.0,12.57495143991217,9.440910612654838,9.764705882352942,14.709677419354838,6.193548387096774,5.202216524687785,0.4548837978661814,0.0
21231,41933.0,19287.0,4690.0,19318.0,1266.0,200.0,2723.0,8028.0,1259.0,6619.0,8028.0,522.0,19592.0,18023.0,266.0,90.0,861.0,65.83482485297878,24.31689739202572,6.553473444455948,7.344840249724569,15.68261086198306,6.502242152466367,1.3576970191915068,4.394650877909351,0.4593711719069008
21233,58786.0,12558.0,1746.0,12577.0,746.0,71.0,1730.0,4920.0,684.0,4184.0,4920.0,234.0,12873.0,11230.0,549.0,0.0,841.0,100.0,13.903487816531294,5.931462192891787,4.104046242774566,13.902439024390244,4.7560975609756095,4.2647401538103,6.53305367824128,0.0
21235,41719.0,35013.0,8772.0,36254.0,2781.0,520.0,4330.0,13570.0,2317.0,10883.0,13570.0,1262.0,36755.0,34857.0,390.0,30.0,712.0,63.66038352582262,25.05355153800017,7.670877696254206,12.009237875288685,17.07442888725129,9.299926308032424,1.0610801251530404,1.9371514079717045,0.0816215480886954
21237,29052.0,6311.0,2404.0,6358.0,144.0,19.0,952.0,2545.0,408.0,2029.0,2545.0,300.0,6484.0,6231.0,14.0,10.0,102.0,100.0,38.092219933449535,2.2648631645171435,1.995798319327731,16.031434184675835,11.787819253438114,0.215916101172116,1.5731030228254164,0.1542257865515114
21239,80006.0,26440.0,2656.0,26677.0,1101.0,243.0,3851.0,10743.0,689.0,9766.0,10743.0,448.0,27017.0,22985.0,1042.0,11.0,1983.0,37.244613151724906,10.045385779122542,4.1271507290924765,6.310049337834329,6.413478544168296,4.170157311737876,3.85683088425806,7.339823074360588,0.0407151053040678
22001,45266.0,56402.0,13750.0,56494.0,3338.0,602.0,7494.0,21529.0,3918.0,17122.0,21529.0,2065.0,57218.0,43941.0,8983.0,46.0,1802.0,61.68716131721551,24.378568135881707,5.908592062873933,8.033093141179611,18.19870871847276,9.591713502717266,15.69960501939949,3.1493585934496138,0.0803942815198014
22003,51138.0,18853.0,3849.0,19017.0,1544.0,201.0,2333.0,7659.0,1619.0,5907.0,7659.0,667.0,22552.0,14569.0,4279.0,305.0,1803.0,70.54945054945055,20.415848936508777,8.11905137508545,8.61551650235748,21.13852983418201,8.70870870870871,18.97392692444129,7.994856332032636,1.3524299396949273
22005,92266.0,127537.0,13182.0,127502.0,8352.0,823.0,15118.0,46773.0,2689.0,42549.0,46773.0,1867.0,128593.0,82641.0,29195.0,180.0,10477.0,10.836363636363636,10.335824113786588,6.550485482580665,5.443841778012965,5.7490432514484855,3.9916190964872897,22.703413094025336,8.147410823295203,0.1399765150513636
22007,52546.0,20581.0,2861.0,20539.0,1799.0,324.0,2999.0,8420.0,1261.0,6773.0,8420.0,753.0,20720.0,13325.0,5927.0,125.0,860.0,64.49926327296924,13.901170982945436,8.75894639466381,10.803601200400132,14.97624703087886,8.942992874109263,28.605212355212355,4.150579150579151,0.6032818532818532
22009,39439.0,36094.0,9875.0,36122.0,2748.0,390.0,4689.0,14540.0,3219.0,11033.0,14540.0,1378.0,39176.0,24690.0,10399.0,280.0,1494.0,83.16579749578011,27.35911785892392,7.607552184264438,8.317338451695457,22.13892709766162,9.477303988995873,26.544312844598736,3.8135593220338975,0.7147232999795793
22011,64995.0,35636.0,5040.0,35567.0,2884.0,407.0,4520.0,13691.0,1349.0,12111.0,13691.0,749.0,36646.0,28994.0,3882.0,58.0,1396.0,72.97053270951325,14.143001459198564,8.108640031489864,9.004424778761061,9.853188225841794,5.47074720619385,10.593243464498173,3.8094198548272655,0.1582710254870927
22013,34992.0,12457.0,4002.0,12454.0,1099.0,189.0,1789.0,5425.0,1650.0,3518.0,5425.0,624.0,12769.0,6817.0,5285.0,28.0,256.0,100.0,32.12651521233042,8.824474064557572,10.564561207378423,30.4147465437788,11.502304147465438,41.38930221630511,2.0048555094369176,0.2192810713446628
22015,66336.0,126443.0,20762.0,122882.0,12062.0,1253.0,15188.0,49661.0,6706.0,41079.0,49661.0,3179.0,129134.0,80729.0,30438.0,305.0,10328.0,27.1674459789042,16.42004697768955,9.815920964828049,8.249934158546221,13.503554096776142,6.401401502184813,23.57086437344154,7.997893660848421,0.2361887651586723
22017,50067.0,228007.0,50837.0,228095.0,17639.0,2525.0,29572.0,94917.0,14025.0,78671.0,94917.0,9789.0,232973.0,99380.0,114133.0,509.0,8531.0,15.965658740035654,22.29624529071476,7.733181349876148,8.538482348167186,14.77606751161541,10.313221024684724,48.98979710095161,3.661797719048988,0.2184802530765367
22019,67849.0,205650.0,36643.0,206756.0,15954.0,1579.0,26341.0,76995.0,9677.0,65539.0,76995.0,4847.0,208668.0,136233.0,49378.0,238.0,10805.0,25.04047789284314,17.818137612448336,7.716341968310473,5.994457309897118,12.568348594064547,6.2952139749334375,23.663427070753546,5.178081929188951,0.1140567791899093
22021,44957.0,9261.0,2351.0,9254.0,454.0,89.0,1201.0,3686.0,757.0,2766.0,3686.0,311.0,9563.0,7406.0,1737.0,2.0,253.0,100.0,25.386027426843757,4.905986600389021,7.410491257285595,20.537167661421595,8.437330439500814,18.163756143469623,2.645613301265293,0.0209139391404371
22023,72500.0,5178.0,327.0,5199.0,147.0,27.0,850.0,2034.0,343.0,1670.0,2034.0,22.0,5222.0,4473.0,63.0,93.0,10.0,100.0,6.3151796060254926,2.827466820542412,3.176470588235294,16.863323500491642,1.0816125860373649,1.206434316353887,0.191497510532363,1.7809268479509766
22025,47753.0,7543.0,2117.0,7570.0,583.0,73.0,1123.0,3076.0,702.0,2277.0,3076.0,348.0,8738.0,5492.0,3019.0,10.0,94.0,100.0,28.06575633037253,7.701453104359313,6.500445235975067,22.82184655396619,11.31339401820546,34.55024032959487,1.0757610437170977,0.1144426642252231
22027,31784.0,12061.0,4223.0,12049.0,527.0,95.0,1729.0,5019.0,2279.0,2550.0,5019.0,633.0,14019.0,6272.0,6799.0,2.0,471.0,100.0,35.013680457673495,4.373806954934019,5.494505494505495,45.40745168360231,12.61207411835027,48.498466367073256,3.359726086026108,0.0142663528069049
22029,37349.0,17040.0,5926.0,17105.0,1602.0,210.0,2219.0,6575.0,1093.0,5191.0,6575.0,678.0,18325.0,10319.0,7113.0,58.0,465.0,34.136030395462086,34.77699530516432,9.365682548962292,9.46372239747634,16.623574144486692,10.311787072243346,38.81582537517053,2.5375170532060025,0.3165075034106412
22031,46077.0,26680.0,5815.0,26687.0,1614.0,280.0,3565.0,10293.0,1906.0,8109.0,10293.0,1065.0,26897.0,15921.0,9326.0,154.0,828.0,79.1063702819633,21.79535232383808,6.047888485030165,7.854137447405329,18.51743903623822,10.346837656659869,34.67301186005874,3.078410231624345,0.5725545599881028
22033,63075.0,438536.0,81374.0,449248.0,39159.0,4058.0,50662.0,175408.0,13669.0,157815.0,175408.0,13658.0,452821.0,190196.0,199540.0,487.0,29827.0,6.858209951814984,18.555831220241892,8.716566350879692,8.009948284710434,7.792689044969443,7.786417951290705,44.06597750546022,6.586929493110964,0.1075480156618178
22035,28321.0,5438.0,1941.0,5438.0,335.0,79.0,648.0,2508.0,613.0,1684.0,2508.0,316.0,7195.0,2089.0,4611.0,50.0,144.0,100.0,35.69326958440603,6.160353070981978,12.191358024691358,24.441786283891545,12.599681020733652,64.08617095205004,2.001389854065323,0.6949270326615705
22037,72899.0,16605.0,2248.0,16592.0,1018.0,168.0,2626.0,6536.0,1138.0,5203.0,6536.0,416.0,19378.0,10503.0,7734.0,128.0,379.0,100.0,13.53809093646492,6.135486981677917,6.397562833206398,17.41126070991432,6.364749082007344,39.91123955000516,1.955826194653731,0.6605428836825266
22039,42273.0,30592.0,7022.0,30752.0,2614.0,491.0,4040.0,12240.0,2382.0,9565.0,12240.0,1156.0,32162.0,20731.0,8256.0,59.0,1428.0,74.97063369397218,22.95371338912134,8.500260145681581,12.153465346534654,19.46078431372549,9.444444444444445,25.670045395186868,4.440022386667496,0.1834463030906038
22041,44103.0,18585.0,4765.0,18601.0,1192.0,316.0,2394.0,7351.0,1841.0,5056.0,7351.0,642.0,19590.0,12811.0,5619.0,6.0,320.0,73.99615656923233,25.63895614743072,6.408257620558034,13.19966583124478,25.044211671881374,8.733505645490409,28.68300153139357,1.633486472690148,0.0306278713629402
22043,61112.0,18807.0,3033.0,18878.0,1794.0,186.0,2483.0,7195.0,1494.0,5588.0,7195.0,471.0,22123.0,16440.0,3200.0,191.0,1336.0,100.0,16.12697399904291,9.503125331073209,7.490938380990737,20.764419735927728,6.546212647671995,14.464584369208517,6.038963974144555,0.8633548795371333
22045,57811.0,68392.0,15483.0,68428.0,5076.0,837.0,9396.0,26869.0,3590.0,22918.0,26869.0,3144.0,69194.0,39249.0,21079.0,208.0,3810.0,32.43718628895022,22.638612703240145,7.418016016835214,8.908045977011493,13.361122483159033,11.70121701589192,30.4636240136428,5.506257768014568,0.3006040986212677
22047,57459.0,27067.0,4208.0,27156.0,2144.0,193.0,3617.0,11032.0,1334.0,9252.0,11032.0,604.0,29950.0,13829.0,13529.0,55.0,1440.0,58.47028868092986,15.54660656888462,7.895124466048019,5.335913740669063,12.092095721537346,5.474981870920957,45.17195325542571,4.808013355592655,0.1836393989983305
22049,43345.0,14077.0,3426.0,14080.0,1156.0,143.0,2066.0,5602.0,1148.0,4124.0,5602.0,579.0,14939.0,9910.0,3813.0,72.0,486.0,65.10544873927218,24.33757192583647,8.210227272727273,6.921587608906099,20.49268118529097,10.335594430560514,25.523796773545754,3.253229801191512,0.4819599705468907
22051,65246.0,428843.0,69819.0,428578.0,46618.0,5867.0,58557.0,176986.0,19000.0,153924.0,176986.0,13051.0,432484.0,208208.0,110533.0,618.0,78562.0,1.5713018483101586,16.280783410245707,10.87736654704628,10.019297436685624,10.73531239759077,7.374029584260902,25.55770849326218,18.165296288417608,0.1428954597164288
22053,56500.0,31403.0,5586.0,31624.0,1943.0,408.0,4302.0,11704.0,2570.0,8933.0,11704.0,580.0,32083.0,24707.0,4710.0,66.0,783.0,70.92093023255813,17.788109416297807,6.1440677966101696,9.483960948396096,21.958304853041696,4.9555707450444295,14.68067200698189,2.4405448368294738,0.2057164230277717
22055,67660.0,240785.0,41954.0,242855.0,20329.0,2874.0,29907.0,99357.0,7653.0,90358.0,99357.0,6474.0,245075.0,153061.0,62014.0,253.0,15847.0,9.079928687544726,17.42384284735345,8.370838566222643,9.609790350085264,7.702527250218908,6.515897219118934,25.304090584514945,6.4661838212792,0.103233703968173
22057,63439.0,94201.0,16947.0,95707.0,6303.0,681.0,13260.0,37397.0,5086.0,31798.0,37397.0,2644.0,96670.0,72346.0,12622.0,2110.0,5562.0,23.36787724099757,17.990254880521437,6.585725182066097,5.135746606334842,13.600021392090277,7.070085835762227,13.056791145132928,5.75359470363091,2.1826833557463536
22059,67077.0,13750.0,2126.0,13766.0,708.0,125.0,1506.0,4883.0,597.0,4252.0,4883.0,244.0,14804.0,11108.0,1680.0,0.0,1315.0,100.0,15.46181818181818,5.143106203690252,8.300132802124834,12.226090518124105,4.996928117960271,11.348284247500676,8.882734396109159,0.0
22061,38035.0,43755.0,13415.0,47486.0,2706.0,142.0,4604.0,18341.0,3026.0,14597.0,18341.0,1565.0,48160.0,25263.0,17787.0,372.0,1753.0,40.4103644929333,30.659353216775227,5.698521669544708,3.0842745438748915,16.498555149664686,8.532795376478926,36.93313953488372,3.639950166112957,0.7724252491694352
22063,78617.0,144217.0,18935.0,144435.0,12847.0,1489.0,17052.0,51362.0,2951.0,46528.0,51362.0,2059.0,145583.0,119241.0,11949.0,163.0,9095.0,38.75683501778159,13.129520098185374,8.894658496901721,8.7321135350692,5.745492776761029,4.008800280362914,8.207689084577183,6.247295357287595,0.1119636221262097
22065,37267.0,8405.0,3083.0,8460.0,802.0,160.0,1133.0,3020.0,670.0,2138.0,3020.0,480.0,9757.0,3260.0,6112.0,25.0,239.0,28.53149645602476,36.68054729327781,9.479905437352246,14.12180052956752,22.18543046357616,15.894039735099335,62.642205595982375,2.449523419083735,0.2562262990673363
22067,36981.0,24016.0,7368.0,24165.0,1497.0,363.0,3332.0,9779.0,2038.0,6993.0,9779.0,1180.0,24967.0,11860.0,12010.0,14.0,405.0,50.821335206211714,30.679546968687543,6.194909993792676,10.894357743097238,20.84057674608856,12.066673483996318,48.1034966155325,1.6221412264188728,0.0560740177033684
22069,46798.0,34737.0,8377.0,36296.0,2650.0,356.0,4051.0,14108.0,2318.0,11384.0,14108.0,1243.0,37047.0,18630.0,14645.0,336.0,1434.0,49.52685592429695,24.11549644471313,7.301080008816398,8.787953591705751,16.4303941026368,8.81060391267366,39.53086619699301,3.870758765891975,0.9069560288282452
22071,55339.0,363814.0,82338.0,371549.0,31392.0,3904.0,47642.0,155060.0,19719.0,129504.0,155060.0,26538.0,376035.0,113133.0,205700.0,480.0,29855.0,0.4304721130633833,22.631894319624863,8.448952897195255,8.194450274967465,12.717012769250612,17.114665290855154,54.70235483399152,7.939420532663183,0.1276476923690614
22073,51241.0,153616.0,36927.0,155894.0,12598.0,1893.0,19035.0,60804.0,7513.0,49044.0,60804.0,5547.0,158916.0,88405.0,58810.0,170.0,5668.0,25.19455252918288,24.038511613373608,8.081132051265604,9.944838455476754,12.35609499375041,9.122755081902506,37.00697223690503,3.5666641496136324,0.1069747539580659
22075,82874.0,22629.0,3024.0,21893.0,1244.0,130.0,2787.0,8200.0,852.0,7275.0,8200.0,270.0,23070.0,13895.0,4821.0,254.0,2193.0,33.18732723793323,13.363383269256264,5.682181519207052,4.664513814137065,10.390243902439025,3.292682926829268,20.897269180754225,9.505851755526658,1.1009969657563936
22077,59351.0,20230.0,3598.0,20299.0,1444.0,131.0,3067.0,8202.0,1346.0,6562.0,8202.0,530.0,20438.0,12192.0,6604.0,41.0,676.0,67.27044994700839,17.785467128027683,7.113650918764471,4.271274861428106,16.41063155327969,6.461838575957084,32.31235933065858,3.307564340933556,0.200606712985615
22079,55946.0,125358.0,23749.0,125916.0,11211.0,1386.0,16563.0,48660.0,6196.0,41538.0,48660.0,4618.0,128470.0,76742.0,39816.0,557.0,5178.0,39.77603962375888,18.94494168700841,8.903554750786238,8.36804926643724,12.73325113029182,9.490341142622276,30.9924495991282,4.0305129602241765,0.4335642562465945
22081,44539.0,7218.0,2121.0,7338.0,617.0,76.0,1066.0,3002.0,754.0,2204.0,3002.0,228.0,7529.0,4186.0,3027.0,0.0,133.0,100.0,29.38487115544472,8.408285636413192,7.129455909943715,25.1165889407062,7.594936708860759,40.20454243591446,1.766502855624917,0.0
22083,52960.0,18961.0,4462.0,18952.0,1541.0,256.0,2511.0,7251.0,1787.0,4933.0,7251.0,503.0,19908.0,11994.0,7170.0,16.0,434.0,100.0,23.5325141079057,8.131067961165048,10.195141377937077,24.644876568749137,6.93697421045373,36.01567209162146,2.180028129395218,0.0803697006228651
22085,52047.0,21721.0,4930.0,21744.0,1785.0,323.0,3027.0,8485.0,1565.0,6619.0,8485.0,797.0,22085.0,14720.0,3156.0,1352.0,761.0,100.0,22.696929238985312,8.20916114790287,10.670630987776676,18.44431349440189,9.39304655274013,14.290242245868235,3.445777677156441,6.121802128141272
22087,57638.0,43805.0,9906.0,43903.0,3555.0,390.0,5473.0,15803.0,2039.0,13507.0,15803.0,1178.0,44172.0,25048.0,10394.0,250.0,5988.0,5.376565213417421,22.613856865654604,8.097396533266519,7.1258907363420425,12.90261342783016,7.454280832753275,23.530743457393825,13.556098886172236,0.5659693923752603
22089,82172.0,51317.0,5047.0,51328.0,3409.0,607.0,7352.0,18622.0,1162.0,17237.0,18622.0,506.0,51863.0,32583.0,11829.0,549.0,4134.0,17.779596186416487,9.834947483290138,6.641599127182045,8.256256800870512,6.239931264096231,2.717216195897325,22.80816767252184,7.971000520602356,1.058558124288992
22091,50193.0,10725.0,3218.0,10725.0,964.0,233.0,1507.0,4101.0,1227.0,2800.0,4101.0,350.0,10849.0,4817.0,5442.0,78.0,245.0,100.0,30.00466200466201,8.988344988344988,15.461181154611811,29.91953182150695,8.53450377956596,50.16130518941838,2.258272651857314,0.7189602728362061
22093,64536.0,19615.0,2057.0,19630.0,1321.0,145.0,2937.0,7436.0,963.0,6361.0,7436.0,562.0,19797.0,9725.0,9572.0,0.0,372.0,49.5790412044374,10.486872291613562,6.729495669893021,4.937010554988083,12.950511027434104,7.557826788596019,48.35076021619437,1.879072586755569,0.0
22095,67418.0,40904.0,5146.0,40926.0,2853.0,361.0,5818.0,14922.0,1248.0,13341.0,14922.0,671.0,41342.0,12513.0,23125.0,51.0,3449.0,11.728700237775737,12.58067670643458,6.9711186043102185,6.20488140254383,8.363490148773623,4.496716257874279,55.93585216003096,8.3426055827004,0.1233612307096899
22097,45637.0,80548.0,19321.0,81009.0,5852.0,903.0,10646.0,31638.0,6824.0,22347.0,31638.0,2916.0,82128.0,43577.0,32809.0,106.0,2338.0,59.1955415556094,23.98693946466703,7.223888703724278,8.482058989291753,21.568999304633667,9.216764650104304,39.94861679329826,2.846775764660043,0.1290668225209429
22099,53394.0,51085.0,8461.0,51203.0,3452.0,466.0,7240.0,19963.0,3312.0,16291.0,19963.0,1819.0,51559.0,32850.0,14732.0,86.0,1746.0,52.20893619487318,16.562591758833317,6.74179247309728,6.43646408839779,16.590692781646045,9.111856935330362,28.573091021936037,3.3864116837021663,0.166799200915456
22101,51768.0,47806.0,10553.0,47765.0,3241.0,541.0,7001.0,18705.0,2240.0,16278.0,18705.0,2161.0,48455.0,26135.0,13994.0,750.0,4536.0,19.51787232319961,22.07463498305652,6.785303046163508,7.727467504642194,11.975407645014702,11.553060678962844,28.880404499019708,9.361263027551336,1.5478278815395727
22103,79277.0,266028.0,32413.0,265844.0,19318.0,2108.0,36467.0,103286.0,5818.0,95566.0,103286.0,4168.0,269331.0,197521.0,32335.0,594.0,21369.0,22.982197528064408,12.184055813673748,7.266667669761214,5.780568733375381,5.632902813546851,4.035396859206475,12.005673316476752,7.934103389509563,0.2205464651302672
22105,57256.0,131063.0,25465.0,133983.0,9668.0,1104.0,15956.0,50191.0,5719.0,44134.0,50191.0,2768.0,135218.0,82315.0,40043.0,78.0,7511.0,45.987067897294175,19.429587297711787,7.215840815625863,6.919027325144146,11.39447311270945,5.5149329561076685,29.6136609031342,5.554733837211022,0.0576846277862414
22107,36074.0,3821.0,1255.0,3830.0,260.0,53.0,627.0,1629.0,477.0,1064.0,1629.0,173.0,3992.0,1651.0,2128.0,0.0,110.0,100.0,32.8448050248626,6.788511749347259,8.452950558213717,29.281767955801104,10.620012277470842,53.3066132264529,2.755511022044088,0.0
22109,64819.0,105693.0,17391.0,106072.0,8168.0,819.0,14038.0,41841.0,4771.0,35924.0,41841.0,3433.0,107362.0,68948.0,20377.0,5075.0,7369.0,20.702682971345137,16.454259033237772,7.700429896673957,5.834164410884742,11.402691140269114,8.204870820487082,18.97971349266966,6.863694789590358,4.726998379314842
22111,45743.0,20301.0,5806.0,20369.0,1648.0,108.0,3064.0,8247.0,2378.0,5329.0,8247.0,559.0,20914.0,14449.0,4928.0,17.0,1172.0,100.0,28.599576375548004,8.09072610339241,3.524804177545692,28.834727779798715,6.778222383897175,23.56316343119441,5.603901692646074,0.0812852634598833
22113,57537.0,56377.0,10823.0,56276.0,4159.0,633.0,7704.0,21914.0,2147.0,19420.0,21914.0,2101.0,57031.0,43810.0,7393.0,92.0,2378.0,55.93368085217664,19.19754509817833,7.39036178832895,8.21651090342679,9.797389796477136,9.587478324358855,12.963125317809611,4.169662113587347,0.1613157756307973
22115,58281.0,46024.0,8409.0,42299.0,3280.0,429.0,4546.0,17754.0,1999.0,15449.0,17754.0,1379.0,47764.0,33500.0,6212.0,368.0,4379.0,57.82974358974359,18.27090213801495,7.754320433107166,9.436867575890894,11.259434493635236,7.767263715219106,13.005610920358428,9.167992630432964,0.7704547357842727
22117,42776.0,43370.0,10493.0,43468.0,3406.0,399.0,5765.0,17651.0,4555.0,12487.0,17651.0,1987.0,45238.0,28764.0,13414.0,74.0,1425.0,75.76270813628665,24.1941434171086,7.835649213214318,6.921075455333911,25.805903348252222,11.257152569259532,29.65206242539458,3.1500066315929085,0.1635792917458773
22119,37396.0,35239.0,9462.0,35285.0,2492.0,504.0,5057.0,14761.0,5196.0,8966.0,14761.0,1437.0,36189.0,22322.0,12068.0,114.0,780.0,49.71190521275732,26.85093220579472,7.062491143545416,9.966383231164722,35.20086714992209,9.73511279723596,33.34714968636879,2.155351073530631,0.3150128492083229
22121,87320.0,26905.0,4298.0,26960.0,1556.0,100.0,3554.0,10400.0,874.0,9485.0,10400.0,408.0,27666.0,14664.0,11184.0,0.0,1235.0,26.10390087870877,15.974725887381528,5.771513353115727,2.8137310073157007,8.403846153846153,3.923076923076923,40.42507048362612,4.463962987059929,0.0
22123,48514.0,9360.0,1473.0,9360.0,616.0,59.0,1333.0,3875.0,1038.0,2474.0,3875.0,136.0,9622.0,7670.0,1482.0,10.0,349.0,100.0,15.737179487179487,6.581196581196581,4.426106526631658,26.787096774193547,3.509677419354839,15.402203284140512,3.627104552068177,0.1039284971939305
22125,74277.0,11452.0,1328.0,11438.0,600.0,0.0,1110.0,3911.0,296.0,3434.0,3911.0,152.0,15381.0,7745.0,6988.0,77.0,222.0,100.0,11.596227733147048,5.245672320335723,0.0,7.5683968294553825,3.886474047558169,45.43267667901957,1.4433391847084065,0.5006176451466094
22127,46368.0,11920.0,2625.0,11976.0,988.0,85.0,1497.0,4883.0,1001.0,3755.0,4883.0,405.0,13506.0,8271.0,3845.0,30.0,979.0,66.04143947655398,22.02181208053691,8.249832999331998,5.678022712090848,20.499692811796027,8.294081507270121,28.46882866873982,7.248630238412558,0.2221235006663705
23001,67298.0,108293.0,14060.0,110713.0,7518.0,933.0,15848.0,46632.0,3806.0,41572.0,46632.0,4190.0,112323.0,99078.0,5173.0,18.0,2373.0,45.34501840038151,12.983295319180373,6.790530470676433,5.887178192831903,8.161777320295077,8.98524618287871,4.605468158792055,2.11265724740258,0.0160252130017894
23003,54254.0,65298.0,9423.0,66083.0,5264.0,780.0,10769.0,29684.0,4395.0,23767.0,29684.0,2525.0,67227.0,62431.0,482.0,885.0,1059.0,85.63147306460026,14.430763576219793,7.965740054174295,7.243012350264649,14.80595607061043,8.506266001886539,0.7169738349175182,1.575259940202597,1.3164353607925388
23005,92983.0,296707.0,20956.0,302006.0,14186.0,2123.0,43275.0,130003.0,7388.0,119009.0,130003.0,8781.0,305940.0,265260.0,9896.0,424.0,8305.0,37.64555266292494,7.062859993191937,4.69725767037741,4.905834777585211,5.68294577817435,6.754459512472789,3.2346211675491925,2.714584559063869,0.1385892658691246
23007,58522.0,28908.0,3403.0,29937.0,2844.0,505.0,4948.0,12457.0,1442.0,10458.0,12457.0,1125.0,30145.0,28337.0,184.0,53.0,471.0,100.0,11.77182786771828,9.499949894779036,10.206143896523848,11.5758208236333,9.031066870032912,0.6103831481174324,1.5624481671919055,0.1758168850555647
23009,69630.0,54683.0,5591.0,55561.0,5659.0,797.0,9091.0,24992.0,2081.0,22263.0,24992.0,1278.0,56084.0,52254.0,479.0,232.0,1004.0,100.0,10.224384177898068,10.18520185021868,8.766912330876691,8.326664532650447,5.113636363636363,0.854076028813922,1.7901718850295985,0.4136652164610228
23011,65062.0,121516.0,14969.0,123806.0,8282.0,1545.0,19288.0,53936.0,4361.0,48432.0,53936.0,3960.0,125614.0,116473.0,1006.0,223.0,2708.0,62.2328982061112,12.318542414167682,6.689498085714748,8.010161758606387,8.08550875111243,7.342035004449718,0.8008661454933367,2.15581065804767,0.1775279825497158
23013,71903.0,39094.0,3424.0,39278.0,2481.0,577.0,6121.0,17979.0,1346.0,16162.0,17979.0,1096.0,40860.0,38432.0,149.0,103.0,734.0,64.22291723101928,8.758377244589962,6.316513060746474,9.426564286881227,7.486512041826575,6.096000889927137,0.364659813999021,1.7963778756730298,0.2520802741067058
23015,72026.0,35134.0,2985.0,35386.0,2654.0,614.0,5863.0,16201.0,1596.0,14062.0,16201.0,666.0,35840.0,33441.0,175.0,100.0,467.0,91.29608082413372,8.496043718335516,7.500141298818741,10.4724543748934,9.85124375038578,4.110857354484291,0.48828125,1.3030133928571428,0.2790178571428571
23017,57933.0,57725.0,8187.0,58104.0,4912.0,1164.0,10246.0,23694.0,2808.0,20292.0,23694.0,1457.0,58728.0,54491.0,178.0,105.0,946.0,82.76822957232116,14.182763100909485,8.453806966818119,11.360530938902986,11.85110154469486,6.149236093525787,0.3030922217681515,1.6108159651273668,0.1787903555373927
23019,63248.0,146494.0,19846.0,151601.0,10890.0,2319.0,22919.0,64769.0,5546.0,56754.0,64769.0,4987.0,153571.0,140416.0,1482.0,1249.0,2967.0,57.06213575647672,13.547312517918822,7.183329925264346,10.118242506217548,8.562738347048743,7.699671138970804,0.9650259489096248,1.9320053916429532,0.813304595268638
23021,55234.0,16723.0,2761.0,16878.0,1685.0,387.0,3059.0,8111.0,922.0,6780.0,8111.0,382.0,17125.0,15924.0,130.0,35.0,305.0,100.0,16.510195539077916,9.983410356677332,12.651193200392283,11.36727900382197,4.70965355689804,0.7591240875912408,1.781021897810219,0.2043795620437956
23023,82080.0,36671.0,4086.0,36879.0,1980.0,220.0,5944.0,16175.0,987.0,14977.0,16175.0,946.0,37093.0,34281.0,201.0,22.0,733.0,61.38586882476362,11.142319544053883,5.368909135280241,3.7012113055181697,6.102009273570324,5.848531684698609,0.5418812174803871,1.976114091607581,0.0593103820127786
23025,56199.0,49843.0,7756.0,50265.0,3926.0,770.0,8263.0,22737.0,2668.0,19405.0,22737.0,1445.0,50852.0,48039.0,241.0,64.0,737.0,84.87826138637399,15.56086110386614,7.810603799860738,9.318649400943968,11.734177771913622,6.355279940185601,0.4739243294265712,1.4493038621883112,0.1258554235821599
23027,68441.0,39150.0,4992.0,39796.0,3757.0,571.0,6207.0,17476.0,1552.0,15512.0,17476.0,1037.0,40006.0,37198.0,187.0,66.0,609.0,90.52187744590604,12.75095785440613,9.440647301236304,9.199291122925729,8.880750743877318,5.933852140077821,0.4674298855171724,1.5222716592511123,0.1649752537119432
23029,52237.0,30299.0,5396.0,30724.0,3008.0,586.0,5055.0,13989.0,1857.0,11573.0,13989.0,983.0,31261.0,27507.0,211.0,1422.0,734.0,100.0,17.809168619426384,9.790391876057804,11.59248269040554,13.274715848166416,7.02694974622918,0.6749624132305428,2.34797351332331,4.548798822814369
23031,82904.0,211533.0,16428.0,212790.0,11316.0,1878.0,34016.0,90250.0,5193.0,82410.0,90250.0,4606.0,214731.0,194888.0,2303.0,259.0,4457.0,51.979034966882416,7.766164144601552,5.317919075144508,5.520931326434619,5.754016620498615,5.103601108033241,1.0725046686319162,2.075620194569019,0.1206160265634677
24001,57393.0,61164.0,10541.0,62950.0,2569.0,283.0,8640.0,27436.0,3728.0,23001.0,27436.0,2530.0,67762.0,58571.0,4773.0,43.0,1260.0,34.98517017590227,17.233993852593027,4.081016679904686,3.275462962962963,13.58798658696603,9.221460854351946,7.043770845016381,1.8594492488415333,0.0634573950001475
24003,120324.0,580311.0,31842.0,572272.0,26481.0,3273.0,78115.0,223602.0,7543.0,212098.0,223602.0,8715.0,590936.0,370531.0,102913.0,602.0,59213.0,7.482393019425051,5.487057801764916,4.627345038722845,4.189976316968572,3.3734045312653733,3.897550111358575,17.41525309001313,10.020205233730897,0.1018722839698376
24005,90904.0,829887.0,83082.0,842531.0,46085.0,4469.0,112822.0,330151.0,19445.0,298811.0,330151.0,26472.0,849586.0,444583.0,253564.0,1011.0,63048.0,7.129140409696501,10.01124249446009,5.469828409874533,3.961106876318449,5.889729245102998,8.018149271091106,29.84559538410473,7.421026241016213,0.1189991360497936
24009,132059.0,93318.0,3758.0,92235.0,3074.0,406.0,14251.0,33485.0,1779.0,31109.0,33485.0,1130.0,93791.0,69683.0,11410.0,131.0,4620.0,61.89064807130617,4.02709016481279,3.332791239767984,2.8489228826047297,5.3128266387934895,3.37464536359564,12.165346355193996,4.925845763452784,0.1396722500026655
24011,66368.0,32889.0,4064.0,33043.0,2343.0,249.0,4858.0,12181.0,1323.0,10510.0,12181.0,686.0,33406.0,24318.0,4424.0,10.0,2930.0,84.9547953023158,12.356715011097936,7.090760524165481,5.125566076574722,10.86117724324768,5.631721533535835,13.2431299766509,8.770879482727654,0.0299347422618691
24013,115876.0,170501.0,9065.0,171867.0,4852.0,797.0,26110.0,63487.0,4352.0,58076.0,63487.0,2064.0,174318.0,149221.0,6772.0,146.0,8333.0,42.23875158336755,5.316684359622524,2.8231132212699355,3.0524703178858674,6.854946681997889,3.25105927197694,3.884854117188128,4.780343969068025,0.0837549765371332
24015,91146.0,102873.0,11202.0,103098.0,3902.0,752.0,15553.0,40172.0,2794.0,36428.0,40172.0,1909.0,104366.0,84928.0,7167.0,92.0,5617.0,48.34803567124608,10.88915458866758,3.784748491726319,4.835080048865171,6.955093099671413,4.75206611570248,6.867178966330031,5.382020964681985,0.0881513136462066
24017,120592.0,167385.0,11077.0,166022.0,7299.0,825.0,23956.0,60199.0,3262.0,55906.0,60199.0,1977.0,168710.0,56486.0,81750.0,465.0,12648.0,28.414867630553903,6.617677808644741,4.396405295683705,3.443813658373685,5.418694662702039,3.284107709430389,48.45593029458835,7.496888151265485,0.2756208879141723
24019,60495.0,32145.0,5225.0,32283.0,1742.0,368.0,4954.0,13324.0,1508.0,11401.0,13324.0,1343.0,32612.0,19896.0,8254.0,0.0,1909.0,53.95776336417571,16.25447192409395,5.396028869683734,7.42834073475979,11.317922545782048,10.079555688982287,25.30970195020238,5.853673494419232,0.0
24021,120458.0,275866.0,17361.0,277603.0,12767.0,1662.0,37047.0,101807.0,6406.0,94273.0,101807.0,4275.0,280341.0,188600.0,27838.0,300.0,34570.0,27.541154951659266,6.293272820862303,4.599013699419674,4.486193214025427,6.292298172031392,4.199121867847987,9.930049475460242,12.331410674856691,0.1070125311673997
24023,69031.0,28016.0,3073.0,28328.0,1695.0,317.0,4659.0,12565.0,1763.0,10448.0,12565.0,951.0,28713.0,27313.0,217.0,50.0,377.0,84.21162257862946,10.968732153055395,5.983479243151652,6.804035200686843,14.031038599283724,7.568643056108237,0.7557552328213701,1.3129941141643158,0.1741371504196705
24025,111317.0,260965.0,18271.0,260157.0,9613.0,1227.0,37674.0,100271.0,4931.0,92518.0,100271.0,3929.0,262509.0,190219.0,37600.0,61.0,14585.0,20.928699544695007,7.001322016362347,3.695076434614483,3.256888039496735,4.917673105883057,3.918381186983275,14.323318438605916,5.555999984762427,0.023237298530717
24027,146982.0,330837.0,16915.0,329749.0,13224.0,1754.0,43300.0,120066.0,3163.0,115446.0,120066.0,4707.0,333916.0,156832.0,65587.0,351.0,28121.0,11.877514541838064,5.112789681927959,4.010323003253991,4.05080831408776,2.6343844219012875,3.920343810904003,19.64176619269517,8.421579079768565,0.105116256783143
24029,74402.0,17792.0,1698.0,18893.0,1008.0,30.0,2969.0,8530.0,1153.0,6928.0,8530.0,450.0,19265.0,14669.0,2735.0,3.0,1074.0,69.62704448380039,9.543615107913668,5.335309373842164,1.0104412260020208,13.516998827667058,5.275498241500586,14.196729820918764,5.5748767194393976,0.0155722813392161
24031,128733.0,1048440.0,74198.0,1048264.0,71671.0,7658.0,138225.0,387881.0,11595.0,369544.0,387881.0,31623.0,1057586.0,427787.0,193539.0,1216.0,218219.0,2.6794129527400026,7.076990576475525,6.837113551548083,5.540242358473503,2.9893188890407107,8.15275819130094,18.30007205087813,20.63368841871961,0.1149788291448638
24033,100708.0,933273.0,95468.0,946621.0,106144.0,10515.0,127078.0,344586.0,17046.0,319991.0,344586.0,31683.0,955584.0,106025.0,563799.0,1667.0,207694.0,2.4345508327638203,10.229375541776092,11.212935271877551,8.274445616078314,4.946805732095906,9.19451167487942,59.00046463733173,21.73477161610073,0.1744482954925993
24035,113347.0,50501.0,3518.0,50611.0,2872.0,466.0,8214.0,19637.0,1231.0,17085.0,19637.0,682.0,50951.0,42351.0,3041.0,0.0,2678.0,59.02674740345671,6.966198689134869,5.674655707257315,5.673240808375944,6.268778326628304,3.473035596068646,5.96847951953838,5.256030303625051,0.0
24037,114580.0,112006.0,8344.0,111076.0,4149.0,830.0,15366.0,41743.0,3167.0,37957.0,41743.0,1528.0,114372.0,81155.0,16744.0,69.0,6805.0,56.74433321321533,7.449600914236737,3.7352803485901545,5.40153585838865,7.586900797738543,3.6604939750377303,14.639946840135698,5.949882838456965,0.0603294512642954
24039,52462.0,19699.0,3963.0,21178.0,721.0,81.0,2896.0,8296.0,1086.0,6928.0,8296.0,691.0,24685.0,12637.0,9344.0,26.0,1099.0,59.72786352558895,20.11777247576019,3.404476343375201,2.796961325966851,13.090646094503375,8.329315332690454,37.85294713388698,4.452096414826818,0.1053271217338464
24041,84378.0,37241.0,3799.0,37314.0,1687.0,179.0,5714.0,16211.0,1470.0,14462.0,16211.0,1151.0,37707.0,27960.0,4521.0,63.0,3432.0,51.94531791291372,10.201122418839452,4.521091279412553,3.1326566328316416,9.067916846585652,7.100117204367405,11.989816214495985,9.101758294215928,0.1670777309252923
24043,74157.0,147463.0,18367.0,148035.0,8962.0,1270.0,20525.0,59411.0,6484.0,51759.0,59411.0,4857.0,155033.0,115547.0,17483.0,118.0,11320.0,32.227141979897226,12.455327777137317,6.053973722430507,6.187576126674787,10.913803841039538,8.175253740889735,11.276953938838828,7.301671257087201,0.076112827591545
24045,72861.0,100267.0,13995.0,103049.0,6668.0,656.0,13151.0,40034.0,3353.0,35485.0,40034.0,2454.0,104117.0,61541.0,27287.0,66.0,7210.0,26.869907711317914,13.95773285328174,6.470708109734204,4.988213824043799,8.375380926212719,6.129789678773043,26.20801598202023,6.924901793174985,0.063390224459022
24047,81455.0,52574.0,4263.0,52592.0,2875.0,507.0,8661.0,23827.0,1957.0,21453.0,23827.0,1402.0,53279.0,41816.0,6399.0,24.0,2090.0,40.95882577201677,8.108570776429413,5.466610891390325,5.853827502597852,8.213371385403114,5.884081084483989,12.010360554815218,3.922746297790874,0.0450458905009478
24510,59623.0,557089.0,111877.0,569647.0,32918.0,4072.0,71033.0,250608.0,29459.0,208294.0,250608.0,66538.0,577193.0,151037.0,342194.0,980.0,45420.0,0.0,20.082428480907,5.778666437284845,5.732546844424422,11.75501181127498,26.55062887058673,59.2858887755049,7.8691183018505075,0.1697872288818471
25001,94452.0,227483.0,16909.0,227536.0,6475.0,1230.0,40959.0,102981.0,4219.0,96542.0,102981.0,5031.0,230073.0,197541.0,6211.0,686.0,8178.0,2.7934985763943474,7.433082911690104,2.845703537022713,3.003003003003003,4.096872238568279,4.885367203658928,2.6995779600387704,3.5545239989046955,0.2981662341952337
25003,72565.0,122620.0,13481.0,126266.0,2664.0,342.0,20673.0,56517.0,4472.0,50448.0,56517.0,5381.0,128047.0,109751.0,2945.0,92.0,7176.0,34.68680731015454,10.994128200946012,2.109831625298972,1.654331737048324,7.912663446396659,9.521029070899022,2.299936741977555,5.604192210672644,0.0718486180855467
25005,84198.0,565411.0,65846.0,573049.0,17324.0,1828.0,82219.0,232202.0,20609.0,205784.0,232202.0,22456.0,578436.0,443459.0,22894.0,505.0,56800.0,10.443888121546962,11.645687827085077,3.0231271671357947,2.2233303737578907,8.875461882326595,9.67089000094745,3.957914099399069,9.819582460289473,0.0873043863106722
25007,102348.0,20486.0,1102.0,20644.0,1027.0,200.0,3707.0,7362.0,306.0,6805.0,7362.0,379.0,20751.0,16828.0,691.0,229.0,641.0,31.728155339805824,5.37928341306258,4.974811083123425,5.395198273536552,4.156479217603912,5.148057593045368,3.329960001927618,3.089007758662233,1.1035612741554623
25009,99431.0,791577.0,74235.0,800972.0,22481.0,2592.0,115245.0,311676.0,20173.0,285008.0,311676.0,29873.0,807258.0,531979.0,28314.0,417.0,187521.0,5.154544971839735,9.378114826479294,2.806714841467617,2.249121436938696,6.472426494179853,9.584632759660671,3.5074288517425654,23.22937648186825,0.0516563477847231
25011,72584.0,69982.0,8508.0,70301.0,1592.0,247.0,11281.0,31498.0,2487.0,28303.0,31498.0,2574.0,70922.0,62358.0,933.0,21.0,3691.0,54.85365132551493,12.157411905918664,2.2645481572097124,2.1895222054782377,7.895739412026161,8.171947425233348,1.3155297368940526,5.204308959138208,0.0296099940780011
25013,70535.0,450453.0,70787.0,458131.0,14376.0,1394.0,63163.0,184217.0,17214.0,160776.0,184217.0,22204.0,462853.0,278624.0,35131.0,260.0,123001.0,9.52739762786454,15.714625055222188,3.137967088016309,2.2069882684483004,9.344414467720137,12.053176416943062,7.590098800267039,26.57452798188626,0.0561733422922612
25015,86391.0,135322.0,14750.0,155421.0,3043.0,290.0,20794.0,61770.0,2836.0,56541.0,61770.0,4207.0,156595.0,127318.0,3449.0,83.0,11259.0,28.546960100549573,10.89992758014218,1.9579078760270487,1.394633067230932,4.591225514003561,6.810749554800065,2.202496886873783,7.189884734506211,0.0530029694434688
25017,126779.0,1571906.0,118146.0,1608885.0,39085.0,4750.0,210548.0,630939.0,27290.0,594367.0,630939.0,65546.0,1622896.0,1081878.0,78074.0,1127.0,145868.0,3.5377407625725947,7.516098290864721,2.429322170322925,2.256017630184091,4.325299276158234,10.38864295914502,4.810782699569165,8.988129861679369,0.0694437597973006
25019,119750.0,14146.0,428.0,14255.0,925.0,12.0,1911.0,5048.0,82.0,4798.0,5048.0,179.0,14299.0,9884.0,1307.0,0.0,2347.0,15.74184496667836,3.0255902728686555,6.488951245177131,0.6279434850863422,1.624405705229794,3.545958795562599,9.140499335617877,16.4137352262396,0.0
25021,126497.0,708741.0,46980.0,717612.0,13725.0,2032.0,100821.0,281408.0,11559.0,265196.0,281408.0,25142.0,724540.0,507345.0,50218.0,417.0,40130.0,2.0222292318944985,6.628655601975898,1.9125934348923928,2.015453129804307,4.107559131225836,8.934358653627474,6.93101830126701,5.538686614955696,0.0575537582466116
25023,109698.0,521755.0,36987.0,525298.0,12993.0,2098.0,79385.0,200995.0,10041.0,184999.0,200995.0,12448.0,531889.0,408417.0,44817.0,360.0,25022.0,12.465077549974662,7.088959377485602,2.473453163728017,2.642816653020092,4.995646657877062,6.193188885295654,8.426006177980744,4.7043650084886135,0.0676832948227919
25025,92859.0,740898.0,121929.0,777220.0,25462.0,3083.0,83111.0,322184.0,23449.0,290819.0,322184.0,102312.0,782172.0,345199.0,140137.0,929.0,178286.0,0.0045116400312807,16.45692119563017,3.2760350994570397,3.7094969378301306,7.278139199960271,31.75576689096913,17.91639179106386,22.79370777782892,0.1187718302368277
25027,93561.0,836461.0,86428.0,851300.0,22296.0,2879.0,122850.0,333273.0,20220.0,306051.0,333273.0,28388.0,861664.0,618267.0,40024.0,711.0,114759.0,21.175811467432847,10.332579761638618,2.6190532127334665,2.3435083435083435,6.067098144764202,8.51794174745629,4.644966019237197,13.318300404798158,0.0825147621346603
26001,53568.0,10198.0,1463.0,10229.0,400.0,114.0,2088.0,5116.0,793.0,4146.0,5116.0,173.0,10310.0,9676.0,28.0,58.0,157.0,92.90842923182846,14.34595018631104,3.910450679440805,5.459770114942529,15.500390930414389,3.3815480844409693,0.2715809893307468,1.5227934044616878,0.562560620756547
26003,59406.0,7765.0,794.0,7803.0,400.0,66.0,1424.0,3490.0,434.0,2923.0,3490.0,213.0,8813.0,7192.0,694.0,234.0,147.0,100.0,10.22537025112685,5.126233499935922,4.634831460674158,12.435530085959885,6.103151862464183,7.874730511744015,1.6679904686258935,2.655168501077953
26005,80255.0,119842.0,11186.0,120031.0,6118.0,1142.0,17271.0,44984.0,3810.0,40486.0,44984.0,1252.0,120913.0,103389.0,1450.0,263.0,9674.0,67.57813148329488,9.333956375894928,5.097016604043955,6.61224017138556,8.469678107771653,2.783211808643073,1.1992093488706757,8.000793959293045,0.2175117646572328
26007,51909.0,28360.0,4815.0,28529.0,1464.0,349.0,4687.0,12734.0,1598.0,10524.0,12734.0,1030.0,28908.0,26884.0,249.0,7.0,458.0,46.6392223336908,16.978138222849083,5.131620456377721,7.446127586942607,12.549081199937175,8.088581749646615,0.8613532586135326,1.584336515843365,0.0242147502421475
26009,71421.0,23694.0,2239.0,23734.0,1260.0,238.0,4206.0,11034.0,1107.0,9704.0,11034.0,405.0,23876.0,22259.0,85.0,169.0,507.0,100.0,9.44964970034608,5.308839639335973,5.658582976699952,10.0326264274062,3.6704730831973897,0.3560060311609985,2.123471268219132,0.707823756073044
26011,56989.0,14886.0,1996.0,14932.0,935.0,179.0,2626.0,6421.0,831.0,5447.0,6421.0,453.0,15054.0,14034.0,91.0,70.0,321.0,87.54166111185175,13.40857181244122,6.261719796410394,6.816450875856816,12.941909359912788,7.054975860457873,0.6044905008635578,2.1323236349143087,0.4649926929719676
26013,55117.0,7201.0,973.0,7231.0,325.0,43.0,1201.0,3337.0,496.0,2720.0,3337.0,267.0,8249.0,5923.0,557.0,992.0,140.0,100.0,13.512012220524928,4.494537408380584,3.5803497085761866,14.86364998501648,8.001198681450404,6.752333616195902,1.6971754152018426,12.025700084858771
26015,77873.0,62462.0,5087.0,62687.0,3314.0,532.0,9718.0,24409.0,2811.0,21009.0,24409.0,938.0,62982.0,58003.0,255.0,68.0,2264.0,87.11853002899572,8.144151644199674,5.286582545025285,5.474377443918502,11.516244008357573,3.842844852308575,0.4048775840716395,3.5946778444634977,0.1079673557524372
26017,60523.0,102335.0,14358.0,102477.0,4822.0,795.0,15406.0,44917.0,4372.0,39467.0,44917.0,2876.0,103235.0,91469.0,1300.0,61.0,6023.0,28.93910799568633,14.030390384521423,4.70544610010051,5.160327145268077,9.733508471180176,6.402920943072779,1.2592628469026976,5.8342616360730375,0.0590884874315881
26019,72603.0,17926.0,1824.0,17987.0,1218.0,125.0,3006.0,7466.0,501.0,6865.0,7466.0,217.0,18177.0,16651.0,80.0,228.0,440.0,85.5147468002226,10.17516456543568,6.771557235781398,4.1583499667332005,6.71042057326547,2.9065095097776585,0.4401166309071904,2.420641469989547,1.2543323980854926
26021,63152.0,150605.0,22818.0,152246.0,9500.0,1326.0,22041.0,63651.0,6172.0,54645.0,63651.0,5016.0,153411.0,112283.0,20559.0,355.0,9396.0,30.096684724850306,15.15089140466784,6.23990121251133,6.016060977269634,9.69662691866585,7.880473205448461,13.401255451043276,6.124723781215167,0.2314045277066181
26023,61958.0,42873.0,6607.0,43117.0,4358.0,470.0,5953.0,16922.0,2233.0,14176.0,16922.0,1048.0,44914.0,39341.0,831.0,60.0,2811.0,69.4150951807766,15.410631399715438,10.107382239024052,7.895178901394255,13.19583973525588,6.193121380451483,1.8502026094313575,6.25862759941221,0.1335886360600258
26025,60385.0,130458.0,18521.0,132259.0,7778.0,1082.0,18149.0,53431.0,5514.0,47135.0,53431.0,4080.0,133846.0,101362.0,13255.0,340.0,7678.0,32.34234234234234,14.196906284014778,5.880885232762988,5.961760978566312,10.319851771443544,7.636016544702514,9.9031723024969,5.736443375222271,0.2540232804865293
26027,68011.0,51186.0,6752.0,51456.0,3226.0,709.0,8024.0,21089.0,2042.0,18516.0,21089.0,1060.0,51606.0,43627.0,2202.0,450.0,2240.0,74.10300645486441,13.19110694330481,6.26943407960199,8.835992023928215,9.68277300962587,5.026317037318033,4.266945703987909,4.340580552648917,0.8719916288803627
26029,76495.0,25831.0,2239.0,25877.0,1617.0,210.0,4473.0,12247.0,928.0,10984.0,12247.0,685.0,26143.0,24244.0,135.0,191.0,503.0,69.80118216012896,8.667879679454918,6.248792363875256,4.694835680751174,7.577365885522985,5.59320649955091,0.5163906208162797,1.924033202004361,0.730597100562292
26031,61619.0,25491.0,3253.0,25584.0,1590.0,239.0,4420.0,10757.0,1238.0,9184.0,10757.0,538.0,25778.0,23130.0,225.0,584.0,417.0,78.84983775753548,12.76136675689459,6.214821763602251,5.407239819004525,11.508784977224131,5.001394440829228,0.8728373031266972,1.6176584684614788,2.2654977112266272
26033,60631.0,32515.0,5077.0,33098.0,2177.0,316.0,4454.0,13867.0,1693.0,11867.0,13867.0,1087.0,36448.0,24598.0,2031.0,4681.0,802.0,51.12953649585429,15.61433184683992,6.577436703124056,7.094746295464751,12.208841133626596,7.838753876108747,5.572322212467077,2.200395083406497,12.842954345917471
26035,49805.0,30719.0,6488.0,30816.0,3613.0,336.0,5144.0,12150.0,1790.0,9832.0,12150.0,985.0,31109.0,29141.0,127.0,134.0,684.0,87.6976925071299,21.120479182265047,11.724428868120455,6.531881804043546,14.732510288065845,8.106995884773662,0.4082419878491755,2.19872062747115,0.4307435147385001
26037,85928.0,78493.0,7344.0,78788.0,2681.0,316.0,11311.0,31314.0,2108.0,28119.0,31314.0,915.0,79419.0,69833.0,1265.0,139.0,4042.0,51.31938125568699,9.35624832787637,3.402802457226989,2.793740606489258,6.731813246471227,2.9220157118221883,1.5928178395598032,5.089462219368161,0.1750210906709981
26039,58614.0,13067.0,1930.0,13110.0,738.0,105.0,2423.0,6009.0,502.0,5383.0,6009.0,527.0,13271.0,12258.0,40.0,30.0,311.0,99.8383122882661,14.770031376750593,5.62929061784897,4.333470903838217,8.35413546347146,8.770178066233983,0.3014090874839876,2.343455655188004,0.2260568156129907
26041,54829.0,36233.0,5066.0,36386.0,2087.0,294.0,5730.0,15900.0,1791.0,13556.0,15900.0,1274.0,36829.0,33257.0,96.0,631.0,552.0,42.66319811397448,13.981729362735628,5.735722530643654,5.130890052356021,11.264150943396226,8.0125786163522,0.2606641505335469,1.498818865567895,1.7133237394444596
26043,61882.0,25588.0,2505.0,25674.0,1145.0,219.0,4248.0,11837.0,1239.0,10223.0,11837.0,980.0,25940.0,24118.0,216.0,95.0,475.0,35.24877635179404,9.789745193059249,4.4597647425410925,5.155367231638418,10.467179183914844,8.27912477823773,0.8326908249807248,1.831148804934464,0.3662297609868928
26045,78025.0,107207.0,8305.0,108182.0,4523.0,563.0,15389.0,45115.0,3697.0,40596.0,45115.0,2046.0,109000.0,87830.0,7424.0,230.0,6718.0,37.984886649874056,7.746695644873935,4.180917342996062,3.658457339658197,8.19461376482323,4.535077025379586,6.811009174311927,6.163302752293578,0.2110091743119266
26047,73724.0,33663.0,3145.0,33841.0,1854.0,269.0,5299.0,14604.0,989.0,13203.0,14604.0,787.0,34159.0,30504.0,222.0,595.0,683.0,63.13027673545966,9.342601669488756,5.478561508229662,5.076429515002831,6.772117228156669,5.388934538482608,0.6499019292133845,1.999473052489827,1.7418542697385755
26049,60673.0,399259.0,63645.0,401670.0,19139.0,2722.0,56397.0,166375.0,15385.0,145656.0,166375.0,13249.0,404087.0,285283.0,77538.0,958.0,16683.0,18.19916250421579,15.94078029549741,4.764856723180721,4.826497863361526,9.24718256949662,7.963335837716003,19.188442092915636,4.128566373083024,0.2370776590189736
26051,55576.0,25286.0,3335.0,25367.0,2115.0,403.0,4432.0,11060.0,1527.0,9332.0,11060.0,745.0,25543.0,23854.0,65.0,95.0,543.0,100.0,13.189116507158111,8.337603973666575,9.092960288808664,13.806509945750452,6.735985533453888,0.25447284970442,2.1258270367615397,0.3719218572603061
26053,49672.0,14045.0,2100.0,14116.0,860.0,173.0,2448.0,7038.0,881.0,5885.0,7038.0,640.0,14348.0,13105.0,117.0,363.0,270.0,64.08205841446454,14.951940192239231,6.0923774440351375,7.066993464052287,12.517760727479397,9.093492469451547,0.815444661276833,1.8817953721773069,2.529969333705046
26055,79486.0,94523.0,8091.0,94940.0,4047.0,670.0,14126.0,39596.0,2578.0,35976.0,39596.0,2166.0,95757.0,87440.0,845.0,483.0,3138.0,43.172893172893176,8.559821419125504,4.262692226669476,4.743027042333286,6.510758662491161,5.470249520153551,0.8824420146829997,3.2770450202074,0.5044017669726495
26057,61128.0,35396.0,5050.0,37011.0,1805.0,292.0,4950.0,14511.0,1680.0,12246.0,14511.0,714.0,41478.0,34663.0,2248.0,121.0,3134.0,58.29362323699145,14.267148830376314,4.876928480721948,5.898989898989899,11.577424023154848,4.92040520984081,5.419740585370558,7.555812719996142,0.291720912290853
26059,60869.0,44076.0,6830.0,45367.0,3189.0,338.0,6814.0,17858.0,2401.0,14933.0,17858.0,1126.0,45658.0,42357.0,327.0,32.0,1249.0,76.73676387006515,15.495961521009166,7.029338505962484,4.960375697094218,13.444954642177176,6.305297345727405,0.7161943142494196,2.7355556528976304,0.0700862937491786
26061,56573.0,33433.0,5326.0,36939.0,2212.0,202.0,4101.0,14251.0,1520.0,12293.0,14251.0,1127.0,37428.0,34138.0,423.0,189.0,676.0,45.2102459784267,15.930368199084736,5.988250900132651,4.925627895635211,10.665918181180269,7.90821696723037,1.1301699262584162,1.806134444800684,0.5049695415197178
26063,56963.0,30908.0,3757.0,30947.0,1746.0,265.0,5127.0,13836.0,2199.0,11177.0,13836.0,846.0,31258.0,29245.0,126.0,64.0,855.0,100.0,12.155429015141712,5.641903900216499,5.1687146479422665,15.893321769297485,6.11448395490026,0.4030968072173523,2.7352997632606053,0.2047475846183377
26065,64354.0,264599.0,43352.0,280412.0,13633.0,1396.0,30893.0,116566.0,8282.0,104256.0,116566.0,10276.0,282015.0,190072.0,31654.0,743.0,24396.0,14.567567567567568,16.384037732568906,4.861774817054905,4.51882303434435,7.104987732271846,8.815606609131308,11.22422566175558,8.650603691293016,0.2634611634132936
26067,73436.0,63031.0,7186.0,63410.0,3833.0,481.0,8366.0,22994.0,2427.0,20047.0,22994.0,1470.0,66706.0,57197.0,2466.0,292.0,3466.0,61.01730435303275,11.400739318747918,6.044787888345687,5.749462108534544,10.554927372358009,6.392972079672958,3.696818876862651,5.195934398704765,0.437741732377897
26069,47777.0,25075.0,4166.0,25110.0,1397.0,263.0,4434.0,11449.0,1464.0,9505.0,11449.0,832.0,25333.0,23201.0,224.0,126.0,688.0,49.75234774339264,16.614157527417746,5.563520509757069,5.931438881371222,12.787142981919818,7.26701021923312,0.8842221608179055,2.715825208226424,0.4973749654600718
26071,53614.0,11271.0,1909.0,11392.0,539.0,134.0,2027.0,5354.0,849.0,4345.0,5354.0,392.0,11650.0,10774.0,98.0,131.0,245.0,100.0,16.937272646615206,4.731390449438202,6.610754810064134,15.857302951064623,7.32162868883078,0.8412017167381974,2.103004291845493,1.1244635193133048
26073,53759.0,59246.0,13723.0,63962.0,4837.0,365.0,6822.0,24942.0,1967.0,20317.0,24942.0,1789.0,64475.0,53932.0,1721.0,1665.0,3144.0,52.26573904401031,23.162745164230497,7.56230261717895,5.350337144532396,7.886296207200705,7.172640526020367,2.6692516479255524,4.876308646762311,2.5823962776269878
26075,65004.0,150809.0,18352.0,152299.0,7457.0,1081.0,21878.0,62034.0,4968.0,55884.0,62034.0,4285.0,160187.0,132110.0,12165.0,277.0,6352.0,47.28433707893194,12.169035004542168,4.896289535715927,4.941036657829783,8.00851146145662,6.907502337427863,7.594249221222696,3.965365479096306,0.1729228963648735
26077,70525.0,254043.0,33669.0,259424.0,12893.0,1590.0,29175.0,106251.0,6824.0,95485.0,106251.0,7244.0,261437.0,196605.0,27782.0,330.0,15121.0,21.6387052394237,13.253268147518334,4.969856297027261,5.4498714652956295,6.422527787973761,6.8178181852406095,10.626651927615448,5.783802598714031,0.1262254386333992
26079,60365.0,17951.0,2529.0,17991.0,1234.0,169.0,2909.0,7716.0,986.0,6553.0,7716.0,387.0,18116.0,16797.0,160.0,82.0,402.0,100.0,14.088351623864966,6.858985048079595,5.809556548642145,12.778641783307414,5.015552099533437,0.8831971737690439,2.219032899094723,0.452638551556635
26081,80390.0,648364.0,68503.0,653772.0,31761.0,3446.0,78744.0,254860.0,16942.0,231999.0,254860.0,16285.0,658844.0,468130.0,60320.0,1165.0,75849.0,16.188633593424665,10.565515667125256,4.858115673354013,4.376206441125673,6.647571215569332,6.389782625755316,9.155429813430796,11.512436934995234,0.1768248629417586
26083,53893.0,2103.0,183.0,2103.0,160.0,9.0,344.0,1090.0,155.0,903.0,1090.0,29.0,2106.0,2013.0,0.0,9.0,32.0,100.0,8.7018544935806,7.608178792201617,2.616279069767442,14.220183486238533,2.6605504587155964,0.0,1.519468186134853,0.4273504273504273
26085,49680.0,12079.0,2489.0,12127.0,974.0,121.0,2178.0,4931.0,963.0,3845.0,4931.0,372.0,12393.0,9390.0,1059.0,96.0,1146.0,100.0,20.606010431327096,8.031664880019791,5.555555555555555,19.529507199351045,7.54410870006084,8.545146453643186,9.24715565238441,0.7746308399903171
26087,76228.0,87021.0,8509.0,87200.0,4686.0,1008.0,14561.0,34479.0,3387.0,30209.0,34479.0,1529.0,88703.0,79979.0,1017.0,77.0,4394.0,85.94996558300139,9.77809953919169,5.373853211009174,6.922601469679281,9.823370747411468,4.434583369587285,1.1465226655242775,4.953609235313349,0.0868065341645716
26089,91943.0,22416.0,1595.0,22434.0,911.0,142.0,3911.0,9439.0,573.0,8650.0,9439.0,292.0,22607.0,20202.0,85.0,547.0,964.0,87.58351643424062,7.115453247680229,4.060800570562539,3.6307849654819737,6.0705583218561285,3.0935480453437862,0.3759897376918653,4.264165966293626,2.4196045472641217
26091,67013.0,93980.0,10915.0,95803.0,5383.0,600.0,13619.0,38807.0,3689.0,34143.0,38807.0,2061.0,98823.0,84155.0,2147.0,92.0,8650.0,56.86108848053267,11.614173228346456,5.61882195755874,4.40560980982451,9.506016955703869,5.310897518488932,2.1725711625836093,8.753023081671271,0.0930957368223996
26093,101315.0,193739.0,9525.0,194127.0,5782.0,1383.0,31215.0,75722.0,4585.0,69840.0,75722.0,2202.0,195143.0,181066.0,997.0,381.0,5615.0,39.51285939772833,4.916408157366353,2.978462552864877,4.430562229697261,6.05504344840337,2.908005599429492,0.5109073858657497,2.87737710294502,0.1952414383298401
26095,54338.0,5291.0,912.0,5306.0,248.0,32.0,780.0,2404.0,350.0,2017.0,2404.0,162.0,6325.0,4870.0,519.0,435.0,115.0,100.0,17.236817236817238,4.673954014323408,4.102564102564102,14.559068219633945,6.738768718801997,8.205533596837945,1.818181818181818,6.877470355731226
26097,58598.0,10681.0,1804.0,10721.0,1109.0,190.0,1907.0,5128.0,683.0,4265.0,5128.0,543.0,10865.0,7798.0,445.0,1532.0,224.0,74.67232785674727,16.889804325437694,10.344184311165003,9.96329313057158,13.319032761310453,10.588923556942278,4.095720202485044,2.0616658996778647,14.100322135296825
26099,76399.0,869449.0,85357.0,870591.0,43333.0,6022.0,125579.0,356426.0,22685.0,329533.0,356426.0,21226.0,877624.0,659952.0,108860.0,1175.0,27006.0,3.2099925444016626,9.817367091111729,4.977423382506826,4.795387763877718,6.364574974889599,5.955233344368817,12.403945197487763,3.077172000765704,0.1338842146522884
26101,60879.0,23894.0,2813.0,23891.0,1014.0,206.0,4015.0,10324.0,1321.0,8814.0,10324.0,511.0,25247.0,22131.0,829.0,312.0,882.0,67.66938318951742,11.772829999162967,4.2442760872295,5.130759651307597,12.795428128632311,4.949631925610229,3.283558442587238,3.4934843743811146,1.2357903909375372
26103,64675.0,62751.0,8538.0,64722.0,2408.0,491.0,8464.0,27887.0,2447.0,23365.0,27887.0,1701.0,66430.0,60406.0,966.0,621.0,1345.0,45.49888665040823,13.60615767079409,3.720527795803591,5.801039697542533,8.77469788790476,6.0996163086742925,1.4541622760800843,2.0246876411259973,0.9348186060514828
26105,62296.0,28828.0,4214.0,28930.0,1760.0,318.0,4496.0,12426.0,1424.0,10452.0,12426.0,780.0,29177.0,26226.0,319.0,98.0,1389.0,59.09748038000826,14.617732759816844,6.083650190114068,7.072953736654804,11.459842266216,6.277160791887977,1.0933269355999589,4.760599102032423,0.335881002159235
26107,57774.0,38067.0,7296.0,40042.0,3107.0,312.0,5809.0,16312.0,2332.0,13122.0,16312.0,1026.0,40321.0,36297.0,889.0,264.0,1125.0,74.47751422672106,19.16620695090236,7.759352679686329,5.370976071613014,14.296223639038743,6.2898479646885725,2.204806428411994,2.790109372287393,0.6547456660301084
26109,55688.0,22864.0,2780.0,23019.0,1162.0,285.0,3914.0,10011.0,1529.0,8272.0,10011.0,633.0,23295.0,21317.0,130.0,507.0,534.0,63.16909199217088,12.158852344296712,5.048003822928885,7.281553398058253,15.273199480571373,6.323044650884028,0.5580596694569651,2.2923374114616872,2.1764327108821635
26111,77538.0,82345.0,8986.0,82842.0,3186.0,806.0,11914.0,34608.0,3011.0,30514.0,34608.0,1981.0,83641.0,75072.0,1134.0,195.0,2784.0,43.21627901406089,10.912623717287024,3.84587528065474,6.765150243411113,8.700300508552935,5.72411003236246,1.3557944070491743,3.328511136882629,0.2331392498894083
26113,61868.0,15051.0,1618.0,15063.0,1381.0,245.0,2320.0,5750.0,764.0,4843.0,5750.0,284.0,15156.0,13857.0,72.0,31.0,501.0,100.0,10.750116271344096,9.168160393016,10.560344827586206,13.28695652173913,4.939130434782609,0.4750593824228028,3.3056215360253365,0.204539456320929
26115,75272.0,152976.0,16914.0,153894.0,5608.0,897.0,23136.0,62509.0,6249.0,54675.0,62509.0,3167.0,155001.0,138322.0,3434.0,109.0,6559.0,37.72132111182167,11.05663633511139,3.644066695257775,3.877074688796681,9.996960437696972,5.066470428258331,2.2154695776156283,4.231585602673532,0.0703221269540196
26117,64892.0,64443.0,7720.0,64690.0,5533.0,382.0,9100.0,24153.0,3655.0,20035.0,24153.0,1312.0,67174.0,58834.0,2158.0,171.0,2826.0,84.59032635782268,11.979578852629457,8.553099397124749,4.197802197802198,15.132695731379124,5.432037428062767,3.212552475660225,4.206984845327061,0.2545627772650132
26119,47803.0,9250.0,1659.0,9308.0,508.0,84.0,1847.0,4769.0,730.0,3858.0,4769.0,345.0,9372.0,8780.0,15.0,40.0,153.0,100.0,17.935135135135134,5.457670820799312,4.547915538711424,15.307192283497589,7.234221010694066,0.1600512163892445,1.6325224071702944,0.4268032437046521
26121,63495.0,169435.0,21347.0,171139.0,8224.0,903.0,23585.0,67112.0,7438.0,58022.0,67112.0,5068.0,175378.0,132043.0,22039.0,888.0,10671.0,26.013513513513512,12.598931743736536,4.805450540204162,3.8287046851812594,11.082965788532604,7.551555608534986,12.566570493448436,6.084571611034451,0.5063348880703396
26123,61931.0,49829.0,7115.0,49964.0,3457.0,524.0,7855.0,19428.0,2814.0,16059.0,19428.0,942.0,50414.0,44458.0,371.0,155.0,3079.0,89.66545279923166,14.278833610949446,6.918981666800096,6.670910248249522,14.48424953675108,4.848672019765287,0.735906692585393,6.1074304756615225,0.3074542785734121
26125,95296.0,1260613.0,96989.0,1265324.0,49240.0,6545.0,179601.0,528681.0,25017.0,495028.0,528681.0,27972.0,1272294.0,879832.0,163653.0,1403.0,62197.0,5.542237689256471,7.693796589437044,3.891493404060936,3.644189063535281,4.7319650223859,5.290903210064292,12.862828874458264,4.888571352218905,0.1102732544521942
26127,63624.0,26349.0,3499.0,26607.0,2143.0,246.0,4229.0,10247.0,1580.0,8315.0,10247.0,434.0,26788.0,21499.0,248.0,131.0,4135.0,100.0,13.27944134502258,8.054271432329838,5.816978008985576,15.419147067434372,4.235385966624378,0.925787666119158,15.436016126623862,0.4890249365387487
26129,51983.0,20439.0,3569.0,20591.0,1070.0,178.0,3655.0,9122.0,1221.0,7701.0,9122.0,572.0,20853.0,19430.0,122.0,55.0,461.0,100.0,17.461715348109006,5.196445048807732,4.870041039671682,13.385222538916905,6.270554702916027,0.5850477149570805,2.210713086846017,0.2637510190380281
26131,51844.0,5819.0,731.0,5816.0,238.0,89.0,1188.0,2978.0,348.0,2493.0,2978.0,151.0,5870.0,5465.0,47.0,17.0,100.0,100.0,12.562295927135247,4.092159559834938,7.491582491582491,11.685695097380792,5.070517125587643,0.8006814310051107,1.7035775127768311,0.2896081771720613
26133,57050.0,22754.0,3602.0,22821.0,2057.0,286.0,3543.0,9072.0,1442.0,7240.0,9072.0,696.0,23122.0,21368.0,239.0,78.0,463.0,100.0,15.830183703964138,9.0136277989571,8.072255151001976,15.895061728395062,7.671957671957672,1.033647608338379,2.0024219358187008,0.3373410604618977
26135,50581.0,8258.0,1302.0,8296.0,1093.0,100.0,1539.0,3648.0,686.0,2871.0,3648.0,317.0,8338.0,7796.0,28.0,27.0,170.0,100.0,15.76652942601114,13.175024108003855,6.49772579597141,18.80482456140351,8.68969298245614,0.335811945310626,2.038858239385944,0.3238186615495322
26137,67285.0,25019.0,2411.0,25189.0,1555.0,298.0,3935.0,10996.0,855.0,9968.0,10996.0,614.0,25352.0,23688.0,203.0,56.0,490.0,66.21896297477183,9.636676126144131,6.173329628012228,7.573062261753495,7.775554747180793,5.583848672244453,0.8007257810034711,1.932786367939413,0.2208898706216472
26139,87144.0,288600.0,23541.0,296970.0,9610.0,889.0,35596.0,110019.0,5764.0,100741.0,110019.0,4339.0,298614.0,246143.0,4352.0,327.0,30177.0,21.19885212694125,8.156964656964657,3.2360171061049936,2.497471626025396,5.239095065397795,3.943864241630991,1.4573998539921105,10.10568827985292,0.109505917338102
26141,56713.0,13034.0,1589.0,13042.0,733.0,105.0,2413.0,6316.0,951.0,5236.0,6316.0,413.0,13142.0,12450.0,29.0,20.0,198.0,100.0,12.191192266380236,5.6203036344119,4.35142975549109,15.056998100063332,6.538948701709943,0.2206665652107746,1.5066199969563232,0.1521838380763963
26143,54106.0,23332.0,3593.0,23450.0,1075.0,242.0,4523.0,11475.0,1263.0,10026.0,11475.0,794.0,23639.0,21923.0,145.0,32.0,471.0,43.87228782130526,15.399451397222698,4.584221748400853,5.350431129781119,11.006535947712418,6.919389978213507,0.613393121536444,1.9924700706459664,0.1353695164770083
26145,58347.0,183306.0,33133.0,185867.0,7636.0,1271.0,25775.0,77586.0,7075.0,68278.0,77586.0,5823.0,189210.0,128940.0,34937.0,332.0,17188.0,32.61503019082283,18.07524030855509,4.108314009479897,4.93113482056256,9.118913205990772,7.505220013920037,18.46466888642249,9.08408646477459,0.1754664129802864
26147,69349.0,158248.0,17388.0,158867.0,7686.0,1086.0,25537.0,66618.0,5397.0,59722.0,66618.0,3909.0,160089.0,144094.0,3588.0,168.0,5753.0,39.50605737515821,10.987816591678884,4.838009152309794,4.252653013274856,8.101414032243538,5.867783481941817,2.2412533028502897,3.593626045512184,0.1049416262204148
26149,64707.0,60046.0,7186.0,60389.0,5773.0,775.0,8462.0,23610.0,2544.0,20447.0,23610.0,1872.0,60870.0,51400.0,1324.0,17.0,5553.0,63.71945716208011,11.967491589781169,9.559688022653132,9.158591349562752,10.775095298602286,7.928843710292249,2.175127320519139,9.122720551996055,0.0279283719402004
26151,59074.0,40007.0,5593.0,40210.0,3275.0,425.0,6358.0,17451.0,2485.0,14568.0,17451.0,1024.0,40574.0,37472.0,157.0,40.0,1697.0,93.64457905493586,13.980053490639138,8.144740114399402,6.684491978609626,14.239871640593664,5.8678585754398025,0.386947306156652,4.1824813920244495,0.098585300931631
26153,57708.0,7973.0,1179.0,8006.0,576.0,192.0,1486.0,3821.0,482.0,3211.0,3821.0,203.0,8093.0,6816.0,37.0,513.0,123.0,100.0,14.787407500313558,7.194604046964776,12.920592193808885,12.614498822297827,5.31274535461921,0.4571852217966143,1.5198319535400964,6.338811318423329
26155,64464.0,67193.0,7854.0,67533.0,3043.0,477.0,10427.0,27618.0,2686.0,23939.0,27618.0,1586.0,68061.0,63336.0,402.0,121.0,2071.0,59.783534525802565,11.68871757474737,4.505945241585596,4.5746619353601226,9.725541313636034,5.7426316170613365,0.5906466258209547,3.042858612127356,0.1777816958316804
26157,62847.0,52382.0,6616.0,52510.0,2528.0,599.0,8334.0,21472.0,3010.0,17708.0,21472.0,1280.0,53071.0,48812.0,518.0,140.0,1923.0,89.90491907807137,12.63029284868848,4.814321081698724,7.18742500599952,14.018256333830104,5.961251862891207,0.9760509506133294,3.623447834033653,0.2637975542198187
26159,66902.0,74945.0,10340.0,75137.0,5559.0,913.0,11058.0,30101.0,2774.0,26471.0,30101.0,1551.0,75681.0,59877.0,2625.0,262.0,9248.0,78.05178139097993,13.796784308492894,7.3984854332752175,8.256465907035631,9.215640676389487,5.152652735789508,3.468505965830261,12.219711684570765,0.3461899287800108
26161,87156.0,349080.0,48323.0,363151.0,12030.0,1200.0,41386.0,149256.0,5423.0,139833.0,149256.0,11755.0,368394.0,250289.0,41945.0,643.0,20789.0,17.19479500776343,13.842958634123985,3.3126715884026203,2.8995312424491373,3.63335477300745,7.875730288899609,11.385907479492063,5.643142939352975,0.1745413877533293
26163,59521.0,1755183.0,353134.0,1762928.0,100364.0,11332.0,228812.0,693446.0,63881.0,608735.0,693446.0,81619.0,1773767.0,855209.0,655912.0,3010.0,119108.0,0.8968192327999995,20.11949751108574,5.693028870152383,4.952537454329319,9.212108801550515,11.77005851933676,36.97847575245227,6.7149744019366695,0.1696953433004447
26165,63123.0,33275.0,4301.0,33475.0,2177.0,465.0,4883.0,13428.0,1563.0,11593.0,13428.0,812.0,33868.0,31020.0,306.0,88.0,845.0,63.7454340272622,12.925619834710744,6.50336071695295,9.522834323161993,11.639857015192137,6.047065832588621,0.9035077359159088,2.494980512578245,0.2598322900673201
27001,59498.0,15687.0,1937.0,15736.0,859.0,240.0,2954.0,6935.0,954.0,5775.0,6935.0,327.0,15930.0,14778.0,106.0,245.0,233.0,100.0,12.347803914068974,5.458820538891714,8.124576844955993,13.75630857966835,4.71521268925739,0.6654111738857501,1.4626490897677338,1.5379786566227245
27003,98764.0,363694.0,24172.0,364536.0,16078.0,2368.0,50594.0,136171.0,6118.0,127477.0,136171.0,6292.0,367095.0,278827.0,30395.0,1420.0,20537.0,15.902464226531864,6.646246569918668,4.410538328176092,4.680396885006127,4.492880275535907,4.620660786804827,8.279873057382966,5.59446464811561,0.3868208501886432
27005,71117.0,34555.0,3802.0,34819.0,2254.0,361.0,5181.0,14404.0,1404.0,12672.0,14404.0,764.0,35260.0,30144.0,282.0,1690.0,665.0,70.91208822442657,11.002749240341483,6.473477124558431,6.967766840378306,9.747292418772563,5.304082199389058,0.7997731140102099,1.8859897901304596,4.7929665343165055
27007,67257.0,44394.0,7084.0,45774.0,3565.0,395.0,5516.0,17908.0,1208.0,16151.0,17908.0,1147.0,46421.0,32660.0,413.0,8780.0,1170.0,67.87877476853855,15.957111321349732,7.78826408004544,7.160986221899927,6.745588563770382,6.404958677685951,0.8896835483940458,2.520411020874173,18.913853643824996
27009,71480.0,40723.0,3976.0,40838.0,1579.0,207.0,5110.0,16494.0,928.0,14833.0,16494.0,983.0,41458.0,35902.0,1617.0,279.0,1346.0,45.03492109524155,9.76352429830808,3.8664968901513297,4.050880626223092,5.626288347277798,5.959742936825513,3.9003328669979256,3.2466592696222683,0.6729702349365623
27011,65475.0,4991.0,572.0,5017.0,170.0,17.0,800.0,2179.0,200.0,1940.0,2179.0,85.0,5152.0,4859.0,9.0,16.0,130.0,100.0,11.46062913243839,3.3884791708192146,2.125,9.178522257916477,3.900871959614502,0.1746894409937888,2.5232919254658386,0.3105590062111801
27013,72623.0,65697.0,10695.0,68690.0,3140.0,268.0,7063.0,27183.0,1834.0,23815.0,27183.0,2006.0,69386.0,59101.0,3157.0,106.0,3252.0,33.573040861210785,16.279282159002694,4.571262192458873,3.794421633866629,6.746863848728985,7.379612257661038,4.549909203585738,4.686824431441501,0.152768570028536
27015,68690.0,24750.0,1908.0,25456.0,994.0,170.0,3729.0,10946.0,1258.0,9455.0,10946.0,514.0,25826.0,23814.0,216.0,45.0,1252.0,48.15143562828033,7.709090909090909,3.904776869893149,4.558862965942612,11.492782751690116,4.695779280102321,0.8363664524122977,4.847827770463874,0.1742430109192287
27017,80042.0,34604.0,3846.0,34706.0,1666.0,338.0,5038.0,13972.0,1579.0,12005.0,13972.0,662.0,36457.0,31818.0,762.0,1246.0,676.0,63.50705664650482,11.11432204369437,4.800322710770472,6.709011512504962,11.301173776123676,4.738047523618666,2.090133582028143,1.854239240749376,3.417724991085388
27019,123144.0,107417.0,4534.0,108300.0,2340.0,399.0,14702.0,40231.0,1489.0,37918.0,40231.0,1492.0,108622.0,93566.0,1636.0,151.0,5393.0,24.65067993490582,4.220933371812655,2.160664819944598,2.7139164739491224,3.701125997365216,3.7085829335586986,1.506140560844028,4.96492423266005,0.1390141960192226
27021,64937.0,30287.0,3861.0,30437.0,2162.0,442.0,5222.0,12768.0,1498.0,10999.0,12768.0,575.0,30688.0,24902.0,120.0,2664.0,530.0,100.0,12.748043715125302,7.103196767092683,8.464189965530448,11.732456140350877,4.50344611528822,0.3910323253388947,1.7270594369134515,8.680917622523461
27023,69192.0,12099.0,1748.0,12117.0,885.0,93.0,1701.0,5196.0,506.0,4487.0,5196.0,389.0,12388.0,10326.0,113.0,218.0,1228.0,57.20749325289729,14.447474997933714,7.303788066353058,5.467372134038801,9.738260200153965,7.486528098537336,0.9121730707135938,9.912818856958348,1.759767516951889
27025,98260.0,55999.0,3322.0,56183.0,2241.0,291.0,8530.0,21252.0,1280.0,19505.0,21252.0,864.0,57434.0,51991.0,688.0,219.0,1565.0,65.65585206902033,5.932248790156967,3.988751045689977,3.4114888628370457,6.022962544701676,4.065499717673631,1.197896716230804,2.7248668036354773,0.3813072396141658
27027,77664.0,62608.0,9003.0,65088.0,2361.0,203.0,6702.0,25939.0,2103.0,22832.0,25939.0,2236.0,65628.0,55293.0,3014.0,522.0,3186.0,25.79227777947886,14.379951443904933,3.6273967551622417,3.02894658310952,8.107482940745596,8.620224372566407,4.5925519595294695,4.854635216675809,0.7953922106417992
27029,64934.0,8393.0,940.0,8442.0,1050.0,117.0,1235.0,3245.0,395.0,2769.0,3245.0,250.0,8579.0,7229.0,14.0,604.0,75.0,100.0,11.19980936494698,12.437810945273633,9.473684210526317,12.172573189522344,7.704160246533128,0.1631891828884485,0.8742277654738314,7.040447604615923
27031,71643.0,5572.0,628.0,5584.0,322.0,74.0,955.0,2700.0,124.0,2487.0,2700.0,66.0,5633.0,4749.0,26.0,353.0,156.0,100.0,11.270638908829865,5.76647564469914,7.748691099476439,4.592592592592593,2.4444444444444446,0.46156577312267,2.76939463873602,6.266642996627019
27033,68239.0,11220.0,1594.0,11227.0,602.0,37.0,1477.0,4659.0,619.0,3891.0,4659.0,262.0,11458.0,9339.0,201.0,45.0,1203.0,100.0,14.206773618538325,5.362073572637392,2.5050778605280977,13.286112899763898,5.623524361450955,1.7542328504101938,10.499214522604294,0.3927386978530284
27035,71343.0,66076.0,6390.0,66294.0,3777.0,606.0,10315.0,28778.0,2493.0,25264.0,28778.0,1367.0,67113.0,62788.0,388.0,473.0,1024.0,68.71436565189117,9.670682244687937,5.697348176305548,5.874939408628212,8.662867468204878,4.750156369448884,0.5781294235096032,1.5257848702933858,0.7047814879382533
27037,105212.0,439231.0,24512.0,439866.0,16730.0,2112.0,58796.0,171630.0,7328.0,160977.0,171630.0,8250.0,442204.0,326551.0,31968.0,799.0,37321.0,4.981108570025598,5.580662567077461,3.8034310449091313,3.5920810939519696,4.269649828118627,4.806851948959972,7.229242612007128,8.439769879964903,0.1806858373058588
27039,92943.0,20684.0,1127.0,20843.0,1118.0,123.0,2732.0,8018.0,548.0,7257.0,8018.0,330.0,20962.0,18864.0,205.0,32.0,1084.0,63.344036037762976,5.44865596596403,5.363911145228614,4.502196193265007,6.834622100274383,4.115739585931654,0.9779601183093216,5.171262284133193,0.1526571891995038
27041,77264.0,38794.0,3213.0,38830.0,1538.0,292.0,5583.0,17416.0,1592.0,15169.0,17416.0,855.0,39354.0,37065.0,185.0,95.0,848.0,51.39978464851561,8.282208588957054,3.9608550090136494,5.23016299480566,9.141019751952228,4.909278824069821,0.4700919855669055,2.154800020328302,0.2413985871830055
27043,64391.0,13619.0,1609.0,13651.0,728.0,111.0,2067.0,6170.0,776.0,5180.0,6170.0,310.0,13909.0,12326.0,78.0,30.0,1086.0,100.0,11.81437697334606,5.3329426415647205,5.370101596516691,12.576985413290114,5.024311183144246,0.5607879790063988,7.807894169242936,0.2156876842332303
27045,75225.0,20841.0,1858.0,20943.0,1639.0,149.0,3007.0,8626.0,1035.0,7351.0,8626.0,508.0,21346.0,20195.0,130.0,12.0,395.0,100.0,8.915119236121107,7.82600391538939,4.955104755570336,11.998608856944122,5.889172269881753,0.6090133982947625,1.8504637871263936,0.056216621381055
27047,69012.0,30186.0,2959.0,30317.0,1715.0,344.0,4529.0,12885.0,1574.0,10935.0,12885.0,768.0,30752.0,25291.0,364.0,28.0,3249.0,41.76403948859039,9.802557476976082,5.656892172708382,7.595495694413778,12.215754753589446,5.960419091967404,1.18366285119667,10.565166493236212,0.09105098855359
27049,82749.0,46887.0,4344.0,46998.0,2422.0,384.0,7273.0,19631.0,1446.0,17826.0,19631.0,1324.0,47844.0,42882.0,764.0,409.0,1879.0,66.9118574250767,9.264828203979782,5.153410783437593,5.279802007424721,7.365900871071265,6.744434822474657,1.596856450129588,3.927347211771591,0.854861633642672
27051,72957.0,6029.0,645.0,6067.0,261.0,36.0,880.0,2521.0,250.0,2183.0,2521.0,103.0,6108.0,5663.0,29.0,27.0,158.0,100.0,10.698291590645216,4.301961430690621,4.090909090909091,9.916699722332408,4.085680285600952,0.4747871643745907,2.5867714472822527,0.4420432220039292
27053,96339.0,1245699.0,124654.0,1259089.0,56924.0,6949.0,155453.0,534573.0,25632.0,493104.0,534573.0,47368.0,1268903.0,836929.0,167455.0,4951.0,97813.0,2.3880958047387373,10.006751229630916,4.52104656620779,4.470161399265373,4.794854959004663,8.8609039364128,13.196832224370183,7.708469441714615,0.3901795487913576
27055,77087.0,18539.0,1213.0,18561.0,696.0,106.0,2894.0,8074.0,823.0,6995.0,8074.0,285.0,18768.0,17599.0,66.0,33.0,279.0,71.0184153266465,6.542963482388478,3.749797963471796,3.6627505183137528,10.19321278176864,3.529848897696309,0.3516624040920716,1.4865728900255757,0.1758312020460358
27057,70622.0,21413.0,2072.0,21510.0,1112.0,243.0,3528.0,8885.0,855.0,7708.0,8885.0,477.0,21700.0,19577.0,105.0,393.0,553.0,100.0,9.676364825106244,5.169688516968852,6.887755102040816,9.622960045019695,5.368598761958356,0.4838709677419355,2.548387096774193,1.8110599078341012
27059,86573.0,41465.0,3238.0,41748.0,2234.0,422.0,6174.0,15875.0,1229.0,14304.0,15875.0,539.0,41934.0,38502.0,432.0,133.0,1009.0,59.28284915522062,7.808995538405885,5.3511545463255725,6.835114998380305,7.741732283464567,3.395275590551181,1.0301902990413507,2.406162064196118,0.3171650689178232
27061,66380.0,43971.0,5593.0,44391.0,2241.0,444.0,6964.0,18510.0,1839.0,16092.0,18510.0,924.0,45141.0,40135.0,301.0,1153.0,656.0,77.01159639223353,12.719747106047167,5.048320605528148,6.375646180356117,9.935170178282007,4.991896272285251,0.6667995835271704,1.4532243415077202,2.55421900268049
27063,69955.0,9818.0,896.0,9846.0,353.0,107.0,1497.0,4421.0,381.0,3893.0,4421.0,220.0,9964.0,9011.0,54.0,0.0,450.0,100.0,9.126094927683846,3.585212268941702,7.147628590514362,8.617959737615925,4.976249717258539,0.5419510236852669,4.516258530710558,0.0
27065,71915.0,16009.0,1562.0,16089.0,811.0,133.0,2505.0,6475.0,917.0,5432.0,6475.0,293.0,16261.0,15171.0,83.0,65.0,282.0,100.0,9.757011680929477,5.040711044813227,5.30938123752495,14.16216216216216,4.525096525096525,0.5104237131787713,1.7342106881495605,0.3997294139351823
27067,75097.0,42603.0,4260.0,43027.0,2960.0,224.0,5759.0,17450.0,1484.0,15252.0,17450.0,1071.0,43757.0,33409.0,2448.0,200.0,6109.0,42.96167566084332,9.99929582423773,6.879401306156599,3.8895641604445217,8.504297994269342,6.137535816618911,5.594533446077199,13.96119478026373,0.4570697259866992
27069,69615.0,4019.0,389.0,4020.0,153.0,36.0,631.0,1758.0,180.0,1513.0,1758.0,71.0,4163.0,3894.0,21.0,9.0,104.0,100.0,9.679024632993285,3.805970149253731,5.705229793977813,10.238907849829353,4.0386803185438,0.5044439106413644,2.498198414604852,0.2161902474177276
27071,69115.0,11642.0,1247.0,11746.0,585.0,205.0,1998.0,5710.0,571.0,4963.0,5710.0,456.0,11950.0,10739.0,67.0,249.0,175.0,45.489968496103465,10.71121800377942,4.980418865996935,10.26026026026026,10.0,7.9859894921190895,0.5606694560669456,1.4644351464435146,2.083682008368201
27073,71639.0,6535.0,520.0,6554.0,249.0,22.0,1004.0,2881.0,365.0,2434.0,2881.0,87.0,6694.0,6252.0,37.0,12.0,210.0,100.0,7.957153787299158,3.799206591394568,2.191235059760956,12.669212079139188,3.019784796945505,0.5527337914550343,3.13713773528533,0.179265013444876
27075,75621.0,10718.0,893.0,10736.0,527.0,148.0,1806.0,5030.0,573.0,4311.0,5030.0,195.0,10911.0,10344.0,43.0,27.0,154.0,100.0,8.331778316850158,4.908718330849478,8.194905869324474,11.39165009940358,3.8767395626242553,0.394097699569242,1.4114196682247273,0.2474566950783613
27077,70091.0,3753.0,306.0,3754.0,164.0,44.0,730.0,1665.0,143.0,1461.0,1665.0,44.0,3800.0,3447.0,10.0,80.0,26.0,100.0,8.15347721822542,4.368673415023975,6.027397260273973,8.588588588588589,2.6426426426426426,0.2631578947368421,0.6842105263157895,2.1052631578947367
27079,90218.0,28671.0,2034.0,28745.0,1633.0,159.0,4293.0,11499.0,921.0,10161.0,11499.0,382.0,28936.0,25941.0,255.0,72.0,1922.0,85.77456929622655,7.094276446583656,5.6809879979126805,3.703703703703704,8.009392121054004,3.3220280024349944,0.8812551838540227,6.642244954382084,0.2488249930881946
27081,67715.0,5412.0,496.0,5427.0,285.0,29.0,781.0,2435.0,242.0,2144.0,2435.0,64.0,5594.0,5271.0,9.0,8.0,131.0,100.0,9.16481892091648,5.251520176893311,3.7131882202304736,9.938398357289527,2.628336755646817,0.1608866642831605,2.3417947801215586,0.1430103682516982
27083,72761.0,24693.0,3076.0,25221.0,1625.0,219.0,3139.0,10003.0,876.0,8897.0,10003.0,833.0,25498.0,20916.0,634.0,81.0,1881.0,46.54319521943884,12.456971611387845,6.443043495499782,6.976744186046512,8.75737278816355,8.327501749475157,2.486469527021727,7.377049180327869,0.3176719742724919
27085,78468.0,36248.0,2799.0,36271.0,1899.0,259.0,5182.0,14971.0,1453.0,13095.0,14971.0,505.0,36771.0,32716.0,173.0,29.0,2664.0,44.49974164423051,7.72180534098433,5.235587659562736,4.998070243149363,9.705430498964663,3.3731881637833143,0.4704794539174893,7.244839683446194,0.0788664980555328
27087,53925.0,5261.0,1101.0,5335.0,656.0,65.0,683.0,1871.0,254.0,1564.0,1871.0,169.0,5371.0,2410.0,3.0,1850.0,198.0,100.0,20.92758030792625,12.296157450796626,9.51683748169839,13.575628006413682,9.032602886157136,0.0558555203872649,3.6864643455594863,34.44423757214671
27089,71701.0,8803.0,655.0,8868.0,349.0,47.0,1305.0,3740.0,428.0,3232.0,3740.0,148.0,8961.0,8231.0,31.0,30.0,415.0,100.0,7.44064523457912,3.935498421290032,3.6015325670498086,11.44385026737968,3.957219251336898,0.345943533087825,4.631179555853142,0.3347840642785403
27091,62969.0,19606.0,2168.0,19640.0,885.0,117.0,2943.0,8840.0,1008.0,7581.0,8840.0,746.0,19864.0,17626.0,160.0,33.0,1352.0,58.11735330836454,11.05783943690707,4.506109979633401,3.9755351681957194,11.402714932126695,8.438914027149321,0.8054772452678212,6.806282722513089,0.1661296818364881
27093,75037.0,23054.0,1915.0,23117.0,1326.0,216.0,3420.0,9141.0,924.0,7994.0,9141.0,408.0,23422.0,21749.0,37.0,13.0,1005.0,71.92735042735043,8.306584540643707,5.736038413288922,6.315789473684211,10.108303249097473,4.463406629471612,0.1579711382460934,4.290837673981726,0.055503372897276
27095,71455.0,26401.0,2783.0,26518.0,1345.0,288.0,4044.0,10739.0,1090.0,9309.0,10739.0,604.0,26912.0,23762.0,79.0,1057.0,582.0,81.84738652254431,10.541267376235748,5.0720265480051285,7.121661721068249,10.149920849241084,5.624359810038179,0.2935493460166468,2.162604042806183,3.927615933412604
27097,68640.0,33520.0,3341.0,33717.0,1338.0,289.0,5095.0,13860.0,1636.0,11724.0,13860.0,610.0,34131.0,32322.0,108.0,37.0,632.0,72.32872684504558,9.967183770883056,3.9683245840377257,5.672227674190383,11.803751803751805,4.401154401154401,0.3164278808121649,1.851689080308224,0.1084058480560194
27099,71495.0,39366.0,4782.0,39579.0,2422.0,202.0,4848.0,15570.0,1247.0,13650.0,15570.0,925.0,40069.0,29657.0,1417.0,18.0,5226.0,36.3486472307577,12.147538484987043,6.119406756108037,4.166666666666667,8.008991650610147,5.940912010276172,3.5363997104993885,13.042501684594075,0.0449225086725398
27101,74475.0,7999.0,647.0,8039.0,365.0,67.0,1220.0,3601.0,512.0,2962.0,3601.0,150.0,8119.0,7275.0,50.0,15.0,397.0,100.0,8.088511063882985,4.540365717128996,5.491803278688525,14.218272702027214,4.165509580672036,0.615839389087326,4.889764749353368,0.1847518167261978
27103,80362.0,31884.0,3061.0,34019.0,1274.0,201.0,4134.0,12984.0,1285.0,11360.0,12984.0,694.0,34350.0,29514.0,1193.0,70.0,1825.0,25.210425494862715,9.600426546230084,3.7449660483847262,4.86211901306241,9.896796056685153,5.345040049291436,3.473071324599709,5.312954876273653,0.2037845705967976
27105,65509.0,21642.0,2729.0,21725.0,2951.0,248.0,2470.0,7689.0,676.0,6653.0,7689.0,488.0,22067.0,11719.0,1017.0,30.0,7314.0,38.088829071332434,12.609740319748637,13.583429228998847,10.040485829959517,8.791780465600208,6.346729093510209,4.608691711605565,33.144514433316715,0.1359496080119635
27107,69833.0,6248.0,641.0,6287.0,371.0,73.0,921.0,2676.0,284.0,2320.0,2676.0,140.0,6411.0,5635.0,69.0,88.0,334.0,100.0,10.259282970550576,5.901065691108637,7.926167209554832,10.612855007473842,5.23168908819133,1.0762751520823584,5.2097956637030105,1.3726407736702542
27109,93494.0,160516.0,12714.0,161493.0,6309.0,879.0,20076.0,66629.0,3080.0,60881.0,66629.0,4504.0,163425.0,124638.0,11768.0,216.0,9448.0,17.368450140315755,7.920705724039971,3.90667087737549,4.378362223550508,4.622611775653244,6.759819297903316,7.200856662077405,5.781245219519658,0.1321707205139972
27111,70912.0,59247.0,5273.0,59523.0,3333.0,500.0,9405.0,25181.0,2799.0,21618.0,25181.0,1422.0,60281.0,54796.0,589.0,110.0,2260.0,77.91980825885055,8.900028693435955,5.599516153419686,5.31632110579479,11.115523609070332,5.647114888209364,0.977090625570246,3.749108342595511,0.1824787246396045
27113,72561.0,13627.0,1352.0,13688.0,541.0,59.0,1988.0,6170.0,486.0,5542.0,6170.0,380.0,13877.0,12262.0,161.0,64.0,663.0,36.44939965694682,9.92147941586556,3.952367036820573,2.967806841046277,7.876823338735819,6.158833063209076,1.16019312531527,4.777689702385242,0.4611947827340203
27115,69666.0,27907.0,2931.0,28126.0,1582.0,364.0,4707.0,11913.0,1408.0,10158.0,11913.0,704.0,29411.0,25935.0,654.0,623.0,786.0,100.0,10.502741247715626,5.624688899950224,7.733163373698747,11.819021237303788,5.909510618651893,2.2236578151031927,2.672469484206589,2.1182550746319406
27117,66073.0,9163.0,1043.0,9175.0,586.0,69.0,1272.0,3971.0,450.0,3404.0,3971.0,229.0,9352.0,7893.0,90.0,68.0,789.0,100.0,11.382734912146676,6.386920980926431,5.4245283018867925,11.33215814656258,5.766809367917401,0.962360992301112,8.436698032506415,0.7271171941830624
27119,69136.0,29746.0,3467.0,30234.0,1495.0,203.0,4209.0,12448.0,1017.0,11102.0,12448.0,751.0,30905.0,26175.0,676.0,323.0,2074.0,46.53436778661195,11.65534861830162,4.9447641727856055,4.822998336897125,8.169987146529563,6.033097686375322,2.1873483255136708,6.710888205791943,1.0451383271315322
27121,72205.0,11159.0,1094.0,11168.0,380.0,77.0,1755.0,4987.0,547.0,4293.0,4987.0,264.0,11363.0,10697.0,69.0,18.0,223.0,62.84046692607004,9.803745855363385,3.402578796561605,4.387464387464387,10.968518147182674,5.2937637858431925,0.6072340051042858,1.962509900554431,0.1584088708967702
27123,81004.0,530673.0,65817.0,540016.0,28116.0,2975.0,63758.0,219075.0,11543.0,200973.0,219075.0,21837.0,544438.0,319340.0,65391.0,1843.0,44888.0,0.0200958808875499,12.40255298460634,5.206512399632604,4.666081119232096,5.268971813305946,9.967819239986309,12.010734004606585,8.244832285769913,0.3385142109845382
27125,77500.0,3909.0,305.0,3922.0,97.0,13.0,559.0,1650.0,248.0,1350.0,1650.0,58.0,3922.0,3575.0,24.0,79.0,133.0,100.0,7.802507035047327,2.4732279449260584,2.3255813953488373,15.030303030303031,3.515151515151515,0.6119326874043856,3.3911269760326364,2.014278429372769
27127,67024.0,15071.0,1812.0,15123.0,1045.0,111.0,2040.0,6156.0,867.0,5158.0,6156.0,305.0,15383.0,13146.0,87.0,561.0,613.0,70.12641815235008,12.023090704001062,6.910004628711235,5.441176470588236,14.083820662768032,4.9545159194282,0.5655593837352922,3.9849184164337257,3.646882922706885
27129,69086.0,14243.0,1531.0,14273.0,593.0,82.0,2182.0,5965.0,855.0,4972.0,5965.0,370.0,14587.0,12497.0,124.0,113.0,1414.0,100.0,10.749139928385874,4.154697680936033,3.758020164986251,14.333612740989103,6.202849958088851,0.8500719819016933,9.693562761362855,0.7746623706039625
27131,82792.0,59693.0,5550.0,64925.0,4180.0,313.0,8014.0,23345.0,1458.0,21472.0,23345.0,1248.0,67389.0,52705.0,4350.0,165.0,6885.0,32.1877282143762,9.297572579699462,6.438197920677705,3.9056650860993263,6.245448704219319,5.345898479331763,6.455059431064417,10.216800961581267,0.2448470818679606
27133,70698.0,9379.0,889.0,9398.0,460.0,92.0,1281.0,3956.0,313.0,3523.0,3956.0,237.0,9628.0,8853.0,17.0,51.0,362.0,50.45342126957956,9.478622454419448,4.894658437965525,7.181889149102264,7.912032355915065,5.990899898887766,0.1765683423348566,3.759867054424595,0.52970502700457
27135,73611.0,15049.0,1654.0,15111.0,655.0,82.0,2420.0,6058.0,471.0,5120.0,6058.0,330.0,15301.0,13628.0,143.0,175.0,268.0,100.0,10.990763505880787,4.33459069551982,3.3884297520661155,7.774843182568504,5.447342357213602,0.9345794392523364,1.7515195085288544,1.143716096987125
27137,69455.0,193031.0,25849.0,197006.0,7002.0,1424.0,27632.0,86264.0,8000.0,75539.0,86264.0,7153.0,200056.0,179881.0,3173.0,3102.0,3767.0,39.287622795671,13.391113344488708,3.554206470868908,5.153445280833816,9.273856997125105,8.291987387554483,1.586055904346783,1.882972767625065,1.550565841564362
27139,120247.0,151098.0,6230.0,151484.0,5100.0,467.0,19095.0,54238.0,2067.0,51225.0,54238.0,1652.0,152957.0,117106.0,7991.0,829.0,9435.0,18.1020089049083,4.123151861705648,3.366692191914657,2.4456664048180152,3.8109812308713447,3.045835023415317,5.2243440967069175,6.168400269356748,0.5419823872068621
27141,102965.0,97121.0,4702.0,97275.0,3642.0,620.0,12303.0,34951.0,1681.0,32499.0,34951.0,1473.0,99178.0,86024.0,3601.0,242.0,3167.0,50.92866036240906,4.841383428918565,3.74402467232074,5.039421279362757,4.80959056965466,4.214471688935939,3.6308455504244894,3.1932485026921293,0.2440057270765694
27143,76082.0,14766.0,1460.0,14811.0,629.0,76.0,2271.0,5884.0,612.0,5051.0,5884.0,286.0,14933.0,13065.0,141.0,28.0,1351.0,100.0,9.887579574698632,4.246843562217271,3.346543372963452,10.401087695445275,4.860639021074099,0.9442175048550192,9.04707694368178,0.1875041853612803
27145,76447.0,152879.0,18584.0,157957.0,7323.0,720.0,19220.0,60937.0,4433.0,54351.0,60937.0,3367.0,159358.0,129814.0,13295.0,135.0,7190.0,37.98865388017082,12.156018812263293,4.636071842336839,3.7460978147762742,7.274726356729081,5.5253786697737,8.342850688387154,4.511853813426374,0.0847149186109263
27147,83448.0,36897.0,2746.0,37001.0,1320.0,273.0,4980.0,15001.0,1385.0,13161.0,15001.0,978.0,37413.0,31524.0,1261.0,36.0,3231.0,29.749238090145965,7.442339485595035,3.567471149428394,5.481927710843373,9.23271781881208,6.519565362309179,3.3704861946382274,8.636035602598028,0.0962232379119557
27149,71060.0,9277.0,959.0,9597.0,473.0,73.0,1014.0,3835.0,291.0,3432.0,3835.0,171.0,9686.0,7981.0,150.0,131.0,1039.0,47.988832592286215,10.33739355395063,4.9286235281858914,7.199211045364891,7.588005215123859,4.458930899608866,1.548626884162709,10.726822217633698,1.3524674788354325
27151,62601.0,9609.0,1041.0,9619.0,616.0,69.0,1331.0,4134.0,517.0,3431.0,4134.0,194.0,9787.0,8481.0,67.0,34.0,671.0,100.0,10.833593506088045,6.403992098970787,5.184072126220887,12.506047411707788,4.692791485244316,0.6845815878205783,6.8560335138448965,0.3473996117298457
27153,63039.0,25022.0,2945.0,25153.0,2365.0,178.0,3903.0,10049.0,1863.0,7947.0,10049.0,673.0,25402.0,21684.0,129.0,58.0,2335.0,99.42205684427203,11.76964271441132,9.40245696338409,4.560594414552908,18.539158125186585,6.697183799383023,0.5078340288166286,9.192189591370758,0.2283284780725927
27155,65931.0,3177.0,321.0,3175.0,102.0,7.0,466.0,1410.0,224.0,1143.0,1410.0,58.0,3279.0,2783.0,16.0,147.0,184.0,100.0,10.103871576959396,3.2125984251968505,1.502145922746781,15.886524822695035,4.113475177304965,0.4879536444037816,5.611466910643489,4.483074107959744
27157,80133.0,21294.0,1797.0,21312.0,825.0,142.0,3335.0,9129.0,1113.0,7715.0,9129.0,443.0,21519.0,20149.0,70.0,42.0,712.0,81.18015616963577,8.438996900535361,3.871058558558559,4.257871064467766,12.19191587249425,4.852667323912805,0.3252939262976904,3.3087039360565083,0.1951763557786142
27159,56882.0,13797.0,1570.0,13787.0,784.0,193.0,1878.0,5889.0,731.0,4950.0,5889.0,524.0,14135.0,12825.0,102.0,24.0,324.0,71.84500533238536,11.379285351888091,5.686516283455429,10.27689030883919,12.412973340125658,8.89794532178638,0.7216130173328617,2.292182525645561,0.1697912981959674
27161,75052.0,18062.0,1309.0,18093.0,689.0,164.0,2382.0,7505.0,693.0,6597.0,7505.0,318.0,18958.0,16613.0,206.0,157.0,1322.0,51.43926613243357,7.2472594397076735,3.808102581108716,6.884970612930311,9.233844103930712,4.237175216522319,1.0866125118683403,6.9733094208249815,0.8281464289482013
27163,114457.0,269034.0,13484.0,269625.0,9159.0,1230.0,37239.0,103411.0,4144.0,97280.0,103411.0,4028.0,272298.0,213364.0,13088.0,526.0,13798.0,13.36632183220714,5.012005917467681,3.396940194714882,3.302988802062354,4.007310634265213,3.8951368809894498,4.806498762385328,5.067242506371696,0.1931707173758162
27165,70593.0,11025.0,1438.0,11032.0,1326.0,93.0,1497.0,4314.0,641.0,3569.0,4314.0,293.0,11169.0,7756.0,1.0,7.0,3253.0,100.0,13.043083900226758,12.019579405366208,6.212424849699399,14.858599907278627,6.791840519239685,0.00895335303071,29.125257408899632,0.06267347121497
27167,69635.0,6276.0,921.0,6295.0,233.0,36.0,1034.0,2691.0,359.0,2247.0,2691.0,174.0,6413.0,5849.0,13.0,29.0,238.0,47.95573316938211,14.674952198852772,3.701350277998412,3.481624758220503,13.34076551467856,6.465997770345597,0.2027132387338219,3.711211601434586,0.4522064556369873
27169,70198.0,46528.0,6239.0,49226.0,2507.0,322.0,6221.0,20288.0,1233.0,18445.0,20288.0,1350.0,49705.0,44505.0,847.0,80.0,1876.0,40.34144671941375,13.409129986244842,5.092837118595864,5.176016717569523,6.077484227129338,6.654179810725552,1.7040539181168897,3.774268182275425,0.1609496026556684
27171,106666.0,144135.0,7128.0,144517.0,6468.0,1088.0,18127.0,52757.0,2832.0,48582.0,52757.0,1480.0,145270.0,129108.0,2684.0,271.0,5077.0,39.16808762036834,4.945363721511083,4.475598026529751,6.002096320406024,5.368008036848191,2.80531493451106,1.847594135058856,3.494871618365801,0.1865491842775521
27173,71573.0,9367.0,795.0,9410.0,390.0,39.0,1380.0,3993.0,497.0,3420.0,3993.0,215.0,9509.0,8389.0,71.0,234.0,493.0,100.0,8.487242446888011,4.144527098831031,2.8260869565217392,12.446781868269472,5.3844227397946405,0.7466610579451046,5.184561993900515,2.460826585340204
28001,40250.0,27251.0,7682.0,27276.0,3170.0,336.0,4207.0,11573.0,1975.0,9452.0,11573.0,922.0,29098.0,10886.0,16141.0,72.0,1191.0,36.47843455887332,28.18979120032292,11.62193870068925,7.986688851913477,17.065583686166075,7.966819320832974,55.47116640318922,4.093064815451234,0.247439686576397
28003,49404.0,33694.0,5863.0,33758.0,3787.0,303.0,4402.0,14281.0,2791.0,10586.0,14281.0,1402.0,34500.0,27707.0,3657.0,29.0,1273.0,64.12204951065054,17.40072416453968,11.218081639907576,6.88323489323035,19.543449338281636,9.817239689097402,10.6,3.689855072463768,0.0840579710144927
28005,35385.0,12496.0,3379.0,12496.0,1466.0,83.0,2045.0,5862.0,1952.0,3860.0,5862.0,417.0,12611.0,7352.0,5053.0,12.0,8.0,100.0,27.040653008962867,11.731754161331626,4.058679706601467,33.299215284885705,7.113613101330604,40.06819443343113,0.0634366822615177,0.0951550233922765
28007,48098.0,17292.0,3586.0,17356.0,1585.0,277.0,2250.0,6467.0,1176.0,5085.0,6467.0,448.0,17685.0,9224.0,8028.0,8.0,87.0,62.4573760411426,20.737913486005088,9.132288545747867,12.311111111111112,18.18462965826504,6.927477965053348,45.39440203562341,0.4919423240033927,0.0452360757704269
28009,42139.0,7494.0,1316.0,7496.0,998.0,156.0,1093.0,3027.0,999.0,1879.0,3027.0,221.0,7592.0,4603.0,2600.0,4.0,169.0,100.0,17.560715238857753,13.313767342582713,14.272644098810613,33.00297324083251,7.300958044268253,34.24657534246575,2.2260273972602738,0.0526870389884088
28011,37315.0,27895.0,9404.0,29296.0,3975.0,324.0,3710.0,11907.0,2350.0,9063.0,11907.0,1266.0,30163.0,9240.0,19071.0,1.0,765.0,53.70017750524448,33.712134791181214,13.568405243036592,8.733153638814017,19.73628957755942,10.632401108591583,63.22646951563173,2.5362198720286444,0.003315320094155
28013,43942.0,12753.0,2381.0,12728.0,1365.0,147.0,1782.0,5696.0,1057.0,4407.0,5696.0,403.0,13029.0,8343.0,3744.0,0.0,773.0,100.0,18.67011683525445,10.72438717787555,8.24915824915825,18.55688202247191,7.075140449438202,28.7358968454985,5.932918873282677,0.0
28015,55275.0,9362.0,2094.0,9354.0,794.0,149.0,1405.0,4205.0,1108.0,2884.0,4205.0,160.0,9828.0,6190.0,3388.0,0.0,24.0,100.0,22.367015594958342,8.488347231131067,10.604982206405694,26.349583828775263,3.8049940546967895,34.47293447293448,0.2442002442002442,0.0
28017,43041.0,16477.0,3964.0,16477.0,1820.0,190.0,2037.0,6681.0,1493.0,4879.0,6681.0,696.0,16994.0,8403.0,7549.0,4.0,688.0,100.0,24.05777750804151,11.045700066759723,9.32744231713304,22.34695404879509,10.417602155365962,44.42156055078263,4.04848770154172,0.02353771919501
28019,48321.0,8028.0,1276.0,8016.0,882.0,152.0,1164.0,3450.0,662.0,2725.0,3450.0,180.0,8172.0,5476.0,2395.0,13.0,144.0,100.0,15.8943697060289,11.002994011976048,13.058419243986254,19.18840579710145,5.217391304347826,29.30739109153206,1.7621145374449338,0.1590797846304454
28021,34371.0,7853.0,2134.0,8822.0,1596.0,93.0,905.0,2836.0,594.0,2195.0,2836.0,305.0,8908.0,963.0,7666.0,0.0,20.0,100.0,27.17432828218515,18.09113579687146,10.276243093922652,20.944992947813823,10.754583921015517,86.05747642568478,0.224517287831163,0.0
28023,46054.0,15302.0,2934.0,15236.0,1929.0,183.0,2224.0,6246.0,1346.0,4853.0,6246.0,487.0,15424.0,9701.0,5300.0,7.0,155.0,100.0,19.173964187687883,12.660803360462063,8.22841726618705,21.54979186679475,7.796990073647134,34.36203319502075,1.0049273858921162,0.0453838174273858
28025,39904.0,18146.0,4496.0,18150.0,1903.0,160.0,2437.0,7728.0,1268.0,6292.0,7728.0,589.0,18462.0,6991.0,11095.0,3.0,31.0,56.35329469843314,24.77681031632316,10.484848484848484,6.565449322938038,16.407867494824018,7.621635610766045,60.09641425631026,0.1679124688549453,0.0162495937601559
28027,36259.0,20206.0,7331.0,20586.0,2723.0,459.0,2615.0,8463.0,1968.0,6383.0,8463.0,1244.0,20808.0,4023.0,15784.0,94.0,444.0,32.64142122487144,36.281302583391074,13.227436121636064,17.552581261950287,23.25416518964906,14.699279215408248,75.85544021530181,2.133794694348328,0.4517493271818531
28029,47994.0,26927.0,6184.0,27812.0,3892.0,517.0,3902.0,9906.0,2002.0,7613.0,9906.0,910.0,27994.0,12090.0,14196.0,2.0,1150.0,82.17357586012409,22.965796412522742,13.993959441967496,13.249615581752948,20.20997375328084,9.186351706036746,50.71086661427449,4.10802314781739,0.0071443880831606
28031,47001.0,17892.0,3173.0,17854.0,1999.0,338.0,2346.0,7079.0,2317.0,4424.0,7079.0,524.0,18226.0,10818.0,6313.0,5.0,465.0,100.0,17.734182875027944,11.196370561218774,14.407502131287298,32.73061166831474,7.402175448509676,34.637331284977506,2.5513003401733787,0.0274333369911115
28033,82980.0,187342.0,18650.0,187369.0,15598.0,1428.0,22588.0,69327.0,4510.0,63529.0,69327.0,2510.0,188598.0,109463.0,59997.0,127.0,10612.0,21.901205521439287,9.955055460067683,8.324749558358107,6.321940853550558,6.5054019357537465,3.6205230285458767,31.81210829383132,5.626782892713602,0.0673389961717515
28035,52821.0,73852.0,15850.0,77226.0,8517.0,792.0,8263.0,29722.0,3983.0,25114.0,29722.0,2039.0,78027.0,43674.0,27874.0,60.0,3264.0,34.596586401903835,21.46184260412717,11.028669101079949,9.584896526685224,13.400847856806406,6.860238207388466,35.72353159803658,4.183167365142835,0.0768964589180668
28037,45618.0,7534.0,1753.0,7570.0,800.0,256.0,1100.0,2949.0,482.0,2416.0,2949.0,114.0,7655.0,4789.0,2678.0,10.0,70.0,100.0,23.267852402442266,10.568031704095112,23.272727272727277,16.344523567310954,3.8657171922685656,34.98367080339647,0.914435009797518,0.1306335728282168
28039,54822.0,23991.0,4496.0,24234.0,3175.0,538.0,3030.0,9195.0,1561.0,7402.0,9195.0,543.0,24870.0,21113.0,1933.0,19.0,747.0,100.0,18.7403609686966,13.101427746141784,17.755775577557756,16.97661772702556,5.905383360522023,7.772416566143948,3.0036188178528347,0.0763972657820667
28041,55838.0,9769.0,2004.0,9769.0,1523.0,190.0,964.0,3818.0,1009.0,2727.0,3818.0,254.0,13595.0,9670.0,3375.0,113.0,181.0,100.0,20.513870406387557,15.590132050363394,19.70954356846473,26.42744892613934,6.6526977475117866,24.82530342037514,1.3313718278778963,0.8311879367414491
28043,47998.0,20869.0,4664.0,21051.0,2492.0,132.0,2786.0,8535.0,1470.0,6789.0,8535.0,682.0,21342.0,10902.0,9559.0,9.0,64.0,52.48971288547783,22.348938617087548,11.837917438601492,4.737975592246949,17.223198594024606,7.9906268306971295,44.78961671820823,0.2998781744916128,0.042170368287883
28045,67728.0,45621.0,6083.0,45532.0,4199.0,767.0,7299.0,19911.0,2468.0,16958.0,19911.0,671.0,46057.0,38496.0,3087.0,161.0,1924.0,38.260265346448655,13.333771727932312,9.222085566195204,10.508288806685847,12.395158455125308,3.3699964843553816,6.702564213908852,4.177432312134963,0.3495668410882168
28047,57233.0,204322.0,35642.0,201812.0,27588.0,3404.0,27093.0,81214.0,8371.0,70745.0,81214.0,4678.0,209443.0,128525.0,50134.0,275.0,14023.0,19.1735251964088,17.444034416264525,13.67014845499772,12.564130956335584,10.307336173566132,5.760090624769129,23.93682290647097,6.695377740005634,0.1313006402696676
28049,49966.0,213701.0,46201.0,220265.0,28300.0,3168.0,27572.0,89720.0,8893.0,79227.0,89720.0,6623.0,222494.0,51620.0,160576.0,147.0,4500.0,17.579980855529502,21.61945896369226,12.848160170703473,11.489917307413318,9.91194828354882,7.381854658938921,72.17093494656035,2.0225264501514646,0.0660691973716145
28051,29434.0,15551.0,5904.0,16183.0,1719.0,272.0,2147.0,6003.0,1772.0,3945.0,6003.0,963.0,16491.0,2349.0,13591.0,18.0,71.0,100.0,37.965404154073696,10.622257924983009,12.668840242198415,29.518574046310174,16.041979010494753,82.41465041537809,0.4305378691407434,0.1091504456976532
28053,32976.0,7484.0,1976.0,7484.0,1076.0,150.0,1076.0,3003.0,675.0,1959.0,3003.0,373.0,7570.0,1538.0,5966.0,7.0,5.0,100.0,26.40299305184393,14.377338321753074,13.940520446096654,22.47752247752248,12.42091242091242,78.8110964332893,0.0660501981505944,0.0924702774108322
28055,29271.0,738.0,127.0,738.0,90.0,4.0,155.0,376.0,155.0,181.0,376.0,67.0,1095.0,291.0,768.0,0.0,14.0,100.0,17.208672086720867,12.195121951219512,2.5806451612903225,41.223404255319146,17.819148936170212,70.13698630136986,1.278538812785388,0.0
28057,59508.0,22409.0,2423.0,23606.0,2328.0,224.0,3033.0,9224.0,1540.0,7363.0,9224.0,296.0,23942.0,21214.0,1867.0,15.0,437.0,100.0,10.812619929492614,9.861899517071931,7.385426969996703,16.695576756287945,3.209019947961839,7.798011861999833,1.825244340489516,0.06265140756829
28059,64756.0,142651.0,20160.0,142202.0,17954.0,2323.0,19451.0,57027.0,5675.0,50072.0,57027.0,2771.0,144437.0,96040.0,29474.0,211.0,10560.0,30.340937648339988,14.13239304316128,12.625701466927328,11.94283070279163,9.951426517263751,4.859101828958213,20.40612862355214,7.311146035988009,0.1460844520448361
28061,47157.0,16055.0,3036.0,16121.0,1597.0,124.0,2226.0,6390.0,2260.0,3841.0,6390.0,594.0,16211.0,7238.0,8630.0,0.0,99.0,100.0,18.90999688570539,9.906333354010297,5.570530098831986,35.36776212832551,9.295774647887324,53.23545740546543,0.6106964406884214,0.0
28063,36207.0,6697.0,1909.0,6710.0,581.0,85.0,972.0,2372.0,279.0,2069.0,2372.0,98.0,7127.0,942.0,5773.0,6.0,310.0,100.0,28.505300880991488,8.658718330849478,8.74485596707819,11.762225969645868,4.1315345699831365,81.00182404938964,4.349656236845798,0.0841868949066928
28065,37183.0,11077.0,2770.0,11050.0,1228.0,86.0,1578.0,4383.0,883.0,3301.0,4383.0,291.0,11183.0,4237.0,6729.0,5.0,19.0,100.0,25.006770786313982,11.1131221719457,5.449936628643853,20.146018708647045,6.639288158795345,60.17168917106322,0.169900742197979,0.0447107216310471
28067,51143.0,65276.0,13571.0,65998.0,8296.0,867.0,8286.0,24600.0,6071.0,17605.0,24600.0,1297.0,66839.0,42203.0,19059.0,187.0,4071.0,62.52416500609701,20.79018322201115,12.570077881147911,10.46343229543809,24.678861788617887,5.272357723577236,28.51478926973773,6.090755397297984,0.2797767770313739
28069,43595.0,8026.0,1978.0,8451.0,1234.0,145.0,1065.0,3209.0,685.0,2297.0,3209.0,154.0,8855.0,2959.0,5352.0,313.0,64.0,100.0,24.644904061799156,14.6018222695539,13.615023474178404,21.346213773761296,4.799002804612028,60.44042913608131,0.722755505364201,3.534726143421796
28071,64334.0,51052.0,9533.0,56236.0,5794.0,752.0,5515.0,18510.0,1089.0,16677.0,18510.0,1141.0,56920.0,39100.0,13119.0,70.0,2063.0,39.94589074230018,18.673117605578625,10.303008748844157,13.635539437896645,5.883306320907617,6.164235548352242,23.048137737174983,3.6243851018974,0.1229796205200281
28073,69106.0,64521.0,10386.0,64188.0,8192.0,732.0,7480.0,25053.0,2235.0,22199.0,25053.0,1100.0,65081.0,46449.0,14030.0,52.0,2366.0,53.749493942885614,16.097084670107407,12.762510126503395,9.786096256684491,8.921087294934738,4.390691733524927,21.55775111015504,3.635469645518661,0.0799004317696409
28075,50033.0,68809.0,17243.0,68636.0,6982.0,823.0,9066.0,28553.0,4094.0,23668.0,28553.0,2829.0,71984.0,36521.0,30160.0,141.0,1782.0,53.67614819686506,25.059221904111386,10.172504225187948,9.077873373042136,14.338248170069695,9.907890589430185,41.89819959991109,2.475550122249389,0.1958768615247832
28077,43368.0,11841.0,2823.0,11843.0,1527.0,314.0,1774.0,4323.0,1217.0,2962.0,4323.0,265.0,11883.0,7606.0,3775.0,44.0,245.0,100.0,23.840891816569545,12.893692476568438,17.70011273957159,28.15174647235716,6.13000231320842,31.768072035681225,2.061768913574013,0.3702768661112514
28079,48418.0,20662.0,4112.0,20761.0,3339.0,284.0,2638.0,7384.0,1686.0,5445.0,7384.0,579.0,21288.0,9937.0,8314.0,1262.0,1260.0,100.0,19.901268028264447,16.083040315977073,10.765731614859742,22.833152762730226,7.841278439869989,39.05486659150695,5.918827508455468,5.928222472754603
28081,67144.0,81802.0,11284.0,81824.0,8997.0,1233.0,10277.0,31823.0,3730.0,26376.0,31823.0,1693.0,83138.0,52321.0,24824.0,16.0,2835.0,51.725999784025056,13.794283758343315,10.995551427454048,11.997664688138562,11.72108223611853,5.320051535053263,29.85878900141933,3.4099930236474294,0.0192451105391036
28083,33188.0,26046.0,8321.0,26885.0,3796.0,513.0,3161.0,9973.0,2993.0,5946.0,9973.0,1095.0,27432.0,5767.0,20432.0,19.0,837.0,31.27845019231448,31.94732396529217,14.119397433513113,16.22904144258146,30.0110297804071,10.979645041612354,74.48235637212015,3.0511811023622046,0.0692621755613881
28085,48316.0,34386.0,7326.0,34378.0,4706.0,620.0,4713.0,13026.0,2073.0,10752.0,13026.0,640.0,34830.0,23355.0,10523.0,25.0,443.0,70.91700804996132,21.30518234165067,13.688987142940253,13.155102906853385,15.914325195762322,4.913250422232458,30.21246052253804,1.2718920470858457,0.0717772035601493
28087,54460.0,56573.0,9585.0,56112.0,6048.0,694.0,7362.0,22829.0,3086.0,19429.0,22829.0,1423.0,58187.0,28955.0,25478.0,136.0,1305.0,54.32157475500603,16.942711187315503,10.778443113772456,9.426786199402336,13.517893906872835,6.233299750317578,43.78641277261244,2.242769003385636,0.233729183494595
28089,78794.0,108610.0,11985.0,109330.0,9179.0,999.0,14448.0,43097.0,2900.0,39727.0,43097.0,1884.0,110303.0,59963.0,41181.0,56.0,4131.0,25.757478583535665,11.03489549765215,8.39568279520717,6.914451827242525,6.729006659396246,4.37153398148363,37.33443333363553,3.745138391521536,0.0507692447168254
28091,42320.0,23398.0,4774.0,23562.0,3324.0,343.0,3169.0,9199.0,1599.0,7354.0,9199.0,412.0,24303.0,15417.0,7740.0,65.0,431.0,74.48549568348267,20.403453286605693,14.107461166284695,10.823603660460714,17.38232416567018,4.4787476899663,31.847920009875324,1.773443607785047,0.2674566925893922
28093,51875.0,31874.0,7263.0,32621.0,3813.0,471.0,4701.0,12798.0,2266.0,10095.0,12798.0,595.0,33899.0,15911.0,14783.0,56.0,1632.0,83.52986489689499,22.78659722657966,11.6887894301217,10.01914486279515,17.705891545553992,4.649163931864353,43.60895601640166,4.81430130682321,0.1651966134694238
28095,51231.0,32964.0,5494.0,33377.0,3009.0,311.0,4555.0,13673.0,1940.0,11546.0,13673.0,866.0,33928.0,22552.0,10242.0,10.0,512.0,82.51316559391456,16.666666666666668,9.015190100967732,6.827661909989023,14.188546771008555,6.333650259635778,30.187455788729075,1.509078047630276,0.0294741806177788
28097,45057.0,9566.0,2451.0,9586.0,1037.0,105.0,1412.0,3787.0,946.0,2778.0,3787.0,290.0,9708.0,5071.0,4389.0,0.0,27.0,100.0,25.62199456408112,10.817859378259962,7.436260623229462,24.98019540533404,7.657776604172167,45.21013597033375,0.2781211372064276,0.0
28099,53087.0,27943.0,7013.0,28406.0,3703.0,474.0,3330.0,10285.0,1874.0,8057.0,10285.0,792.0,28927.0,16676.0,6201.0,4605.0,255.0,75.54233850173617,25.09751995132949,13.03597831444061,14.234234234234236,18.22070977151191,7.700534759358288,21.436720019359075,0.8815293670273447,15.919383275140872
28101,50426.0,20312.0,4462.0,20831.0,2776.0,171.0,2589.0,7697.0,1992.0,5337.0,7697.0,392.0,21151.0,12446.0,6707.0,515.0,385.0,100.0,21.96730996455297,13.326292544765014,6.6048667439165705,25.880213070027285,5.09289333506561,31.710084629568343,1.8202449056782184,2.434873055647487
28103,38814.0,9941.0,2543.0,9950.0,1986.0,287.0,1337.0,3786.0,1034.0,2599.0,3786.0,297.0,10136.0,2568.0,7485.0,27.0,19.0,100.0,25.580927472085303,19.959798994974875,21.465968586387437,27.31114632857897,7.844690966719493,73.84569850039463,0.1874506708760852,0.2663772691397
28105,43482.0,45871.0,13109.0,50954.0,4122.0,414.0,4299.0,21300.0,1696.0,17825.0,21300.0,964.0,51473.0,28414.0,18571.0,86.0,1220.0,36.64169305630648,28.577968651217542,8.089649487773286,9.630146545708303,7.962441314553991,4.525821596244131,36.079109436015,2.370174654673324,0.1670778854933654
28107,43990.0,32622.0,7874.0,32630.0,4462.0,652.0,4468.0,12382.0,2838.0,9313.0,12382.0,718.0,32965.0,15401.0,15826.0,21.0,673.0,81.10997350036136,24.13708540248912,13.674532638676064,14.59265890778872,22.920368276530446,5.798740106606364,48.00849385712119,2.0415592294858182,0.0637039284089185
28109,56535.0,55491.0,9120.0,56194.0,7361.0,992.0,7697.0,21489.0,2804.0,17867.0,21489.0,697.0,56781.0,44998.0,7003.0,55.0,2331.0,70.9662481075786,16.4350975833919,13.099263266540913,12.888138235676236,13.048536460514685,3.243519940434641,12.333350944858315,4.105246473292122,0.096863387400715
28111,50435.0,11120.0,2016.0,11121.0,1651.0,105.0,1609.0,4552.0,1068.0,3407.0,4552.0,228.0,11459.0,8865.0,1813.0,2.0,200.0,100.0,18.1294964028777,14.84578724934808,6.525792417650715,23.462214411247803,5.008787346221441,15.821624923640806,1.7453529976437734,0.0174535299764377
28113,41578.0,38645.0,10619.0,39272.0,5386.0,644.0,4898.0,15226.0,3023.0,11504.0,15226.0,1070.0,39930.0,16653.0,21584.0,164.0,653.0,61.99037793869656,27.478328373657654,13.714605826033816,13.14822376480196,19.854196768685146,7.027453040851175,54.05459554219885,1.6353618832957677,0.4107187578261958
28115,52741.0,31017.0,4626.0,31062.0,3735.0,423.0,3871.0,11682.0,2265.0,8582.0,11682.0,300.0,31312.0,23419.0,4616.0,18.0,2148.0,100.0,14.914401779669214,12.024338419934326,10.927408938258848,19.38880328710837,2.568053415511043,14.741951967296885,6.859989780275932,0.0574859478794072
28117,51466.0,23774.0,3211.0,24728.0,2114.0,318.0,3079.0,9363.0,1386.0,7367.0,9363.0,569.0,24999.0,19966.0,2855.0,41.0,377.0,74.25623800383877,13.506351476402791,8.549013264315755,10.328028580708022,14.802947773149633,6.077112036740361,11.420456818272733,1.5080603224128966,0.1640065602624105
28119,32131.0,5736.0,1920.0,5718.0,732.0,128.0,809.0,2653.0,824.0,1769.0,2653.0,302.0,5908.0,1469.0,4248.0,17.0,26.0,100.0,33.47280334728033,12.80167890870934,15.822002472187886,31.05917828872974,11.38333961552959,71.90250507786052,0.4400812457684495,0.2877454299255247
28121,77454.0,153037.0,15343.0,152963.0,14006.0,1358.0,18654.0,59624.0,4012.0,54537.0,59624.0,1612.0,158218.0,113207.0,34203.0,174.0,5072.0,32.998579898236656,10.025680064298175,9.156462673979982,7.279939959258068,6.728834026566483,2.703609284851737,21.61764148200584,3.2057035229872706,0.1099748448343424
28123,48492.0,27375.0,5661.0,27494.0,3259.0,385.0,3337.0,9668.0,1919.0,7206.0,9668.0,614.0,27754.0,12978.0,9291.0,0.0,4118.0,100.0,20.67945205479452,11.853495308067217,11.53730896014384,19.8489863467108,6.350848158874638,33.47625567485768,14.83750090077106,0.0
28125,35741.0,3749.0,1194.0,3749.0,532.0,122.0,553.0,1400.0,300.0,791.0,1400.0,121.0,3848.0,984.0,2835.0,0.0,20.0,100.0,31.848492931448387,14.1904507868765,22.06148282097649,21.428571428571427,8.642857142857142,73.67463617463618,0.5197505197505198,0.0
28127,54111.0,25314.0,4902.0,25401.0,2980.0,354.0,3541.0,9573.0,1959.0,7379.0,9573.0,392.0,25817.0,15769.0,9156.0,42.0,436.0,100.0,19.3647783835032,11.731821581827488,9.997175939000282,20.46380445001567,4.094850099237439,35.465003679745905,1.6888096990355193,0.1626835031181004
28129,51396.0,14034.0,2712.0,14056.0,2013.0,223.0,1902.0,5397.0,1918.0,3127.0,5397.0,327.0,14193.0,10406.0,3421.0,0.0,94.0,100.0,19.324497648567764,14.321286283437678,11.724500525762355,35.53826199740597,6.0589216231239575,24.103431268935392,0.6622983160713027,0.0
28131,59307.0,17782.0,3178.0,17940.0,2214.0,294.0,2400.0,6616.0,1032.0,5222.0,6616.0,485.0,18515.0,14008.0,3248.0,16.0,456.0,100.0,17.872005398717803,12.34113712374582,12.25,15.598548972188633,7.330713422007255,17.542533081285445,2.462867944909533,0.0864164191196327
28133,40265.0,21778.0,6510.0,22117.0,2517.0,292.0,2400.0,8058.0,1808.0,5672.0,8058.0,705.0,25328.0,5890.0,18489.0,50.0,646.0,64.03295983982134,29.892552116815136,11.380386128317584,12.166666666666666,22.4373293621246,8.749069247952345,72.99826279216677,2.5505369551484525,0.1974099810486418
28135,37383.0,11918.0,3155.0,11915.0,1950.0,206.0,1524.0,4322.0,1307.0,2886.0,4322.0,455.0,12363.0,4452.0,7667.0,35.0,64.0,100.0,26.472562510488338,16.365925304238356,13.517060367454068,30.24062933826932,10.52753354928274,62.01569198414624,0.5176737037935776,0.2831028067621127
28137,63995.0,26467.0,4435.0,27767.0,3480.0,390.0,3689.0,10720.0,1542.0,8970.0,10720.0,515.0,28135.0,18039.0,8413.0,7.0,866.0,75.70909350057012,16.75671591037896,12.53286275074729,10.57197072377338,14.384328358208956,4.80410447761194,29.90225697529767,3.0780167051714944,0.0248800426515016
28139,51141.0,20999.0,3962.0,21406.0,2661.0,462.0,2737.0,7896.0,1203.0,6348.0,7896.0,234.0,21621.0,16421.0,3183.0,1.0,1096.0,100.0,18.867565122148672,12.431094085770344,16.879795396419436,15.235562310030396,2.9635258358662613,14.721798251699736,5.069145737939966,0.0046251329725729
28141,46257.0,18401.0,3667.0,18448.0,2074.0,303.0,2597.0,8633.0,1639.0,6404.0,8633.0,498.0,18738.0,17046.0,211.0,113.0,578.0,100.0,19.92826476821912,11.242411101474415,11.667308432807085,18.985289007297578,5.7685624927603385,1.1260540078983885,3.08464083680222,0.6030526203436867
28143,38402.0,9389.0,3171.0,9494.0,1240.0,76.0,1095.0,3600.0,483.0,3011.0,3600.0,368.0,9586.0,1746.0,7602.0,0.0,230.0,100.0,33.77356480988391,13.06088055614072,6.940639269406392,13.416666666666666,10.22222222222222,79.30315042770707,2.399332359691216,0.0
28145,56807.0,27684.0,3947.0,27738.0,3163.0,264.0,3307.0,10000.0,1630.0,7759.0,10000.0,461.0,28009.0,21493.0,4520.0,32.0,1342.0,75.65251827051158,14.257332755382173,11.403129281130578,7.983066223162988,16.3,4.61,16.137670034631725,4.791317076653932,0.1142489913956228
28147,45444.0,13613.0,2465.0,13702.0,1115.0,144.0,1894.0,5400.0,1076.0,4229.0,5400.0,359.0,13864.0,7354.0,5662.0,32.0,248.0,100.0,18.10769117755087,8.13749817544884,7.602956705385427,19.925925925925927,6.648148148148148,40.8395845354876,1.788805539526832,0.2308136180034622
28149,56648.0,43082.0,8738.0,43158.0,4576.0,958.0,5943.0,16816.0,2562.0,13558.0,16816.0,1128.0,43623.0,20281.0,21306.0,18.0,898.0,42.4958633334824,20.28225244881853,10.602900968534223,16.119804812384317,15.235490009514749,6.7078972407231205,48.841207619833575,2.0585470967150354,0.041262636682484
28151,40117.0,42813.0,12339.0,42968.0,5257.0,895.0,5771.0,17227.0,3917.0,9522.0,17227.0,2006.0,43674.0,10520.0,31460.0,32.0,655.0,34.84929433239838,28.82068530586504,12.234686278160492,15.508577369606654,22.73756312764846,11.644511522609855,72.03370426340615,1.499748133901177,0.0732701378394468
28153,36791.0,19621.0,4484.0,19610.0,3213.0,525.0,2689.0,7446.0,1255.0,5965.0,7446.0,375.0,19699.0,11168.0,7318.0,5.0,747.0,100.0,22.853065592987107,16.38449770525242,19.523986612123466,16.854687080311578,5.036261079774375,37.14909386263262,3.792070663485456,0.025381999086248
28155,59964.0,9801.0,1481.0,9834.0,1205.0,108.0,1384.0,4101.0,696.0,3304.0,4101.0,248.0,9942.0,7759.0,1845.0,16.0,178.0,100.0,15.110702989490868,12.25340654870856,7.803468208092486,16.971470373079736,6.047305535235308,18.55763427881714,1.7903842285254477,0.1609334138000402
28157,35930.0,7231.0,2038.0,7231.0,1059.0,295.0,1106.0,3436.0,838.0,2510.0,3436.0,274.0,8376.0,2327.0,5628.0,0.0,75.0,100.0,28.184206887014245,14.645277278384732,26.67269439421338,24.38882421420256,7.974388824214203,67.1919770773639,0.8954154727793696,0.0
28159,49071.0,17155.0,5217.0,17158.0,2007.0,183.0,2311.0,7070.0,1516.0,5379.0,7070.0,619.0,17609.0,8717.0,8319.0,199.0,91.0,100.0,30.410958904109588,11.697167502039864,7.9186499350930335,21.44271570014144,8.755304101838755,47.24288715997501,0.5167811914361974,1.1301039241297064
28161,49171.0,12163.0,2765.0,12175.0,1526.0,215.0,1767.0,5037.0,1118.0,3832.0,5037.0,336.0,12439.0,7173.0,4556.0,55.0,202.0,100.0,22.732878401710103,12.53388090349076,12.167515563101302,22.195751439348815,6.670637284097677,36.62673848380095,1.623924752793633,0.4421577297210387
28163,40974.0,21832.0,6846.0,21832.0,2919.0,375.0,2614.0,8892.0,1870.0,6540.0,8892.0,1355.0,26837.0,9379.0,15472.0,65.0,1436.0,43.68619825748794,31.35764016123122,13.370282154635396,14.345830145371078,21.03013945119208,15.238416554206028,57.65174945038566,5.350821626858441,0.2422029287923389
29001,56583.0,23287.0,4942.0,25025.0,2058.0,202.0,2573.0,8911.0,1271.0,7301.0,8911.0,648.0,25224.0,22108.0,1059.0,77.0,721.0,33.45184482894841,21.222141108773137,8.223776223776223,7.850757870190439,14.263270115587476,7.271911121086298,4.19838249286394,2.8583888360291785,0.3052648271487472
29003,74007.0,17831.0,1316.0,17802.0,1072.0,228.0,2565.0,6975.0,1065.0,5729.0,6975.0,201.0,18086.0,16804.0,163.0,13.0,448.0,60.41356492969396,7.380404912792328,6.021795303898438,8.88888888888889,15.268817204301076,2.881720430107527,0.901249585314608,2.477054074975119,0.0718788012827601
29005,59260.0,5114.0,639.0,5138.0,615.0,76.0,769.0,2295.0,289.0,1937.0,2295.0,80.0,5216.0,4876.0,17.0,16.0,94.0,100.0,12.495111458740713,11.969637991436356,9.88296488946684,12.592592592592592,3.485838779956427,0.325920245398773,1.802147239263804,0.3067484662576687
29007,56232.0,23464.0,4231.0,23528.0,3419.0,436.0,3426.0,8991.0,1180.0,7568.0,8991.0,634.0,24688.0,21543.0,1149.0,47.0,767.0,54.526880858905535,18.031878622570748,14.53162189731384,12.726211325160538,13.124235346457567,7.05149594038483,4.654082955281918,3.1067725210628647,0.1903758911211925
29009,56611.0,34286.0,5714.0,34561.0,4468.0,761.0,5031.0,13360.0,1955.0,10927.0,13360.0,551.0,34831.0,28017.0,92.0,59.0,3473.0,82.51578154861875,16.66569445254623,12.92786667052458,15.126217451798848,14.633233532934131,4.124251497005988,0.2641325256237259,9.971002842295656,0.1693893370847808
29011,49503.0,11518.0,2559.0,11589.0,1263.0,120.0,1634.0,4425.0,687.0,3622.0,4425.0,426.0,11685.0,10619.0,25.0,141.0,322.0,100.0,22.2173988539677,10.898265596686514,7.343941248470013,15.52542372881356,9.627118644067796,0.2139495079161318,2.7556696619597774,1.2066752246469834
29013,57914.0,15693.0,2937.0,15798.0,1714.0,317.0,2352.0,5975.0,831.0,4829.0,5975.0,450.0,16121.0,14865.0,344.0,55.0,386.0,100.0,18.71535079334735,10.849474617040132,13.477891156462585,13.907949790794978,7.531380753138075,2.133862663606476,2.3943924074188945,0.3411699026115005
29015,52200.0,19602.0,3264.0,19664.0,1884.0,258.0,3526.0,8166.0,1263.0,6595.0,8166.0,392.0,19887.0,18380.0,178.0,131.0,377.0,100.0,16.65136210590756,9.580960130187144,7.317073170731708,15.466568699485672,4.8003918687239775,0.8950570724593956,1.895710765826922,0.6587217780459597
29017,57286.0,10455.0,1272.0,10475.0,923.0,116.0,1674.0,3887.0,740.0,3106.0,3887.0,160.0,10591.0,9905.0,65.0,2.0,166.0,100.0,12.166427546628409,8.81145584725537,6.929510155316607,19.037818368922046,4.116285052739903,0.6137286375224247,1.5673685204418846,0.018883958077613
29019,69913.0,176097.0,30192.0,184532.0,11648.0,1492.0,19541.0,75084.0,3557.0,67824.0,75084.0,4508.0,185874.0,142019.0,17346.0,222.0,8134.0,22.754207287184794,17.145096168588903,6.312184336592027,7.635228493935827,4.737360822545416,6.00394225134516,9.332128215888185,4.376082722704628,0.1194357467962168
29021,59423.0,80371.0,13568.0,81238.0,9813.0,1350.0,11124.0,33398.0,4454.0,28054.0,33398.0,2908.0,83855.0,67651.0,4726.0,205.0,5901.0,13.749955774651209,16.881711064936358,12.079322484551565,12.135922330097088,13.336127911851008,8.707108210072459,5.635919146145132,7.037147456919683,0.2444696201776876
29023,49213.0,41184.0,8360.0,41635.0,5551.0,578.0,5527.0,16490.0,2538.0,13549.0,16490.0,1410.0,42166.0,36446.0,1943.0,89.0,994.0,51.4621409921671,20.299145299145295,13.332532724870902,10.457752849647186,15.391146149181322,8.550636749545179,4.607977991746905,2.3573495233126214,0.2110705307593796
29025,62520.0,8660.0,1130.0,8707.0,929.0,116.0,1268.0,3591.0,569.0,2929.0,3591.0,204.0,8890.0,8244.0,105.0,16.0,192.0,100.0,13.04849884526559,10.669576203055014,9.14826498422713,15.845168476747425,5.680868838763575,1.1811023622047243,2.159730033745782,0.1799775028121484
29027,72645.0,40815.0,4682.0,42164.0,3581.0,588.0,5897.0,16203.0,1335.0,14539.0,16203.0,753.0,44541.0,39443.0,1512.0,195.0,1044.0,60.11336178669015,11.471272816366533,8.49302722701831,9.971171782262168,8.239214960192557,4.647287539344566,3.3946251768033946,2.3439078601737724,0.4377988819290092
29029,62927.0,42894.0,5642.0,43020.0,4981.0,957.0,7869.0,17170.0,2331.0,14268.0,17170.0,465.0,43416.0,40179.0,380.0,60.0,1453.0,56.25219323897532,13.15335478155453,11.578335657833566,12.16164696911933,13.576004659289458,2.708211997670355,0.8752533628155519,3.3466924636078863,0.1381978993919292
29031,68912.0,78348.0,11024.0,80999.0,5765.0,635.0,9999.0,32544.0,2649.0,29152.0,32544.0,1845.0,82180.0,69088.0,6650.0,54.0,2339.0,32.20046505935626,14.070557002093224,7.117371819405178,6.350635063506351,8.139749262536872,5.66924778761062,8.09199318568995,2.8461912874178634,0.0657094183499635
29033,61712.0,8360.0,901.0,8369.0,627.0,99.0,1178.0,3443.0,599.0,2696.0,3443.0,154.0,8459.0,7926.0,109.0,0.0,174.0,100.0,10.777511961722489,7.491934520253316,8.404074702886248,17.39761835608481,4.472843450479234,1.2885683886984276,2.0569807305828114,0.0
29035,45083.0,5158.0,988.0,5234.0,744.0,252.0,791.0,1965.0,342.0,1600.0,1965.0,215.0,5269.0,4899.0,33.0,0.0,108.0,100.0,19.15471112834432,14.214749713412305,31.858407079646017,17.404580152671755,10.94147582697201,0.6263048016701461,2.049724805465933,0.0
29037,87413.0,108083.0,6984.0,108450.0,8503.0,1073.0,15043.0,42311.0,2658.0,38552.0,42311.0,1635.0,109393.0,92350.0,4858.0,196.0,5828.0,29.661299896127023,6.461700729994541,7.84047948363301,7.132885727580935,6.282054312117416,3.86424334097516,4.44086915981827,5.327580375343944,0.1791705136526103
29039,45577.0,14227.0,2417.0,14224.0,2114.0,317.0,2010.0,5636.0,841.0,4571.0,5636.0,382.0,14440.0,13375.0,63.0,44.0,297.0,100.0,16.988824066915022,14.862204724409448,15.771144278606965,14.921930447125622,6.777856635911994,0.4362880886426593,2.056786703601108,0.3047091412742382
29041,63307.0,7161.0,850.0,7166.0,532.0,88.0,1022.0,2655.0,397.0,2185.0,2655.0,137.0,7406.0,6892.0,195.0,7.0,67.0,100.0,11.869850579527998,7.423946413619872,8.610567514677104,14.952919020715632,5.160075329566855,2.6330002700513098,0.9046718876586552,0.0945179584120983
29043,81245.0,90366.0,7831.0,90714.0,7380.0,772.0,11391.0,34256.0,2199.0,31227.0,34256.0,940.0,91229.0,83080.0,714.0,178.0,3264.0,42.249161432655725,8.665869906823362,8.135458694358093,6.7772803090158895,6.419313404950958,2.744044838860346,0.7826458691863333,3.577809687708952,0.1951133959596181
29045,51458.0,6525.0,613.0,6570.0,723.0,267.0,1019.0,2265.0,532.0,1639.0,2265.0,105.0,6680.0,6390.0,26.0,28.0,61.0,100.0,9.39463601532567,11.00456621004566,26.20215897939156,23.4878587196468,4.635761589403973,0.3892215568862275,0.9131736526946108,0.4191616766467065
29047,86150.0,252688.0,21452.0,253995.0,18548.0,2640.0,30899.0,101008.0,6068.0,91839.0,101008.0,4238.0,255566.0,198802.0,16894.0,498.0,19687.0,8.092052025973514,8.489520673716203,7.302505954841631,8.543965824136704,6.007444954855061,4.195707270711231,6.610425486958359,7.703293865381154,0.1948616013084682
29049,70625.0,20755.0,2650.0,20857.0,1943.0,465.0,3157.0,8238.0,998.0,7072.0,8238.0,341.0,21259.0,19603.0,157.0,19.0,543.0,75.77416918429003,12.768007708985786,9.315817231624877,14.729173265758632,12.114590920126243,4.139354212187424,0.7385107483889176,2.554212333599887,0.0893739122254104
29051,73273.0,72544.0,6769.0,73285.0,4875.0,515.0,9567.0,30746.0,2993.0,27016.0,30746.0,1817.0,76924.0,61315.0,8609.0,62.0,2721.0,34.29651004800787,9.330888839876488,6.652111619021628,5.383087697292777,9.73459962271515,5.909711832433487,11.191565701211584,3.5372575529093653,0.0805990328116062
29053,67548.0,15472.0,1676.0,15532.0,1349.0,115.0,2161.0,6169.0,695.0,5351.0,6169.0,320.0,16835.0,14839.0,928.0,19.0,346.0,53.02578495000877,10.832471561530507,8.685294875096575,5.321610365571495,11.266007456638029,5.18722645485492,5.512325512325512,2.055242055242055,0.1128601128601128
29055,56345.0,22408.0,3053.0,22555.0,3004.0,581.0,3389.0,9468.0,1556.0,7425.0,9468.0,601.0,22890.0,21256.0,137.0,34.0,526.0,93.20350451075642,13.624598357729385,13.31855464420306,17.143700206550605,16.434305027460923,6.347697507393325,0.598514635211883,2.2979467016164263,0.1485364788117081
29057,49899.0,7454.0,1052.0,7456.0,798.0,133.0,1187.0,3038.0,505.0,2465.0,3038.0,204.0,7627.0,7075.0,29.0,29.0,162.0,100.0,14.11322779715589,10.702789699570816,11.204717775905644,16.622778143515472,6.714944042132983,0.3802281368821292,2.124033040513964,0.3802281368821292
29059,53177.0,17077.0,3649.0,17138.0,2782.0,441.0,2473.0,6621.0,1155.0,5187.0,6621.0,341.0,17344.0,16198.0,32.0,33.0,374.0,100.0,21.36792176611817,16.23293266425487,17.832591993530126,17.444494789306752,5.150279413985802,0.1845018450184501,2.1563653136531364,0.1902675276752767
29061,60665.0,8276.0,1095.0,8301.0,1272.0,206.0,1136.0,3071.0,589.0,2414.0,3071.0,270.0,8449.0,8054.0,76.0,11.0,144.0,100.0,13.231029482841953,15.323455005421032,18.133802816901408,19.179420384239663,8.791924454575057,0.8995147354716535,1.7043437093147118,0.1301929222393182
29063,69093.0,8955.0,775.0,9009.0,774.0,54.0,1131.0,3775.0,650.0,3026.0,3775.0,132.0,11176.0,9721.0,736.0,38.0,262.0,69.9156768519358,8.654383026242323,8.591408591408591,4.774535809018568,17.218543046357617,3.4966887417218544,6.58554044380816,2.3443092340730134,0.3400143163922691
29065,54306.0,14325.0,2046.0,14353.0,1755.0,269.0,2164.0,5675.0,1006.0,4354.0,5675.0,339.0,14506.0,13299.0,69.0,63.0,308.0,67.51958948755288,14.282722513089006,12.22740890406187,12.430683918669132,17.726872246696036,5.973568281938326,0.4756652419688404,2.123259340962361,0.4343030470150282
29067,49828.0,11723.0,1977.0,11743.0,1322.0,295.0,1746.0,4688.0,771.0,3678.0,4688.0,220.0,11850.0,10990.0,112.0,134.0,112.0,100.0,16.86428388637721,11.25777058673252,16.895761741122566,16.446245733788395,4.69283276450512,0.9451476793248944,0.9451476793248944,1.130801687763713
29069,47368.0,26988.0,5788.0,27123.0,4365.0,541.0,3665.0,11165.0,1384.0,9636.0,11165.0,1038.0,27795.0,21058.0,2167.0,13.0,2055.0,62.66308383127674,21.446568845412777,16.093352505253844,14.7612551159618,12.395879982086878,9.29690998656516,7.796366252923187,7.393416082029142,0.0467710019787731
29071,71973.0,103811.0,8534.0,104334.0,7986.0,1493.0,16056.0,42267.0,3699.0,37851.0,42267.0,1738.0,105316.0,93937.0,855.0,82.0,2343.0,54.98939645784375,8.220708788086041,7.654264190005175,9.298704534130543,8.751508268862233,4.111954953036648,0.811842455087546,2.224733183941661,0.0778609138212617
29073,65096.0,14444.0,1626.0,14551.0,1049.0,158.0,2372.0,6037.0,734.0,5027.0,6037.0,377.0,14774.0,13965.0,136.0,34.0,224.0,100.0,11.257269454444751,7.2091265205140544,6.661045531197302,12.158356799734968,6.244823587874772,0.920536076891837,1.5161770678218491,0.2301340192229592
29075,57458.0,6094.0,948.0,6087.0,801.0,132.0,903.0,2402.0,389.0,1953.0,2402.0,119.0,6224.0,5904.0,23.0,0.0,112.0,100.0,15.556284870364292,13.159191720059145,14.617940199335548,16.194837635303912,4.954204829308909,0.3695372750642673,1.7994858611825193,0.0
29077,57488.0,290495.0,41698.0,297201.0,34159.0,3372.0,34779.0,131708.0,11205.0,111854.0,131708.0,8893.0,301121.0,255038.0,8610.0,617.0,14950.0,14.141478346687183,14.354119692249435,11.49356832581317,9.695505908738031,8.50745588726577,6.7520575819236495,2.859315690370316,4.964781599423487,0.2049010198558054
29079,53839.0,9504.0,1600.0,9619.0,1634.0,145.0,1280.0,3828.0,804.0,2922.0,3828.0,445.0,9822.0,9095.0,46.0,11.0,260.0,44.67781402936379,16.835016835016834,16.987212807984196,11.328125,21.00313479623825,11.624869383490074,0.4683363877010792,2.6471187130930565,0.1119934840154754
29081,53364.0,7943.0,1278.0,8066.0,622.0,180.0,1138.0,3064.0,497.0,2490.0,3064.0,195.0,8198.0,7739.0,62.0,32.0,191.0,100.0,16.08963867556339,7.7113811058765185,15.817223198594023,16.220626631853786,6.364229765013055,0.7562820200048792,2.3298365454989023,0.3903391070992925
29083,56621.0,21823.0,3548.0,21936.0,2388.0,372.0,3270.0,9248.0,1201.0,7843.0,9248.0,486.0,22194.0,20405.0,160.0,48.0,650.0,59.60083842158024,16.25807634147459,10.886214442013127,11.376146788990823,12.98659169550173,5.255190311418685,0.7209155627647111,2.9287194737316398,0.2162746688294133
29085,35084.0,8337.0,1627.0,8354.0,861.0,181.0,1504.0,3457.0,960.0,2322.0,3457.0,118.0,8501.0,7963.0,7.0,1.0,144.0,100.0,19.515413218184,10.306440028728751,12.034574468085106,27.769742551345097,3.4133641886028347,0.0823432537348547,1.693918362545583,0.0117633219621221
29087,58516.0,4135.0,405.0,4132.0,394.0,83.0,658.0,1722.0,346.0,1358.0,1722.0,53.0,4254.0,4008.0,33.0,9.0,71.0,100.0,9.794437726723096,9.535333978702807,12.613981762917932,20.092915214866437,3.077816492450639,0.7757404795486601,1.6690173953925718,0.2115655853314527
29089,62628.0,9376.0,1203.0,10033.0,821.0,77.0,1339.0,3469.0,431.0,2932.0,3469.0,117.0,10141.0,8818.0,530.0,37.0,216.0,100.0,12.830631399317406,8.182996112827668,5.750560119492159,12.424329778034016,3.3727298933410204,5.22630904250074,2.12996745883049,0.3648555369292969
29091,49814.0,39399.0,8427.0,39678.0,5619.0,640.0,5242.0,15997.0,2272.0,13174.0,15997.0,1262.0,40168.0,37117.0,151.0,97.0,975.0,70.18364779874214,21.38886773775984,14.16150007560865,12.209080503624572,14.202662999312372,7.888979183596924,0.3759211312487552,2.4273053176658035,0.241485759808803
29093,51161.0,9118.0,1884.0,9177.0,1005.0,334.0,1460.0,3803.0,529.0,3129.0,3803.0,237.0,9482.0,8751.0,75.0,12.0,199.0,100.0,20.66242597060759,10.951291271657404,22.876712328767123,13.910070996581648,6.231922166710492,0.7909723686985868,2.098713351613584,0.1265555789917739
29095,67178.0,706224.0,97685.0,710691.0,80615.0,9813.0,88978.0,302726.0,21046.0,271521.0,302726.0,23385.0,717021.0,428371.0,160230.0,1048.0,79383.0,4.268938823542535,13.832013638732189,11.34318571643654,11.028568859718131,6.952161360438152,7.724807251441898,22.346625831042605,11.071223855368252,0.1461602937710332
29097,57525.0,121114.0,22229.0,122672.0,15667.0,1783.0,14624.0,48367.0,4411.0,43002.0,48367.0,3106.0,123532.0,100272.0,2059.0,831.0,11775.0,23.466736178428004,18.35378238684215,12.77145558888744,12.192286652078774,9.119854446213328,6.421733826782724,1.6667746009131237,9.531943140238967,0.6727001910436162
29099,80522.0,225281.0,19263.0,226395.0,16623.0,2614.0,33324.0,87025.0,6513.0,79041.0,87025.0,3142.0,228227.0,203032.0,2431.0,191.0,5793.0,34.771697855243254,8.550654515915678,7.342476644802226,7.844196374984996,7.484056305659293,3.610456765297328,1.0651675743886568,2.53826234406972,0.0836886082715892
29101,67123.0,50064.0,5955.0,50112.0,4752.0,732.0,5949.0,20680.0,1687.0,18482.0,20680.0,897.0,54331.0,45820.0,2016.0,79.0,2742.0,52.76877788680503,11.894774688398847,9.482758620689657,12.304589006555725,8.157640232108317,4.33752417794971,3.710588798291951,5.046842502438755,0.145405017393385
29103,53333.0,3659.0,537.0,3720.0,906.0,52.0,550.0,1214.0,375.0,796.0,1214.0,22.0,3760.0,3583.0,34.0,1.0,14.0,100.0,14.676141022137196,24.35483870967742,9.454545454545457,30.889621087314666,1.812191103789127,0.9042553191489362,0.3723404255319149,0.026595744680851
29105,50825.0,35727.0,6632.0,35944.0,4042.0,612.0,5035.0,14453.0,1963.0,11193.0,14453.0,1101.0,36245.0,32925.0,260.0,136.0,1033.0,59.18310718943367,18.5629915749993,11.245270420654352,12.154915590863952,13.58195530339722,7.617795613367467,0.7173403228031453,2.850048282521727,0.375224168850876
29107,79091.0,32508.0,3161.0,32504.0,2935.0,255.0,4726.0,12438.0,1416.0,10501.0,12438.0,434.0,32974.0,29941.0,574.0,81.0,1096.0,69.31542566092651,9.723760305155654,9.029657888259909,5.39568345323741,11.384466956102267,3.4893069625341693,1.740765451567902,3.323830897070419,0.2456480863710802
29109,55849.0,37512.0,6202.0,37749.0,5781.0,795.0,4961.0,14694.0,1937.0,12376.0,14694.0,862.0,38392.0,33313.0,97.0,131.0,3161.0,71.52969658693192,16.533375986351036,15.314312961932766,16.02499496069341,13.182251259017288,5.8663400027222,0.2526568035007293,8.233486142946447,0.3412169201917066
29111,52340.0,9160.0,1400.0,9766.0,1033.0,162.0,1359.0,3216.0,760.0,2319.0,3216.0,159.0,9945.0,9150.0,302.0,8.0,120.0,100.0,15.283842794759826,10.57751382346918,11.920529801324504,23.6318407960199,4.9440298507462686,3.036701860231272,1.2066365007541475,0.0804424333836098
29113,85276.0,60594.0,6454.0,61069.0,5523.0,540.0,8408.0,22420.0,1622.0,20514.0,22420.0,923.0,61636.0,56777.0,1057.0,27.0,1708.0,72.01967301171652,10.651219592698949,9.043868411141496,6.422454804947669,7.234611953612846,4.11685994647636,1.714906872606918,2.7711077941462783,0.0438055681744435
29115,61975.0,11694.0,1895.0,11693.0,1151.0,83.0,1656.0,4804.0,833.0,3715.0,4804.0,290.0,11850.0,11127.0,81.0,38.0,340.0,67.41620346976588,16.20489139729776,9.843496108783032,5.01207729468599,17.33971690258118,6.036636136552873,0.6835443037974683,2.869198312236287,0.3206751054852321
29117,60148.0,13053.0,1596.0,13111.0,1404.0,111.0,1682.0,5523.0,999.0,4205.0,5523.0,311.0,14330.0,13158.0,423.0,49.0,273.0,37.33598955828811,12.22707423580786,10.708565326824804,6.599286563614744,18.08799565453558,5.630997646206772,2.9518492672714585,1.9050942079553383,0.3419399860432658
29119,48145.0,23234.0,3998.0,23352.0,4765.0,640.0,3294.0,8512.0,1626.0,6589.0,8512.0,499.0,23492.0,16146.0,458.0,281.0,2880.0,99.89271767583573,17.207540673151417,20.4051044878383,19.429265330904677,19.10244360902256,5.862312030075188,1.9495998637834155,12.259492593223223,1.1961518814915717
29121,58318.0,14925.0,1497.0,14931.0,1884.0,229.0,2032.0,5947.0,1048.0,4681.0,5947.0,294.0,15163.0,13975.0,311.0,16.0,276.0,64.76428430534551,10.030150753768844,12.618042997789834,11.26968503937008,17.622330586850513,4.9436690768454685,2.0510453076567963,1.820220273033041,0.1055200158280023
29123,58435.0,12406.0,1736.0,12401.0,1690.0,175.0,1810.0,4604.0,657.0,3882.0,4604.0,243.0,12665.0,11742.0,49.0,36.0,335.0,60.51005860921907,13.993229082701918,13.627933231191031,9.668508287292818,14.270199826238054,5.278019113814075,0.3868930122384524,2.64508487958942,0.284247927358863
29125,61359.0,8369.0,1246.0,8369.0,715.0,117.0,1324.0,3536.0,646.0,2736.0,3536.0,182.0,8435.0,7760.0,14.0,55.0,160.0,100.0,14.88827816943482,8.543434102043255,8.836858006042297,18.26923076923077,5.147058823529412,0.1659751037344398,1.896858328393598,0.6520450503852994
29127,63908.0,27475.0,3735.0,27983.0,2218.0,426.0,3763.0,11253.0,964.0,9991.0,11253.0,823.0,28493.0,25473.0,1481.0,60.0,560.0,38.95179666958808,13.59417652411283,7.926240931994426,11.320754716981131,8.566604461032613,7.313605260819337,5.197767872810866,1.96539500930053,0.210578036710771
29129,60357.0,3440.0,506.0,3433.0,348.0,79.0,511.0,1288.0,225.0,1038.0,1288.0,70.0,3501.0,3203.0,9.0,14.0,155.0,100.0,14.709302325581396,10.136906495776287,15.459882583170254,17.46894409937888,5.434782608695652,0.2570694087403599,4.427306483861754,0.3998857469294487
29131,55172.0,24657.0,3598.0,24744.0,2693.0,212.0,3592.0,10034.0,1323.0,8424.0,10034.0,514.0,25081.0,23510.0,299.0,31.0,516.0,76.46226033492435,14.59220505333171,10.883446492078887,5.902004454342984,13.185170420570062,5.122583217061989,1.1921374745823532,2.057334237071887,0.1235995374985048
29133,46258.0,10659.0,2454.0,10659.0,1180.0,217.0,1313.0,4559.0,466.0,3964.0,4559.0,731.0,12079.0,8540.0,2743.0,0.0,184.0,100.0,23.02279763580073,11.070456890890329,16.527037319116527,10.22153981136214,16.034218030269795,22.708833512708004,1.5233049093468003,0.0
29135,65161.0,14011.0,1464.0,14087.0,2261.0,214.0,1650.0,5774.0,908.0,4594.0,5774.0,387.0,15303.0,13583.0,367.0,19.0,877.0,100.0,10.448932981229037,16.05025910413857,12.969696969696969,15.725666782126774,6.702459300311742,2.398222570737764,5.7309024374305695,0.1241586617003202
29137,48299.0,8517.0,1360.0,8513.0,976.0,65.0,1332.0,3461.0,625.0,2775.0,3461.0,279.0,8672.0,7967.0,350.0,43.0,151.0,100.0,15.968063872255488,11.46481851286268,4.87987987987988,18.058364634498695,8.06125397284022,4.035977859778598,1.7412361623616237,0.4958487084870848
29139,61042.0,11107.0,1612.0,11161.0,1111.0,185.0,1774.0,4589.0,695.0,3705.0,4589.0,161.0,11422.0,10570.0,214.0,16.0,252.0,100.0,14.513369946880346,9.954305169787654,10.428410372040586,15.144911745478318,3.508389627369797,1.8735773069514967,2.206268604447557,0.1400805463141306
29141,49663.0,21013.0,3566.0,21118.0,5185.0,678.0,3303.0,8198.0,1430.0,6246.0,8198.0,862.0,21430.0,19791.0,46.0,24.0,536.0,100.0,16.97044686622567,24.552514442655557,20.52679382379655,17.443278848499634,10.514759697487191,0.214652356509566,2.501166588894074,0.1119925338310779
29143,49237.0,15601.0,2894.0,15685.0,1994.0,347.0,2216.0,6796.0,842.0,5859.0,6796.0,483.0,16041.0,12134.0,2027.0,15.0,286.0,87.42850188633321,18.55009294276008,12.712782913611733,15.65884476534296,12.38964096527369,7.107121836374338,12.636369303659372,1.7829312387008291,0.0935103796521413
29145,64583.0,58164.0,7810.0,58896.0,7792.0,1003.0,8034.0,22084.0,2536.0,18973.0,22084.0,972.0,59490.0,48351.0,555.0,636.0,3833.0,63.22807256854454,13.427549687091672,13.230100516164086,12.484441125217824,11.483426915413874,4.401376562216989,0.9329299041855774,6.443099680618591,1.0690872415532022
29147,55970.0,18278.0,3408.0,20216.0,1649.0,141.0,2435.0,8389.0,1059.0,7023.0,8389.0,675.0,20959.0,19320.0,422.0,51.0,441.0,47.21529118214773,18.645366013787065,8.156905421448357,5.790554414784395,12.62367385862439,8.046251043032543,2.013454840402691,2.1041080204208216,0.2433322200486664
29149,44259.0,8469.0,1858.0,8578.0,1562.0,197.0,1324.0,3360.0,541.0,2515.0,3360.0,129.0,8704.0,8108.0,7.0,38.0,114.0,100.0,21.93883575392608,18.2093728141758,14.879154078549847,16.101190476190474,3.8392857142857135,0.080422794117647,1.3097426470588236,0.4365808823529412
29151,75355.0,13057.0,1318.0,13302.0,656.0,29.0,1949.0,5173.0,647.0,4305.0,5173.0,276.0,13379.0,12972.0,21.0,40.0,141.0,100.0,10.0942023435705,4.931589234701549,1.4879425346331452,12.507249178426443,5.335395321863522,0.1569624037670977,1.0538904252933703,0.2989760071754241
29153,42329.0,8696.0,1886.0,8718.0,1421.0,324.0,1507.0,3583.0,699.0,2816.0,3583.0,231.0,8773.0,8242.0,39.0,25.0,167.0,100.0,21.68813247470101,16.299610002294106,21.49966821499668,19.50879151548981,6.447111359196204,0.4445457654166191,1.9035677647327025,0.2849652342414225
29155,40748.0,15021.0,4109.0,15043.0,1960.0,169.0,1994.0,6231.0,960.0,5099.0,6231.0,616.0,15232.0,10031.0,3793.0,24.0,457.0,66.0366515548177,27.35503628253778,13.029315960912053,8.47542627883651,15.406836783822822,9.886053602952977,24.901523109243698,3.0002626050420167,0.157563025210084
29157,63356.0,18494.0,2037.0,18645.0,1186.0,152.0,2609.0,7323.0,1062.0,6133.0,7323.0,423.0,18947.0,17777.0,151.0,3.0,437.0,57.46993036505592,11.01438304314913,6.36095467953875,5.825986968187045,14.502253174928308,5.776321179844326,0.7969599408877395,2.306433736211537,0.0158336412096901
29159,60232.0,42526.0,5714.0,42480.0,5057.0,523.0,5620.0,16937.0,1563.0,15011.0,16937.0,1216.0,43205.0,35707.0,1069.0,14.0,4135.0,39.40670079106561,13.436485914499364,11.90442561205273,9.306049822064058,9.228316703076104,7.179547735726516,2.474250665432242,9.570651544960072,0.0324036569841453
29161,55427.0,41893.0,7216.0,44235.0,3896.0,690.0,5582.0,17644.0,1551.0,15592.0,17644.0,1097.0,44948.0,38509.0,920.0,132.0,1328.0,53.82857654912854,17.224834697920894,8.807505369051656,12.361160874238625,8.790523690773068,6.217411017909771,2.0468096467028567,2.9545252291536888,0.293672688439975
29163,57572.0,15868.0,2582.0,15879.0,1429.0,164.0,2082.0,6451.0,879.0,5451.0,6451.0,482.0,17623.0,15715.0,844.0,102.0,225.0,100.0,16.271741870431057,8.999307261162542,7.877041306436119,13.625794450472794,7.471709812432181,4.789195937127618,1.276740623049424,0.5787890824490722
29165,95748.0,107628.0,7370.0,107499.0,6338.0,741.0,13596.0,43316.0,1776.0,40191.0,43316.0,1771.0,108751.0,84300.0,7879.0,133.0,7535.0,13.641559999250362,6.847660460103318,5.895868798779524,5.450132391879965,4.100101579093176,4.088558500323206,7.244990850658844,6.928671920258204,0.1222977259979218
29167,56686.0,30677.0,5486.0,31661.0,4578.0,449.0,4222.0,11957.0,1734.0,9672.0,11957.0,589.0,32109.0,29591.0,262.0,103.0,898.0,67.24515371680573,17.883104606056655,14.459429582135751,10.634770251065843,14.501965375930418,4.925984778790666,0.8159706001432621,2.7967236600330128,0.3207823351708244
29169,66435.0,43850.0,5608.0,40529.0,4212.0,510.0,4273.0,16434.0,1463.0,13931.0,16434.0,539.0,53850.0,37050.0,5365.0,244.0,6190.0,41.29923084051524,12.789053591790196,10.392558414962126,11.935408378188626,8.90227576974565,3.279785809906292,9.962859795728876,11.49489322191272,0.4531104921077066
29171,56875.0,4584.0,744.0,4589.0,498.0,88.0,662.0,1874.0,358.0,1433.0,1874.0,127.0,4675.0,4453.0,7.0,19.0,133.0,100.0,16.230366492146597,10.852037480932664,13.293051359516616,19.103521878335112,6.776947705442903,0.1497326203208556,2.8449197860962565,0.4064171122994652
29173,62054.0,10325.0,1302.0,10330.0,590.0,94.0,1625.0,3959.0,382.0,3533.0,3959.0,113.0,10394.0,9698.0,194.0,6.0,123.0,97.50845002414292,12.610169491525424,5.711519845111326,5.7846153846153845,9.648901237686283,2.8542561252841625,1.866461420050029,1.183375024052338,0.0577256109293823
29175,55310.0,22570.0,3573.0,22743.0,2421.0,253.0,3059.0,9252.0,1352.0,7704.0,9252.0,480.0,24524.0,21453.0,1220.0,33.0,596.0,50.78896261530992,15.830748781568454,10.645033636723388,8.270676691729323,14.61305663640294,5.188067444876784,4.974718642961997,2.4302723862338933,0.13456206165389
29177,72152.0,22893.0,2751.0,22946.0,2226.0,303.0,3602.0,9046.0,1351.0,7481.0,9046.0,294.0,23149.0,21420.0,268.0,75.0,643.0,74.06943604801796,12.016773686279649,9.701037217815742,8.41199333703498,14.934777802343577,3.250055273048861,1.1577173959998273,2.7776577821936157,0.3239880772387576
29179,44357.0,5868.0,1048.0,5906.0,793.0,60.0,1002.0,2312.0,447.0,1793.0,2312.0,140.0,6058.0,5524.0,90.0,11.0,102.0,100.0,17.859577368779824,13.427023366068404,5.9880239520958085,19.33391003460208,6.055363321799308,1.4856388246946186,1.683724001320568,0.1815780785737867
29181,43898.0,10632.0,2097.0,10696.0,1767.0,293.0,1576.0,4030.0,624.0,3293.0,4030.0,260.0,10755.0,10033.0,25.0,28.0,134.0,100.0,19.7234762979684,16.520194465220644,18.591370558375637,15.483870967741936,6.451612903225806,0.2324500232450023,1.2459321245932125,0.2603440260344026
29183,102912.0,402737.0,18911.0,407965.0,17418.0,2330.0,55357.0,158682.0,6311.0,149729.0,158682.0,5426.0,409830.0,343815.0,20228.0,161.0,16546.0,5.658561621864374,4.695620218653861,4.269483901805302,4.209043120111278,3.977136663263634,3.41941745125471,4.935705048434717,4.037283751799527,0.0392845814118048
29185,46731.0,9146.0,1489.0,9223.0,1174.0,274.0,1450.0,4090.0,650.0,3279.0,4090.0,237.0,9451.0,8782.0,74.0,11.0,203.0,100.0,16.28034113273562,12.729046947847772,18.89655172413793,15.89242053789731,5.794621026894865,0.7829859274150883,2.1479208549359856,0.1163898000211617
29186,61310.0,18090.0,1431.0,18150.0,844.0,81.0,2857.0,7113.0,883.0,5985.0,7113.0,195.0,18551.0,17434.0,302.0,14.0,265.0,73.00719735916445,7.91044776119403,4.650137741046832,2.8351417570878543,12.413890060452692,2.7414592998734717,1.6279445851975636,1.4284944207859414,0.0754676297773705
29187,54813.0,61264.0,10427.0,61758.0,7275.0,716.0,8077.0,24113.0,2906.0,20576.0,24113.0,1721.0,66864.0,60615.0,1999.0,208.0,1196.0,40.97606168375123,17.019783233220164,11.779850383755951,8.864677479262102,12.05159042839962,7.137228880686767,2.989650634122996,1.7887054319215123,0.3110792055515674
29189,81340.0,974082.0,93427.0,985611.0,57626.0,7399.0,134075.0,414739.0,23563.0,383207.0,414739.0,27458.0,996618.0,617588.0,239810.0,558.0,37209.0,1.3546122245736338,9.591286975839816,5.846728577501672,5.518553048666791,5.681404449545377,6.62054930932466,24.062378965661868,3.7335267875956486,0.0559893560019987
29195,56566.0,21627.0,3169.0,22801.0,1775.0,109.0,2887.0,8008.0,951.0,6888.0,8008.0,449.0,23177.0,17680.0,1065.0,31.0,2827.0,42.26631809025843,14.652980071207288,7.78474628305776,3.775545549012816,11.875624375624376,5.606893106893107,4.595072701384994,12.197437114380635,0.1337532898994693
29197,56023.0,4036.0,390.0,4044.0,594.0,50.0,554.0,1251.0,371.0,842.0,1251.0,73.0,4044.0,3814.0,4.0,11.0,67.0,100.0,9.663032705649158,14.688427299703264,9.025270758122744,29.656274980015983,5.835331734612311,0.0989119683481701,1.6567754698318498,0.2720079129574678
29199,67568.0,4613.0,329.0,4656.0,1577.0,201.0,586.0,1543.0,273.0,1226.0,1543.0,41.0,4698.0,4542.0,4.0,8.0,4.0,100.0,7.132018209408194,33.87027491408935,34.30034129692833,17.692806221646144,2.657161373946857,0.085142613878246,0.085142613878246,0.1702852277564921
29201,58847.0,37205.0,5378.0,37468.0,4421.0,732.0,4972.0,15163.0,1594.0,13075.0,15163.0,1033.0,37967.0,30904.0,4233.0,17.0,966.0,45.99700465067395,14.455046364735924,11.799402156506886,14.722445695897024,10.512431576864737,6.812636021895403,11.149155845866147,2.5443147996944715,0.044775726288619
29203,59000.0,6913.0,1155.0,7078.0,800.0,136.0,1145.0,2802.0,450.0,2209.0,2802.0,146.0,7137.0,6609.0,17.0,20.0,37.0,100.0,16.707652249385216,11.302627860977678,11.87772925764192,16.059957173447536,5.210563882940757,0.2381953201625332,0.518425108589043,0.2802297884265097
29205,52127.0,5777.0,902.0,5847.0,587.0,94.0,892.0,2374.0,367.0,1936.0,2374.0,138.0,6011.0,5664.0,36.0,2.0,134.0,100.0,15.613640297732386,10.039336411835128,10.538116591928253,15.459140690817186,5.812973883740522,0.5989020129762103,2.229246381633672,0.0332723340542339
29207,54067.0,28098.0,4768.0,28183.0,3313.0,573.0,3904.0,11393.0,1485.0,9687.0,11393.0,531.0,28547.0,26586.0,275.0,10.0,597.0,66.39578683035714,16.969179301017867,11.755313486853778,14.677254098360656,13.034319318880014,4.660756604932853,0.9633236417136652,2.091288051283848,0.0350299506077696
29209,61323.0,31228.0,4363.0,31419.0,2966.0,667.0,5583.0,13161.0,1165.0,11580.0,13161.0,407.0,31697.0,29633.0,104.0,51.0,866.0,82.92894838460548,13.97143589086717,9.440147681339315,11.946981909367723,8.851910949016032,3.092470177038219,0.328106760892198,2.732119758967725,0.1608985077452124
29211,55500.0,5760.0,849.0,5766.0,497.0,121.0,864.0,2040.0,400.0,1561.0,2040.0,97.0,5903.0,4559.0,145.0,13.0,1051.0,100.0,14.739583333333334,8.619493583073188,14.00462962962963,19.607843137254903,4.754901960784314,2.456378112823988,17.804506183296628,0.2202270032187023
29213,58258.0,54559.0,7870.0,55949.0,8303.0,1632.0,7369.0,22145.0,1714.0,19649.0,22145.0,972.0,56382.0,48248.0,796.0,158.0,4250.0,37.17226126351086,14.424751186788614,14.84030098840015,22.146831320396256,7.739896139083314,4.389252652969067,1.4117980915895143,7.537866695044518,0.2802312794863609
29215,48055.0,23519.0,4548.0,23505.0,3699.0,716.0,3455.0,9532.0,1562.0,7645.0,9532.0,810.0,24956.0,22364.0,520.0,99.0,589.0,99.38334626536528,19.337556868914493,15.737077217613274,20.723589001447177,16.386907259756608,8.497691984892992,2.083667254367687,2.3601538708126304,0.3966981888123096
29217,54519.0,19008.0,3609.0,19302.0,3017.0,386.0,2685.0,7815.0,1175.0,6538.0,7815.0,855.0,19713.0,18345.0,151.0,20.0,493.0,56.72096209468717,18.986742424242426,15.630504610921149,14.376163873370578,15.035188739603328,10.940499040307104,0.765991984984528,2.500887739055446,0.1014558920509308
29219,77989.0,35925.0,3351.0,36310.0,2971.0,306.0,5537.0,13414.0,1090.0,12112.0,13414.0,430.0,36467.0,32737.0,773.0,25.0,1460.0,73.55060227400654,9.32776617954071,8.182318920407601,5.526458370959003,8.125838676010138,3.20560608319666,2.1197246825897387,4.003619710971563,0.0685551320371843
29221,51886.0,22518.0,4095.0,22529.0,2579.0,559.0,3344.0,8864.0,1715.0,7049.0,8864.0,837.0,23483.0,21558.0,451.0,6.0,244.0,100.0,18.18545163868905,11.447467708287096,16.716507177033492,19.34792418772563,9.44268953068592,1.9205382617212448,1.0390495251884342,0.0255503981603713
29223,43393.0,10726.0,2697.0,10784.0,1502.0,389.0,1797.0,4503.0,924.0,3561.0,4503.0,276.0,10942.0,10153.0,42.0,0.0,113.0,100.0,25.14450867052023,13.928041543026708,21.647189760712298,20.519653564290472,6.129247168554297,0.3838420764028514,1.0327179674648144,0.0
29225,69731.0,38728.0,6237.0,38894.0,5215.0,634.0,5067.0,13751.0,2369.0,11028.0,13751.0,874.0,39868.0,36470.0,455.0,119.0,882.0,80.71638736088013,16.104627143152243,13.408237774463927,12.512334714821394,17.22783797541997,6.355901388989891,1.1412661783886826,2.212300591953446,0.2984850005016554
29227,46167.0,1923.0,338.0,1929.0,204.0,38.0,319.0,798.0,122.0,651.0,798.0,54.0,1956.0,1869.0,2.0,4.0,37.0,100.0,17.576703068122725,10.57542768273717,11.912225705329154,15.288220551378446,6.7669172932330826,0.1022494887525562,1.8916155419222904,0.2044989775051124
29229,47304.0,18352.0,3221.0,18543.0,2903.0,313.0,2525.0,6964.0,1442.0,5329.0,6964.0,511.0,18722.0,17336.0,35.0,26.0,460.0,77.63360457444469,17.551220575414124,15.655503424472847,12.396039603960396,20.70649052268811,7.337736932797243,0.1869458391197521,2.457002457002457,0.1388740519175302
29510,55279.0,284225.0,56166.0,289205.0,27004.0,3876.0,36276.0,144450.0,16324.0,123786.0,144450.0,25913.0,293109.0,130110.0,125617.0,433.0,15005.0,0.0,19.76110475855396,9.337321277294652,10.684750248097917,11.30079612322603,17.93907926618207,42.8567529485618,5.119255976445623,0.1477266136488473
30001,58072.0,9174.0,1347.0,9394.0,523.0,93.0,1373.0,4121.0,433.0,3592.0,4121.0,24.0,9590.0,8598.0,54.0,159.0,472.0,52.7371678582862,14.682799215173317,5.567383436235895,6.773488710852148,10.507158456685271,0.5823829167677748,0.5630865484880083,4.921793534932221,1.6579770594369134
30003,56680.0,12643.0,2984.0,12823.0,2374.0,344.0,1529.0,3691.0,556.0,2998.0,3691.0,200.0,12963.0,3505.0,0.0,8470.0,592.0,100.0,23.601993197816974,18.513608359978164,22.49836494440811,15.063668382552152,5.41858574911948,0.0,4.566844094731158,65.3398133148191
30005,65050.0,6881.0,1393.0,6895.0,1186.0,132.0,847.0,2297.0,335.0,1914.0,2297.0,180.0,6997.0,3090.0,31.0,3427.0,192.0,100.0,20.2441505595117,17.200870195794053,15.584415584415584,14.584240313452328,7.83630822812364,0.4430470201514935,2.7440331570673147,48.97813348577962
30007,63636.0,7254.0,778.0,7254.0,482.0,227.0,1212.0,2888.0,394.0,2372.0,2888.0,59.0,7310.0,6564.0,27.0,76.0,131.0,100.0,10.72511717673008,6.644609870416322,18.72937293729373,13.642659279778393,2.042936288088643,0.3693570451436389,1.792065663474692,1.039671682626539
30009,71017.0,10674.0,909.0,10783.0,814.0,139.0,1848.0,4716.0,534.0,3991.0,4716.0,172.0,10877.0,9962.0,50.0,38.0,311.0,100.0,8.516020236087689,7.548919595659835,7.521645021645021,11.323155216284988,3.64715860899067,0.4596855750666544,2.8592442769145903,0.3493610370506573
30011,52171.0,1338.0,184.0,1338.0,119.0,20.0,298.0,599.0,59.0,515.0,599.0,40.0,1361.0,1252.0,1.0,10.0,32.0,100.0,13.75186846038864,8.893871449925262,6.711409395973154,9.84974958263773,6.67779632721202,0.0734753857457751,2.3512123438648054,0.7347538574577517
30013,66203.0,82185.0,10839.0,80589.0,5426.0,717.0,10695.0,34909.0,3530.0,30496.0,34909.0,2033.0,84601.0,70402.0,1223.0,2867.0,4283.0,20.514369654322746,13.188538054389488,6.732928811624415,6.704067321178121,10.112005500014323,5.823713082586153,1.4456093899599296,5.062587912672427,3.3888488315740948
30015,56927.0,5829.0,724.0,5819.0,342.0,48.0,830.0,2212.0,540.0,1601.0,2212.0,119.0,5888.0,4465.0,8.0,971.0,178.0,100.0,12.420655343969806,5.877298504897749,5.783132530120482,24.412296564195294,5.379746835443038,0.1358695652173913,3.0230978260869565,16.49116847826087
30017,63585.0,11514.0,1344.0,11719.0,887.0,149.0,1770.0,5044.0,453.0,4327.0,5044.0,312.0,11938.0,10682.0,42.0,149.0,395.0,22.246566107693603,11.67274622199062,7.568905196689137,8.418079096045197,8.980967486122125,6.185567010309279,0.3518177249120455,3.3087619366728096,1.2481152621879712
30019,58000.0,1489.0,177.0,1500.0,34.0,3.0,211.0,716.0,93.0,619.0,716.0,19.0,1524.0,1365.0,4.0,47.0,24.0,100.0,11.887172599059772,2.2666666666666666,1.4218009478672986,12.988826815642458,2.653631284916201,0.2624671916010498,1.5748031496062993,3.083989501312336
30021,70953.0,8475.0,746.0,8595.0,466.0,52.0,1237.0,3710.0,371.0,3233.0,3710.0,186.0,8874.0,8065.0,4.0,115.0,300.0,25.335570469798657,8.8023598820059,5.421756835369401,4.203718674211803,10.0,5.013477088948787,0.0450755014649537,3.3806626098715347,1.2959206671174217
30023,49533.0,9086.0,1649.0,9082.0,614.0,71.0,1585.0,4560.0,871.0,3608.0,4560.0,377.0,9512.0,8550.0,30.0,162.0,320.0,28.914128011888334,18.148800352190182,6.760625412904647,4.479495268138801,19.100877192982452,8.267543859649123,0.3153910849453322,3.36417157275021,1.703111858704794
30025,72284.0,2753.0,332.0,2753.0,232.0,10.0,312.0,1145.0,99.0,991.0,1145.0,74.0,2817.0,2613.0,1.0,68.0,16.0,100.0,12.059571376679983,8.4271703596077,3.2051282051282053,8.646288209606986,6.462882096069869,0.0354987575434859,0.5679801206957756,2.4139155129570464
30027,59731.0,11236.0,1677.0,11316.0,1709.0,294.0,1723.0,5200.0,494.0,4492.0,5200.0,438.0,11581.0,10741.0,74.0,219.0,256.0,47.370260352961736,14.925240299038803,15.10250972074938,17.06326175275682,9.5,8.423076923076923,0.6389776357827476,2.2105172264916675,1.8910284086002933
30029,71327.0,107267.0,10268.0,107555.0,9840.0,1459.0,14936.0,43568.0,2988.0,39228.0,43568.0,1651.0,108445.0,98324.0,251.0,971.0,3800.0,51.49534770068132,9.572375474283795,9.148807586816048,9.768344938403857,6.858244583180316,3.7894785163422697,0.2314537323066992,3.504080409424132,0.895384757250219
30031,87454.0,117772.0,12025.0,121704.0,8904.0,1080.0,12496.0,50031.0,1856.0,46177.0,50031.0,1157.0,122194.0,107856.0,593.0,756.0,6272.0,34.75622057834566,10.210406548245762,7.316111220666535,8.642765685019207,3.709699986008675,2.3125662089504506,0.4852938769497684,5.132821578800924,0.6186883153018969
30033,61750.0,926.0,113.0,926.0,101.0,18.0,111.0,407.0,32.0,371.0,407.0,8.0,938.0,917.0,9.0,6.0,0.0,100.0,12.203023758099352,10.907127429805616,16.216216216216218,7.862407862407863,1.9656019656019657,0.9594882729211088,0.0,0.6396588486140725
30035,45129.0,13545.0,4103.0,13619.0,3988.0,538.0,1690.0,4174.0,561.0,3511.0,4174.0,211.0,13713.0,4021.0,23.0,8658.0,378.0,100.0,30.291620524178665,29.28261986930024,31.83431952662722,13.44034499281265,5.05510301868711,0.1677240574637205,2.756508422664625,63.13716910960402
30037,57353.0,840.0,151.0,840.0,128.0,15.0,177.0,362.0,74.0,269.0,362.0,10.0,840.0,747.0,6.0,4.0,55.0,100.0,17.976190476190474,15.238095238095235,8.474576271186441,20.441988950276244,2.7624309392265194,0.7142857142857143,6.547619047619048,0.4761904761904761
30039,54646.0,3347.0,349.0,3383.0,267.0,41.0,585.0,1375.0,178.0,1148.0,1375.0,40.0,3419.0,3163.0,25.0,76.0,66.0,100.0,10.42724828204362,7.892403192432752,7.0085470085470085,12.945454545454544,2.909090909090909,0.7312079555425564,1.9303890026323487,2.222872184849371
30041,55313.0,15883.0,3122.0,16119.0,1406.0,274.0,1920.0,6226.0,949.0,5044.0,6226.0,373.0,16260.0,11016.0,34.0,3689.0,551.0,39.75105769820345,19.65623622741296,8.722625473044234,14.270833333333334,15.242531320269835,5.9910054609701255,0.2091020910209102,3.3886838868388685,22.68757687576876
30043,76576.0,12259.0,771.0,12318.0,630.0,164.0,2077.0,4890.0,376.0,4370.0,4890.0,175.0,12501.0,11414.0,14.0,151.0,339.0,100.0,6.289256872501835,5.114466634193863,7.896003851709196,7.689161554192229,3.5787321063394684,0.1119910407167426,2.711783057355412,1.2079033677305815
30045,55417.0,2049.0,324.0,2053.0,132.0,28.0,371.0,907.0,107.0,771.0,907.0,19.0,2053.0,1877.0,0.0,25.0,121.0,100.0,15.812591508052709,6.429615197272285,7.547169811320755,11.797133406835725,2.094818081587652,0.0,5.893813930832928,1.2177301509985388
30047,61965.0,31683.0,5614.0,31869.0,4501.0,730.0,4593.0,12175.0,1681.0,10122.0,12175.0,535.0,32073.0,20684.0,67.0,6460.0,1338.0,82.12886233699493,17.71928163368368,14.123442844143211,15.893751360766384,13.806981519507186,4.394250513347022,0.2088984504100021,4.171733233560939,20.141552084307676
30049,74543.0,71230.0,6209.0,71603.0,4423.0,874.0,10161.0,30655.0,2467.0,27259.0,30655.0,1688.0,72580.0,64745.0,401.0,640.0,2830.0,26.197286291970187,8.716832795170575,6.177115483988101,8.60151559885838,8.047626814549012,5.506442668406459,0.5524937999448885,3.899145770184624,0.8817856158721411
30051,53264.0,1940.0,494.0,1940.0,86.0,7.0,189.0,685.0,189.0,478.0,685.0,91.0,1968.0,1888.0,0.0,28.0,0.0,100.0,25.463917525773194,4.43298969072165,3.703703703703704,27.59124087591241,13.284671532846716,0.0,0.0,1.4227642276422765
30053,47018.0,20429.0,3303.0,20453.0,2913.0,723.0,3533.0,8858.0,834.0,7696.0,8858.0,371.0,20656.0,18756.0,15.0,271.0,614.0,77.93871016923312,16.168192275686526,14.24240942649,20.464194735352397,9.415217882140436,4.188304357642809,0.0726181254841208,2.9725019364833463,1.3119674670797832
30055,71842.0,1796.0,75.0,1799.0,104.0,33.0,318.0,818.0,133.0,671.0,818.0,2.0,1818.0,1659.0,0.0,67.0,0.0,100.0,4.175946547884188,5.780989438576987,10.37735849056604,16.25916870415648,0.2444987775061124,0.0,0.0,3.6853685368536855
30057,67420.0,8903.0,603.0,8920.0,659.0,80.0,1534.0,3703.0,306.0,3223.0,3703.0,66.0,8975.0,8216.0,0.0,29.0,317.0,100.0,6.772997865887903,7.387892376681615,5.215123859191656,8.26357007831488,1.7823386443424252,0.0,3.532033426183844,0.3231197771587744
30059,56215.0,1920.0,206.0,1951.0,64.0,33.0,415.0,897.0,150.0,722.0,897.0,1.0,1979.0,1829.0,17.0,54.0,63.0,100.0,10.729166666666666,3.280369041517171,7.951807228915663,16.722408026755854,0.1114827201783723,0.8590197069226883,3.183425972713492,2.728650833754421
30061,61117.0,4677.0,835.0,4765.0,397.0,96.0,792.0,2132.0,379.0,1705.0,2132.0,46.0,4796.0,4299.0,32.0,64.0,167.0,100.0,17.85332478084242,8.33158447009444,12.12121212121212,17.776735459662287,2.1575984990619137,0.6672226855713094,3.482068390325271,1.3344453711426187
30063,71246.0,117062.0,12792.0,118729.0,7614.0,1000.0,13575.0,51642.0,2785.0,47697.0,51642.0,2733.0,119639.0,102631.0,712.0,2325.0,5902.0,25.28196604535201,10.9275426696964,6.412923548585434,7.366482504604051,5.39289725417296,5.292204019983735,0.5951236636882622,4.9331739650114095,1.9433462332516989
30065,59010.0,5000.0,765.0,5040.0,453.0,12.0,812.0,2131.0,316.0,1756.0,2131.0,118.0,5068.0,4445.0,0.0,121.0,187.0,100.0,15.3,8.988095238095237,1.477832512315271,14.828718911309243,5.537306428906617,0.0,3.6898184688239937,2.387529597474349
30067,66607.0,17344.0,2266.0,17364.0,1469.0,203.0,2744.0,8257.0,667.0,7278.0,8257.0,289.0,17484.0,16036.0,33.0,113.0,587.0,45.61107556279448,13.065036900369003,8.460032250633494,7.397959183673469,8.07799442896936,3.5000605546808767,0.1887439945092656,3.3573552962708764,0.6463051933196065
30069,59318.0,401.0,26.0,401.0,25.0,7.0,64.0,200.0,28.0,168.0,200.0,0.0,401.0,398.0,0.0,0.0,0.0,100.0,6.483790523690773,6.234413965087282,10.9375,14.0,0.0,0.0,0.0,0.0
30071,58156.0,4134.0,389.0,4161.0,313.0,114.0,664.0,1769.0,160.0,1556.0,1769.0,19.0,4224.0,3461.0,16.0,301.0,58.0,100.0,9.409772617319788,7.522230233117039,17.16867469879518,9.044657998869418,1.0740531373657434,0.3787878787878788,1.3731060606060606,7.12594696969697
30073,53500.0,5899.0,1348.0,5935.0,454.0,79.0,904.0,2240.0,358.0,1797.0,2240.0,147.0,6012.0,4748.0,2.0,961.0,137.0,100.0,22.85133073402272,7.649536647009267,8.738938053097344,15.982142857142858,6.5625,0.0332667997338656,2.278775781769794,15.98469727212242
30075,68009.0,1717.0,167.0,1717.0,97.0,17.0,218.0,713.0,80.0,557.0,713.0,33.0,1762.0,1537.0,0.0,29.0,30.0,100.0,9.72626674432149,5.64938846825859,7.798165137614679,11.220196353436185,4.628330995792426,0.0,1.70261066969353,1.6458569807037458
30077,63432.0,5250.0,333.0,5384.0,410.0,52.0,849.0,2348.0,425.0,1840.0,2348.0,107.0,7029.0,6146.0,87.0,291.0,160.0,100.0,6.342857142857143,7.615156017830609,6.124852767962309,18.100511073253838,4.557069846678024,1.2377294067434912,2.276283966424812,4.139991463935126
30079,45192.0,1216.0,291.0,1228.0,70.0,35.0,129.0,520.0,104.0,401.0,520.0,34.0,1251.0,1118.0,0.0,1.0,10.0,100.0,23.93092105263158,5.700325732899023,27.131782945736436,20.0,6.538461538461538,0.0,0.7993605115907274,0.0799360511590727
30081,71323.0,45527.0,3771.0,45568.0,4019.0,681.0,7500.0,18779.0,1672.0,16527.0,18779.0,738.0,45807.0,40873.0,108.0,245.0,1820.0,84.44786526010776,8.282996902936718,8.81978581460674,9.08,8.903562490015442,3.9299217210714095,0.2357718252668806,3.973191870238173,0.534852751762831
30083,69578.0,11303.0,808.0,11308.0,690.0,66.0,1472.0,4500.0,566.0,3853.0,4500.0,244.0,11329.0,9925.0,28.0,28.0,621.0,43.2425376381516,7.14854463416792,6.101874778917581,4.483695652173913,12.577777777777778,5.422222222222223,0.2471533233295083,5.48150763527231,0.2471533233295083
30085,53125.0,10236.0,3132.0,10444.0,3088.0,193.0,1194.0,2988.0,916.0,2049.0,2988.0,310.0,10665.0,3514.0,13.0,6102.0,289.0,100.0,30.5978898007034,29.56721562619686,16.164154103852596,30.65595716198126,10.37483266398929,0.1218940459446788,2.709798406000937,57.21518987341772
30087,56430.0,8168.0,1763.0,8159.0,1227.0,152.0,1130.0,3069.0,578.0,2311.0,3069.0,160.0,8236.0,4338.0,14.0,3166.0,285.0,100.0,21.58423114593536,15.038607672508888,13.451327433628318,18.83349625285109,5.213424568263278,0.1699854298203011,3.4604176784847014,38.44099077221952
30089,54035.0,12726.0,1920.0,12811.0,1713.0,304.0,2207.0,5453.0,591.0,4640.0,5453.0,303.0,12936.0,11519.0,68.0,307.0,432.0,100.0,15.087223008015089,13.371321520568262,13.774354327140916,10.838070786722906,5.556574362736108,0.525664811379097,3.339517625231911,2.373222016079159
30091,63654.0,3595.0,360.0,3615.0,347.0,27.0,591.0,1470.0,150.0,1271.0,1470.0,56.0,3677.0,3281.0,0.0,61.0,166.0,100.0,10.013908205841446,9.598893499308437,4.568527918781726,10.20408163265306,3.809523809523809,0.0,4.514549904813707,1.6589611096002177
30093,57504.0,34543.0,5584.0,34863.0,2314.0,619.0,4843.0,15347.0,1599.0,13043.0,15347.0,1065.0,35589.0,31768.0,43.0,503.0,1639.0,13.875843224319016,16.165359117621517,6.63740928778361,12.781333883956226,10.418974392389392,6.939466996807194,0.1208238500660316,4.605355587400601,1.4133580600747422
30095,81503.0,8965.0,740.0,8983.0,411.0,69.0,1425.0,3869.0,469.0,3279.0,3869.0,113.0,9052.0,8353.0,9.0,32.0,305.0,100.0,8.254322364751813,4.575308916842926,4.842105263157895,12.121995347635048,2.920651331093305,0.099425541316836,3.369421122403889,0.3535130357931949
30097,69426.0,3685.0,288.0,3685.0,340.0,80.0,576.0,1497.0,148.0,1315.0,1497.0,55.0,3713.0,3363.0,50.0,61.0,66.0,100.0,7.815468113975577,9.226594301221168,13.88888888888889,9.886439545758185,3.674014696058784,1.34661998384056,1.7775383786695396,1.642876380285483
30099,67766.0,6145.0,643.0,6186.0,341.0,58.0,889.0,2452.0,338.0,2061.0,2452.0,143.0,6291.0,5780.0,24.0,122.0,118.0,100.0,10.463791700569567,5.512447462010993,6.524184476940382,13.784665579119087,5.831973898858075,0.3814973772055317,1.8756954379271973,1.9392783341281197
30101,53693.0,4411.0,541.0,4414.0,337.0,68.0,614.0,1823.0,99.0,1605.0,1823.0,134.0,5028.0,4174.0,93.0,286.0,217.0,100.0,12.264792564044434,7.634798368826461,11.074918566775244,5.430608886450905,7.350521119034559,1.8496420047732696,4.315831344470962,5.688146380270485
30103,73036.0,761.0,82.0,761.0,41.0,5.0,183.0,382.0,32.0,290.0,382.0,20.0,761.0,707.0,0.0,1.0,43.0,100.0,10.775295663600524,5.387647831800263,2.73224043715847,8.37696335078534,5.235602094240837,0.0,5.650459921156373,0.1314060446780552
30105,64515.0,7346.0,946.0,7433.0,478.0,112.0,1081.0,2958.0,362.0,2496.0,2958.0,153.0,7540.0,6392.0,46.0,567.0,193.0,100.0,12.877756602232507,6.430781649401318,10.360777058279371,12.237998647734956,5.172413793103448,0.610079575596817,2.559681697612732,7.519893899204244
30107,47054.0,2019.0,478.0,2019.0,357.0,1.0,212.0,865.0,163.0,669.0,865.0,23.0,2049.0,1939.0,27.0,10.0,55.0,100.0,23.67508667657256,17.682020802377416,0.4716981132075472,18.84393063583815,2.658959537572254,1.3177159590043923,2.6842362127867254,0.4880429477794046
30109,64792.0,1130.0,180.0,1130.0,71.0,30.0,159.0,468.0,49.0,412.0,468.0,9.0,1148.0,1039.0,10.0,0.0,69.0,100.0,15.929203539823009,6.283185840707965,18.867924528301888,10.47008547008547,1.9230769230769231,0.8710801393728222,6.010452961672474,0.0
30111,74400.0,163620.0,16737.0,165161.0,11391.0,1413.0,20765.0,69272.0,4666.0,62954.0,69272.0,3024.0,167340.0,140456.0,824.0,6385.0,10717.0,16.484450407027214,10.22918958562523,6.896906654718729,6.804719479894053,6.7357662547638295,4.365400161681487,0.4924106609298434,6.404326520855743,3.815585036452731
31001,65680.0,29599.0,3776.0,30832.0,1663.0,240.0,4146.0,12900.0,1138.0,11377.0,12900.0,684.0,31034.0,25887.0,371.0,47.0,3739.0,20.50312449927896,12.75718774282915,5.393746756616502,5.788712011577424,8.821705426356589,5.3023255813953485,1.195463040536186,12.048076303409164,0.1514468002835599
31003,63750.0,6208.0,623.0,6246.0,373.0,48.0,912.0,2687.0,399.0,2219.0,2687.0,105.0,6302.0,5889.0,56.0,12.0,237.0,100.0,10.035438144329897,5.971821966058277,5.2631578947368425,14.849274283587643,3.9077037588388537,0.8886067914947635,3.760710885433196,0.1904157410345922
31005,67500.0,540.0,52.0,540.0,45.0,8.0,64.0,184.0,21.0,160.0,184.0,6.0,540.0,500.0,0.0,0.0,3.0,100.0,9.62962962962963,8.333333333333334,12.5,11.41304347826087,3.260869565217391,0.0,0.5555555555555556,0.0
31007,71250.0,657.0,62.0,657.0,42.0,21.0,149.0,258.0,42.0,215.0,258.0,3.0,657.0,607.0,0.0,0.0,29.0,100.0,9.436834094368342,6.392694063926941,14.093959731543624,16.27906976744186,1.162790697674419,0.0,4.41400304414003,0.0
31009,61250.0,385.0,41.0,385.0,22.0,10.0,71.0,192.0,36.0,156.0,192.0,5.0,385.0,385.0,0.0,0.0,0.0,100.0,10.64935064935065,5.714285714285714,14.084507042253522,18.75,2.6041666666666665,0.0,0.0,0.0
31011,71367.0,5263.0,484.0,5272.0,253.0,48.0,834.0,2202.0,335.0,1805.0,2202.0,91.0,5366.0,5058.0,1.0,2.0,207.0,100.0,9.196275888276649,4.798937784522003,5.755395683453237,15.213442325158946,4.132606721162579,0.0186358553857622,3.8576220648527766,0.0372717107715244
31013,68778.0,10597.0,1055.0,10600.0,835.0,71.0,1508.0,4537.0,223.0,4185.0,4537.0,210.0,10754.0,8673.0,365.0,97.0,1321.0,25.11529238147943,9.955647824856092,7.877358490566038,4.708222811671088,4.915142164425832,4.628609213136434,3.3940859215175747,12.2838013762321,0.9019899572252186
31015,58984.0,1671.0,171.0,1677.0,152.0,37.0,275.0,784.0,77.0,692.0,784.0,10.0,1704.0,1570.0,5.0,50.0,67.0,100.0,10.23339317773788,9.063804412641622,13.454545454545457,9.821428571428571,1.2755102040816326,0.2934272300469484,3.931924882629108,2.9342723004694835
31017,51538.0,2700.0,328.0,2707.0,176.0,32.0,389.0,1208.0,113.0,1019.0,1208.0,55.0,2739.0,2441.0,1.0,8.0,158.0,100.0,12.148148148148149,6.501662356852604,8.226221079691516,9.35430463576159,4.552980132450331,0.0365096750638919,5.768528660094925,0.2920774005111354
31019,74570.0,48068.0,5297.0,49563.0,3716.0,312.0,5419.0,19662.0,1141.0,17845.0,19662.0,852.0,50323.0,42591.0,410.0,127.0,5219.0,31.063812794505232,11.0198052758592,7.49752839820027,5.757519837608415,5.803071915369749,4.333231614281355,0.8147368002702542,10.371003318562089,0.2523696917910299
31021,57303.0,6640.0,909.0,6641.0,555.0,103.0,967.0,2867.0,412.0,2398.0,2867.0,144.0,6730.0,6132.0,30.0,48.0,218.0,100.0,13.689759036144578,8.357175124228279,10.651499482936918,14.37042204394838,5.02267178235089,0.4457652303120357,3.239227340267459,0.7132243684992571
31023,82603.0,8265.0,625.0,8284.0,496.0,98.0,1254.0,3538.0,391.0,3047.0,3538.0,136.0,8413.0,7606.0,24.0,20.0,504.0,100.0,7.562008469449486,5.987445678416224,7.814992025518341,11.05144149236857,3.843979649519503,0.2852727921074527,5.990728634256508,0.2377273267562106
31025,88255.0,26520.0,1291.0,26631.0,1361.0,169.0,4003.0,10561.0,815.0,9514.0,10561.0,320.0,26963.0,24575.0,44.0,75.0,1062.0,74.97932175351531,4.868024132730015,5.110585407983177,4.221833624781414,7.717072246946312,3.030016096960515,0.1631865890294106,3.938730853391685,0.2781589585728591
31027,73977.0,8146.0,506.0,8214.0,541.0,46.0,1225.0,3419.0,519.0,2751.0,3419.0,81.0,8344.0,7954.0,13.0,26.0,203.0,100.0,6.211637613552664,6.586316045775505,3.755102040816327,15.17987715706347,2.3691137759578824,0.1558005752636625,2.4328859060402683,0.311601150527325
31029,62782.0,3565.0,277.0,3571.0,338.0,27.0,458.0,1437.0,143.0,1254.0,1437.0,29.0,3639.0,2803.0,16.0,0.0,668.0,100.0,7.769985974754558,9.465135816297956,5.895196506550218,9.951287404314543,2.0180932498260264,0.4396812311074471,18.356691398735915,0.0
31031,63750.0,5405.0,389.0,5416.0,432.0,44.0,805.0,2229.0,258.0,1864.0,2229.0,164.0,5468.0,4656.0,53.0,143.0,164.0,100.0,7.197039777983349,7.976366322008863,5.46583850931677,11.574697173620455,7.357559443696725,0.9692757863935626,2.9992684711046085,2.6152158010241404
31033,57594.0,9295.0,1031.0,9379.0,550.0,145.0,1415.0,4351.0,284.0,3978.0,4351.0,183.0,9478.0,8283.0,196.0,12.0,790.0,34.17828474862696,11.091984938138784,5.864164623094147,10.247349823321557,6.527235118363595,4.205929671339922,2.06794682422452,8.335091791517197,0.1266089892382359
31035,75938.0,5969.0,486.0,5979.0,472.0,48.0,904.0,2475.0,250.0,2144.0,2475.0,82.0,6084.0,5346.0,41.0,9.0,570.0,100.0,8.142067347964483,7.894296705134637,5.3097345132743365,10.1010101010101,3.313131313131313,0.6738987508218277,9.368836291913215,0.1479289940828402
31037,79720.0,10312.0,898.0,10470.0,1181.0,71.0,1301.0,3639.0,382.0,3199.0,3639.0,47.0,10541.0,4812.0,359.0,218.0,4983.0,38.36703836703837,8.708301008533747,11.27984718242598,5.457340507302075,10.4973893926903,1.291563616378126,3.405748980172659,47.27255478607343,2.068114979603453
31039,70708.0,8841.0,686.0,8868.0,759.0,119.0,1244.0,3782.0,523.0,3066.0,3782.0,82.0,8976.0,7671.0,39.0,49.0,1095.0,100.0,7.759303246239114,8.558863328822733,9.565916398713826,13.828662083553676,2.168164992067689,0.4344919786096257,12.199197860962569,0.5459001782531194
31041,66310.0,10418.0,900.0,10431.0,751.0,116.0,1508.0,4456.0,675.0,3638.0,4456.0,213.0,10544.0,9744.0,54.0,64.0,396.0,100.0,8.638894221539642,7.1996932221263545,7.6923076923076925,15.148114901256733,4.780071813285458,0.5121396054628224,3.755690440060698,0.6069802731411229
31043,71655.0,21090.0,2355.0,21130.0,1650.0,161.0,2480.0,7299.0,1078.0,6082.0,7299.0,413.0,21331.0,9227.0,1733.0,415.0,8780.0,20.6051339078862,11.166429587482218,7.808802650260294,6.491935483870968,14.76914645841896,5.6583093574462255,8.124326098166987,41.16075195724533,1.9455252918287935
31045,54381.0,7395.0,932.0,8141.0,826.0,83.0,914.0,3381.0,479.0,2809.0,3381.0,111.0,8212.0,7099.0,111.0,147.0,391.0,39.87071594096841,12.603110209601082,10.146173688736027,9.080962800875271,14.167406092871932,3.283052351375333,1.351680467608378,4.761324890404286,1.790063321967852
31047,65383.0,23789.0,2935.0,23802.0,2749.0,295.0,2686.0,8982.0,1182.0,7471.0,8982.0,506.0,24020.0,12957.0,1506.0,27.0,8720.0,56.70855626062793,12.337635041405692,11.549449626081842,10.982874162323156,13.159652638610554,5.633489200623469,6.26977518734388,36.30308076602831,0.11240632805995
31049,61438.0,1860.0,169.0,1860.0,197.0,65.0,327.0,825.0,90.0,706.0,825.0,17.0,1865.0,1609.0,0.0,15.0,188.0,100.0,9.086021505376344,10.591397849462366,19.877675840978597,10.909090909090908,2.060606060606061,0.0,10.080428954423592,0.8042895442359249
31051,69156.0,5469.0,387.0,5453.0,488.0,77.0,768.0,2237.0,335.0,1844.0,2237.0,66.0,5561.0,4562.0,2.0,16.0,838.0,100.0,7.07624794295118,8.949202273977628,10.026041666666666,14.975413500223514,2.950379973178364,0.0359647545405502,15.06923215249056,0.287718036324402
31053,71294.0,36101.0,3365.0,36648.0,2286.0,350.0,4852.0,14863.0,1303.0,13102.0,14863.0,631.0,37146.0,29266.0,195.0,38.0,6350.0,23.878709607985577,9.321071438464308,6.237721021611002,7.213520197856554,8.766736190540268,4.245441700867927,0.5249555806816346,17.09470737091477,0.1022990362353954
31055,79081.0,574217.0,64580.0,579131.0,50181.0,5726.0,66344.0,235080.0,13911.0,215173.0,235080.0,15807.0,585461.0,390024.0,60395.0,1425.0,82687.0,2.436161950024464,11.246619309424837,8.664878930673716,8.630772941034607,5.917559979581419,6.72409392547218,10.315802418948486,14.123400192327072,0.243397937693544
31057,56563.0,1783.0,214.0,1783.0,93.0,13.0,291.0,804.0,120.0,671.0,804.0,23.0,1811.0,1741.0,6.0,0.0,44.0,100.0,12.002243409983176,5.215928210880539,4.4673539518900345,14.92537313432836,2.8606965174129355,0.3313086692435119,2.4295969077857538,0.0
31059,76354.0,5359.0,423.0,5380.0,228.0,50.0,858.0,2382.0,375.0,1934.0,2382.0,83.0,5551.0,5164.0,15.0,10.0,204.0,100.0,7.893263668594887,4.237918215613383,5.827505827505828,15.743073047858942,3.484466834592779,0.2702215816969915,3.6750135110790847,0.1801477211313276
31061,57692.0,2804.0,396.0,2811.0,189.0,32.0,450.0,1290.0,173.0,1047.0,1290.0,48.0,2868.0,2675.0,6.0,15.0,90.0,100.0,14.122681883024253,6.72358591248666,7.111111111111111,13.410852713178295,3.72093023255814,0.209205020920502,3.1380753138075312,0.5230125523012552
31063,68207.0,2438.0,294.0,2539.0,183.0,44.0,336.0,1053.0,197.0,771.0,1053.0,26.0,2562.0,2366.0,26.0,4.0,96.0,100.0,12.059064807219032,7.207562032296179,13.095238095238097,18.70845204178537,2.469135802469136,1.014832162373146,3.747072599531616,0.156128024980484
31065,60625.0,4512.0,557.0,4528.0,292.0,74.0,651.0,2006.0,311.0,1502.0,2006.0,82.0,4605.0,4225.0,13.0,44.0,233.0,100.0,12.34485815602837,6.448763250883392,11.367127496159757,15.503489531405783,4.087736789631107,0.2823018458197611,5.05971769815418,0.9554831704668838
31067,64426.0,21265.0,2806.0,21384.0,1115.0,136.0,3210.0,9162.0,1018.0,7896.0,9162.0,770.0,21646.0,20104.0,144.0,70.0,695.0,44.05639513453741,13.195391488361157,5.214178825289936,4.236760124610592,11.11111111111111,8.4042785418031,0.6652499307031322,3.2107548738797007,0.3233853829806892
31069,44777.0,1593.0,224.0,1593.0,147.0,13.0,268.0,827.0,120.0,685.0,827.0,15.0,1620.0,1532.0,1.0,1.0,53.0,100.0,14.061519146264908,9.227871939736346,4.850746268656716,14.510278113663846,1.8137847642079807,0.0617283950617283,3.271604938271605,0.0617283950617283
31071,68611.0,1725.0,201.0,1735.0,96.0,9.0,231.0,750.0,117.0,617.0,750.0,41.0,1797.0,1733.0,7.0,0.0,38.0,100.0,11.652173913043478,5.53314121037464,3.896103896103896,15.6,5.466666666666667,0.3895381190873678,2.11463550361714,0.0
31073,79145.0,1895.0,133.0,1898.0,218.0,18.0,308.0,777.0,53.0,649.0,777.0,5.0,1929.0,1766.0,0.0,8.0,123.0,100.0,7.018469656992084,11.485774499473129,5.8441558441558445,6.821106821106821,0.6435006435006435,0.0,6.376360808709176,0.414722654224987
31075,69063.0,685.0,74.0,695.0,60.0,8.0,104.0,295.0,49.0,238.0,295.0,13.0,695.0,657.0,2.0,7.0,1.0,100.0,10.802919708029195,8.633093525179856,7.6923076923076925,16.610169491525422,4.406779661016949,0.2877697841726618,0.1438848920863309,1.0071942446043165
31077,58894.0,2183.0,244.0,2183.0,98.0,29.0,316.0,941.0,120.0,802.0,941.0,20.0,2211.0,2046.0,14.0,14.0,48.0,100.0,11.177278973889145,4.489234997709574,9.177215189873415,12.75239107332625,2.1253985122210413,0.6331976481230213,2.170963364993216,0.6331976481230213
31079,67549.0,61378.0,7213.0,61760.0,7668.0,498.0,7341.0,24406.0,2244.0,21459.0,24406.0,1349.0,62431.0,38763.0,1987.0,220.0,19563.0,12.395261944510692,11.751767734367364,12.41580310880829,6.78381691867593,9.194460378595428,5.527329345242973,3.1827137159424006,31.33539427527991,0.3523890374973971
31081,79884.0,9278.0,624.0,9297.0,540.0,68.0,1253.0,3499.0,243.0,3212.0,3499.0,52.0,9438.0,8755.0,14.0,11.0,384.0,100.0,6.725587411079975,5.808325266214908,5.426975259377494,6.944841383252358,1.486138896827665,0.1483365119728756,4.06865861411316,0.1165501165501165
31083,70536.0,2955.0,213.0,2961.0,248.0,53.0,489.0,1200.0,167.0,959.0,1200.0,23.0,3006.0,2813.0,6.0,0.0,70.0,100.0,7.208121827411167,8.375548801080717,10.83844580777096,13.916666666666666,1.9166666666666667,0.1996007984031936,2.328675981370592,0.0
31085,60313.0,854.0,105.0,854.0,47.0,14.0,156.0,357.0,64.0,288.0,357.0,12.0,854.0,789.0,0.0,2.0,55.0,100.0,12.295081967213116,5.503512880562061,8.974358974358974,17.92717086834734,3.361344537815126,0.0,6.4402810304449645,0.234192037470726
31087,52016.0,2565.0,298.0,2567.0,184.0,43.0,356.0,1125.0,221.0,859.0,1125.0,47.0,2601.0,2409.0,2.0,6.0,101.0,100.0,11.61793372319688,7.167900272691858,12.07865168539326,19.64444444444445,4.177777777777778,0.0768935024990388,3.8831218762014608,0.2306805074971165
31089,67225.0,9950.0,1078.0,9969.0,699.0,90.0,1506.0,4064.0,563.0,3368.0,4064.0,136.0,10093.0,9248.0,32.0,21.0,556.0,100.0,10.834170854271356,7.011736382786639,5.9760956175298805,13.853346456692911,3.3464566929133857,0.3170514217774695,5.508768453383533,0.2080649955414643
31091,45854.0,587.0,45.0,577.0,48.0,1.0,63.0,314.0,76.0,224.0,314.0,18.0,613.0,534.0,11.0,7.0,0.0,100.0,7.666098807495741,8.31889081455806,1.5873015873015872,24.203821656050955,5.732484076433121,1.7944535073409462,0.0,1.1419249592169658
31093,74508.0,6393.0,348.0,6441.0,449.0,80.0,891.0,2494.0,366.0,2027.0,2494.0,123.0,6492.0,5958.0,33.0,2.0,194.0,100.0,5.443453777569216,6.970967241111628,8.978675645342312,14.675220529270248,4.931836407377706,0.5083179297597042,2.9882932840418976,0.0308071472581638
31095,60568.0,6988.0,690.0,7051.0,542.0,37.0,1017.0,3114.0,543.0,2463.0,3114.0,308.0,7155.0,6521.0,45.0,19.0,379.0,44.59944751381215,9.874069834001144,7.686852928662601,3.638151425762045,17.4373795761079,9.890815671162493,0.6289308176100629,5.296995108315863,0.2655485674353599
31097,59457.0,4303.0,293.0,4298.0,216.0,39.0,618.0,1750.0,224.0,1481.0,1750.0,104.0,5263.0,4113.0,245.0,71.0,615.0,100.0,6.809202881710434,5.025593299208935,6.310679611650485,12.8,5.942857142857143,4.655139654189625,11.685350560516817,1.3490404712141364
31099,79167.0,6606.0,442.0,6632.0,343.0,111.0,914.0,2730.0,245.0,2402.0,2730.0,50.0,6697.0,6113.0,2.0,29.0,434.0,100.0,6.690887072358462,5.17189384800965,12.144420131291028,8.974358974358974,1.8315018315018317,0.0298641182619083,6.480513662834105,0.4330297147976706
31101,58132.0,8127.0,871.0,8172.0,564.0,33.0,1226.0,3946.0,416.0,3388.0,3946.0,241.0,8239.0,7091.0,109.0,0.0,741.0,43.35932813437312,10.717361880152575,6.901615271659325,2.6916802610114194,10.542321338063864,6.107450582868728,1.3229760893312297,8.993809928389368,0.0
31103,60313.0,939.0,98.0,939.0,59.0,3.0,149.0,327.0,34.0,275.0,327.0,5.0,939.0,881.0,1.0,0.0,34.0,100.0,10.436634717784878,6.283280085197018,2.0134228187919465,10.397553516819572,1.529051987767584,0.1064962726304579,3.62087326943557,0.0
31105,59438.0,3264.0,362.0,3281.0,552.0,136.0,548.0,1531.0,192.0,1301.0,1531.0,37.0,3348.0,2801.0,44.0,54.0,332.0,100.0,11.090686274509803,16.82413898201768,24.817518248175183,12.54082299150882,2.416721097322012,1.3142174432497014,9.91636798088411,1.6129032258064515
31107,64821.0,8183.0,1079.0,8204.0,504.0,84.0,1190.0,3235.0,455.0,2685.0,3235.0,124.0,8362.0,7103.0,50.0,719.0,233.0,100.0,13.185873151655873,6.143344709897611,7.0588235294117645,14.064914992272024,3.8330757341576502,0.597943075819182,2.7864147333173883,8.598421430279837
31109,72625.0,310515.0,36271.0,318902.0,20176.0,2252.0,34461.0,132162.0,6046.0,121796.0,132162.0,7417.0,323673.0,254881.0,11895.0,1002.0,26670.0,9.730384863363588,11.680917185965251,6.326708518604462,6.53492353675169,4.574688639699763,5.612051875728273,3.675005329452874,8.239797573476935,0.3095716973612257
31111,64342.0,33324.0,4278.0,33752.0,2641.0,218.0,4584.0,14585.0,1154.0,12845.0,14585.0,564.0,34122.0,29593.0,282.0,196.0,3099.0,31.99330949359788,12.837594526467411,7.824721497985305,4.755671902268761,7.912238601302708,3.866986630099417,0.8264462809917356,9.082117109196412,0.5744094718949652
31113,71650.0,806.0,66.0,812.0,56.0,24.0,126.0,311.0,27.0,265.0,311.0,0.0,812.0,727.0,13.0,5.0,11.0,100.0,8.188585607940446,6.896551724137931,19.047619047619047,8.681672025723472,0.0,1.6009852216748768,1.354679802955665,0.6157635467980296
31115,60156.0,564.0,46.0,564.0,68.0,19.0,66.0,249.0,33.0,214.0,249.0,3.0,564.0,486.0,0.0,5.0,53.0,100.0,8.156028368794326,12.05673758865248,28.78787878787879,13.25301204819277,1.2048192771084338,0.0,9.397163120567376,0.8865248226950354
31117,61316.0,463.0,33.0,463.0,17.0,3.0,81.0,196.0,8.0,184.0,196.0,9.0,463.0,460.0,0.0,0.0,0.0,100.0,7.127429805615551,3.67170626349892,3.703703703703704,4.081632653061225,4.591836734693878,0.0,0.0,0.0
31119,64637.0,34609.0,4078.0,34905.0,2875.0,196.0,4584.0,14152.0,1445.0,11915.0,14152.0,722.0,35535.0,27777.0,307.0,291.0,5658.0,27.359842630321765,11.783062209251929,8.236642314854606,4.275741710296684,10.210570944036178,5.101752402487281,0.8639369635570564,15.92233009708738,0.818910932883073
31121,62849.0,7561.0,661.0,7595.0,596.0,147.0,1101.0,3210.0,340.0,2767.0,3210.0,68.0,7696.0,7014.0,3.0,1.0,417.0,100.0,8.742229863774632,7.847267939433838,13.35149863760218,10.59190031152648,2.118380062305296,0.0389812889812889,5.418399168399168,0.0129937629937629
31123,59773.0,4423.0,550.0,4434.0,264.0,98.0,626.0,1890.0,311.0,1514.0,1890.0,83.0,4544.0,3693.0,4.0,11.0,658.0,100.0,12.434998869545558,5.953991880920162,15.654952076677317,16.455026455026456,4.391534391534392,0.0880281690140845,14.480633802816902,0.2420774647887324
31125,65438.0,3255.0,525.0,3268.0,214.0,52.0,541.0,1346.0,207.0,1114.0,1346.0,36.0,3342.0,3163.0,11.0,21.0,78.0,100.0,16.129032258064516,6.548347613219094,9.611829944547136,15.37890044576523,2.674591381872214,0.3291442250149611,2.3339317773788157,0.6283662477558348
31127,60132.0,6540.0,851.0,6947.0,714.0,84.0,872.0,2812.0,400.0,2286.0,2812.0,148.0,7035.0,6308.0,79.0,28.0,219.0,100.0,13.01223241590214,10.277817763063192,9.63302752293578,14.22475106685633,5.2631578947368425,1.122956645344705,3.113006396588486,0.3980099502487562
31129,70201.0,4035.0,300.0,4035.0,448.0,34.0,679.0,1819.0,268.0,1527.0,1819.0,63.0,4089.0,3788.0,8.0,13.0,141.0,100.0,7.434944237918216,11.102850061957868,5.007363770250368,14.73336998350742,3.463441451346894,0.1956468574223526,3.4482758620689653,0.3179261433113231
31131,81430.0,15867.0,1514.0,15879.0,854.0,127.0,2170.0,6423.0,413.0,5913.0,6423.0,263.0,16075.0,13908.0,129.0,28.0,1331.0,55.88235294117647,9.541816348396042,5.378172428994269,5.852534562211981,6.430017125953604,4.094659816285225,0.80248833592535,8.279937791601867,0.1741835147744945
31133,54926.0,2481.0,349.0,2506.0,231.0,94.0,343.0,1077.0,204.0,839.0,1077.0,55.0,2539.0,2387.0,6.0,0.0,47.0,100.0,14.066908504635228,9.217877094972067,27.40524781341108,18.941504178272982,5.10677808727948,0.2363135092556124,1.851122489168964,0.0
31135,67500.0,2795.0,214.0,2802.0,161.0,27.0,360.0,1162.0,82.0,1023.0,1162.0,39.0,2835.0,2580.0,0.0,4.0,144.0,100.0,7.656529516994634,5.745895788722341,7.5,7.056798623063683,3.3562822719449223,0.0,5.079365079365079,0.1410934744268077
31137,65988.0,8712.0,1186.0,8771.0,508.0,21.0,1203.0,3819.0,463.0,3182.0,3819.0,240.0,8983.0,8091.0,73.0,28.0,581.0,39.18376449598573,13.613406795224977,5.791813932276821,1.745635910224439,12.123592563498296,6.284367635506677,0.8126461093176,6.467772459089392,0.3116998775464766
31139,75938.0,7188.0,573.0,7198.0,449.0,64.0,1056.0,2859.0,302.0,2482.0,2859.0,91.0,7312.0,6912.0,29.0,30.0,181.0,100.0,7.971619365609349,6.237843845512643,6.0606060606060606,10.5631339629241,3.182931094788388,0.3966083150984683,2.475382932166302,0.4102844638949672
31141,72335.0,33917.0,2959.0,34089.0,2354.0,393.0,4451.0,13398.0,1382.0,11691.0,13398.0,697.0,34358.0,25526.0,279.0,71.0,7642.0,27.57756006531374,8.724238582421794,6.905453372055502,8.829476522129859,10.3149723839379,5.202268995372443,0.812037953315094,22.24227254205716,0.206647651202049
31143,71771.0,5109.0,318.0,5126.0,377.0,49.0,744.0,2058.0,258.0,1758.0,2058.0,33.0,5209.0,4738.0,4.0,4.0,301.0,100.0,6.224310041103935,7.354662504877097,6.586021505376344,12.536443148688049,1.6034985422740524,0.0767901708581301,5.778460357074295,0.0767901708581301
31145,60000.0,10271.0,1449.0,10396.0,1110.0,102.0,1530.0,4442.0,543.0,3743.0,4442.0,418.0,10611.0,9557.0,90.0,40.0,655.0,30.90076621192301,14.107681822607342,10.677183532127742,6.666666666666667,12.224223322827555,9.410175596578116,0.8481764206955047,6.172839506172839,0.3769672980868909
31147,55578.0,7667.0,811.0,7667.0,605.0,82.0,1242.0,3563.0,548.0,2923.0,3563.0,257.0,7797.0,7088.0,16.0,93.0,171.0,47.49078897217635,10.577800965175427,7.890961262553802,6.602254428341385,15.380297502104968,7.213022733651417,0.2052071309478004,2.1931512120046173,1.19276644863409
31149,57500.0,1259.0,132.0,1306.0,84.0,36.0,200.0,582.0,49.0,461.0,582.0,22.0,1335.0,1314.0,2.0,8.0,6.0,100.0,10.484511517077046,6.431852986217458,18.0,8.419243986254296,3.7800687285223367,0.149812734082397,0.449438202247191,0.599250936329588
31151,77027.0,13989.0,1329.0,14383.0,1402.0,100.0,1702.0,5166.0,636.0,4284.0,5166.0,103.0,14642.0,9617.0,68.0,16.0,4203.0,51.30842429331094,9.500321681321038,9.74761871654036,5.875440658049354,12.311265969802555,1.9938056523422376,0.4644174293129354,28.705094932386285,0.1092746892501024
31153,101402.0,192296.0,9958.0,189323.0,8821.0,775.0,21831.0,72661.0,2347.0,68870.0,72661.0,2061.0,194051.0,150497.0,7725.0,412.0,21466.0,5.1567648108119455,5.178474851270957,4.659233162373298,3.549997709678897,3.2300683998293445,2.8364597239234253,3.9809122344126022,11.062040391443489,0.2123153191686721
31155,89395.0,22459.0,1442.0,22425.0,939.0,210.0,3485.0,8820.0,633.0,8041.0,8820.0,379.0,22761.0,21162.0,149.0,30.0,617.0,78.53487745758147,6.420588628166882,4.187290969899665,6.025824964131994,7.17687074829932,4.297052154195011,0.6546285312596107,2.710777206625368,0.1318044022670357
31157,60960.0,35061.0,4881.0,35291.0,3474.0,590.0,4553.0,15093.0,1979.0,12515.0,15093.0,1047.0,35937.0,25721.0,202.0,418.0,8420.0,30.428999002327902,13.921451185077435,9.843869541809529,12.958488908412036,13.112038693434044,6.936990657920891,0.56209477697081,23.42989119848624,1.1631466176920722
31159,81122.0,16338.0,1125.0,17371.0,868.0,75.0,2179.0,6645.0,506.0,5905.0,6645.0,282.0,17636.0,16579.0,119.0,12.0,497.0,57.56147424612414,6.885787734116783,4.996833803465546,3.4419458467186783,7.614747930775019,4.243792325056433,0.6747561805398049,2.81809934225448,0.0680426400544341
31161,56900.0,4889.0,525.0,4932.0,585.0,113.0,648.0,2122.0,301.0,1769.0,2122.0,63.0,5058.0,4106.0,22.0,469.0,260.0,100.0,10.7383923092657,11.861313868613138,17.438271604938272,14.18473138548539,2.9688972667295004,0.4349545274812179,5.140371688414393,9.272439699485965
31163,61935.0,2918.0,277.0,2921.0,171.0,30.0,448.0,1294.0,266.0,997.0,1294.0,71.0,2974.0,2757.0,19.0,3.0,78.0,100.0,9.492803289924606,5.854159534406025,6.696428571428571,20.556414219474497,5.486862442040185,0.6388702084734365,2.6227303295225286,0.1008742434431741
31165,54076.0,1197.0,137.0,1197.0,108.0,12.0,130.0,457.0,93.0,356.0,457.0,21.0,1197.0,1125.0,4.0,0.0,46.0,100.0,11.445279866332498,9.022556390977444,9.23076923076923,20.35010940919037,4.595185995623632,0.3341687552213868,3.842940685045948,0.0
31167,78275.0,5762.0,408.0,5770.0,314.0,45.0,907.0,2289.0,283.0,1888.0,2289.0,42.0,5835.0,5232.0,12.0,7.0,388.0,73.3310510099281,7.080874696286012,5.441941074523397,4.961411245865491,12.36347750109218,1.834862385321101,0.2056555269922879,6.649528706083976,0.1199657240788346
31169,63095.0,4810.0,433.0,4827.0,311.0,64.0,699.0,2082.0,250.0,1794.0,2082.0,106.0,4938.0,4612.0,5.0,27.0,153.0,100.0,9.002079002079002,6.442925212347213,9.155937052932762,12.007684918347742,5.091258405379443,0.1012555690562981,3.0984204131227218,0.5467800729040098
31171,72708.0,626.0,30.0,626.0,28.0,0.0,64.0,318.0,15.0,294.0,318.0,6.0,626.0,552.0,8.0,0.0,25.0,100.0,4.792332268370607,4.472843450479234,0.0,4.716981132075472,1.8867924528301887,1.2779552715654952,3.9936102236421727,0.0
31173,64838.0,6543.0,1178.0,6596.0,1016.0,119.0,708.0,1983.0,254.0,1622.0,1983.0,164.0,6666.0,2424.0,10.0,3653.0,293.0,100.0,18.00397371236436,15.403274711946636,16.807909604519775,12.808875441250631,8.27029752899647,0.15001500150015,4.395439543954396,54.8004800480048
31175,58902.0,4031.0,373.0,4048.0,242.0,57.0,599.0,1822.0,272.0,1477.0,1822.0,73.0,4094.0,3916.0,0.0,28.0,107.0,100.0,9.253287025551971,5.978260869565218,9.515859766277128,14.928649835345771,4.006586169045005,0.0,2.613580850024426,0.6839276990718124
31177,90188.0,20762.0,1434.0,20807.0,942.0,192.0,3110.0,8391.0,494.0,7750.0,8391.0,175.0,20989.0,19590.0,51.0,30.0,663.0,61.65348670021567,6.906849051151141,4.527322535685106,6.173633440514469,5.887260159694911,2.085567870337266,0.2429844204106913,3.158797465338987,0.142932012006289
31179,67687.0,8283.0,1091.0,9743.0,501.0,19.0,1067.0,3762.0,285.0,3359.0,3762.0,152.0,9786.0,8376.0,99.0,20.0,984.0,38.33144271424152,13.171556199444646,5.142153340860105,1.780693533270853,7.575757575757576,4.040404040404041,1.0116492949110976,10.055180870631514,0.2043735949315348
31181,65197.0,3300.0,328.0,3307.0,192.0,59.0,509.0,1503.0,105.0,1352.0,1503.0,58.0,3385.0,3019.0,5.0,18.0,186.0,100.0,9.93939393939394,5.805866344118536,11.591355599214143,6.986027944111776,3.8589487691284097,0.1477104874446085,5.4948301329394384,0.5317577548005908
31183,55893.0,785.0,41.0,785.0,36.0,9.0,184.0,359.0,63.0,273.0,359.0,6.0,785.0,760.0,0.0,0.0,15.0,100.0,5.222929936305732,4.585987261146497,4.891304347826087,17.54874651810585,1.6713091922005572,0.0,1.910828025477707,0.0
31185,74058.0,13402.0,1211.0,13713.0,674.0,98.0,1830.0,5589.0,333.0,5131.0,5589.0,306.0,14231.0,12594.0,172.0,75.0,859.0,43.58938053097345,9.035964781375911,4.915044118719464,5.355191256830601,5.958132045088567,5.475040257648954,1.2086290492586609,6.036118333216218,0.5270184807813927
32001,73268.0,24902.0,2276.0,24277.0,2132.0,208.0,3373.0,9728.0,981.0,8605.0,9728.0,418.0,25614.0,18313.0,464.0,793.0,3796.0,34.34315723467628,9.13982812625492,8.7819747085719,6.166617254669434,10.084292763157896,4.296875,1.8115093308347,14.820020301397673,3.095963145154993
32003,73845.0,2270530.0,299896.0,2268910.0,273855.0,30060.0,274975.0,847378.0,54298.0,767085.0,847378.0,64719.0,2293764.0,903460.0,267567.0,7819.0,721337.0,1.2689249561126852,13.20819368165142,12.069892591596846,10.93190290026366,6.407766073700285,7.637559625102375,11.664975123857555,31.44774266227912,0.3408807532073918
32005,88018.0,49374.0,4092.0,49466.0,2921.0,601.0,8724.0,21096.0,1167.0,19707.0,21096.0,565.0,49624.0,38785.0,35.0,546.0,6329.0,29.730439702554158,8.287762790132458,5.90506610601221,6.889041723979826,5.531854379977247,2.678232840348881,0.070530388521683,12.75390939867806,1.1002740609382555
32007,83427.0,52861.0,5829.0,53205.0,4737.0,764.0,6491.0,19546.0,1740.0,17270.0,19546.0,1250.0,53852.0,33773.0,456.0,2057.0,13821.0,51.798815686566606,11.027033162444903,8.90329856216521,11.770143275304267,8.90207715133531,6.395170367338586,0.8467652083488079,25.66478496620367,3.81972814380153
32009,0.0,955.0,185.0,955.0,66.0,27.0,260.0,493.0,40.0,453.0,493.0,155.0,962.0,627.0,3.0,15.0,254.0,100.0,19.3717277486911,6.9109947643979055,10.384615384615383,8.113590263691684,31.440162271805274,0.3118503118503118,26.403326403326403,1.5592515592515592
32011,73095.0,1654.0,365.0,1654.0,172.0,37.0,355.0,630.0,60.0,570.0,630.0,54.0,1660.0,1382.0,2.0,39.0,49.0,100.0,22.0677146311971,10.399032648125756,10.422535211267606,9.523809523809524,8.571428571428571,0.1204819277108433,2.9518072289156625,2.3493975903614457
32013,79946.0,17130.0,2083.0,17130.0,1372.0,268.0,2035.0,6997.0,662.0,6184.0,6997.0,242.0,17299.0,11195.0,118.0,500.0,4650.0,38.98756146948221,12.159953298307064,8.009340338587274,13.16953316953317,9.461197656138346,3.458625125053594,0.682120353777675,26.88016648361177,2.890340482108793
32015,84474.0,5710.0,652.0,5710.0,294.0,62.0,779.0,2296.0,90.0,2185.0,2296.0,54.0,5745.0,4010.0,8.0,128.0,1266.0,100.0,11.418563922942209,5.148861646234676,7.958921694480103,3.9198606271777,2.35191637630662,0.1392515230635335,22.036553524804177,2.228024369016536
32017,69496.0,4017.0,265.0,4017.0,411.0,15.0,575.0,1626.0,229.0,1315.0,1626.0,51.0,4452.0,3772.0,186.0,159.0,235.0,100.0,6.596962907642519,10.231516056758776,2.608695652173913,14.083640836408364,3.1365313653136533,4.177897574123989,5.278526504941599,3.571428571428572
32019,73460.0,60404.0,6650.0,60217.0,5394.0,891.0,8651.0,23423.0,1587.0,21346.0,23423.0,577.0,60630.0,43483.0,597.0,967.0,11331.0,44.62564362285811,11.009204688431227,8.957603334606507,10.299387354063114,6.77539170900397,2.463390684370064,0.9846610588817416,18.688767936665016,1.594920006597394
32021,50584.0,4406.0,795.0,4468.0,401.0,64.0,569.0,1732.0,235.0,1464.0,1732.0,27.0,4557.0,2574.0,132.0,725.0,829.0,100.0,18.043576940535637,8.974932855863921,11.24780316344464,13.568129330254042,1.558891454965358,2.8966425279789334,18.191792846170728,15.909589642308536
32023,55975.0,52040.0,8081.0,52382.0,4825.0,1134.0,8711.0,21943.0,3062.0,17725.0,21943.0,1130.0,53207.0,37402.0,1347.0,527.0,8731.0,27.316780058537343,15.528439661798616,9.21117941277538,13.01802318907129,13.95433623479014,5.149706056601194,2.531621779089217,16.409494991260548,0.990471178604319
32027,72007.0,4718.0,380.0,4718.0,414.0,98.0,581.0,1847.0,170.0,1635.0,1847.0,75.0,6505.0,4199.0,270.0,175.0,1514.0,100.0,8.054260279779568,8.77490462060195,16.867469879518072,9.2041147807255,4.060638873849486,4.15065334358186,23.27440430438125,2.690238278247502
32029,96000.0,4128.0,292.0,4110.0,188.0,63.0,560.0,1874.0,83.0,1763.0,1874.0,16.0,4139.0,3497.0,80.0,0.0,291.0,89.13255360623782,7.073643410852713,4.574209245742092,11.25,4.429028815368197,0.8537886872998933,1.932834017878715,7.030683740033824,0.0
32031,85600.0,484535.0,51773.0,488596.0,47539.0,5694.0,63354.0,195725.0,12681.0,176721.0,195725.0,12766.0,491770.0,293720.0,11285.0,4280.0,126068.0,4.171702720702498,10.68508982839217,9.729715347649185,8.987593522113837,6.478988376548729,6.5224166560224806,2.2947719462350284,25.63556133965065,0.8703255586961385
32033,72294.0,7358.0,617.0,7440.0,333.0,57.0,1126.0,3407.0,445.0,2896.0,3407.0,44.0,8856.0,6347.0,602.0,300.0,1451.0,50.93612334801762,8.385430823593367,4.475806451612903,5.062166962699823,13.061344291165248,1.2914587613736426,6.797651309846432,16.384372177055106,3.3875338753387534
32510,71809.0,55727.0,6183.0,55787.0,6011.0,1057.0,7964.0,23652.0,1623.0,21296.0,23652.0,1464.0,58364.0,36868.0,1124.0,847.0,15105.0,5.978955984924709,11.095160335205556,10.774911717783713,13.272225012556504,6.8619989852866565,6.189751395230847,1.9258446987869235,25.88067987115345,1.4512370639435268
33001,87983.0,63298.0,5546.0,63459.0,3841.0,563.0,11511.0,26118.0,1872.0,23559.0,26118.0,1138.0,64300.0,59921.0,315.0,33.0,1387.0,54.45412448002512,8.761730228443236,6.052726957563151,4.890973851098948,7.167470709855272,4.357148326824412,0.4898911353032659,2.157076205287714,0.0513219284603421
33003,82961.0,50592.0,3775.0,50844.0,3397.0,976.0,9546.0,22096.0,1376.0,20024.0,22096.0,553.0,51259.0,48353.0,271.0,105.0,866.0,89.47851597581176,7.461654016445288,6.681220989693966,10.22417766603813,6.227371469949312,2.5027154236060825,0.5286876450964708,1.6894594120056965,0.2048420765133927
33005,81001.0,73001.0,6529.0,76273.0,4481.0,568.0,11760.0,30519.0,2173.0,27528.0,30519.0,1369.0,76945.0,70705.0,568.0,77.0,1904.0,69.1189934343038,8.94371309982055,5.874949195652459,4.829931972789115,7.120154657754186,4.485730200858481,0.7381896159594515,2.4744947689908376,0.1000714796283059
33007,58439.0,29416.0,3782.0,29526.0,2080.0,368.0,5269.0,13818.0,1363.0,11921.0,13818.0,1174.0,31386.0,29143.0,460.0,32.0,715.0,69.11219137776641,12.856948599401688,7.044638623585992,6.984247485291327,9.863945578231291,8.496164423216095,1.4656216147326833,2.2780857707258013,0.1019562862422736
33009,84021.0,85332.0,8640.0,90928.0,5414.0,1034.0,13888.0,36107.0,3028.0,31819.0,36107.0,2450.0,91759.0,80860.0,1137.0,104.0,2603.0,65.67527821067188,10.125158205596962,5.9541615344008445,7.445276497695852,8.386185504195863,6.7853878749273,1.2391155091053738,2.836778953563138,0.1133403807800869
33011,100436.0,416668.0,27126.0,420612.0,25097.0,2605.0,63218.0,167732.0,9184.0,155354.0,167732.0,8383.0,424732.0,343814.0,9811.0,264.0,35041.0,24.43720932432017,6.510219167298665,5.966781737087863,4.120661836818628,5.475401235303937,4.997853719027973,2.309927201152727,8.250143619976832,0.0621568424324044
33013,93944.0,149211.0,10586.0,151745.0,7456.0,1399.0,23329.0,60445.0,3954.0,55048.0,60445.0,2689.0,155018.0,140450.0,2314.0,196.0,4083.0,54.64995318839072,7.09465119863817,4.913506211077795,5.996827982339577,6.541483993713293,4.448672346761518,1.4927298765304675,2.633887677560025,0.1264369299049142
33015,113927.0,314843.0,15031.0,315032.0,13807.0,2005.0,52693.0,126588.0,4625.0,119539.0,126588.0,3775.0,317163.0,285503.0,2434.0,229.0,11178.0,29.01017264208597,4.774125516527285,4.38272937352396,3.805059495568672,3.65358485796442,2.982115208392581,0.7674287353821221,3.5243707494253744,0.0722026213650394
33017,86564.0,122813.0,10821.0,130021.0,7526.0,999.0,17921.0,51684.0,2810.0,47416.0,51684.0,2567.0,131743.0,116084.0,1547.0,31.0,4110.0,36.73647136122975,8.81095649483361,5.78829573684251,5.574465710618827,5.436885689962077,4.96672084204009,1.1742559376968795,3.119710345141677,0.0235306619706549
33019,75929.0,42777.0,4621.0,43063.0,2771.0,500.0,7280.0,16079.0,1524.0,13846.0,16079.0,930.0,43529.0,39951.0,357.0,7.0,871.0,78.1366834637624,10.802534072048063,6.434758377261222,6.868131868131868,9.478201380682878,5.783941787424591,0.8201428932435847,2.000964873992052,0.0160812332008546
34001,76819.0,268926.0,35247.0,272011.0,20442.0,2954.0,41274.0,108712.0,7885.0,98324.0,108712.0,12704.0,274704.0,149802.0,36256.0,244.0,54686.0,14.935126432427314,13.106579505142678,7.515137255478638,7.157048020545622,7.253109132386489,11.685922437265436,13.198206069077989,19.90724561710059,0.0888228784437066
34003,123715.0,943774.0,63408.0,948998.0,58999.0,9405.0,135911.0,353307.0,16156.0,331988.0,353307.0,26888.0,954717.0,501031.0,50548.0,868.0,211044.0,0.1210590416560291,6.718557620786332,6.216978328721451,6.919969686044544,4.572793632733005,7.610378509341734,5.2945532550483545,22.10539877262058,0.0909169942506522
34005,105271.0,453853.0,30725.0,450008.0,17194.0,2163.0,67451.0,176046.0,7526.0,165685.0,176046.0,7874.0,464226.0,295500.0,73455.0,122.0,42820.0,9.769627159745378,6.769813133327311,3.820820963182877,3.2067723236126966,4.27501902911739,4.472694636629063,15.823112018715022,9.223955573362971,0.0262803031282177
34007,86384.0,517854.0,62934.0,518972.0,33359.0,3931.0,68735.0,200569.0,13391.0,182976.0,200569.0,21173.0,524042.0,280083.0,92876.0,183.0,97957.0,1.3077738617152357,12.15284616899744,6.427899771085916,5.719065978031571,6.676505342301153,10.55646685180661,17.72300693455868,18.692585708779067,0.0349208651214979
34009,88046.0,94025.0,8169.0,93845.0,5234.0,643.0,15993.0,44369.0,2598.0,40610.0,44369.0,2809.0,95236.0,80399.0,2951.0,25.0,7676.0,18.59588717550361,8.688114863068332,5.577281687889605,4.020508972675546,5.855439608735829,6.330996867182042,3.0986181695997312,8.059977319501028,0.0262505775127052
34011,64499.0,144043.0,23410.0,144317.0,14765.0,1245.0,18031.0,53341.0,5412.0,46676.0,53341.0,5443.0,152915.0,64068.0,26092.0,801.0,53457.0,24.49076236441953,16.252091389376783,10.230949922739525,6.904775109533581,10.146041506533436,10.204158152265611,17.06307425694013,34.958637151358595,0.5238204231108786
34013,76712.0,834461.0,125419.0,843342.0,97465.0,10271.0,103341.0,317473.0,30744.0,278616.0,317473.0,68702.0,854130.0,238415.0,307823.0,1224.0,210724.0,0.0137774855046959,15.029941483184954,11.556995856959572,9.938940014127985,9.683973125273646,21.640265471394414,36.03936168967253,24.671185885052623,0.1433037125496118
34015,102807.0,298445.0,22676.0,303306.0,12791.0,1645.0,42714.0,111796.0,6682.0,102726.0,111796.0,5914.0,304504.0,228951.0,30792.0,88.0,23885.0,11.316797554698406,7.598049891939889,4.217193197628798,3.8511963290724354,5.976958030698773,5.289992486314358,10.1121824343851,7.843903528360875,0.0288994561647794
34017,90032.0,701665.0,103860.0,706158.0,78929.0,9626.0,77066.0,295552.0,21460.0,269176.0,295552.0,98224.0,710478.0,199498.0,76501.0,975.0,289220.0,0.0,14.801935396521133,11.17724361969984,12.490592479173696,7.260989605889995,33.23408401905587,10.767539600100214,40.70780516778844,0.137231553967892
34019,139453.0,127179.0,4894.0,127267.0,3666.0,432.0,22355.0,50322.0,2146.0,47421.0,50322.0,1414.0,129448.0,104980.0,3083.0,24.0,11451.0,58.34722793085531,3.8481195794903247,2.880558196547416,1.9324535898009396,4.264536385676245,2.8099042168435275,2.381651319448736,8.846023113528211,0.0185402632717384
34021,96333.0,365249.0,40446.0,378237.0,28876.0,3187.0,49878.0,141464.0,10673.0,127645.0,141464.0,16636.0,383286.0,169549.0,70288.0,308.0,85269.0,5.0779676769763,11.073541611339111,7.634366812342526,6.389590601066603,7.544675677204094,11.759882372900526,18.33826437699264,22.24683395688859,0.0803577485219914
34023,109028.0,836248.0,71078.0,854402.0,60865.0,7415.0,111420.0,305610.0,16437.0,284643.0,305610.0,24412.0,861535.0,333972.0,82833.0,596.0,198174.0,0.9765258433526962,8.499631688207327,7.123695871498428,6.654999102495064,5.378423480907038,7.987958509211086,9.61458327287922,23.00243170619882,0.0691788493793055
34025,122727.0,637240.0,40958.0,639739.0,33033.0,4116.0,101124.0,250195.0,12330.0,233080.0,250195.0,16233.0,643615.0,464290.0,37706.0,110.0,81564.0,5.128842553389837,6.4274056870252965,5.163511994735353,4.070250385665124,4.928156038290133,6.48813925138392,5.858471291066865,12.67279351786394,0.017090962765007
34027,134929.0,502694.0,25572.0,506528.0,23956.0,3212.0,76125.0,191840.0,7292.0,181736.0,191840.0,9923.0,510375.0,341684.0,15264.0,177.0,78992.0,8.554934859656184,5.086991290924499,4.729452271147893,4.219376026272578,3.801084236864053,5.172539616346956,2.9907421013960325,15.477247122214058,0.0346803820720058
34029,86411.0,639510.0,66599.0,641296.0,26890.0,4229.0,86281.0,241521.0,24081.0,211567.0,241521.0,14257.0,646434.0,528799.0,18551.0,123.0,68729.0,3.693177805780967,10.414067020062236,4.193071530151443,4.901426733579815,9.970561566075,5.903006363835857,2.8697438562946878,10.63202121175557,0.0190274645207399
34031,87137.0,510404.0,69781.0,515404.0,62361.0,7854.0,66544.0,177964.0,12233.0,162839.0,177964.0,25697.0,518289.0,201527.0,51612.0,316.0,225149.0,2.831232661347254,13.67171887367654,12.099440438956623,11.802716999278672,6.873862129419433,14.439437189543952,9.958150761447763,43.44082162654426,0.0609698450092515
34033,78412.0,63702.0,8131.0,63913.0,3255.0,465.0,9505.0,24881.0,1994.0,22071.0,24881.0,2352.0,64973.0,46141.0,8628.0,35.0,6975.0,53.15791908940883,12.764120435779096,5.092860607388168,4.892162019989479,8.0141473413448,9.45299626220811,13.279362196604744,10.735228479522265,0.0538685300047712
34035,135960.0,343350.0,18851.0,343631.0,19444.0,1987.0,51624.0,129459.0,3851.0,123554.0,129459.0,5441.0,346203.0,175148.0,32114.0,203.0,59019.0,7.53153946160684,5.490316004077472,5.6583951971737125,3.84898496823183,2.974686966529944,4.202875041518936,9.27606057717582,17.047512586546045,0.058636118115672
34037,114316.0,143936.0,7794.0,144114.0,5035.0,889.0,24033.0,57328.0,2382.0,53902.0,57328.0,1843.0,145117.0,117519.0,3292.0,23.0,16039.0,48.63646764340838,5.414906625166741,3.493761882953773,3.69908043107394,4.155037677923528,3.214833938040748,2.268514371162579,11.052461117580986,0.0158492802359475
34039,100117.0,566136.0,50508.0,569460.0,70526.0,7288.0,74891.0,201663.0,12481.0,185879.0,201663.0,21368.0,572549.0,207815.0,112379.0,256.0,196795.0,0.0,8.92153122217983,12.384715344361323,9.731476412386002,6.189038147801035,10.595895131977606,19.62783971328218,34.37173062916886,0.0447123302983674
34041,99596.0,108645.0,8827.0,109460.0,5181.0,784.0,18031.0,44943.0,2938.0,41045.0,44943.0,2535.0,110238.0,84170.0,5849.0,89.0,13343.0,43.22004524226503,8.1246260757513,4.733235885254888,4.348067217569741,6.537169303339786,5.640477938722381,5.305792920771422,12.103811752753137,0.0807344110016509
35001,66514.0,665828.0,105164.0,666395.0,57229.0,7038.0,86065.0,283609.0,24719.0,250098.0,283609.0,19779.0,674357.0,254583.0,17205.0,26758.0,329949.0,3.981408660583877,15.79446944255874,8.587849548691091,8.17754023122059,8.7158729095339,6.974038200480239,2.551319256714174,48.92794172819441,3.9679279669373937
35003,46439.0,3649.0,772.0,3679.0,299.0,146.0,645.0,1645.0,370.0,1067.0,1645.0,115.0,3685.0,2909.0,14.0,81.0,559.0,100.0,21.156481227733625,8.12720848056537,22.635658914728683,22.492401215805472,6.990881458966565,0.3799185888738127,15.169606512890097,2.198100407055631
35005,52029.0,61833.0,13763.0,63156.0,5916.0,905.0,7704.0,23605.0,3867.0,18465.0,23605.0,1358.0,64446.0,23882.0,915.0,337.0,37329.0,25.05640222846356,22.258341015315448,9.367281018430551,11.747144340602285,16.382122431688202,5.7530184282990895,1.4197933153337678,57.92291220556745,0.5229184123141856
35006,51765.0,25480.0,7041.0,25551.0,3174.0,738.0,3205.0,8353.0,2005.0,6117.0,8353.0,552.0,27059.0,5330.0,522.0,11502.0,8925.0,63.30045635212719,27.63343799058085,12.422214394739932,23.026521060842438,24.0033520890698,6.608404166167844,1.929117853579216,32.9834805425182,42.50711408403858
35007,52690.0,11709.0,1985.0,11706.0,910.0,162.0,1844.0,5413.0,883.0,4232.0,5413.0,436.0,12336.0,5894.0,67.0,133.0,5849.0,54.557197061435375,16.952771372448545,7.773791218178712,8.785249457700651,16.312580823942362,8.054683170145944,0.5431258106355382,47.41407263294423,1.0781452658884565
35009,56259.0,46722.0,9743.0,43752.0,3899.0,451.0,4970.0,18471.0,1970.0,16233.0,18471.0,914.0,47932.0,20987.0,2305.0,183.0,21782.0,18.82304356803634,20.85313128718805,8.911592612909125,9.074446680080484,10.66536733257539,4.948297330951221,4.808895935909205,45.44354502211466,0.381790870399733
35011,40804.0,1566.0,322.0,1566.0,156.0,26.0,157.0,727.0,170.0,557.0,727.0,33.0,1580.0,539.0,1.0,1.0,1004.0,100.0,20.561941251596423,9.96168582375479,16.56050955414013,23.383768913342504,4.53920220082531,0.0632911392405063,63.54430379746835,0.0632911392405063
35013,55663.0,215850.0,47947.0,218466.0,24023.0,2958.0,23812.0,83530.0,7811.0,73706.0,83530.0,4813.0,221665.0,60117.0,3130.0,1198.0,149893.0,22.486233893997568,22.213110956682883,10.996219091300247,12.422308079959684,9.351131330061056,5.762001676044535,1.4120406920352784,67.62141068729841,0.5404551913924165
35015,79605.0,60415.0,7519.0,60479.0,5534.0,717.0,7208.0,23245.0,2462.0,19821.0,23245.0,1082.0,61114.0,26692.0,720.0,571.0,31104.0,22.02233847931444,12.445584705784988,9.150283569503465,9.947280799112098,10.591525059152506,4.654764465476447,1.178126124946821,50.895048597702655,0.9343194685342148
35017,45921.0,27000.0,5273.0,27363.0,1394.0,264.0,3925.0,11069.0,1336.0,9372.0,11069.0,344.0,27856.0,13221.0,186.0,276.0,13373.0,40.422210395600494,19.52962962962963,5.09447063552973,6.726114649681529,12.069744331014546,3.107778480440871,0.6677197013210798,48.00761056863871,0.9908098793796668
35019,40149.0,3925.0,904.0,3925.0,255.0,69.0,595.0,1451.0,305.0,1119.0,1451.0,55.0,4379.0,739.0,75.0,226.0,3263.0,100.0,23.03184713375796,6.496815286624204,11.596638655462185,21.01998621640248,3.790489317711923,1.712719799040877,74.51472939027175,5.160995661109842
35021,41250.0,748.0,140.0,746.0,44.0,13.0,105.0,282.0,69.0,186.0,282.0,25.0,748.0,346.0,13.0,0.0,304.0,100.0,18.71657754010695,5.898123324396783,12.38095238095238,24.46808510638298,8.865248226950355,1.7379679144385027,40.64171122994652,0.0
35023,49076.0,4015.0,823.0,4015.0,366.0,107.0,596.0,1501.0,264.0,1189.0,1501.0,103.0,4097.0,1568.0,0.0,18.0,2343.0,100.0,20.49813200498132,9.115815691158156,17.953020134228186,17.588274483677548,6.862091938707528,0.0,57.18818647791067,0.4393458628264584
35025,68750.0,70659.0,13178.0,71479.0,10250.0,1580.0,7475.0,24568.0,3140.0,20729.0,24568.0,1057.0,73154.0,23474.0,2507.0,347.0,45091.0,24.89154522866161,18.65013657142049,14.339876047510458,21.1371237458194,12.780853142298923,4.302344513187887,3.427016977882276,61.63846132815704,0.4743417994914837
35027,51643.0,20002.0,3205.0,20074.0,2291.0,818.0,3527.0,9376.0,929.0,7788.0,9376.0,421.0,20227.0,12262.0,126.0,620.0,6591.0,45.52271942375056,16.023397660233975,11.412772740858822,23.192514885171533,9.908276450511943,4.49018771331058,0.6229297473673803,32.58515845157463,3.0652098679982203
35028,143188.0,19266.0,564.0,19220.0,652.0,87.0,2728.0,8211.0,166.0,7771.0,8211.0,135.0,19374.0,13614.0,233.0,144.0,3465.0,4.979659096760904,2.927436935534101,3.392299687825182,3.189149560117302,2.0216782365119963,1.6441359152356594,1.2026427170434604,17.88479405388665,0.7432641684732115
35029,37917.0,24945.0,6517.0,25039.0,2232.0,539.0,2909.0,9082.0,1675.0,7198.0,9082.0,495.0,25420.0,7392.0,385.0,83.0,16917.0,41.34974633263853,26.12547604730407,8.914094013339191,18.52870402200069,18.443074212728472,5.450341334507818,1.5145554681353266,66.54996066089693,0.3265145554681353
35031,44496.0,70388.0,25117.0,70605.0,13729.0,1760.0,8211.0,21088.0,7629.0,12190.0,21088.0,2280.0,71172.0,5699.0,313.0,53427.0,8649.0,66.46456887328193,35.68363925669148,19.444798527016506,21.43466082085008,36.17697268588771,10.811836115326251,0.4397796886416006,12.152250885179566,75.06744225257124
35033,50178.0,4168.0,782.0,4176.0,82.0,40.0,808.0,1991.0,784.0,1158.0,1991.0,75.0,4176.0,917.0,0.0,73.0,3178.0,100.0,18.761996161228407,1.9636015325670495,4.950495049504951,39.37719738824711,3.7669512807634353,0.0,76.1015325670498,1.7480842911877394
35035,52717.0,64676.0,12903.0,61755.0,5547.0,922.0,7821.0,24285.0,2324.0,21360.0,24285.0,1218.0,68235.0,31781.0,2340.0,3988.0,26683.0,54.596913279971695,19.950213371266003,8.982268642215205,11.78877381409027,9.569693226271362,5.015441630636195,3.429325126401407,39.10456510588408,5.844507950465304
35037,43698.0,8411.0,2138.0,8545.0,844.0,83.0,1338.0,4102.0,718.0,2884.0,4102.0,424.0,8616.0,4165.0,96.0,34.0,3842.0,40.34987422821862,25.419094043514445,9.877121123464017,6.203288490284006,17.50365675280351,10.336421257922964,1.1142061281337048,44.59145775301764,0.3946146703806871
35039,53901.0,39966.0,8033.0,40082.0,3680.0,520.0,5732.0,14980.0,3795.0,10679.0,14980.0,421.0,40165.0,5665.0,264.0,6266.0,27038.0,56.40561900750688,20.099584646949907,9.181178583902998,9.071877180739708,25.33377837116155,2.8104138851802403,0.6572886841777668,67.31731607120628,15.60064732976472
35041,52445.0,17881.0,3856.0,18596.0,1927.0,133.0,2016.0,7211.0,920.0,6180.0,7211.0,449.0,19002.0,9283.0,176.0,158.0,8440.0,36.41811265697462,21.564789441306413,10.362443536244353,6.597222222222222,12.75828595201775,6.2265982526695325,0.926218292811283,44.41637722345016,0.8314914219555837
35043,84053.0,150756.0,15123.0,150847.0,8776.0,1289.0,19964.0,55741.0,4642.0,49544.0,55741.0,1697.0,151538.0,63454.0,3097.0,16896.0,59922.0,19.154897402475243,10.031441534665287,5.817815402361333,6.456621919455019,8.327801797599612,3.044437667067329,2.043711808259314,39.542556982407056,11.149678628462828
35045,53020.0,119767.0,27779.0,120020.0,15028.0,2223.0,15450.0,41053.0,9061.0,28398.0,41053.0,2504.0,121178.0,44466.0,739.0,46701.0,23890.0,35.2035574259623,23.19420207569698,12.521246458923512,14.388349514563108,22.07146858938445,6.099432440990914,0.6098466718381225,19.714799716120087,38.53917377741834
35047,47400.0,25896.0,5689.0,26633.0,2017.0,332.0,4108.0,11924.0,2183.0,8956.0,11924.0,794.0,27036.0,4699.0,326.0,481.0,20367.0,46.58284621888901,21.968643805993203,7.573311305523223,8.081791626095423,18.30761489433076,6.658839315665884,1.2057996745080632,75.33288948069242,1.7791093357005474
35049,74689.0,152885.0,19103.0,153738.0,14468.0,2208.0,23187.0,69348.0,6502.0,61118.0,69348.0,2822.0,155175.0,68374.0,1251.0,3995.0,74485.0,35.03807573810093,12.495012591163292,9.410815803509868,9.522577306249191,9.375901251658304,4.069331487569937,0.806186563557274,48.00064443370388,2.5745126470114386
35051,37840.0,11270.0,2810.0,11270.0,461.0,159.0,1665.0,5419.0,931.0,4387.0,5419.0,491.0,11511.0,7349.0,20.0,280.0,3386.0,33.37076710435384,24.933451641526176,4.090505767524401,9.54954954954955,17.180291566709727,9.060712308544012,0.1737468508383285,29.415341846929024,2.4324559117366
35053,47556.0,15543.0,4502.0,16070.0,1319.0,82.0,2119.0,5222.0,1761.0,3118.0,5222.0,410.0,16308.0,5372.0,37.0,1967.0,8196.0,51.057547454052425,28.964807308756352,8.20784069695084,3.869749882019821,33.722711604749136,7.851397931826886,0.2268825116507235,50.257542310522446,12.061564876134412
35055,58908.0,34286.0,4943.0,34307.0,2781.0,411.0,5412.0,14459.0,1801.0,12134.0,14459.0,563.0,34516.0,13962.0,89.0,1735.0,17530.0,54.57972107048624,14.4169631919734,8.106217390037019,7.594235033259423,12.455909813956705,3.8937685870392142,0.2578514312203036,50.78804032912272,5.026654305249739
35057,46250.0,15161.0,3100.0,15259.0,1172.0,182.0,2244.0,5774.0,1037.0,4539.0,5774.0,287.0,15290.0,7476.0,263.0,332.0,6499.0,100.0,20.447200052766966,7.680713021823187,8.110516934046347,17.95981988223069,4.970557672324212,1.7200784826684108,42.50490516677567,2.171353826030085
35059,45319.0,3608.0,702.0,3613.0,426.0,137.0,519.0,1504.0,200.0,1252.0,1504.0,97.0,4039.0,2180.0,33.0,81.0,1603.0,100.0,19.45676274944568,11.790755604760587,26.396917148362235,13.297872340425531,6.449468085106383,0.8170339192869522,39.68804159445407,2.0054468927952462
35061,58333.0,75583.0,13941.0,75744.0,6040.0,1061.0,10299.0,26782.0,3930.0,21496.0,26782.0,792.0,77382.0,24091.0,934.0,2879.0,46872.0,29.971786628174005,18.444623791064128,7.974228981833544,10.301971065151957,14.674034799492196,2.9572100664625496,1.2069990437052545,60.57222609909281,3.720503476260629
36001,83149.0,299579.0,38700.0,311992.0,9313.0,1415.0,40491.0,132728.0,9770.0,118627.0,132728.0,16433.0,315374.0,217580.0,35940.0,104.0,22163.0,9.568109055798354,12.918128440244477,2.985012436216313,3.4946037391025166,7.360918570309204,12.380959556385992,11.395993328555935,7.027529219276161,0.0329767197042241
36003,61233.0,42233.0,7095.0,46549.0,2287.0,219.0,6380.0,17057.0,2074.0,14463.0,17057.0,1399.0,47027.0,43745.0,711.0,63.0,1002.0,88.50740485620803,16.799659034404375,4.913102322284045,3.4326018808777428,12.159230814328428,8.201911238787595,1.5118974206307014,2.130690879707402,0.1339655942331001
36005,49036.0,1388414.0,374138.0,1402547.0,102472.0,10614.0,168511.0,530067.0,59343.0,452006.0,530067.0,321132.0,1419250.0,125116.0,412484.0,3533.0,779093.0,6.790461303198171e-05,26.94714976944917,7.306136621446554,6.298698601278255,11.19537718816678,60.583284754568766,29.0635194645059,54.89469790382244,0.2489342962832482
36007,61059.0,187291.0,35448.0,195045.0,7294.0,998.0,26981.0,81781.0,7331.0,72314.0,81781.0,10562.0,197738.0,158397.0,10061.0,148.0,10648.0,24.947277824474163,18.92669695820942,3.7396498243994976,3.698899225380824,8.9641848351084,12.914980252136804,5.088045797975099,5.384903255823362,0.0748465140741789
36009,58248.0,74094.0,13039.0,75717.0,4795.0,564.0,11328.0,31822.0,5002.0,25935.0,31822.0,3338.0,76479.0,67590.0,1058.0,1944.0,1740.0,61.80914306482178,17.59791616055281,6.332791843311277,4.978813559322034,15.718685186349068,10.489598391050215,1.3833862890466664,2.2751343506060486,2.541874239987448
36011,66583.0,72009.0,9914.0,72768.0,3189.0,330.0,11472.0,31334.0,3045.0,27277.0,31334.0,2910.0,75464.0,66119.0,2252.0,85.0,2633.0,58.7753121393348,13.767723479009568,4.382420844327177,2.876569037656904,9.71787834301398,9.287036446033063,2.9842043888476626,3.489080886250397,0.11263648892187
36013,56507.0,121678.0,20703.0,124637.0,6683.0,798.0,18665.0,53602.0,5695.0,46016.0,53602.0,5844.0,126329.0,106535.0,2680.0,161.0,11792.0,44.06887205558645,17.014579463830767,5.361971164261014,4.275381730511653,10.624603559568673,10.902578262005148,2.121444798898115,9.334357115151708,0.1274450047099241
36015,63469.0,79307.0,12500.0,80589.0,3489.0,308.0,11650.0,34916.0,3378.0,30349.0,34916.0,3342.0,82805.0,69933.0,4826.0,96.0,2982.0,25.906735751295336,15.761534290794003,4.3293749767337975,2.643776824034335,9.6746477259709,9.571543132088442,5.828150474005193,3.601231809673329,0.1159350280780146
36017,62093.0,45875.0,5597.0,46182.0,1549.0,304.0,7360.0,19800.0,1838.0,17367.0,19800.0,1545.0,46685.0,43349.0,240.0,41.0,1138.0,83.35874629394324,12.200544959128065,3.354120653068295,4.130434782608695,9.282828282828282,7.803030303030303,0.5140837528113955,2.4376137945807006,0.08782264110528
36019,69208.0,73237.0,10097.0,75924.0,2199.0,533.0,11257.0,33276.0,2961.0,28859.0,33276.0,3402.0,78961.0,70375.0,2281.0,207.0,2714.0,63.73132272083965,13.786747136010488,2.8963173700015807,4.734831660300258,8.898305084745763,10.223584565452578,2.8887678727473056,3.4371398538519013,0.262154734615823
36021,83619.0,59859.0,6818.0,60111.0,2304.0,309.0,10158.0,26098.0,2477.0,23037.0,26098.0,1577.0,61245.0,51016.0,1930.0,12.0,3658.0,82.76758161442261,11.390100068494297,3.832909118131457,3.041937389249852,9.491148747030424,6.042608629013717,3.1512776553188013,5.972732467956568,0.0195934361988733
36023,67527.0,42878.0,5494.0,45971.0,1567.0,225.0,6116.0,18768.0,1736.0,16338.0,18768.0,1885.0,46401.0,41622.0,944.0,28.0,1627.0,46.87773718729304,12.8130976258221,3.4086706836918927,3.67887508175278,9.249786871270247,10.043691389599315,2.034438912954462,3.5063899484924894,0.0603435270791577
36025,60226.0,42513.0,6317.0,44156.0,2048.0,444.0,7258.0,18947.0,2063.0,16243.0,18947.0,1719.0,44551.0,39984.0,683.0,33.0,2100.0,90.54798230567845,14.85898431068144,4.63810127728961,6.117387710112979,10.88826727186362,9.072676413152475,1.5330744539965433,4.7136989068707775,0.0740724113936836
36027,97273.0,282406.0,23328.0,290642.0,12103.0,1564.0,44381.0,115184.0,5977.0,106609.0,115184.0,8063.0,297144.0,199670.0,28024.0,222.0,44153.0,31.73961089651956,8.260447724198494,4.164229533240206,3.524030553615286,5.189088762328101,7.000104181136269,9.43111757262472,14.85912554182484,0.0747112511105726
36029,71175.0,927075.0,130009.0,942387.0,25964.0,3446.0,133677.0,408711.0,33626.0,363893.0,408711.0,48595.0,950044.0,693650.0,116872.0,3029.0,59892.0,10.308560984913584,14.023568751179786,2.75513138445246,2.577855577249639,8.227329335398363,11.889819456779977,12.30174602439466,6.304129071916669,0.3188273385232684
36031,70215.0,35097.0,4143.0,35468.0,1659.0,302.0,6166.0,16039.0,1271.0,14344.0,16039.0,1354.0,37077.0,33993.0,791.0,80.0,1026.0,86.5011636927851,11.804427728865717,4.677455734746814,4.897826792085631,7.924434191657834,8.441922813142964,2.1333980634894947,2.7672141759041997,0.2157671872050058
36033,63747.0,43424.0,7179.0,44452.0,2942.0,214.0,6761.0,19234.0,2440.0,16292.0,19234.0,2164.0,47066.0,39434.0,1548.0,3248.0,1328.0,70.20082010303858,16.532332350773764,6.618374876271034,3.165212246709067,12.68586877404596,11.25090984714568,3.2889984277397697,2.8215697106191304,6.900947605490162
36035,62615.0,51814.0,7532.0,52082.0,1892.0,147.0,8021.0,22607.0,2452.0,19571.0,22607.0,2192.0,52787.0,46866.0,746.0,0.0,2190.0,50.7051233965944,14.53661172656039,3.632732997964748,1.832689190873956,10.846198080240631,9.696111823771398,1.4132267414325497,4.148748744956144,0.0
36037,72055.0,56881.0,6018.0,57323.0,2164.0,316.0,8870.0,24769.0,2190.0,21942.0,24769.0,2080.0,57943.0,51209.0,1043.0,223.0,2743.0,62.12064122764952,10.579982771048329,3.775099000401235,3.562570462232244,8.84169728289394,8.39759376640155,1.8000448716842414,4.733962687468719,0.3848609840705521
36039,74011.0,44928.0,4945.0,45357.0,1587.0,166.0,7532.0,18188.0,2185.0,15381.0,18188.0,1330.0,47554.0,39730.0,1988.0,20.0,3135.0,73.20940518662243,11.006499287749287,3.4989086579800253,2.203929899097185,12.013415438750824,7.312513745326589,4.180510577448795,6.592505362324936,0.042057450477352
36041,68950.0,5052.0,506.0,5095.0,196.0,61.0,1034.0,2111.0,210.0,1856.0,2111.0,69.0,5102.0,4666.0,45.0,1.0,101.0,100.0,10.015835312747429,3.846908734052993,5.899419729206963,9.94789199431549,3.2685930838465183,0.8820070560564485,1.9796158369266956,0.0196001568012544
36043,68858.0,58918.0,7826.0,59404.0,2663.0,345.0,9261.0,25426.0,2245.0,22238.0,25426.0,2320.0,59932.0,54920.0,571.0,46.0,1614.0,52.601473253629095,13.282867714450592,4.48286310686149,3.7252996436669914,8.829544560685912,9.1245182097066,0.9527464459721016,2.693052125742508,0.0767536541413602
36045,64978.0,110709.0,14832.0,103143.0,5939.0,724.0,12809.0,46701.0,3548.0,41764.0,46701.0,4576.0,116130.0,93787.0,5311.0,149.0,8481.0,49.38014581780485,13.397284773595644,5.758025265892983,5.652275743617769,7.597267724459861,9.798505385323654,4.57332300008611,7.303022474812709,0.1283044863515026
36047,78548.0,2619715.0,494754.0,2632136.0,154971.0,18584.0,296881.0,1009596.0,101657.0,887626.0,1009596.0,562628.0,2646306.0,957510.0,727987.0,3477.0,499799.0,0.0,18.8857948288268,5.887651701887744,6.259747171425588,10.069077135804816,55.72803378777253,27.50955482850434,18.886666923628635,0.1313907008486547
36049,68329.0,26373.0,3230.0,26306.0,1283.0,286.0,4080.0,10958.0,1378.0,9275.0,10958.0,586.0,26618.0,25005.0,193.0,14.0,460.0,100.0,12.247374208470784,4.877214323728427,7.009803921568627,12.57528746121555,5.347691184522724,0.7250732586971222,1.7281538808325194,0.0525959876775114
36051,72464.0,56975.0,6606.0,60307.0,2364.0,348.0,9166.0,24329.0,2134.0,21329.0,24329.0,1433.0,61588.0,54735.0,1079.0,38.0,2759.0,71.3782061648931,11.594559017112768,3.919942958528861,3.7966397556185902,8.771425048296273,5.890090016030252,1.7519646684419043,4.479768786127168,0.0617003312333571
36053,73141.0,62041.0,6033.0,67069.0,2188.0,276.0,10549.0,25563.0,2139.0,22421.0,25563.0,1495.0,67572.0,61211.0,1075.0,232.0,1718.0,69.16019760056457,9.724214632259311,3.2623119473974564,2.616361740449332,8.36756249266518,5.848296365841255,1.5908956372461966,2.542473213757177,0.3433374770615047
36055,74409.0,729825.0,95297.0,747517.0,23295.0,3498.0,102831.0,316506.0,22637.0,282682.0,316506.0,34349.0,754068.0,515450.0,104190.0,605.0,73524.0,8.120161750124762,13.05751378755181,3.116317087103036,3.4016979315576044,7.152155093426349,10.852558877240874,13.817056286700934,9.750314295262497,0.0802314910591617
36057,62923.0,48700.0,7163.0,48769.0,3191.0,242.0,6866.0,19234.0,2658.0,15853.0,19234.0,2408.0,49461.0,38786.0,1270.0,19.0,7495.0,45.4271985786966,14.708418891170432,6.543090897906457,3.524614040198077,13.819278361235313,12.519496724550276,2.567679585936394,15.15335314692384,0.0384141040415681
36059,143408.0,1368576.0,72719.0,1379745.0,54409.0,6671.0,198821.0,456076.0,21016.0,427282.0,456076.0,30464.0,1388138.0,768433.0,151100.0,813.0,256452.0,0.4290809257086032,5.313479119902731,3.943409832976384,3.3552793718973346,4.6080039291697,6.679588489637692,10.88508491230699,18.474532071018874,0.0585676640218767
36061,104553.0,1578789.0,250056.0,1619600.0,69618.0,8945.0,189905.0,775376.0,52269.0,706624.0,775376.0,602792.0,1627788.0,754045.0,204185.0,1679.0,395429.0,0.0,15.83846859840042,4.298468757717955,4.710249861772992,6.741116567961866,77.74189554487113,12.543709623120456,24.29241399985748,0.1031461099356918
36063,67809.0,207518.0,27014.0,209575.0,5322.0,835.0,32739.0,91493.0,8378.0,81064.0,91493.0,9726.0,211341.0,175087.0,13291.0,1017.0,8151.0,29.97235101050473,13.01766593741266,2.5394250268400334,2.5504749686917743,9.15698468735313,10.630321445356476,6.288888573442919,3.856800147628714,0.4812128266640169
36065,68819.0,219280.0,32026.0,223627.0,7444.0,984.0,31704.0,94361.0,8840.0,82857.0,94361.0,10399.0,229645.0,182637.0,11983.0,276.0,15588.0,34.35778136779752,14.605071141919009,3.328757260974748,3.103709311127933,9.368277148398173,11.020442767668849,5.218053952840253,6.78786823140064,0.1201855037122515
36067,74740.0,451437.0,62884.0,466820.0,15532.0,2139.0,65252.0,194963.0,13971.0,174558.0,194963.0,22829.0,471611.0,351786.0,48019.0,1875.0,27105.0,14.63938251811062,13.929739919412896,3.327192493894863,3.278060442591798,7.165975082451542,11.709401271010396,10.18190839484236,5.747321415318981,0.3975734238599184
36069,79814.0,108733.0,9961.0,111523.0,3538.0,479.0,16889.0,47684.0,3382.0,43070.0,47684.0,3040.0,112405.0,98252.0,2302.0,50.0,6260.0,44.855857297835634,9.160972289921183,3.172439765788223,2.836165551542424,7.092525794815871,6.375304085227749,2.047951603576353,5.569147279925271,0.0444820070281571
36071,96497.0,395402.0,51238.0,396092.0,18892.0,2313.0,51153.0,137311.0,13355.0,121647.0,137311.0,11823.0,403840.0,239186.0,42478.0,438.0,93608.0,27.58216839849493,12.958457468601576,4.769598982054674,4.521728930854495,9.72609623409632,8.610380814355732,10.518522187004754,23.179477020602217,0.108458795562599
36073,63838.0,37943.0,4948.0,38025.0,2158.0,264.0,6428.0,16208.0,1719.0,14107.0,16208.0,1095.0,39686.0,33977.0,1808.0,170.0,2078.0,66.54933941452049,13.040613551906809,5.675213675213676,4.107031736154325,10.605873642645609,6.755923000987167,4.555762737489291,5.2361034117824925,0.428362646777201
36075,68461.0,112495.0,18598.0,117188.0,5149.0,474.0,17921.0,47132.0,3494.0,42276.0,47132.0,3979.0,117945.0,108049.0,1160.0,125.0,3778.0,62.72622846202936,16.5322903240144,4.393794586476431,2.644941688521846,7.413222439107188,8.442247305440041,0.9835092627919794,3.2031879265759464,0.1059816015939632
36077,67086.0,54799.0,7741.0,59167.0,2717.0,297.0,8348.0,22608.0,2390.0,19360.0,22608.0,1610.0,59738.0,53012.0,1339.0,59.0,2576.0,72.71375845806848,14.126170185587329,4.59208680514476,3.5577383804504072,10.571479122434535,7.12137296532201,2.241454350664569,4.312163112256855,0.0987646054437711
36079,127405.0,96778.0,6331.0,97531.0,3210.0,469.0,15559.0,35054.0,1389.0,33155.0,35054.0,1457.0,97988.0,70948.0,2894.0,81.0,18676.0,35.02170618831142,6.54177602347641,3.291261240015995,3.0143325406517127,3.9624579220631024,4.156444343013636,2.9534228681062986,19.059476670612728,0.0826631832469282
36081,84961.0,2303679.0,282195.0,2316633.0,197283.0,26469.0,316017.0,828230.0,62238.0,751078.0,828230.0,305914.0,2330124.0,550499.0,384677.0,6689.0,650071.0,0.0030763295563766,12.249753546392531,8.515936706418323,8.375815225130294,7.514579283532352,36.93587530033928,16.50886390595522,27.89855818831959,0.2870662677179412
36083,86663.0,154253.0,18177.0,158807.0,5245.0,483.0,22729.0,66233.0,4106.0,59741.0,66233.0,6652.0,160341.0,127997.0,10048.0,73.0,9539.0,33.131632843045985,11.783887509481175,3.30275113817401,2.125038497074222,6.199326619660894,10.043331873839325,6.266644214517809,5.949195776501331,0.0455279685170979
36085,98290.0,487917.0,53177.0,489330.0,19102.0,2564.0,68387.0,170047.0,13684.0,152201.0,170047.0,26425.0,492734.0,278796.0,44439.0,765.0,96147.0,0.0,10.898779915436435,3.903705066110805,3.7492505885621537,8.047186954195016,15.539821343510912,9.018862104096732,19.512962369148465,0.155256182849164
36087,110631.0,334095.0,51969.0,337203.0,15320.0,1243.0,39941.0,103284.0,10584.0,90636.0,103284.0,10030.0,338936.0,205539.0,35626.0,181.0,67951.0,0.3898572099938225,15.555156467471829,4.543257325705881,3.112090333241531,10.24747298710352,9.711087874210914,10.511128944697523,20.048327707885853,0.0534024122548209
36089,61900.0,97072.0,16924.0,105286.0,6261.0,383.0,14720.0,41732.0,4845.0,35367.0,41732.0,4432.0,107796.0,98622.0,1982.0,456.0,2718.0,66.93516427814386,17.434481621888906,5.946659574872252,2.6019021739130435,11.609795840122688,10.620147608549797,1.838658206241419,2.5214293665813203,0.423021262384504
36091,99653.0,233461.0,15723.0,235422.0,6163.0,707.0,35390.0,99835.0,5438.0,91810.0,99835.0,4822.0,237075.0,208181.0,3803.0,209.0,9059.0,28.484686360181563,6.7347437045159575,2.617852197330751,1.9977394744278043,5.446987529423549,4.829969449591826,1.6041337129600337,3.821153643361805,0.0881577559843931
36093,76989.0,155459.0,19384.0,158042.0,5319.0,908.0,21325.0,66324.0,4848.0,58560.0,66324.0,8101.0,159603.0,109664.0,16071.0,230.0,12855.0,8.848482547877085,12.468882470619263,3.365561053390871,4.257913247362251,7.309571195947169,12.214281406429045,10.069359598503787,8.054359880453376,0.1441075669003715
36095,71188.0,28675.0,3106.0,29896.0,1214.0,296.0,4675.0,12439.0,1164.0,10702.0,12439.0,821.0,29979.0,26714.0,382.0,18.0,1165.0,83.03829844517736,10.83173496076722,4.060743912229061,6.331550802139038,9.357665407187072,6.600209020017687,1.2742252910370593,3.886053570832917,0.0600420294205944
36097,65625.0,17605.0,2663.0,17668.0,728.0,134.0,2954.0,7405.0,972.0,6298.0,7405.0,465.0,17749.0,16469.0,169.0,27.0,350.0,100.0,15.126384549843795,4.120443740095087,4.536222071767096,13.12626603646185,6.279540850776503,0.9521663192292524,1.9719420812440136,0.1521212462673953
36099,66007.0,31288.0,4167.0,31534.0,2750.0,306.0,4837.0,13679.0,1639.0,11583.0,13679.0,1198.0,33125.0,29172.0,1194.0,20.0,1360.0,57.91683917903827,13.318205062643823,8.720745861609691,6.326235269795328,11.981870019738285,8.75795014255428,3.6045283018867926,4.1056603773584905,0.060377358490566
36101,64740.0,91687.0,12537.0,92123.0,4328.0,472.0,13902.0,38916.0,4389.0,33470.0,38916.0,3847.0,93034.0,85435.0,1439.0,82.0,1754.0,59.77731236108737,13.67369419874137,4.698066715152568,3.3951949359804345,11.27813752698119,9.885394182341454,1.546746350796483,1.885332244125804,0.0881398198508072
36103,128329.0,1498692.0,95543.0,1516122.0,70146.0,8898.0,227784.0,512280.0,29118.0,474707.0,512280.0,26554.0,1525680.0,963469.0,104372.0,2320.0,338930.0,1.9641920939498796,6.37509241391827,4.62667252371511,3.9063323148245703,5.684000936987585,5.183493402045756,6.8410151538985895,22.215012322374285,0.1520633422473913
36105,69826.0,76020.0,11547.0,76720.0,4127.0,664.0,11133.0,30215.0,3071.0,26468.0,30215.0,2646.0,79147.0,53145.0,6263.0,120.0,14544.0,75.05596255596255,15.189423835832676,5.379301355578728,5.964250426659481,10.163825914280986,8.757239781565447,7.913123681251342,18.37593338976841,0.151616612126802
36107,71791.0,47532.0,5810.0,47753.0,1264.0,116.0,7753.0,20214.0,1718.0,18126.0,20214.0,1335.0,48106.0,44696.0,527.0,5.0,1117.0,66.40800742957383,12.22334427333165,2.6469541180658807,1.4961950212820845,8.49906005738597,6.604333630157317,1.095497443146385,2.321955681204008,0.0103937138818442
36109,73012.0,88595.0,13547.0,102175.0,4271.0,475.0,11192.0,43269.0,1823.0,38862.0,43269.0,5687.0,102879.0,77169.0,3358.0,122.0,6683.0,44.10629846794023,15.290930639426604,4.180083190604355,4.24410293066476,4.21317802583836,13.143358986803484,3.2640286161412924,6.49598071520913,0.118585911604895
36111,81804.0,175073.0,25084.0,178605.0,11490.0,1520.0,27642.0,73105.0,5134.0,66647.0,73105.0,5516.0,182109.0,133874.0,10347.0,66.0,21562.0,56.123419722740046,14.327737572326972,6.433190560174687,5.498878518196947,7.022775459954859,7.545311538198481,5.681762021646376,11.840161661422554,0.0362420308716208
36113,78239.0,64721.0,5910.0,64923.0,2127.0,303.0,10576.0,30041.0,2533.0,26814.0,30041.0,2410.0,65560.0,60251.0,695.0,28.0,1865.0,32.15540715274503,9.131502912501352,3.2761887158634075,2.8649773071104385,8.431809859858193,8.022369428447789,1.060097620500305,2.8447223917022573,0.0427089688834655
36115,72342.0,58154.0,6304.0,58517.0,2783.0,186.0,9262.0,24254.0,3018.0,20904.0,24254.0,2038.0,60883.0,54541.0,1415.0,44.0,1790.0,75.49835241917066,10.840182962478936,4.75588290582224,2.0082055711509392,12.443308320277067,8.40273769275171,2.3241298884746158,2.940065371285909,0.0722697633165251
36117,73914.0,90274.0,10174.0,90538.0,5136.0,328.0,14404.0,38222.0,3521.0,33708.0,38222.0,2663.0,91128.0,79756.0,2030.0,50.0,4625.0,74.77953178576514,11.270133150187208,5.672756190770726,2.277145237434046,9.211972162628852,6.96719166971901,2.227635852866298,5.075278728820999,0.0548678781494162
36119,118411.0,976107.0,86670.0,986736.0,49176.0,6662.0,137080.0,370256.0,19899.0,342175.0,370256.0,52410.0,996888.0,498855.0,128199.0,1197.0,269085.0,4.533095991167367,8.879149519468665,4.983703847837719,4.859935803910125,5.374389611512035,14.155071085951342,12.859920071261769,26.992500662060333,0.1200736692587331
36121,68913.0,37280.0,3968.0,37323.0,1578.0,261.0,5766.0,16263.0,1970.0,13757.0,16263.0,1234.0,39980.0,35447.0,1513.0,53.0,1441.0,89.96817250993067,10.643776824034337,4.227955952093883,4.526534859521332,12.113386214105638,7.587775933099674,3.784392196098049,3.604302151075538,0.1325662831415708
36123,67521.0,23461.0,3318.0,24352.0,4783.0,385.0,3696.0,9095.0,1852.0,7106.0,9095.0,1179.0,24637.0,23156.0,163.0,16.0,632.0,68.55574392508275,14.142619666680874,19.641097240473066,10.416666666666666,20.36283672347444,12.963166575041232,0.6616065267686813,2.5652473921337826,0.0649429719527539
37001,64445.0,169230.0,23943.0,173299.0,17228.0,2277.0,22744.0,68441.0,6526.0,60356.0,68441.0,3034.0,174286.0,103736.0,34240.0,265.0,25716.0,26.44459353032115,14.148200673639426,9.941199891516971,10.011431586352444,9.535220116596776,4.433015297847781,19.64586943300093,14.755057778593804,0.1520489310673261
37003,65268.0,34841.0,4204.0,34970.0,3069.0,562.0,5214.0,13895.0,1828.0,11760.0,13895.0,358.0,36440.0,31262.0,1468.0,4.0,1950.0,89.08462298320711,12.066243793232111,8.776093794681156,10.77867280398926,13.155811442965096,2.576466354803886,4.028540065861691,5.35126234906696,0.0109769484083424
37005,44272.0,10970.0,1907.0,10970.0,1611.0,319.0,1768.0,5049.0,830.0,4092.0,5049.0,322.0,11075.0,9297.0,151.0,21.0,1269.0,100.0,17.383773928896993,14.685505925250684,18.042986425339368,16.438898791839968,6.377500495147554,1.363431151241535,11.45823927765237,0.1896162528216704
37007,44245.0,19973.0,4235.0,20021.0,2660.0,261.0,2798.0,8314.0,1155.0,7016.0,8314.0,715.0,21903.0,9733.0,10222.0,44.0,799.0,77.76921333031059,21.203624893606367,13.286049647869737,9.328091493924232,13.89222997353861,8.599951888381044,46.66940601744054,3.6479021138656806,0.2008857234168835
37009,50827.0,26504.0,3724.0,26532.0,3210.0,436.0,4306.0,11999.0,2026.0,9621.0,11999.0,599.0,26831.0,24470.0,266.0,63.0,1569.0,100.0,14.050709326894054,12.09859791949344,10.125406409660938,16.88474039503292,4.99208267355613,0.9913905557004956,5.847713465767209,0.2348030263501174
37011,57657.0,14968.0,1641.0,15657.0,2213.0,206.0,2348.0,6559.0,988.0,5418.0,6559.0,312.0,17643.0,15354.0,742.0,42.0,1005.0,100.0,10.963388562266168,14.134253049754104,8.773424190800682,15.063271840219546,4.75682268638512,4.205633962478037,5.696310151334807,0.2380547525930964
37013,57997.0,44028.0,7931.0,44224.0,4663.0,652.0,6873.0,19103.0,2800.0,16157.0,19103.0,1296.0,44597.0,29528.0,10143.0,40.0,3482.0,63.027411986025264,18.013536840192604,10.544048480463095,9.486396042485088,14.657383657017222,6.784274721247972,22.743682310469318,7.807700069511402,0.0896921317577415
37015,45931.0,15931.0,3152.0,15976.0,1791.0,451.0,2477.0,7024.0,1813.0,4910.0,7024.0,685.0,17482.0,5994.0,10489.0,56.0,379.0,100.0,19.785324210658462,11.21056584877316,18.207509083568837,25.811503416856493,9.752277904328018,59.9988559661366,2.167944171147466,0.3203294817526599
37017,44528.0,29221.0,6207.0,29288.0,2605.0,388.0,4257.0,11635.0,1647.0,9706.0,11635.0,780.0,29591.0,15909.0,9779.0,741.0,2650.0,100.0,21.24157284144964,8.894427751980333,9.11439981207423,14.155565105285776,6.70391061452514,33.047210300429185,8.95542563617316,2.5041397722280423
37019,74034.0,144672.0,13570.0,144864.0,11529.0,2243.0,26494.0,64436.0,3271.0,59702.0,64436.0,1469.0,145889.0,118328.0,11695.0,355.0,8037.0,36.381526486359945,9.379838531298386,7.958499005964215,8.466067788933344,5.076354832702216,2.2797814886088523,8.01636860901096,5.508982856829507,0.243335686720726
37021,70578.0,265007.0,31202.0,267948.0,31917.0,4074.0,35751.0,102672.0,9992.0,90072.0,102672.0,5267.0,271790.0,220778.0,14644.0,295.0,22443.0,22.303415821741904,11.774028610565004,11.911639571857226,11.395485440966686,9.731961976001246,5.129928315412187,5.387983369513227,8.257478200080945,0.1085396813716472
37023,55684.0,85482.0,15326.0,85609.0,9816.0,1373.0,13171.0,35873.0,5267.0,29695.0,35873.0,1573.0,87863.0,69715.0,5221.0,81.0,7229.0,45.92326139088729,17.92892070845324,11.466084173392984,10.424417280388733,14.682351629359127,4.384913444651967,5.942205478984328,8.227581575862422,0.0921889760194848
37025,86084.0,229228.0,20450.0,229545.0,17902.0,1628.0,27127.0,80370.0,5348.0,73354.0,80370.0,3168.0,231262.0,135848.0,42734.0,74.0,28603.0,17.272058953782928,8.921248713071702,7.798906532488183,6.001400818372839,6.654224213014807,3.941769316909295,18.47860867760376,12.368223054371231,0.0319983395456235
37027,55401.0,79545.0,10087.0,79775.0,9018.0,1022.0,11756.0,32766.0,4292.0,27903.0,32766.0,1509.0,80618.0,69065.0,3294.0,72.0,5160.0,42.82100877845559,12.680872462128354,11.304293324976497,8.693433140523988,13.09894402734542,4.60538362937191,4.085936143293061,6.400555707162172,0.089310079634821
37029,87781.0,10693.0,537.0,10621.0,323.0,68.0,1586.0,3948.0,238.0,3641.0,3948.0,61.0,10743.0,8458.0,891.0,29.0,419.0,94.75615644616128,5.021976994295334,3.041144901610018,4.287515762925599,6.028368794326241,1.5450861195542047,8.293772689192963,3.9002140928977007,0.2699432188401749
37031,70235.0,67511.0,6781.0,67089.0,6221.0,1211.0,11677.0,31198.0,1595.0,28708.0,31198.0,1106.0,68652.0,58683.0,2878.0,171.0,3230.0,30.597169281683065,10.044289078816783,9.27275708387366,10.370814421512376,5.112507212000769,3.5450990448105646,4.1921575482141815,4.704888422769912,0.2490823282642894
37033,59407.0,21161.0,3325.0,21477.0,1954.0,334.0,3251.0,8677.0,1451.0,6905.0,8677.0,415.0,22689.0,13543.0,7138.0,19.0,1102.0,99.82846586910628,15.7128680119087,9.09810494948084,10.273761919409411,16.72236948254005,4.782759018093811,31.46017894133721,4.856979152893473,0.0837410198774736
37035,64544.0,158926.0,20376.0,160397.0,18885.0,2598.0,22711.0,65201.0,6653.0,57039.0,65201.0,3388.0,162051.0,117583.0,12855.0,122.0,17954.0,35.15721312496109,12.821061374476171,11.773910983372508,11.43939060367223,10.203831229582368,5.1962393214828,7.932687857526334,11.0792281442262,0.0752849411604988
37037,88534.0,77460.0,8111.0,77636.0,6642.0,682.0,11708.0,32253.0,2565.0,27956.0,32253.0,945.0,78319.0,54664.0,8060.0,90.0,10520.0,64.03618011404602,10.47121094758585,8.555309392549848,5.825076870515886,7.9527485815273,2.929960003720584,10.29124478095992,13.432245049094089,0.1149146439561281
37039,51496.0,28841.0,4218.0,28880.0,4264.0,692.0,4789.0,13042.0,1937.0,10722.0,13042.0,600.0,29197.0,26306.0,449.0,456.0,1019.0,100.0,14.62501300232308,14.76454293628809,14.44978074754646,14.852016561877011,4.600521392424475,1.53782922903038,3.490084597732644,1.5618042949618112
37041,56982.0,13584.0,2790.0,13590.0,1213.0,102.0,1964.0,5989.0,651.0,4989.0,5989.0,579.0,13814.0,8293.0,4546.0,14.0,534.0,68.41990078786111,20.53886925795053,8.925680647534952,5.193482688391039,10.869928201703122,9.667724160961765,32.90864340524106,3.865643550021717,0.1013464601129289
37043,53645.0,11252.0,1516.0,11309.0,1729.0,506.0,1953.0,5041.0,992.0,3986.0,5041.0,367.0,11391.0,10345.0,202.0,103.0,449.0,100.0,13.473160327052968,15.288708108586082,25.908858166922684,19.67863519143027,7.280301527474707,1.7733298217891318,3.94170836625406,0.9042226319023792
37045,55769.0,98200.0,16925.0,99601.0,10334.0,1285.0,14034.0,37218.0,5775.0,30059.0,37218.0,2200.0,100170.0,71127.0,18385.0,219.0,4426.0,62.20118771289904,17.235234215885946,10.37539783737111,9.156334615932735,15.516685474770272,5.911118276102961,18.353798542477787,4.4184885694319656,0.218628331835879
37047,48184.0,47923.0,9006.0,48017.0,6524.0,1040.0,6759.0,19227.0,3147.0,15427.0,19227.0,1018.0,50453.0,29764.0,14429.0,1493.0,2766.0,89.69638306698536,18.79264653715335,13.586854655642794,15.386891552004734,16.36760805117803,5.294637748998804,28.598894020177195,5.482330089390126,2.95918974094702
37049,64635.0,96136.0,13368.0,94003.0,8268.0,1246.0,12855.0,41472.0,6227.0,34654.0,41472.0,2419.0,101074.0,65396.0,20355.0,182.0,7523.0,35.37629070691025,13.905300823832905,8.795463974554004,9.6927265655387,15.014949845679013,5.832851080246914,20.13871025189465,7.443061519282901,0.1800660901913449
37051,58780.0,318188.0,54794.0,300860.0,31334.0,3398.0,34865.0,128118.0,10169.0,114911.0,128118.0,8466.0,336749.0,136681.0,122573.0,3343.0,41644.0,13.84168638416864,17.220636856198222,10.41481087549026,9.746163774559014,7.937214130723239,6.607970776940008,36.39892026405423,12.366480672548397,0.9927275210913766
37053,91548.0,29434.0,2248.0,29001.0,2752.0,288.0,4771.0,11497.0,697.0,10508.0,11497.0,233.0,29612.0,24993.0,1509.0,50.0,1444.0,95.88256227758008,7.637426105863967,9.489327954208475,6.036470341647453,6.062451074193268,2.026615638862312,5.095907064703499,4.876401458868027,0.1688504660272862
37055,81214.0,37352.0,2817.0,37274.0,3301.0,281.0,6429.0,16483.0,510.0,15309.0,16483.0,370.0,37534.0,32294.0,1052.0,45.0,2665.0,22.080455099553028,7.541764831869779,8.856039062080807,4.37081972312957,3.0940969483710488,2.2447370017593884,2.8027921351308147,7.100229125592796,0.1198912985559759
37057,62426.0,169012.0,23367.0,169424.0,17704.0,2785.0,24722.0,68512.0,7293.0,59697.0,68512.0,2765.0,171063.0,131410.0,15675.0,204.0,14633.0,47.7144379328716,13.8256455162947,10.449523089999056,11.26526980017798,10.64485053713218,4.035789350770668,9.163290717454974,8.554158409474871,0.1192543098156819
37059,73234.0,43186.0,4310.0,43158.0,4308.0,526.0,6471.0,16873.0,1127.0,15467.0,16873.0,851.0,43526.0,35895.0,1734.0,146.0,3493.0,70.44156209027908,9.980086139026536,9.981926873349089,8.12857363622315,6.679310140461092,5.043560718307355,3.983825759316271,8.02508845287874,0.3354316959977944
37061,51880.0,48673.0,8708.0,48710.0,7384.0,1023.0,6604.0,20096.0,3905.0,15848.0,20096.0,1158.0,49053.0,24904.0,11137.0,60.0,11137.0,100.0,17.890822427218374,15.159104906590022,15.49061175045427,19.43172770700637,5.76234076433121,22.70401402564573,22.70401402564573,0.1223166778790288
37063,79501.0,316530.0,38013.0,324700.0,37821.0,3881.0,36394.0,138502.0,6740.0,128562.0,138502.0,9577.0,329405.0,138134.0,108113.0,712.0,50307.0,5.113088879516551,12.00928821912615,11.647982753310748,10.663845688849811,4.866355720495011,6.914701592756783,32.82069185349342,15.272081480244683,0.216147295881969
37065,48480.0,48062.0,10516.0,48167.0,5205.0,749.0,7039.0,19533.0,3913.0,15152.0,19533.0,2108.0,48777.0,17157.0,27218.0,146.0,2838.0,44.79550102249489,21.88007157421664,10.80615359063259,10.640716010796988,20.03276506425024,10.791993037423849,55.8008897636181,5.818316009594686,0.2993214014802058
37067,65541.0,376368.0,55308.0,383564.0,40370.0,5046.0,49726.0,155743.0,12384.0,138910.0,155743.0,9950.0,386740.0,209551.0,96455.0,616.0,56553.0,7.581484095245563,14.695191939803596,10.524971060892057,10.147608896754214,7.951561225865689,6.388730151595898,24.940528520453014,14.623002534002172,0.1592801365258313
37069,71386.0,70540.0,7118.0,70985.0,6955.0,790.0,10374.0,27442.0,2857.0,24053.0,27442.0,981.0,71962.0,43982.0,16452.0,160.0,7637.0,78.89256704533854,10.090728664587468,9.79784461505952,7.615191825718141,10.4110487573792,3.5748123314627214,22.86206609043662,10.612545510130346,0.2223395681053889
37071,65472.0,227676.0,29054.0,229245.0,24879.0,3159.0,30728.0,92287.0,9480.0,80454.0,92287.0,4902.0,231485.0,156914.0,40133.0,403.0,21518.0,18.86129427093616,12.76111667457264,10.852581299483086,10.280525904712317,10.272302707857012,5.31169070399948,17.337192474674385,9.295634706352464,0.1740933537810225
37073,61612.0,10238.0,1212.0,10361.0,681.0,156.0,1786.0,4219.0,846.0,3134.0,4219.0,131.0,10437.0,6615.0,3247.0,47.0,219.0,100.0,11.838249658136355,6.572724640478718,8.734602463605823,20.052145058070632,3.105001185114956,31.110472357957267,2.098304110376545,0.4503209734598065
37075,49038.0,7883.0,686.0,7891.0,1081.0,175.0,1068.0,3312.0,556.0,2672.0,3312.0,297.0,8041.0,6847.0,56.0,672.0,236.0,100.0,8.702270709120892,13.69915093144088,16.38576779026217,16.78743961352657,8.967391304347826,0.6964307921900261,2.93495833851511,8.357169506280313
37077,70975.0,57048.0,8020.0,57250.0,5784.0,1256.0,8796.0,22176.0,1959.0,19688.0,22176.0,768.0,61439.0,33968.0,17867.0,170.0,6545.0,71.43395855194125,14.058336839152997,10.103056768558952,14.279217826284675,8.833874458874458,3.463203463203463,29.08087696739856,10.652842656944284,0.2766972118686827
37079,50904.0,17749.0,3968.0,17772.0,2800.0,509.0,2517.0,6831.0,1133.0,5494.0,6831.0,395.0,20421.0,9375.0,6480.0,98.0,3077.0,100.0,22.35618908107499,15.755120414134591,20.22248708780294,16.586151368760063,5.7824623042014345,31.73204054649625,15.067822339748298,0.4798981440673816
37081,66027.0,519697.0,79108.0,538436.0,48589.0,5754.0,66459.0,215807.0,16917.0,192743.0,215807.0,14660.0,542987.0,254315.0,182101.0,992.0,53188.0,14.15668604597459,15.221946634288829,9.02409942871576,8.657969575226831,7.838948690264913,6.793106803764474,33.5368986734489,9.795446299819332,0.1826931399830935
37083,45071.0,47012.0,11826.0,47087.0,4706.0,511.0,7091.0,20269.0,4899.0,14234.0,20269.0,2016.0,48219.0,17701.0,24935.0,1388.0,1558.0,56.05898564435852,25.15527950310559,9.994265933272452,7.206317867719645,24.16991464798461,9.946223296659925,51.711980754474375,3.2310914784628464,2.878533358219789
37085,69012.0,133246.0,19368.0,130208.0,13905.0,1857.0,15106.0,48639.0,4728.0,40612.0,48639.0,1866.0,136503.0,80462.0,27741.0,782.0,19970.0,64.15608528988979,14.535520766101795,10.679067338412386,12.2931285581888,9.720594584592613,3.836427558132363,20.32263027186216,14.629715097836678,0.572881182098562
37087,61001.0,61714.0,6960.0,61938.0,6976.0,1370.0,9461.0,26772.0,3771.0,22199.0,26772.0,1113.0,62432.0,56749.0,603.0,288.0,2953.0,46.88431123065277,11.277829989953656,11.262875779004812,14.480498890180742,14.085611833258628,4.157328552218736,0.9658508457201436,4.7299461814454125,0.4613018964633521
37089,67623.0,115963.0,13536.0,116285.0,14176.0,2144.0,16837.0,50423.0,4748.0,44371.0,50423.0,1923.0,117387.0,93736.0,3403.0,309.0,15034.0,34.27903096808593,11.672688702430948,12.19073827234811,12.733859951297736,9.416337782361223,3.8137357951728377,2.898958146983908,12.807210338453151,0.2632318740576043
37091,47472.0,18613.0,3986.0,19526.0,1887.0,418.0,2901.0,8329.0,1546.0,6623.0,8329.0,672.0,20492.0,6624.0,11564.0,213.0,1328.0,77.44524870081663,21.41513995594477,9.664037693331968,14.408824543260945,18.56165205907072,8.068195461640054,56.43177825492875,6.48057778645325,1.039430021471794
37093,60095.0,51906.0,9011.0,49616.0,5674.0,483.0,5733.0,18763.0,1689.0,16593.0,18763.0,993.0,53102.0,19436.0,17252.0,3616.0,8106.0,42.60973080910871,17.360228104650716,11.43582715253144,8.424908424908425,9.001758780578799,5.292330650748815,32.48841851531016,15.264961771684682,6.809536363978758
37095,47338.0,4005.0,898.0,4005.0,461.0,108.0,721.0,2115.0,586.0,1457.0,2115.0,183.0,4625.0,2801.0,1149.0,53.0,358.0,100.0,22.421972534332085,11.510611735330835,14.979195561719834,27.706855791962173,8.652482269503546,24.843243243243244,7.7405405405405405,1.145945945945946
37097,78678.0,189857.0,17271.0,190387.0,18069.0,2428.0,26816.0,73913.0,4198.0,68451.0,73913.0,2586.0,191800.0,140984.0,21689.0,201.0,17001.0,31.85871993058122,9.096846574000432,9.490669005761948,9.054295942720763,5.679650399794353,3.4987079404164354,11.308133472367048,8.863920750782064,0.1047966631908237
37099,53479.0,39227.0,7575.0,42830.0,6520.0,754.0,5231.0,18164.0,2894.0,13893.0,18164.0,743.0,43089.0,33866.0,962.0,3033.0,3310.0,66.66589343292584,19.31067886914625,15.22297455054868,14.414069967501431,15.93261396168245,4.0905086985245545,2.232588363619485,7.681774930956856,7.038919445798231
37101,79838.0,223985.0,25065.0,224851.0,24903.0,3125.0,28022.0,82293.0,9480.0,70913.0,82293.0,3141.0,226623.0,142071.0,37414.0,614.0,36811.0,53.00394909235691,11.190481505457957,11.075334332513531,11.151952037684676,11.519813349859648,3.816849549779447,16.509356949647653,16.243276278224187,0.2709345476849216
37103,55659.0,9131.0,1942.0,9123.0,970.0,203.0,1544.0,3915.0,860.0,2983.0,3915.0,302.0,9245.0,5834.0,2520.0,55.0,441.0,100.0,21.268207206220566,10.632467390112902,13.147668393782384,21.966794380587483,7.713920817369093,27.257977285018928,4.770146024878312,0.5949161709031909
37105,63060.0,63282.0,9787.0,63498.0,7879.0,785.0,8516.0,24659.0,2325.0,18749.0,24659.0,1049.0,64565.0,36398.0,11288.0,57.0,13590.0,42.10160385557399,15.465693246104738,12.408264827238654,9.217942696101456,9.428606188409912,4.254024899630966,17.483156508944475,21.048555719042824,0.0882831255324092
37107,44795.0,53873.0,12100.0,53955.0,5504.0,900.0,7846.0,22930.0,3774.0,18250.0,22930.0,1903.0,54917.0,26368.0,21622.0,74.0,4620.0,61.811980697362216,22.460230542201103,10.201093503845795,11.470813153199082,16.458787614478847,8.29917139119058,39.37214341642843,8.412695522333703,0.1347488027386783
37109,78490.0,89512.0,8097.0,89713.0,8291.0,1238.0,13717.0,35681.0,2826.0,32271.0,35681.0,1200.0,90359.0,74853.0,5236.0,155.0,7065.0,73.73920055293169,9.04571454106712,9.241692954198388,9.025297076620252,7.9201816092598305,3.363134441299291,5.794663508892308,7.818811629168096,0.1715379762945584
37111,55527.0,43337.0,6057.0,43455.0,5087.0,975.0,6643.0,18445.0,2317.0,15302.0,18445.0,1174.0,44679.0,38572.0,1723.0,158.0,3028.0,73.01135089057382,13.976509679950158,11.706362904153725,14.677103718199607,12.561669829222012,6.364868528056384,3.856397860292308,6.777233152040108,0.3536336981579713
37113,53298.0,37071.0,5337.0,37323.0,5376.0,808.0,5737.0,18090.0,3151.0,14614.0,18090.0,960.0,37533.0,32169.0,433.0,83.0,3634.0,74.71767439347273,14.396698227725176,14.403986817779922,14.084016036255884,17.41846323935876,5.306799336650083,1.1536514533876856,9.682146377854156,0.2211387312498335
37115,58628.0,20780.0,2378.0,21402.0,1871.0,316.0,3076.0,8399.0,1375.0,6864.0,8399.0,306.0,21640.0,19817.0,214.0,16.0,759.0,100.0,11.443695861405198,8.742173628632838,10.273081924577372,16.370996547208,3.643290867960472,0.988909426987061,3.5073937153419594,0.0739371534195933
37117,46793.0,21311.0,4186.0,21628.0,1659.0,315.0,3214.0,9361.0,1589.0,7625.0,9361.0,806.0,21773.0,11169.0,8913.0,15.0,939.0,74.93531841496073,19.642438177467035,7.670612169410024,9.800871188550094,16.974682192073498,8.610191218886872,40.93602167822532,4.312680843246223,0.0688926652275754
37119,83765.0,1113265.0,115896.0,1124832.0,130354.0,13810.0,125219.0,455494.0,23492.0,424243.0,455494.0,25870.0,1130906.0,496297.0,340672.0,1671.0,174580.0,0.8443883451279357,10.410459324599264,11.588752809308412,11.028677756570488,5.157477376211323,5.679547919401792,30.12381223549968,15.437180455316357,0.1477576385658932
37121,58089.0,14580.0,1889.0,14892.0,1490.0,282.0,2295.0,6411.0,1058.0,5159.0,6411.0,574.0,14973.0,13700.0,118.0,52.0,790.0,100.0,12.956104252400548,10.005372011818428,12.287581699346406,16.50288566526283,8.95336141007643,0.7880852200627797,5.276163761437254,0.3472917918920724
37123,55849.0,25033.0,4027.0,25131.0,3282.0,364.0,3652.0,10075.0,1816.0,7926.0,10075.0,438.0,25874.0,16261.0,4232.0,106.0,4000.0,100.0,16.086765469580154,13.059567864390594,9.967141292442497,18.02481389578164,4.347394540942928,16.35618767875087,15.459534668006492,0.409677668702172
37125,82837.0,101170.0,10077.0,97889.0,7618.0,804.0,13175.0,42814.0,3516.0,38350.0,42814.0,1767.0,102840.0,78066.0,9844.0,431.0,7799.0,49.54325308091089,9.960462587723631,7.782284015568655,6.1024667931688805,8.212267015462231,4.1271546690334935,9.572150914041227,7.583625048619214,0.4190976273823415
37127,60704.0,93468.0,13116.0,94321.0,11120.0,1589.0,13428.0,38123.0,6153.0,31465.0,38123.0,2812.0,95451.0,44761.0,38667.0,461.0,7578.0,49.67147520269559,14.032610091154192,11.78952725267968,11.833482275841526,16.13986307478425,7.376124649161923,40.50979036364208,7.939152025646667,0.4829703198499754
37129,72892.0,225457.0,27891.0,228646.0,24162.0,2815.0,29947.0,102376.0,5027.0,94056.0,102376.0,6021.0,231214.0,173634.0,25678.0,377.0,17675.0,1.710662732275301,12.37087338162044,10.567427376818314,9.399939893812402,4.910330546221771,5.881261233101508,11.10572889184911,7.644433295561687,0.1630524103211743
37131,47935.0,16573.0,3311.0,16603.0,1649.0,302.0,2834.0,7597.0,1929.0,5302.0,7597.0,607.0,17212.0,6707.0,9326.0,34.0,398.0,88.35212638085972,19.9782779219212,9.931940010841414,10.656316160903318,25.391601948137424,7.989996051072792,54.18312805019754,2.312340227748083,0.1975366023704392
37133,64568.0,186008.0,21794.0,167254.0,16951.0,1908.0,16709.0,72516.0,4274.0,66835.0,72516.0,3064.0,208537.0,135161.0,24874.0,1267.0,28739.0,36.26671750351947,11.716700356973892,10.13488466643548,11.418995750792986,5.8938716972806,4.225274422196481,11.92785932472415,13.781247452490446,0.607566043435937
37135,88553.0,135916.0,16892.0,146487.0,9666.0,1377.0,17466.0,56456.0,2161.0,52824.0,56456.0,2745.0,147292.0,98391.0,15054.0,372.0,15540.0,29.044493463173183,12.428264516318904,6.598537754203445,7.88388869804191,3.8277596712484057,4.86219356667139,10.220514352442766,10.550471172908235,0.2525595415908535
37137,61624.0,11433.0,1414.0,11474.0,982.0,276.0,1998.0,5228.0,672.0,4459.0,5228.0,205.0,12315.0,9112.0,2273.0,18.0,567.0,100.0,12.367707513338582,8.558480041833711,13.813813813813814,12.853863810252486,3.921193573068095,18.457166057653268,4.604141291108404,0.146163215590743
37139,63912.0,38146.0,3827.0,39147.0,3796.0,588.0,5310.0,15394.0,1195.0,13840.0,15394.0,1016.0,40830.0,21934.0,14143.0,64.0,2401.0,45.05275093669888,10.032506684842447,9.69678391703068,11.073446327683616,7.76276471352475,6.599974015850331,34.638746020083275,5.880480039186873,0.156747489590987
37141,76838.0,62106.0,6641.0,61897.0,5979.0,802.0,8949.0,24152.0,2372.0,21260.0,24152.0,726.0,63475.0,46877.0,7842.0,138.0,5402.0,61.00858761191303,10.693008727015105,9.659595780086272,8.96189518381942,9.821132825438887,3.005962239152037,12.35447026388342,8.510437179992122,0.2174084285151634
37143,61224.0,13119.0,1494.0,13104.0,1341.0,442.0,2132.0,5580.0,753.0,4694.0,5580.0,332.0,13146.0,9180.0,2861.0,1.0,391.0,100.0,11.38806311456666,10.233516483516484,20.73170731707317,13.494623655913978,5.949820788530466,21.763273999695723,2.9742887570363608,0.0076068766164612
37145,64927.0,38934.0,7182.0,38958.0,3215.0,633.0,5951.0,16211.0,1824.0,14188.0,16211.0,745.0,39275.0,25433.0,10001.0,49.0,2303.0,75.70146047011279,18.446601941747574,8.252477026541403,10.63686775331877,11.25161927086546,4.595644932453273,25.464035646085296,5.8637810311903245,0.1247612985359643
37147,58851.0,166082.0,32225.0,170503.0,17042.0,1570.0,18794.0,73404.0,6596.0,63902.0,73404.0,6386.0,172279.0,89498.0,60121.0,200.0,13263.0,26.85161798135606,19.40306595537144,9.995132050462455,8.353729913802278,8.98588632772056,8.699798376110294,34.897462836445534,7.69855873321763,0.1160907597559772
37149,61005.0,19354.0,2643.0,19387.0,1886.0,490.0,3173.0,8727.0,1164.0,7231.0,8727.0,290.0,19689.0,17159.0,1002.0,34.0,1075.0,91.4165976821192,13.65609176397644,9.7281683602414,15.442798613299717,13.33791680990031,3.323020511057637,5.089136065823556,5.459901467824674,0.1726852557265478
37151,59047.0,143617.0,21205.0,144079.0,17839.0,2816.0,20408.0,56970.0,5872.0,49015.0,56970.0,1977.0,145322.0,110281.0,8594.0,156.0,19722.0,60.1840869522997,14.764965150365208,12.381401869807537,13.798510388083104,10.307179217131823,3.4702474986835177,5.913763917369703,13.57124179408486,0.1073478207016143
37153,43626.0,41632.0,10478.0,41730.0,3963.0,811.0,5606.0,16863.0,2367.0,14258.0,16863.0,1890.0,42818.0,23602.0,13566.0,882.0,3222.0,44.50472686629721,25.168139892390467,9.496764917325663,14.466642882625758,14.036648283223624,11.207970112079702,31.682937082535386,7.524872717081601,2.059881358307254
37155,40318.0,113440.0,32642.0,115094.0,16476.0,2253.0,14195.0,42744.0,9787.0,31467.0,42744.0,3424.0,116858.0,27575.0,27106.0,45676.0,12216.0,76.01476014760148,28.774682651622,14.315255356491216,15.871785840084536,22.89678083473704,8.010481003181733,23.19567338136884,10.453713053449484,39.08675486487874
37157,55796.0,89541.0,15086.0,90567.0,9102.0,1660.0,14180.0,39018.0,5942.0,31991.0,39018.0,2536.0,91585.0,64579.0,15986.0,145.0,6308.0,60.91705453587424,16.848147775879205,10.050018218556428,11.706629055007053,15.228868727254088,6.499564303654723,17.454823388109407,6.887590762679478,0.1583228694655238
37159,63196.0,144491.0,22881.0,146087.0,14956.0,2346.0,20571.0,57762.0,5380.0,51247.0,57762.0,3447.0,148487.0,101680.0,22892.0,149.0,16784.0,42.20731914893617,15.835588375746587,10.23773504829314,11.404404258422051,9.314081922371107,5.967591149890931,15.41683783765582,11.3033464208988,0.1003454847899142
37161,49771.0,63623.0,11196.0,63814.0,7540.0,1259.0,9441.0,26589.0,4043.0,21967.0,26589.0,1442.0,64850.0,52623.0,5240.0,104.0,3533.0,67.78598473092917,17.597409741760057,11.815589055693108,13.335451752992268,15.205536123961036,5.423295347700177,8.080185042405551,5.447956823438704,0.1603700848111025
37163,53159.0,57941.0,11727.0,58197.0,9287.0,994.0,7570.0,21321.0,3416.0,17674.0,21321.0,1073.0,59245.0,29385.0,14692.0,1038.0,12600.0,84.22149197100075,20.239554029098567,15.957867244016017,13.130779392338177,16.021762581492425,5.032596970123352,24.79871719132416,21.267617520465866,1.752046586209807
37165,43500.0,32159.0,8544.0,32675.0,3861.0,347.0,4214.0,12376.0,1729.0,10462.0,12376.0,1403.0,34353.0,13946.0,12966.0,3818.0,1272.0,52.5223854392228,26.56799029820579,11.81637337413925,8.234456573327005,13.970588235294118,11.336457659987072,37.7434285215265,3.702733385730504,11.11402206503071
37167,61631.0,61509.0,8765.0,62113.0,6514.0,890.0,8505.0,24436.0,2438.0,21325.0,24436.0,1438.0,63557.0,50211.0,6970.0,15.0,3341.0,72.82093945987457,14.249947162203906,10.487337594384428,10.46443268665491,9.977082992306434,5.884760189883778,10.96653397737464,5.256698711392923,0.0236008622181663
37169,60039.0,44124.0,5280.0,44383.0,3807.0,653.0,7180.0,19374.0,2514.0,16441.0,19374.0,742.0,44889.0,40212.0,1543.0,88.0,1621.0,80.52336028751122,11.966276856132716,8.57760854381182,9.094707520891363,12.97615360792815,3.8298750903272425,3.4373677292877987,3.611129675421596,0.1960391187150527
37171,56095.0,70238.0,11724.0,70536.0,8383.0,1136.0,10362.0,29366.0,3326.0,24478.0,29366.0,1415.0,71407.0,58254.0,2493.0,72.0,8674.0,75.6807130144761,16.691819243144735,11.884711353067935,10.96313453001351,11.326023292242729,4.8184975822379625,3.4912543588163625,12.147268475079477,0.1008304507961404
37173,55429.0,13729.0,2890.0,13829.0,3213.0,460.0,1876.0,5837.0,1237.0,4424.0,5837.0,549.0,14065.0,8487.0,212.0,3971.0,718.0,100.0,21.050331415252387,23.233784076939763,24.520255863539447,21.1923933527497,9.405516532465308,1.5072875933167438,5.104870245289726,28.2332029861358
37175,64523.0,32275.0,4576.0,32840.0,3872.0,521.0,5071.0,14590.0,1437.0,12573.0,14590.0,634.0,33243.0,29335.0,1239.0,41.0,1635.0,60.41047717213363,14.178156467854375,11.790499390986602,10.274107671070794,9.849211788896504,4.345442083618917,3.7271004421983576,4.918328670697591,0.1233342357789609
37177,43952.0,2812.0,585.0,2840.0,363.0,15.0,302.0,1426.0,342.0,1062.0,1426.0,113.0,3376.0,1834.0,1097.0,6.0,337.0,100.0,20.803698435277383,12.78169014084507,4.966887417218543,23.983169705469845,7.924263674614306,32.49407582938389,9.98222748815166,0.1777251184834123
37179,99243.0,241896.0,18530.0,243794.0,19357.0,2616.0,30506.0,82231.0,4455.0,76792.0,82231.0,1929.0,244975.0,166556.0,26797.0,345.0,31683.0,27.63286565071957,7.660316830373383,7.939900079575379,8.575362223824822,5.4176648709124295,2.3458306478092203,10.938667210939892,12.933156444535156,0.1408306970098989
37181,46943.0,41868.0,7936.0,41969.0,5416.0,689.0,5776.0,16081.0,2482.0,13171.0,16081.0,1316.0,42361.0,15937.0,20715.0,47.0,3853.0,53.27633989384189,18.95481035635808,12.904763039386214,11.928670360110804,15.434363534606057,8.18357067346558,48.90111187176884,9.0956304147683,0.1109511106914378
37183,101763.0,1129229.0,89566.0,1142917.0,93307.0,11971.0,132806.0,445636.0,15192.0,421820.0,445636.0,18164.0,1151009.0,656508.0,217801.0,2123.0,131104.0,5.157383058411029,7.931606432353402,8.163934913908884,9.013899974398749,3.409060309310738,4.075972318214866,18.92261485357629,11.3903540285089,0.1844468635779564
37185,45279.0,18006.0,4004.0,18034.0,1920.0,361.0,2840.0,7930.0,1573.0,6066.0,7930.0,661.0,18751.0,7065.0,8824.0,937.0,830.0,100.0,22.23703210041097,10.646556504380614,12.711267605633802,19.83606557377049,8.335435056746531,47.05882352941177,4.426430590368514,4.997066823102768
37187,41750.0,10649.0,2631.0,10721.0,898.0,79.0,1675.0,4832.0,1205.0,3524.0,4832.0,827.0,10905.0,4867.0,5329.0,5.0,426.0,100.0,24.706545215513195,8.376084320492492,4.7164179104477615,24.93791390728477,17.115066225165563,48.86749197615772,3.90646492434663,0.0458505272810637
37189,51367.0,48636.0,12005.0,54379.0,5799.0,708.0,6102.0,21187.0,1495.0,18860.0,21187.0,875.0,54607.0,48547.0,889.0,116.0,3303.0,48.903597973597606,24.68336211859528,10.664043104875043,11.60275319567355,7.056213715957899,4.129890970878368,1.6279964107165747,6.048675078286666,0.2124269782262347
37191,58082.0,114923.0,19436.0,112473.0,13627.0,1812.0,15013.0,46888.0,4681.0,41605.0,46888.0,3309.0,117606.0,60037.0,35566.0,110.0,15495.0,53.58850451279691,16.912193381655545,12.11579668009211,12.069539732232066,9.983364613547176,7.057242791332537,30.24165433736374,13.175348196520586,0.0935326428923694
37193,50438.0,64649.0,10623.0,64965.0,7374.0,979.0,9565.0,26975.0,3193.0,23299.0,26975.0,1591.0,65983.0,56783.0,2461.0,132.0,4785.0,69.84947475329321,16.43180869000294,11.35072731470792,10.235232618923158,11.836886005560704,5.89805375347544,3.729748571601776,7.251867905369565,0.200051528423988
37195,51381.0,77254.0,16226.0,77645.0,9918.0,1434.0,10592.0,32860.0,4824.0,26855.0,32860.0,2819.0,78648.0,35211.0,30742.0,154.0,9354.0,37.94425264012997,21.00344318740777,12.773520510013524,13.538519637462237,14.680462568472306,8.578819233110165,39.088088699013326,11.89350015257858,0.1958091750584884
37197,60321.0,37017.0,5050.0,37026.0,4398.0,618.0,5659.0,14893.0,2011.0,12480.0,14893.0,807.0,37419.0,30723.0,1037.0,28.0,4510.0,100.0,13.642380527865576,11.878139685626318,10.92065735995759,13.50298798093064,5.418653058483852,2.7713193832010474,12.052700499746118,0.0748282957855634
37199,54961.0,18543.0,2763.0,18546.0,1749.0,356.0,2716.0,8188.0,1338.0,6592.0,8188.0,414.0,18676.0,17052.0,104.0,23.0,1051.0,100.0,14.900501536968129,9.430604982206406,13.107511045655375,16.340986809965802,5.056179775280899,0.5568644249303919,5.627543371171557,0.1231527093596059
38001,55417.0,2112.0,307.0,2112.0,171.0,7.0,301.0,1019.0,126.0,813.0,1019.0,96.0,2179.0,1917.0,15.0,28.0,98.0,100.0,14.535984848484848,8.096590909090908,2.3255813953488373,12.365063788027475,9.421000981354268,0.6883891693437356,4.497475906379073,1.2849931161083066
38003,70230.0,10189.0,1149.0,10562.0,511.0,53.0,1514.0,4852.0,748.0,3940.0,4852.0,233.0,10794.0,9724.0,137.0,207.0,215.0,39.67566571454897,11.27686720973599,4.838098844915736,3.500660501981506,15.416323165704863,4.802143446001649,1.2692236427644987,1.9918473225866224,1.9177320733740968
38005,68049.0,5832.0,1295.0,5844.0,451.0,68.0,692.0,1922.0,314.0,1572.0,1922.0,163.0,5861.0,2500.0,32.0,2976.0,98.0,100.0,22.20507544581619,7.717316906228611,9.826589595375722,16.337148803329864,8.480749219562956,0.5459819143490872,1.6720696126940795,50.77631803446511
38007,81250.0,941.0,122.0,948.0,38.0,0.0,118.0,372.0,33.0,295.0,372.0,6.0,948.0,913.0,0.0,0.0,35.0,100.0,12.964930924548351,4.008438818565401,0.0,8.870967741935484,1.6129032258064515,0.0,3.691983122362869,0.0
38009,83460.0,6092.0,460.0,6254.0,471.0,55.0,917.0,2695.0,193.0,2459.0,2695.0,52.0,6390.0,5729.0,27.0,286.0,156.0,100.0,7.550886408404465,7.531180044771347,5.997818974918212,7.161410018552876,1.9294990723562155,0.4225352112676056,2.4413145539906105,4.475743348982785
38011,83773.0,2863.0,272.0,2874.0,223.0,8.0,395.0,1237.0,100.0,1106.0,1237.0,44.0,2935.0,2707.0,0.0,17.0,137.0,100.0,9.500523925951798,7.759220598469033,2.0253164556962027,8.084074373484237,3.556992724333064,0.0,4.6678023850085175,0.5792163543441227
38013,96339.0,2163.0,111.0,2162.0,96.0,21.0,316.0,931.0,53.0,853.0,931.0,26.0,2163.0,1977.0,16.0,22.0,19.0,100.0,5.131761442441055,4.440333024976873,6.6455696202531644,5.692803437164339,2.7926960257787323,0.7397133610725843,0.878409616273694,1.0171058714748036
38015,84948.0,94986.0,7801.0,96758.0,4545.0,345.0,12212.0,40361.0,3403.0,35790.0,40361.0,2311.0,98986.0,84828.0,1749.0,3635.0,3244.0,24.307826687521583,8.212789253153096,4.697286012526096,2.8250900753357358,8.431406555833602,5.725824434478828,1.7669165336512234,3.277231123593235,3.6722364778857615
38017,75023.0,183526.0,18980.0,187291.0,10694.0,762.0,18479.0,81668.0,4106.0,72789.0,81668.0,5381.0,189286.0,155875.0,12248.0,1541.0,6576.0,9.09470261482184,10.341858919172216,5.709831225205696,4.123599761891877,5.027673017583386,6.588872018416025,6.470631742442653,3.474107963610621,0.8141119786989001
38019,67064.0,3555.0,273.0,3571.0,125.0,61.0,539.0,1539.0,189.0,1290.0,1539.0,63.0,3663.0,3400.0,0.0,50.0,97.0,100.0,7.679324894514768,3.5004200504060488,11.317254174397032,12.280701754385966,4.093567251461988,0.0,2.648102648102648,1.365001365001365
38021,63125.0,4668.0,503.0,4830.0,385.0,47.0,653.0,1953.0,261.0,1595.0,1953.0,18.0,4959.0,4512.0,14.0,58.0,194.0,100.0,10.775492716366752,7.971014492753623,7.197549770290965,13.36405529953917,0.9216589861751152,0.2823149828594474,3.9120790481952006,1.1695906432748535
38023,89297.0,2103.0,153.0,2103.0,175.0,47.0,330.0,935.0,77.0,850.0,935.0,34.0,2174.0,1853.0,77.0,16.0,121.0,100.0,7.275320970042796,8.321445553970518,14.242424242424242,8.235294117647058,3.636363636363636,3.5418583256669733,5.565777368905244,0.7359705611775529
38025,94688.0,3974.0,288.0,3976.0,686.0,91.0,623.0,1513.0,119.0,1310.0,1513.0,20.0,4043.0,3236.0,22.0,414.0,151.0,100.0,7.247106190236537,17.253521126760564,14.606741573033707,7.865168539325842,1.3218770654329148,0.5441503833786792,3.7348503586445703,10.239920850853329
38027,55389.0,2218.0,283.0,2243.0,130.0,45.0,361.0,1142.0,156.0,973.0,1142.0,72.0,2319.0,2065.0,0.0,87.0,91.0,100.0,12.759242560865644,5.7958091841284,12.465373961218836,13.660245183887916,6.304728546409807,0.0,3.924105217766279,3.7516170763260015
38029,67368.0,3187.0,268.0,3196.0,209.0,54.0,548.0,1516.0,286.0,1165.0,1516.0,66.0,3269.0,3080.0,2.0,31.0,31.0,100.0,8.409162221524944,6.539424280350438,9.854014598540148,18.86543535620053,4.353562005277045,0.061180789232181,0.948302233098807,0.948302233098807
38031,83412.0,3279.0,299.0,3277.0,155.0,21.0,493.0,1515.0,138.0,1363.0,1515.0,97.0,3372.0,3168.0,12.0,8.0,28.0,100.0,9.11863372979567,4.7299359169972535,4.259634888438134,9.108910891089108,6.402640264026402,0.3558718861209964,0.830367734282325,0.2372479240806643
38033,76528.0,1655.0,298.0,1666.0,38.0,17.0,289.0,663.0,55.0,565.0,663.0,23.0,1679.0,1513.0,1.0,0.0,27.0,100.0,18.006042296072508,2.2809123649459786,5.882352941176471,8.295625942684767,3.469079939668175,0.0595592614651578,1.6081000595592614,0.0
38035,68450.0,68306.0,9496.0,70508.0,3468.0,210.0,7168.0,31045.0,2003.0,27177.0,31045.0,1999.0,72764.0,59797.0,2481.0,1251.0,3783.0,19.22782561158945,13.902146224343396,4.918590798207296,2.9296875,6.451924625543565,6.43904010307618,3.409653125171788,5.198999505249849,1.719256775328459
38037,56750.0,2230.0,389.0,2233.0,112.0,22.0,352.0,1072.0,195.0,860.0,1072.0,44.0,2276.0,2119.0,2.0,31.0,21.0,100.0,17.443946188340806,5.015673981191223,6.25,18.19029850746269,4.104477611940299,0.0878734622144112,0.922671353251318,1.3620386643233744
38039,64737.0,2258.0,228.0,2262.0,130.0,16.0,369.0,946.0,106.0,801.0,946.0,50.0,2340.0,2207.0,27.0,9.0,30.0,100.0,10.097431355181577,5.747126436781609,4.336043360433604,11.20507399577167,5.2854122621564485,1.1538461538461535,1.2820512820512822,0.3846153846153846
38041,70827.0,2312.0,215.0,2308.0,123.0,27.0,372.0,1107.0,146.0,915.0,1107.0,28.0,2453.0,2325.0,8.0,56.0,3.0,100.0,9.299307958477508,5.329289428076256,7.258064516129032,13.188798554652212,2.5293586269196027,0.3261312678353037,0.1222992254382388,2.282918874847126
38043,61850.0,2350.0,243.0,2374.0,81.0,25.0,377.0,1129.0,233.0,833.0,1129.0,5.0,2374.0,2248.0,5.0,23.0,69.0,100.0,10.340425531914894,3.4119629317607414,6.63129973474801,20.637732506643047,0.4428697962798937,0.2106149957877,2.906486941870261,0.9688289806234204
38045,70263.0,3980.0,430.0,4035.0,223.0,27.0,598.0,1712.0,189.0,1489.0,1712.0,58.0,4107.0,3930.0,5.0,18.0,82.0,100.0,10.804020100502512,5.526641883519207,4.51505016722408,11.039719626168225,3.38785046728972,0.1217433649866082,1.9965911857803749,0.4382761139517896
38047,61339.0,1779.0,204.0,1779.0,53.0,13.0,300.0,773.0,148.0,616.0,773.0,25.0,1848.0,1713.0,1.0,1.0,58.0,100.0,11.467116357504215,2.9792017987633503,4.333333333333333,19.146183699870637,3.2341526520051747,0.0541125541125541,3.1385281385281387,0.0541125541125541
38049,80614.0,5199.0,511.0,5189.0,380.0,67.0,792.0,2265.0,304.0,1843.0,2265.0,107.0,5264.0,4971.0,37.0,29.0,115.0,100.0,9.8288132333141,7.323183657737522,8.45959595959596,13.421633554083884,4.7240618101545255,0.702887537993921,2.184650455927052,0.5509118541033434
38051,64236.0,2408.0,372.0,2403.0,160.0,13.0,427.0,1191.0,215.0,955.0,1191.0,90.0,2512.0,2322.0,2.0,20.0,74.0,100.0,15.448504983388704,6.658343736995422,3.0444964871194378,18.05205709487825,7.556675062972292,0.0796178343949044,2.945859872611465,0.7961783439490446
38053,88289.0,14065.0,1801.0,14152.0,1907.0,287.0,1358.0,5910.0,444.0,5060.0,5910.0,290.0,14280.0,10643.0,306.0,1057.0,1602.0,54.52257889009793,12.804834696054035,13.475127190503107,21.1340206185567,7.512690355329949,4.906937394247039,2.142857142857143,11.218487394957982,7.401960784313726
38055,81847.0,9654.0,806.0,9661.0,539.0,73.0,1536.0,4261.0,368.0,3586.0,4261.0,157.0,9807.0,8674.0,16.0,575.0,194.0,100.0,8.34887093432774,5.579132594969465,4.752604166666667,8.636470312133302,3.684581084252523,0.1631487712858162,1.978178851840522,5.863158968084021
38057,79405.0,8156.0,869.0,8148.0,654.0,107.0,1324.0,3594.0,349.0,3172.0,3594.0,89.0,8341.0,7548.0,50.0,236.0,225.0,100.0,10.65473271211378,8.026509572901325,8.081570996978853,9.710628825820812,2.4763494713411243,0.5994485073732166,2.697518283179475,2.8293969548015827
38059,79483.0,32771.0,2297.0,32818.0,1587.0,338.0,4159.0,13529.0,1042.0,12121.0,13529.0,369.0,33479.0,29273.0,582.0,1137.0,1413.0,28.8906911777958,7.009245979677154,4.835760862941069,8.12695359461409,7.701973538325079,2.727474314435657,1.738403178111652,4.2205561695391145,3.3961587861047224
38061,81292.0,9455.0,1244.0,9490.0,1552.0,199.0,1168.0,3839.0,334.0,3312.0,3839.0,192.0,9567.0,5528.0,192.0,2721.0,788.0,100.0,13.157059756742465,16.354056902002107,17.03767123287671,8.700182339150821,5.001302422505861,2.0068987143305117,8.236646806731473,28.441517717152717
38063,68051.0,2893.0,288.0,2913.0,138.0,18.0,526.0,1295.0,183.0,1028.0,1295.0,41.0,3015.0,2792.0,0.0,26.0,86.0,100.0,9.955063947459385,4.737384140061792,3.4220532319391634,14.13127413127413,3.166023166023166,0.0,2.8524046434494195,0.8623548922056384
38065,76953.0,1820.0,86.0,1821.0,54.0,25.0,306.0,727.0,84.0,623.0,727.0,21.0,1821.0,1674.0,0.0,0.0,55.0,100.0,4.725274725274725,2.9654036243822075,8.169934640522875,11.55433287482806,2.8885832187070157,0.0,3.020318506315212,0.0
38067,66884.0,6619.0,576.0,6608.0,421.0,31.0,1026.0,2959.0,437.0,2500.0,2959.0,89.0,6787.0,6043.0,65.0,79.0,270.0,100.0,8.702220879286902,6.371065375302663,3.021442495126706,14.768502872592093,3.0077728962487327,0.9577132753794018,3.9781936054221303,1.1639899808457346
38069,63214.0,3803.0,463.0,3812.0,331.0,63.0,547.0,1840.0,167.0,1632.0,1840.0,38.0,3961.0,3688.0,11.0,136.0,42.0,100.0,12.17459900078885,8.683105981112277,11.517367458866543,9.076086956521738,2.065217391304348,0.2777076495834385,1.0603382984094925,3.433476394849785
38071,61319.0,11070.0,1800.0,11188.0,896.0,68.0,1547.0,5185.0,628.0,4248.0,5185.0,657.0,11563.0,9450.0,87.0,1094.0,320.0,35.4330030159414,16.260162601626018,8.008580622095101,4.395604395604396,12.11186113789778,12.671166827386692,0.752399896220704,2.767447894145118,9.461212488108622
38073,74521.0,5449.0,593.0,5443.0,218.0,10.0,789.0,2305.0,256.0,1954.0,2305.0,99.0,5662.0,5235.0,49.0,12.0,152.0,100.0,10.882730776289227,4.005144221936432,1.267427122940431,11.106290672451191,4.295010845986985,0.8654185800070646,2.684563758389262,0.2119392440833627
38075,76311.0,2212.0,158.0,2176.0,129.0,16.0,346.0,922.0,38.0,857.0,922.0,25.0,2277.0,2189.0,0.0,0.0,21.0,100.0,7.142857142857143,5.928308823529412,4.624277456647399,4.121475054229935,2.7114967462039044,0.0,0.922266139657444,0.0
38077,72524.0,15256.0,1582.0,16377.0,1069.0,206.0,2198.0,6764.0,618.0,5986.0,6764.0,456.0,16550.0,14742.0,152.0,362.0,610.0,52.18101518543167,10.369690613529103,6.5274470293704585,9.372156505914468,9.136605558840923,6.741573033707865,0.918429003021148,3.685800604229607,2.187311178247734
38079,57355.0,11644.0,2920.0,11965.0,2896.0,558.0,1447.0,3686.0,425.0,3187.0,3686.0,304.0,12065.0,2219.0,24.0,9242.0,128.0,100.0,25.07729302645139,24.20392812369411,38.56254319281272,11.530113944655453,8.24742268041237,0.1989225031081641,1.0609200165768753,76.6017405719022
38081,77697.0,3773.0,297.0,3766.0,153.0,21.0,579.0,1734.0,164.0,1514.0,1734.0,50.0,3822.0,3458.0,94.0,7.0,110.0,100.0,7.871720116618076,4.062665958576739,3.626943005181347,9.457900807381776,2.883506343713956,2.4594453165881736,2.8780743066457357,0.1831501831501831
38083,67361.0,1322.0,113.0,1322.0,87.0,12.0,175.0,676.0,63.0,565.0,676.0,21.0,1327.0,1268.0,0.0,11.0,5.0,100.0,8.547655068078669,6.580937972768533,6.857142857142857,9.319526627218934,3.106508875739645,0.0,0.3767897513187641,0.8289374529012811
38085,41676.0,3720.0,1590.0,3756.0,913.0,97.0,426.0,1067.0,230.0,811.0,1067.0,149.0,3789.0,461.0,7.0,3173.0,38.0,100.0,42.74193548387097,24.307774227902023,22.769953051643192,21.555763823805066,13.964386129334583,0.1847453153866455,1.0029031406703617,83.74241224597519
38087,62500.0,795.0,51.0,795.0,23.0,4.0,172.0,340.0,62.0,271.0,340.0,3.0,795.0,746.0,0.0,5.0,1.0,100.0,6.415094339622642,2.893081761006289,2.3255813953488373,18.235294117647054,0.8823529411764706,0.0,0.1257861635220125,0.6289308176100629
38089,80744.0,32184.0,3538.0,32798.0,2465.0,325.0,3775.0,13217.0,1153.0,11688.0,13217.0,828.0,33116.0,28265.0,777.0,351.0,2304.0,23.693752600606317,10.993040019885658,7.51570217696201,8.609271523178808,8.72361352803208,6.264659151093289,2.346297862060635,6.957362000241576,1.0599106172243025
38091,80313.0,1731.0,230.0,1731.0,67.0,3.0,233.0,731.0,144.0,556.0,731.0,7.0,1731.0,1624.0,5.0,9.0,45.0,100.0,13.287117273252456,3.870595031773541,1.2875536480686696,19.699042407660738,0.957592339261286,0.2888503755054881,2.599653379549393,0.5199306759098787
38093,60172.0,19863.0,2469.0,20634.0,1088.0,167.0,2959.0,9295.0,1166.0,7962.0,9295.0,528.0,21525.0,19456.0,447.0,253.0,635.0,29.574399110822952,12.430146503549311,5.272850634874479,5.643798580601555,12.544378698224852,5.680473372781065,2.076655052264808,2.950058072009292,1.1753774680603948
38095,63017.0,2059.0,237.0,2082.0,110.0,17.0,415.0,958.0,142.0,801.0,958.0,28.0,2113.0,1782.0,11.0,137.0,79.0,100.0,11.510441962117532,5.283381364073007,4.096385542168675,14.822546972860126,2.922755741127349,0.5205868433506863,3.738760056791292,6.483672503549456
38097,88289.0,7529.0,523.0,7732.0,397.0,57.0,1126.0,3316.0,526.0,2692.0,3316.0,173.0,7980.0,7201.0,69.0,72.0,299.0,100.0,6.946473635276929,5.134505949301603,5.062166962699823,15.86248492159228,5.217129071170085,0.8646616541353384,3.7468671679197993,0.9022556390977444
38099,69976.0,10292.0,1081.0,10249.0,769.0,73.0,1598.0,4450.0,676.0,3678.0,4450.0,177.0,10488.0,8580.0,92.0,160.0,1332.0,100.0,10.503303536727556,7.503171041077178,4.568210262828536,15.191011235955056,3.97752808988764,0.8771929824561403,12.700228832951945,1.5255530129672006
38101,79273.0,67484.0,5255.0,64470.0,3918.0,237.0,7410.0,28290.0,1663.0,25352.0,28290.0,1187.0,69232.0,56026.0,2697.0,838.0,4800.0,27.1657203335288,7.787030999940726,6.077245230339693,3.19838056680162,5.878402262283492,4.195828914810887,3.895597411601572,6.933210076265311,1.2104229258146522
38103,61346.0,3853.0,405.0,3860.0,195.0,55.0,645.0,1808.0,191.0,1467.0,1808.0,119.0,3942.0,3769.0,0.0,18.0,50.0,100.0,10.511289903970932,5.051813471502591,8.527131782945736,10.5641592920354,6.581858407079646,0.0,1.2683916793505834,0.45662100456621
38105,90224.0,38886.0,3406.0,39044.0,4569.0,444.0,3734.0,15308.0,989.0,13612.0,15308.0,1054.0,39368.0,30191.0,2059.0,785.0,3806.0,27.936507936507937,8.758936378130947,11.702182153467882,11.890733797536154,6.46067415730337,6.885288737914816,5.230136151188783,9.66775045722414,1.994005283478968
39001,49521.0,27094.0,5508.0,27273.0,2125.0,412.0,3871.0,10230.0,1566.0,8442.0,10230.0,759.0,27510.0,26387.0,91.0,35.0,245.0,100.0,20.329224182475823,7.791588750779159,10.643244639628003,15.30791788856305,7.419354838709677,0.3307888040712468,0.8905852417302799,0.1272264631043257
39003,62001.0,97786.0,12815.0,99436.0,6261.0,1235.0,13234.0,40928.0,4027.0,35972.0,40928.0,3185.0,101685.0,80958.0,10765.0,80.0,3501.0,30.975676574760776,13.10514797619291,6.296512329538598,9.332023575638509,9.83922986708366,7.781958561376075,10.586615528347346,3.442985691104883,0.0786743374145645
39005,64991.0,50716.0,6988.0,51693.0,4462.0,418.0,7176.0,20654.0,2281.0,17803.0,20654.0,1432.0,52296.0,49291.0,598.0,34.0,886.0,63.38017427116899,13.778689171070274,8.631729634573347,5.8249721293199554,11.043865595042124,6.933281688776992,1.1434908979654277,1.694202233440416,0.0650145326602417
39007,55507.0,94199.0,17208.0,94408.0,8955.0,916.0,13823.0,38959.0,4310.0,33409.0,38959.0,3058.0,97343.0,84865.0,3621.0,46.0,4673.0,51.98720970750405,18.26770984829988,9.485424963986103,6.626636764812269,11.062912292409967,7.849277445519649,3.719836043680593,4.800550630245627,0.0472555807813607
39009,53837.0,53885.0,11914.0,60984.0,3518.0,549.0,7063.0,22722.0,1992.0,19345.0,22722.0,1629.0,61573.0,54895.0,1526.0,38.0,1380.0,48.69696144543576,22.11004917880672,5.768726223271678,7.772901033555146,8.766833905466068,7.169263269078426,2.478359020999464,2.2412421028697644,0.0617153622529355
39011,76454.0,45601.0,3408.0,45701.0,1777.0,456.0,6361.0,18951.0,1929.0,16605.0,18951.0,744.0,46209.0,43789.0,410.0,12.0,828.0,38.70578604971781,7.473520317536896,3.888317542285727,7.168684169155793,10.178882380877,3.925914199778376,0.8872730420480859,1.7918587288190613,0.0259689670843342
39013,58411.0,62167.0,8872.0,62526.0,3759.0,499.0,9563.0,26450.0,3684.0,22169.0,26450.0,1804.0,65982.0,60091.0,2031.0,35.0,837.0,61.50954178383987,14.271237151543424,6.011899049995202,5.218027815539057,13.928166351606803,6.8204158790170135,3.0781122124215696,1.2685277803037192,0.0530447697856991
39015,69990.0,43065.0,7498.0,43173.0,2839.0,551.0,6473.0,17145.0,2613.0,14168.0,17145.0,1020.0,43710.0,41592.0,338.0,9.0,529.0,95.79631834417071,17.41089051433879,6.575869177495194,8.512281785879809,15.240594925634296,5.94925634295713,0.773278425989476,1.2102493708533515,0.0205902539464653
39017,81194.0,378278.0,44346.0,386010.0,24351.0,2701.0,49400.0,145232.0,9807.0,132380.0,145232.0,6618.0,389910.0,295873.0,32017.0,109.0,25823.0,9.610689701990742,11.723124263108083,6.308385793114168,5.467611336032388,6.752644045389446,4.556846975873086,8.211382113821138,6.622810392141776,0.0279551691415967
39019,64675.0,26271.0,3274.0,26495.0,2428.0,326.0,4250.0,11476.0,2050.0,8925.0,11476.0,763.0,26731.0,25360.0,195.0,0.0,337.0,100.0,12.462411023562105,9.163993206265332,7.670588235294118,17.86336702683862,6.648658069013593,0.7294901051213947,1.2607085406456924,0.0
39021,74239.0,38183.0,3131.0,38356.0,1946.0,309.0,5635.0,15512.0,1446.0,13690.0,15512.0,741.0,38772.0,35696.0,661.0,71.0,683.0,70.6178643384822,8.199984286200666,5.073521743664616,5.483584738243123,9.321815368746776,4.776946879834966,1.7048385432786548,1.7615805220262044,0.1831218405034561
39023,60846.0,132172.0,20582.0,133811.0,9067.0,1055.0,18515.0,55325.0,4503.0,49543.0,55325.0,3933.0,135445.0,111574.0,11087.0,48.0,5481.0,25.38510746244513,15.572133280876434,6.775975069314182,5.698082635700783,8.139177586985992,7.108901943063715,8.185610395363431,4.046661006312525,0.0354387389715382
39025,83178.0,207559.0,18343.0,208305.0,11932.0,1660.0,29612.0,84334.0,5409.0,77469.0,84334.0,3907.0,209862.0,191667.0,3116.0,73.0,5131.0,26.269289217213725,8.837487172322087,5.72813902690766,5.605835472105903,6.41378329025067,4.6327697014252855,1.4847852398242656,2.444940008195862,0.0347847633206583
39027,68125.0,40731.0,6018.0,41720.0,2584.0,374.0,5821.0,16534.0,1683.0,14390.0,16534.0,671.0,42014.0,38701.0,750.0,23.0,869.0,70.14136798514922,14.774987110554614,6.193672099712368,6.425012884384127,10.179025039312933,4.058304100641103,1.7851192459656304,2.0683581663255106,0.0547436568762793
39029,58474.0,97788.0,13547.0,98087.0,6720.0,1419.0,14980.0,41375.0,4650.0,35387.0,41375.0,2983.0,101203.0,93633.0,1864.0,36.0,1871.0,55.49731539012731,13.853438049658443,6.851060792969506,9.472630173564752,11.238670694864048,7.209667673716012,1.841842633123524,1.8487594241277432,0.0355720680216989
39031,54687.0,36062.0,6776.0,36368.0,3952.0,433.0,5098.0,14860.0,2588.0,11935.0,14860.0,1586.0,36679.0,34708.0,257.0,40.0,94.0,66.31159182781602,18.78986190449781,10.866695996480422,8.49352687328364,17.415881561238223,10.672947510094213,0.7006734098530494,0.2562774339540336,0.1090542272144824
39033,55477.0,41017.0,5416.0,41274.0,2609.0,273.0,5798.0,18120.0,1679.0,15922.0,18120.0,859.0,41767.0,39425.0,354.0,7.0,724.0,34.084473527662105,13.20428115171758,6.321170712797403,4.708520179372197,9.266004415011038,4.7406181015452535,0.8475590777408002,1.733425910407738,0.0167596427801853
39035,62823.0,1224797.0,198469.0,1234811.0,68133.0,8676.0,171465.0,554173.0,54843.0,483697.0,554173.0,67290.0,1249418.0,712578.0,357473.0,944.0,84864.0,0.5655363582241542,16.204236293851146,5.517686512348853,5.059924765987228,9.896368101657783,12.142417620490352,28.61116135672769,6.79228248672582,0.0755551784911054
39037,64654.0,50979.0,5721.0,51094.0,3341.0,304.0,7235.0,21332.0,2785.0,18162.0,21332.0,971.0,51655.0,49111.0,283.0,22.0,924.0,71.72953489716852,11.222267992702877,6.538928249892355,4.201796821008984,13.05550346896681,4.551846990436903,0.547865647081599,1.7887910173264931,0.0425902623172974
39039,73615.0,37422.0,3731.0,37940.0,3352.0,485.0,5027.0,15376.0,1433.0,13506.0,15376.0,739.0,38258.0,32612.0,553.0,40.0,4096.0,53.573107663375644,9.970071081182192,8.835002635740643,9.647901332802864,9.319719042663891,4.806191467221644,1.4454493177897434,10.706257514768152,0.1045532960426577
39041,130088.0,218562.0,11029.0,220286.0,9969.0,1487.0,26613.0,80455.0,2288.0,77030.0,80455.0,2173.0,221160.0,177829.0,9067.0,80.0,7373.0,20.329341876669595,5.046165390141013,4.5254805116984285,5.587494833352121,2.843825741097508,2.700888695544093,4.0997467896545485,3.3337854946644963,0.0361729064930367
39043,68431.0,73666.0,9228.0,73722.0,3951.0,643.0,11190.0,32122.0,2785.0,27741.0,32122.0,2142.0,74938.0,60555.0,6218.0,85.0,3299.0,28.18888683187432,12.526810197377351,5.359322861560999,5.7462019660411086,8.670070356764834,6.668327003299919,8.297525954789293,4.402305906215805,0.1134270997357815
39045,87069.0,157583.0,12903.0,158001.0,9931.0,1234.0,20885.0,59979.0,4039.0,54702.0,59979.0,2299.0,161289.0,132227.0,14297.0,80.0,4294.0,35.58938088735913,8.18806597158323,6.285403256941412,5.908546803926263,6.734023574917888,3.833008219543507,8.864212686544029,2.662301830875013,0.0496004067233351
39047,60047.0,28308.0,4541.0,28574.0,2224.0,319.0,3921.0,11635.0,1162.0,10015.0,11635.0,681.0,28880.0,26264.0,712.0,1.0,699.0,48.08814894131464,16.041401723894307,7.783299503044726,8.135679673552666,9.987107864202835,5.853029651912333,2.465373961218837,2.420360110803324,0.0034626038781163
39049,73795.0,1292184.0,187832.0,1313408.0,110219.0,12137.0,145735.0,547922.0,27904.0,511073.0,547922.0,39713.0,1321635.0,780620.0,301697.0,732.0,93630.0,1.372632113291439,14.536010351466974,8.391832545560861,8.328129824681785,5.092695675661864,7.247929449812199,22.82755828954288,7.084406814286849,0.0553859424122393
39051,72866.0,41948.0,3640.0,42044.0,2380.0,224.0,6072.0,16881.0,1337.0,15011.0,16881.0,425.0,42434.0,37203.0,158.0,16.0,3873.0,82.15297450424929,8.677410126823686,5.660736371420417,3.689064558629776,7.920146910728038,2.5176233635448138,0.372342932554084,9.127115049252955,0.0377056134231983
39053,56455.0,28495.0,4219.0,28784.0,3002.0,558.0,3988.0,11305.0,2190.0,8606.0,11305.0,955.0,29162.0,26873.0,569.0,0.0,300.0,80.36618754277892,14.80610633444464,10.42940522512507,13.99197592778335,19.37195931003981,8.447589562140646,1.9511693299499349,1.0287360263356422,0.0
39055,100783.0,94505.0,5490.0,94669.0,8182.0,817.0,14550.0,35587.0,3838.0,30939.0,35587.0,3010.0,95479.0,88951.0,897.0,32.0,1775.0,78.5538329297567,5.809216443574414,8.642744721080819,5.615120274914089,10.784837159636949,8.458144828167589,0.9394736015249426,1.8590475392494683,0.0335152232428073
39057,85218.0,161157.0,15757.0,164824.0,8434.0,1308.0,22253.0,67478.0,3691.0,62305.0,67478.0,3022.0,168531.0,137754.0,9719.0,126.0,5418.0,22.42477644285153,9.777422017039283,5.116973256321895,5.877859165056397,5.469930940454667,4.478496695219183,5.766891551109292,3.214838813037364,0.0747636933264503
39059,55756.0,37822.0,5965.0,37940.0,3811.0,581.0,5518.0,16247.0,2106.0,13720.0,16247.0,1209.0,38283.0,35755.0,617.0,16.0,491.0,62.46682969977626,15.771244249378668,10.044807590933052,10.529177238129757,12.962393057179789,7.441373792084692,1.6116814251756657,1.2825536138756106,0.0417940077841339
39061,70816.0,809231.0,120229.0,818543.0,47650.0,5629.0,104406.0,352181.0,25063.0,318283.0,352181.0,36729.0,827878.0,521063.0,206456.0,368.0,37415.0,2.3820215520821924,14.857191580648788,5.821319099912894,5.391452598509664,7.116511112183792,10.429012354442744,24.93797395268385,4.519385706589619,0.0444509939870367
39063,69699.0,72990.0,7497.0,74086.0,3434.0,515.0,9752.0,31618.0,2378.0,28489.0,31618.0,1571.0,74885.0,65545.0,1347.0,53.0,4389.0,31.808595835557927,10.27127003699137,4.63515374024782,5.280968006562756,7.521032323360111,4.968688721614271,1.7987580957468117,5.860986846497964,0.0707751886225545
39065,58001.0,28330.0,5153.0,30351.0,3619.0,374.0,3685.0,11711.0,1435.0,9918.0,11711.0,934.0,30527.0,28378.0,344.0,41.0,701.0,56.4242898097472,18.189198729262262,11.923824585680867,10.149253731343284,12.253436939629408,7.975407736316284,1.1268712942640942,2.2963278409277037,0.1343073344907786
39067,53851.0,14144.0,2060.0,14116.0,1795.0,300.0,2397.0,5921.0,981.0,4866.0,5921.0,389.0,14408.0,13549.0,411.0,1.0,162.0,100.0,14.56447963800905,12.716066874468687,12.515644555694616,16.568147272420198,6.569836176321568,2.8525818989450307,1.124375347029428,0.00694058856191
39069,79267.0,27190.0,2292.0,27226.0,1456.0,132.0,3719.0,11226.0,1051.0,9868.0,11226.0,405.0,27581.0,24190.0,169.0,34.0,2232.0,67.94158050755549,8.429569694740714,5.347829280834496,3.549341220758268,9.362194904685552,3.607696419027258,0.6127406547985932,8.092527464558936,0.1232732678293027
39071,62008.0,42780.0,6169.0,42956.0,3825.0,420.0,5895.0,16814.0,2919.0,13581.0,16814.0,1228.0,43403.0,41055.0,509.0,33.0,492.0,73.71932497633723,14.420289855072465,8.904460378061271,7.124681933842239,17.360532889258952,7.303437611514214,1.1727299956224224,1.1335621961615556,0.0760316107181531
39073,61366.0,27640.0,4723.0,27759.0,1759.0,301.0,4260.0,11565.0,1348.0,9943.0,11565.0,570.0,27938.0,26306.0,102.0,9.0,260.0,70.6096256684492,17.087554269175108,6.336683598112324,7.065727699530516,11.655858192823173,4.9286640726329445,0.365094137017682,0.9306321139666404,0.0322141885603837
39075,74774.0,43496.0,3831.0,43546.0,18399.0,1425.0,4749.0,13326.0,4768.0,8290.0,13326.0,4343.0,44312.0,43163.0,70.0,46.0,469.0,100.0,8.807706455766047,42.25187158407201,30.00631711939356,35.779678823352846,32.590424733603484,0.1579707528434735,1.0584040440512728,0.1038093518685683
39077,65972.0,57747.0,6904.0,57922.0,4017.0,420.0,7953.0,23432.0,2380.0,20457.0,23432.0,1021.0,58412.0,51392.0,368.0,29.0,4177.0,51.42661999487749,11.95559942507836,6.935188702047581,5.281026027913994,10.1570501877774,4.357289177193581,0.6300075326987605,7.150927891529138,0.0496473327398479
39079,58409.0,32037.0,5659.0,32277.0,2089.0,168.0,4347.0,12672.0,1934.0,10439.0,12672.0,953.0,32588.0,31146.0,324.0,118.0,318.0,64.23912044835085,17.663951056590818,6.472100876785327,3.864734299516908,15.26199494949495,7.5205176767676765,0.9942310052780164,0.9758193199950902,0.3620964772308825
39081,56983.0,62623.0,10603.0,64081.0,3405.0,655.0,9479.0,27127.0,3647.0,22890.0,27127.0,2442.0,64855.0,57636.0,3484.0,27.0,1180.0,39.27416512130454,16.93147884962394,5.313587490831916,6.910011604599641,13.444170015114093,9.002101227559258,5.37198365584766,1.819443373679747,0.0416313314316552
39083,73988.0,59148.0,6530.0,62177.0,6992.0,861.0,8595.0,23435.0,2538.0,20504.0,23435.0,1577.0,62888.0,58623.0,581.0,10.0,1233.0,69.71827617544363,11.040102792993846,11.245315792013123,10.017452006980802,10.829955195220824,6.729251120119479,0.9238646482635796,1.960628418776237,0.0159012848238137
39085,77952.0,229009.0,18731.0,230131.0,11285.0,1693.0,35061.0,100319.0,6552.0,92001.0,100319.0,5098.0,232101.0,197296.0,10665.0,175.0,11833.0,7.510221278315413,8.179154531044631,4.903728745801304,4.828727075668121,6.531165581794077,5.081789092793987,4.594982356818798,5.098211554452588,0.0753982102619118
39087,54842.0,56514.0,9902.0,56830.0,2885.0,557.0,8062.0,22501.0,3092.0,19012.0,22501.0,1420.0,57385.0,53816.0,959.0,23.0,616.0,45.27815934065934,17.52132215026365,5.076544078831603,6.9089555941453735,13.741611483934047,6.3108306297497885,1.67116842380413,1.0734512503267404,0.0400801603206412
39089,81033.0,176361.0,17873.0,179019.0,9639.0,1298.0,24725.0,68305.0,4269.0,62802.0,68305.0,3646.0,180311.0,155445.0,7194.0,39.0,4223.0,33.780718018810326,10.134326750245236,5.384344678497813,5.249747219413549,6.24990849864578,5.337822999780396,3.98977322514988,2.342064544037801,0.0216292960496031
39091,69183.0,45667.0,5158.0,45803.0,2669.0,476.0,6820.0,19558.0,1696.0,17202.0,19558.0,1196.0,46140.0,42420.0,795.0,45.0,1044.0,55.63380281690141,11.2948080670944,5.827129227343187,6.979472140762463,8.67164331731261,6.115144697821863,1.7230169050715214,2.2626788036410925,0.0975292587776332
39093,70693.0,305901.0,39114.0,309141.0,16538.0,2149.0,43695.0,125856.0,10637.0,108967.0,125856.0,7036.0,314588.0,239348.0,22629.0,242.0,33992.0,14.263621374982426,12.78648974668275,5.349662451761494,4.918182858450623,8.451722603610476,5.5905161454360535,7.193217795974418,10.805243683802306,0.0769260111638079
39095,60095.0,419602.0,74739.0,424015.0,22570.0,2991.0,56237.0,182146.0,16130.0,160780.0,182146.0,16206.0,428748.0,285836.0,81967.0,241.0,32860.0,4.985172011621248,17.811878875696493,5.322924896524887,5.318562512225047,8.855533473147915,8.897258243387173,19.117756817524512,7.664175692947839,0.0562101747413399
39097,83229.0,39326.0,3809.0,39509.0,3021.0,433.0,5552.0,15361.0,1337.0,13753.0,15361.0,466.0,44126.0,38171.0,2064.0,80.0,1300.0,66.16009492515516,9.6857041143264,7.646359057429953,7.798991354466858,8.70386042575353,3.0336566629776707,4.677514390608711,2.9461088700539366,0.1812990073879345
39099,55576.0,221146.0,40423.0,222731.0,10794.0,1707.0,32479.0,98190.0,10382.0,85148.0,98190.0,8100.0,227063.0,168753.0,31396.0,129.0,14765.0,15.643398916951718,18.278874589637613,4.846204614535022,5.255703685458296,10.57337814441389,8.249312557286892,13.826999555189529,6.502600599833526,0.0568124265071808
39101,57306.0,59589.0,9145.0,59916.0,3190.0,527.0,7878.0,24524.0,2453.0,21399.0,24524.0,1844.0,65145.0,56426.0,3187.0,27.0,2034.0,34.686883214247466,15.346792193190018,5.324120435276053,6.68951510535669,10.00244658293916,7.519164899690099,4.892163634968148,3.1222657149435875,0.0414460050656228
39103,92660.0,181474.0,11133.0,181772.0,7406.0,994.0,26784.0,72500.0,4207.0,66416.0,72500.0,2944.0,183049.0,168080.0,2292.0,95.0,4803.0,34.059297418753765,6.13476310656072,4.074334881059789,3.7111708482676224,5.802758620689655,4.060689655172414,1.2521237482859782,2.6238875929395955,0.0518986719403001
39105,46701.0,21661.0,4775.0,21881.0,1545.0,204.0,3277.0,8875.0,1941.0,6636.0,8875.0,568.0,22072.0,21199.0,132.0,5.0,199.0,88.0279153534444,22.04422695166428,7.060920433252593,6.225205981080256,21.87042253521127,6.4,0.5980427691192461,0.9015947807176512,0.0226531351939108
39107,78036.0,41634.0,2555.0,41975.0,1574.0,211.0,5750.0,16278.0,1336.0,14734.0,16278.0,650.0,42438.0,40045.0,257.0,20.0,922.0,71.59518434913468,6.136811260027862,3.749851101846337,3.669565217391305,8.207396486054797,3.993119547856002,0.6055893303171686,2.172581177246807,0.0471275743437485
39109,74175.0,108428.0,9345.0,108437.0,5381.0,813.0,14783.0,44562.0,3188.0,40426.0,44562.0,2119.0,109549.0,99167.0,2168.0,22.0,2294.0,30.582676007134054,8.618622496034234,4.962328356557264,5.499560305756613,7.154077465104798,4.755172568556169,1.9790230855598865,2.0940401099051567,0.0200823375840947
39111,58962.0,13183.0,1995.0,13205.0,1036.0,148.0,1985.0,5510.0,968.0,4283.0,5510.0,503.0,13308.0,12700.0,70.0,5.0,24.0,98.66268210683602,15.133125995600397,7.845513063233623,7.455919395465995,17.568058076225046,9.12885662431942,0.5259993988578299,0.1803426510369702,0.0375713856327021
39113,64403.0,518197.0,77204.0,526710.0,34484.0,4409.0,69475.0,230149.0,19641.0,205421.0,230149.0,20507.0,535528.0,365542.0,109243.0,406.0,21691.0,5.523637236673869,14.898581041572992,6.547056254865106,6.346167686218064,8.534036645825095,8.910314622266444,20.399120120703305,4.050395124064475,0.0758130293840844
39115,55971.0,13551.0,1936.0,13593.0,891.0,298.0,2079.0,5633.0,1051.0,4360.0,5633.0,365.0,13758.0,12482.0,417.0,14.0,146.0,100.0,14.286768504169434,6.554844405208563,14.333814333814336,18.65790875199716,6.479673353452867,3.030963802878325,1.061200755923826,0.1017589765954353
39117,71047.0,34782.0,3781.0,34886.0,3103.0,742.0,5324.0,13449.0,1270.0,11937.0,13449.0,522.0,35214.0,33333.0,188.0,32.0,641.0,99.98855507868385,10.870565234891613,8.894685547210916,13.936889556724267,9.443081269982898,3.8813294668748606,0.5338785710228886,1.8202987448174024,0.090872948259215
39119,59203.0,84075.0,13148.0,85538.0,5083.0,685.0,11687.0,34243.0,3411.0,30047.0,34243.0,2421.0,86382.0,78276.0,2707.0,54.0,1111.0,51.04617521120241,15.638418079096043,5.942388178353481,5.861213313938564,9.961159945098268,7.070058114067109,3.1337547174179807,1.2861475770415132,0.0625130235465722
39121,55360.0,11999.0,1401.0,12004.0,860.0,123.0,2322.0,4587.0,1036.0,3459.0,4587.0,450.0,14252.0,13329.0,571.0,8.0,181.0,100.0,11.675972997749811,7.164278573808731,5.297157622739018,22.58556790930892,9.810333551340744,4.006455234353073,1.2699971933763683,0.0561324726354195
39123,75728.0,39546.0,3303.0,39710.0,1709.0,329.0,6729.0,18091.0,2075.0,15491.0,18091.0,611.0,40161.0,36507.0,425.0,39.0,2093.0,62.46655435536617,8.35229858898498,4.303701838327877,4.889285183533958,11.469791609087393,3.3773699629650102,1.0582405816588232,5.211523617439805,0.097109135728692
39125,68167.0,18582.0,1783.0,18708.0,1040.0,54.0,2798.0,7543.0,1084.0,6116.0,7543.0,293.0,18800.0,17054.0,149.0,23.0,1043.0,100.0,9.59530728662146,5.559119093435963,1.9299499642601856,14.370939944319236,3.884396128861196,0.7925531914893617,5.547872340425532,0.1223404255319148
39127,64737.0,34977.0,5141.0,35231.0,2878.0,536.0,5035.0,13349.0,1827.0,11244.0,13349.0,1088.0,35474.0,33977.0,80.0,24.0,288.0,80.45921825576141,14.69823026560311,8.168942124833244,10.645481628599802,13.686418458311485,8.150423252678102,0.2255172802616,0.8118622089417602,0.06765518407848
39129,72927.0,55117.0,6668.0,55507.0,3096.0,421.0,7356.0,21412.0,2176.0,18820.0,21412.0,1209.0,59407.0,54277.0,1717.0,67.0,1046.0,60.455422880472845,12.097900829145273,5.577674887851983,5.723219140837411,10.162525686530918,5.646366523444797,2.8902317908663964,1.7607352668877403,0.1127813220664231
39131,49552.0,26651.0,5309.0,26863.0,1509.0,300.0,3727.0,10816.0,1915.0,8526.0,10816.0,693.0,27080.0,25624.0,289.0,23.0,164.0,81.6560838747785,19.920453266293947,5.617391951755202,8.049369466058492,17.70525147928994,6.407174556213017,1.0672082717872968,0.6056129985228951,0.0849335302806499
39133,72822.0,154107.0,17567.0,160327.0,8359.0,1293.0,22555.0,64560.0,4378.0,57088.0,64560.0,4561.0,161421.0,140163.0,7478.0,77.0,3591.0,37.99593302470471,11.399222618051096,5.213719460851884,5.73265351363334,6.781288723667906,7.064745972738538,4.632606662082381,2.224617614808482,0.0477013523643144
39135,71237.0,40475.0,4553.0,40526.0,2091.0,247.0,5976.0,16742.0,1750.0,14356.0,16742.0,777.0,40802.0,38882.0,321.0,16.0,441.0,76.2579575111588,11.248919085855466,5.159650594679959,4.133199464524766,10.452753553936208,4.641022577947677,0.7867261408754472,1.0808293711092594,0.0392137640311749
39137,82785.0,33993.0,2427.0,34073.0,1224.0,152.0,4825.0,13173.0,1449.0,11459.0,13173.0,319.0,34352.0,31251.0,184.0,22.0,2264.0,84.2297756233491,7.139705233430412,3.592287148181845,3.150259067357513,10.999772261443862,2.4216199802626583,0.5356311131811831,6.590591523055426,0.0640428504890544
39139,57649.0,117888.0,16434.0,118700.0,8171.0,1150.0,16035.0,50068.0,5675.0,43448.0,50068.0,3579.0,125138.0,105310.0,9197.0,96.0,2757.0,33.65403086380227,13.94035016286645,6.88374052232519,7.171811661989398,11.33458496444835,7.148278341455621,7.349486167271332,2.203167702856047,0.0767153063018427
39141,59819.0,71490.0,12012.0,71669.0,4542.0,613.0,10211.0,29429.0,3096.0,25677.0,29429.0,1816.0,76748.0,68063.0,4094.0,113.0,1070.0,58.84580960657907,16.802349979018043,6.337468082434525,6.003329742434629,10.520235142206667,6.170783920622515,5.334340960025017,1.3941731380622295,0.1472351071037681
39143,62500.0,57801.0,7654.0,57892.0,3323.0,525.0,8345.0,24452.0,2515.0,21155.0,24452.0,1014.0,58770.0,48458.0,1760.0,86.0,6247.0,43.24741917957077,13.24198543277798,5.739998618116493,6.291192330736968,10.285457222313104,4.14690004907574,2.994725199931938,10.629572911349328,0.1463331631784924
39145,49571.0,69830.0,15618.0,70519.0,3639.0,578.0,9704.0,28637.0,3728.0,24238.0,28637.0,1998.0,73118.0,67520.0,1759.0,58.0,1093.0,55.33861204194141,22.36574538164113,5.160311405436833,5.956306677658698,13.018123406781436,6.976987812969235,2.405700374736727,1.4948439508739295,0.0793238327087721
39147,65020.0,51998.0,6194.0,54058.0,2865.0,529.0,7502.0,22099.0,2474.0,19052.0,22099.0,1346.0,54861.0,48467.0,1446.0,58.0,3031.0,45.5991574206904,11.911996615254433,5.2998631099929705,7.051452945881098,11.19507670030318,6.090773338160098,2.6357521736752885,5.524871949107745,0.1057217331073075
39149,72822.0,47439.0,5268.0,47638.0,2238.0,337.0,6686.0,18786.0,1422.0,17101.0,18786.0,702.0,48007.0,44076.0,1006.0,16.0,807.0,57.010159651669085,11.104787200404733,4.697930223770939,5.040382889620101,7.569466624081763,3.736825295432769,2.095527735538567,1.6810048534588706,0.0333284729310308
39151,65740.0,365306.0,46553.0,369417.0,21134.0,3611.0,51939.0,155366.0,14580.0,133599.0,155366.0,10434.0,373764.0,315230.0,27765.0,180.0,10887.0,14.758318594222269,12.743562930803217,5.720906184609804,6.952386453339495,9.384292573664766,6.715755055803715,7.428484284200725,2.912800590747102,0.0481587311779625
39153,71016.0,529093.0,66926.0,532580.0,29923.0,4459.0,75308.0,229503.0,16737.0,207379.0,229503.0,17049.0,538087.0,399092.0,74467.0,306.0,13884.0,3.7820024129023664,12.649193998030592,5.618498629313906,5.921017687363892,7.292715127906825,7.428661063254075,13.839211874659672,2.5802518923519804,0.0568681272730989
39155,55088.0,197357.0,33135.0,197735.0,13731.0,2390.0,28897.0,86135.0,11532.0,71701.0,86135.0,6776.0,201367.0,171353.0,15788.0,132.0,4382.0,27.177846982577226,16.789371544966734,6.944142412825246,8.270754749627988,13.38828583038254,7.866720845184884,7.840410792235073,2.176126177576266,0.0655519524053097
39157,64494.0,91329.0,11848.0,91676.0,7978.0,977.0,12686.0,38127.0,5172.0,31846.0,38127.0,2992.0,92585.0,85624.0,641.0,34.0,4070.0,49.845061814438736,12.972878275246636,8.702386666084907,7.701403121551317,13.565190022818475,7.847457182574029,0.6923367716152724,4.395960468758438,0.0367230112869255
39159,109506.0,62579.0,3169.0,62734.0,2678.0,421.0,7991.0,23495.0,1031.0,22114.0,23495.0,570.0,65293.0,56079.0,1560.0,82.0,1905.0,45.006689602446485,5.063999105131114,4.268817547103644,5.268426980352897,4.388167695254309,2.426048095339434,2.389230085920389,2.917617508768168,0.1255877352855589
39161,65344.0,28476.0,2710.0,28524.0,997.0,179.0,3963.0,11651.0,1327.0,10128.0,11651.0,428.0,28824.0,26619.0,199.0,19.0,1138.0,50.42342124364868,9.516786065458632,3.495302201654747,4.516780217007318,11.389580293537035,3.67350442022144,0.6903968914793228,3.948098806550097,0.065917291146267
39163,53813.0,12460.0,2083.0,12619.0,894.0,99.0,1928.0,5222.0,926.0,4178.0,5222.0,225.0,12686.0,12191.0,76.0,0.0,11.0,94.3203125,16.71749598715891,7.08455503605674,5.134854771784233,17.73266947529682,4.308693986978169,0.599085606180041,0.0867097587892164,0.0
39165,107843.0,239974.0,13008.0,239985.0,8806.0,996.0,32604.0,90288.0,3472.0,85321.0,90288.0,2617.0,246364.0,203767.0,8088.0,161.0,8187.0,17.51734155329149,5.420587230283281,3.669396003916912,3.05483989694516,3.845472266524898,2.898502569555201,3.282947183841795,3.3231316263739834,0.0653504570472958
39167,61355.0,57645.0,7429.0,58758.0,3690.0,914.0,8869.0,24887.0,2619.0,21238.0,24887.0,1370.0,59318.0,55624.0,598.0,114.0,720.0,58.33765538471834,12.887501084222396,6.279995915449812,10.305558687563424,10.523566520673445,5.504882066942581,1.0081256954044304,1.2137968238983108,0.1921844971172325
39169,71769.0,112277.0,9807.0,115494.0,16121.0,1112.0,15251.0,44192.0,6332.0,36966.0,44192.0,4754.0,116618.0,107875.0,1303.0,71.0,2781.0,55.84033397779184,8.73464734540467,13.958300864114154,7.291325159005967,14.328385228095582,10.75760318609703,1.1173232262600972,2.3847090500608825,0.0608825395736507
39171,61834.0,35698.0,4262.0,35928.0,1911.0,297.0,5395.0,15455.0,1953.0,13100.0,15455.0,720.0,36862.0,33557.0,419.0,43.0,1934.0,75.10107271845183,11.939044204157096,5.318971275885104,5.505097312326228,12.63668715626011,4.658686509220317,1.1366719114535293,5.246595409907221,0.1166512940155173
39173,73124.0,125940.0,15163.0,130609.0,5297.0,765.0,15538.0,54156.0,3067.0,49841.0,54156.0,2694.0,131795.0,113449.0,2530.0,196.0,8425.0,30.07077611759724,12.039860250913131,4.055616381719483,4.923413566739606,5.663269074525445,4.974518058940838,1.9196479380856637,6.392503509237831,0.1487158086422094
39175,71878.0,21376.0,1600.0,21451.0,675.0,91.0,3033.0,9064.0,1022.0,7766.0,9064.0,403.0,21699.0,20465.0,46.0,2.0,665.0,69.7351598173516,7.485029940119761,3.1467064472518764,3.0003297065611605,11.275375110326566,4.446160635481024,0.2119913360062675,3.064657357481912,0.0092170146089681
40001,48028.0,19235.0,4145.0,19342.0,4015.0,518.0,2583.0,6926.0,2383.0,4272.0,6926.0,670.0,19595.0,7691.0,62.0,8051.0,1328.0,100.0,21.549259162984143,20.757936097611417,20.05420054200542,34.40658388680335,9.673693329483108,0.316407246746619,6.777239091605002,41.08701199285533
40003,67870.0,4495.0,629.0,4512.0,492.0,88.0,567.0,1890.0,238.0,1626.0,1890.0,59.0,5685.0,4625.0,182.0,164.0,332.0,100.0,13.99332591768632,10.904255319148936,15.520282186948853,12.592592592592592,3.121693121693122,3.201407211961301,5.839929639401935,2.884784520668425
40005,52034.0,12799.0,2257.0,12905.0,2543.0,304.0,1621.0,4867.0,926.0,3736.0,4867.0,350.0,14255.0,9620.0,555.0,1304.0,605.0,100.0,17.634190171107118,19.70554048818288,18.753855644663787,19.02609410314362,7.191288267926854,3.893370747106279,4.244124868467204,9.14766748509295
40007,64266.0,4941.0,483.0,4950.0,764.0,49.0,694.0,1695.0,170.0,1488.0,1695.0,35.0,5041.0,3335.0,14.0,48.0,1381.0,100.0,9.775349119611414,15.434343434343434,7.060518731988473,10.029498525073748,2.0648967551622417,0.2777226740726046,27.395358063876216,0.9521920253917874
40009,52323.0,18726.0,4339.0,18871.0,2167.0,364.0,2254.0,8192.0,920.0,7126.0,8192.0,342.0,22202.0,16733.0,1080.0,387.0,2912.0,50.36144578313253,23.170992203353627,11.483228233797892,16.149068322981368,11.23046875,4.1748046875,4.864426628231691,13.115935501306188,1.7430862084496892
40011,59304.0,7570.0,1157.0,7646.0,853.0,203.0,1121.0,3393.0,509.0,2856.0,3393.0,89.0,8603.0,6117.0,352.0,517.0,1012.0,100.0,15.284015852047556,11.156160083703895,18.10883140053524,15.001473622163278,2.6230474506336576,4.091595954899454,11.76333837033593,6.009531558758573
40013,54280.0,45961.0,7991.0,46644.0,9175.0,1033.0,5437.0,18234.0,2610.0,14645.0,18234.0,1060.0,47237.0,32246.0,972.0,5852.0,3612.0,58.05240193631016,17.38647984160484,19.67026841608781,18.999448225124148,14.31391905231984,5.813315783700779,2.0577089993013957,7.646548256663209,12.38859368715202
40015,52817.0,25186.0,4782.0,25252.0,4543.0,557.0,2921.0,9108.0,1375.0,7553.0,9108.0,732.0,26626.0,14410.0,834.0,4383.0,4369.0,81.42512525514938,18.98673866433733,17.990654205607477,19.068812050667574,15.096618357487923,8.036890645586297,3.1322767220010514,16.40877337940359,16.461353564185384
40017,85427.0,159392.0,13659.0,160080.0,14605.0,1287.0,17807.0,57464.0,2911.0,53353.0,57464.0,1866.0,162621.0,116087.0,5800.0,4410.0,18557.0,19.52074090864933,8.569438867697249,9.123563218390805,7.227494805413602,5.06578031463177,3.2472504524571906,3.566575042583676,11.411195356073325,2.7118268858265537
40019,58856.0,47388.0,7150.0,47571.0,6662.0,793.0,6056.0,18887.0,2719.0,15474.0,18887.0,906.0,48255.0,32515.0,2806.0,3328.0,3950.0,55.41320334145782,15.08820798514392,14.004330369342666,13.09445178335535,14.396145496902632,4.79695028326362,5.81494145684385,8.185680240389598,6.896694643042172
40021,53668.0,45948.0,8887.0,47145.0,9008.0,1029.0,5711.0,18403.0,2646.0,15094.0,18403.0,1115.0,47621.0,21538.0,656.0,15139.0,3665.0,61.81868388631633,19.341429441977887,19.10701028741118,18.017860269655053,14.378090528718143,6.058794761723632,1.3775435207156506,7.696184456437286,31.790596585539998
40023,45456.0,14066.0,3096.0,14113.0,2359.0,307.0,1963.0,5858.0,1335.0,4295.0,5858.0,475.0,14299.0,8351.0,1352.0,2113.0,681.0,64.85497043086454,22.010521825678943,16.715085382271663,15.639327559857362,22.789347900307277,8.108569477637419,9.45520665780824,4.762570809147493,14.77725715084971
40025,57204.0,2230.0,234.0,2230.0,384.0,49.0,261.0,702.0,134.0,540.0,702.0,41.0,2247.0,1509.0,2.0,5.0,557.0,100.0,10.493273542600896,17.219730941704036,18.773946360153257,19.08831908831909,5.84045584045584,0.0890075656430796,24.788607031597685,0.2225189141076991
40027,74446.0,284994.0,36484.0,290660.0,28913.0,3484.0,32292.0,115293.0,5988.0,106197.0,115293.0,4735.0,297545.0,202169.0,14113.0,10214.0,31631.0,15.714923797406676,12.801673017677563,9.94736117800867,10.789049919484702,5.1937238167104685,4.106927567154988,4.743148095246097,10.630660908434018,3.432758070207868
40029,48162.0,5215.0,1111.0,5218.0,1120.0,152.0,707.0,2070.0,384.0,1653.0,2070.0,132.0,5275.0,3442.0,13.0,476.0,232.0,100.0,21.303930968360497,21.464162514373324,21.4992927864215,18.55072463768116,6.376811594202898,0.2464454976303317,4.398104265402844,9.023696682464456
40031,59000.0,111880.0,19857.0,107627.0,12928.0,1885.0,13498.0,44718.0,3843.0,39739.0,44718.0,3743.0,121699.0,66221.0,17285.0,4854.0,17481.0,27.79029927760578,17.748480514837325,12.01185576110084,13.965031856571343,8.593854823560982,8.370231226799051,14.203074799299912,14.36412788930065,3.988529075834641
40033,60313.0,5377.0,1230.0,5371.0,412.0,83.0,941.0,2051.0,255.0,1687.0,2051.0,121.0,5475.0,4102.0,90.0,417.0,407.0,100.0,22.875209224474613,7.670824799851052,8.820403825717323,12.43295953193564,5.8995611896635785,1.643835616438356,7.433789954337899,7.616438356164384
40035,50182.0,13311.0,2599.0,13359.0,2086.0,265.0,1846.0,5248.0,1248.0,3792.0,5248.0,270.0,14215.0,8758.0,494.0,2806.0,516.0,64.07457290706742,19.525204717902486,15.614941238116623,14.355362946912242,23.78048780487805,5.1448170731707314,3.4752022511431586,3.629968343299332,19.7397115722828
40037,61849.0,71184.0,9901.0,71520.0,8089.0,1229.0,9829.0,27830.0,3104.0,24282.0,27830.0,1369.0,72353.0,53200.0,1537.0,8132.0,3706.0,62.47456587786047,13.909024499887614,11.310123042505593,12.503815240614507,11.153431548688468,4.919151994250808,2.124307216010393,5.122109656821417,11.239340455820768
40039,57562.0,26782.0,4408.0,27792.0,3208.0,414.0,3013.0,10784.0,779.0,9690.0,10784.0,540.0,28332.0,18786.0,747.0,1241.0,5530.0,29.512853785992355,16.458815622432976,11.542890040299367,13.740458015267176,7.2236646884272995,5.007418397626113,2.636594663278272,19.51856557955669,4.3802061273471695
40041,55114.0,40412.0,7513.0,40606.0,6083.0,895.0,6189.0,16930.0,2571.0,13895.0,16930.0,726.0,41017.0,25689.0,182.0,8377.0,1774.0,79.68908582320469,18.591012570523606,14.980544747081712,14.46114073355954,15.18606024808033,4.288245717660957,0.4437184582002584,4.325035960699222,20.423239144744866
40043,60550.0,4347.0,627.0,4347.0,586.0,76.0,593.0,1595.0,232.0,1335.0,1595.0,45.0,4433.0,3597.0,1.0,204.0,267.0,100.0,14.423740510697032,13.480561306648264,12.816188870151771,14.545454545454543,2.8213166144200628,0.0225580870742161,6.0230092488157005,4.601849763140086
40045,56992.0,3641.0,504.0,3655.0,490.0,77.0,479.0,1447.0,205.0,1172.0,1447.0,65.0,3717.0,3118.0,9.0,71.0,330.0,100.0,13.84235100247185,13.406292749658002,16.075156576200417,14.167242570836212,4.492052522460263,0.2421307506053268,8.878127522195319,1.9101425881086895
40047,67302.0,60222.0,7645.0,59868.0,8142.0,811.0,7205.0,23910.0,2576.0,20562.0,23910.0,1022.0,62322.0,44145.0,1176.0,859.0,9234.0,20.13175062852051,12.694696290392216,13.599919823611948,11.256072172102709,10.773734838979507,4.274362191551652,1.8869741022431883,14.81659767016463,1.3783254709412407
40049,57127.0,25332.0,3885.0,25548.0,3962.0,398.0,3245.0,10000.0,1176.0,8622.0,10000.0,471.0,25779.0,18729.0,400.0,968.0,2575.0,78.1415653258497,15.33633349123638,15.50806325348364,12.26502311248074,11.76,4.71,1.5516505682920203,9.988750533379882,3.75499437526669
40051,75730.0,54652.0,6732.0,55346.0,6878.0,1113.0,7549.0,20540.0,2381.0,17598.0,20540.0,884.0,55868.0,44290.0,1200.0,2034.0,3785.0,72.16351856921251,12.317938959232963,12.427275683879596,14.743674658895218,11.592015579357351,4.30379746835443,2.1479200973723778,6.774897973795375,3.64072456504618
40053,61824.0,4025.0,543.0,4059.0,463.0,41.0,592.0,1555.0,342.0,1157.0,1555.0,53.0,4137.0,3560.0,85.0,97.0,191.0,100.0,13.490683229813664,11.406750431140676,6.925675675675675,21.9935691318328,3.4083601286173635,2.0546289581822577,4.616872129562485,2.344694222866812
40055,60183.0,4480.0,658.0,4528.0,364.0,44.0,600.0,2030.0,371.0,1610.0,2030.0,133.0,5498.0,4009.0,346.0,72.0,703.0,100.0,14.6875,8.03886925795053,7.333333333333333,18.27586206896552,6.551724137931035,6.293197526373227,12.786467806475082,1.30956711531466
40057,54286.0,2370.0,402.0,2376.0,528.0,53.0,332.0,950.0,159.0,781.0,950.0,46.0,2452.0,1304.0,270.0,42.0,773.0,100.0,16.962025316455698,22.22222222222222,15.963855421686748,16.736842105263158,4.842105263157895,11.01141924959217,31.52528548123981,1.7128874388254487
40059,59191.0,3150.0,502.0,3176.0,448.0,99.0,469.0,1255.0,213.0,999.0,1255.0,18.0,3231.0,2335.0,2.0,1.0,753.0,100.0,15.936507936507937,14.105793450881611,21.108742004264396,16.97211155378486,1.4342629482071714,0.0619003404518724,23.30547818012999,0.0309501702259362
40061,49930.0,11540.0,2306.0,11594.0,1963.0,233.0,1562.0,4568.0,817.0,3655.0,4568.0,231.0,11667.0,7954.0,32.0,1586.0,592.0,100.0,19.98266897746967,16.93117129549767,14.916773367477592,17.885288966725042,5.0569176882662,0.2742778777749207,5.074140738836033,13.593897317219508
40063,47923.0,11783.0,2463.0,11874.0,2100.0,329.0,1491.0,4003.0,780.0,3018.0,4003.0,154.0,13411.0,8162.0,616.0,2724.0,817.0,68.10054612104436,20.90299584146652,17.685699848408287,22.06572769953052,19.4853859605296,3.847114664001999,4.593244351651629,6.092014018343151,20.31168443814779
40065,61497.0,23875.0,3813.0,23255.0,3258.0,280.0,2858.0,9778.0,942.0,8585.0,9778.0,696.0,24730.0,15210.0,1464.0,281.0,6075.0,23.86524107322977,15.970680628272252,14.009890346162116,9.79706088173548,9.633871957455511,7.1180200449989774,5.919935301253538,24.565305297209868,1.1362717347351394
40067,48750.0,5229.0,1191.0,5244.0,752.0,158.0,742.0,2160.0,458.0,1556.0,2160.0,186.0,5377.0,4089.0,77.0,209.0,579.0,100.0,22.77682157200229,14.340198321891686,21.29380053908356,21.203703703703702,8.61111111111111,1.4320252929142645,10.768086293472196,3.886925795053004
40069,50911.0,9877.0,2167.0,10262.0,1424.0,217.0,1319.0,3915.0,685.0,3091.0,3915.0,243.0,10334.0,6942.0,248.0,1144.0,623.0,100.0,21.939860281461986,13.8764373416488,16.45185746777862,17.496807151979567,6.206896551724138,2.399845171279272,6.028643313334624,11.070253532030192
40071,56673.0,42570.0,6616.0,42794.0,5453.0,924.0,5448.0,16716.0,2377.0,13634.0,16716.0,1120.0,43731.0,31195.0,868.0,3422.0,3833.0,31.08466819221968,15.541461122856472,12.742440529046128,16.96035242290749,14.2199090691553,6.700167504187605,1.984861997210217,8.764949349431753,7.825112620337975
40073,70617.0,15014.0,1757.0,15058.0,2061.0,281.0,1824.0,5639.0,515.0,5011.0,5639.0,206.0,15288.0,11197.0,174.0,395.0,2746.0,100.0,11.70241108298921,13.687076637003589,15.405701754385966,9.132824968966128,3.653129987586452,1.1381475667189953,17.961800104657247,2.5837257980115123
40075,42063.0,8271.0,2069.0,8284.0,913.0,117.0,1234.0,3345.0,429.0,2806.0,3345.0,158.0,8458.0,6146.0,284.0,336.0,999.0,100.0,25.015113045580947,11.021245774987928,9.481361426256075,12.82511210762332,4.723467862481315,3.357767793804682,11.811302908489004,3.9725703475999055
40077,41048.0,9113.0,1748.0,9309.0,1675.0,253.0,1266.0,3852.0,698.0,2960.0,3852.0,158.0,9495.0,5840.0,115.0,2266.0,375.0,100.0,19.18138922418523,17.993339778708776,19.984202211690363,18.120456905503637,4.101765316718588,1.2111637704054763,3.949447077409163,23.865192206424435
40079,50027.0,47067.0,9405.0,47323.0,8598.0,1034.0,6193.0,17740.0,3513.0,13866.0,17740.0,980.0,48728.0,33575.0,894.0,5512.0,3782.0,79.97672920692307,19.98215310089872,18.168755150772352,16.69626998223801,19.80270574971815,5.52423900789177,1.834674109341652,7.761451321622065,11.311771466097522
40081,59425.0,33463.0,5515.0,33482.0,4301.0,688.0,4821.0,12972.0,2440.0,10293.0,12972.0,402.0,33917.0,27194.0,576.0,1894.0,1278.0,100.0,16.480889340465588,12.845708141688071,14.270898153909975,18.809744064138144,3.098982423681776,1.6982634077306369,3.76802193590235,5.584220302503169
40083,82735.0,49334.0,6747.0,50435.0,6274.0,1173.0,7013.0,17536.0,1222.0,15934.0,17536.0,636.0,50905.0,38278.0,3286.0,1407.0,4376.0,61.95742104732116,13.676166538290024,12.439773966491524,16.726080136888637,6.968521897810219,3.626824817518248,6.455161575483745,8.596405068264414,2.763972104901286
40085,62940.0,10088.0,1491.0,10105.0,1387.0,190.0,1319.0,3767.0,500.0,3145.0,3767.0,124.0,10196.0,6966.0,213.0,423.0,1785.0,100.0,14.779936558287076,13.725878278080158,14.404852160727824,13.273161667109106,3.291744093443058,2.089054531188701,17.50686543742644,4.148685759121224
40087,84778.0,43498.0,3396.0,43342.0,4265.0,419.0,5576.0,16025.0,1049.0,14611.0,16025.0,226.0,43779.0,33405.0,460.0,2462.0,4086.0,87.02174643560079,7.807255506000276,9.840339624382816,7.514347202295553,6.546021840873635,1.4102964118564745,1.050732086160031,9.333241965325842,5.623700861143471
40089,50175.0,30456.0,6423.0,30526.0,5490.0,660.0,3848.0,11304.0,2310.0,8732.0,11304.0,841.0,30825.0,18338.0,2343.0,4045.0,2046.0,82.07632894139027,21.08944050433412,17.98466880691869,17.151767151767153,20.43524416135881,7.439844302901628,7.600973236009732,6.637469586374696,13.122465531224655
40091,46203.0,18874.0,3944.0,18955.0,4086.0,734.0,2990.0,7618.0,1649.0,5644.0,7618.0,417.0,19237.0,12840.0,534.0,3040.0,581.0,100.0,20.89647133622973,21.556317594302296,24.548494983277592,21.646101338934105,5.473877658177999,2.7759006082029423,3.0202214482507665,15.802879866923115
40093,69229.0,7497.0,855.0,7554.0,815.0,111.0,1004.0,3201.0,293.0,2863.0,3201.0,138.0,7656.0,6308.0,2.0,58.0,808.0,100.0,11.404561824729893,10.788985967699231,11.05577689243028,9.1533895657607,4.311152764761013,0.0261233019853709,10.553814002089863,0.7575757575757576
40095,56495.0,15424.0,2548.0,15486.0,2655.0,537.0,2226.0,5747.0,953.0,4575.0,5747.0,186.0,15628.0,9933.0,137.0,915.0,2743.0,100.0,16.519709543568464,17.144517628826037,24.12398921832884,16.58256481642596,3.236471202366452,0.8766316867161505,17.551830048630663,5.854875863834144
40097,57279.0,38793.0,6829.0,39092.0,6072.0,795.0,5319.0,15267.0,1711.0,13150.0,15267.0,725.0,39406.0,24619.0,138.0,7883.0,1495.0,75.8336321262101,17.603691387621478,15.532589788191958,14.946418499717993,11.20717888255715,4.748804611253029,0.3502004770847079,3.7938385017510026,20.0045678323098
40099,61904.0,13311.0,1704.0,13341.0,1815.0,304.0,1838.0,4974.0,1011.0,3730.0,4974.0,185.0,13807.0,9606.0,176.0,1671.0,965.0,65.13952819332566,12.801442416046878,13.604677310546435,16.539717083786726,20.325693606755127,3.719340570969039,1.2747157239081626,6.989208372564641,12.102556674150794
40101,51999.0,62560.0,12691.0,63495.0,9145.0,932.0,7966.0,25792.0,3780.0,19657.0,25792.0,1956.0,66471.0,35921.0,6485.0,11321.0,4814.0,46.0377756674053,20.28612531969309,14.402708874714545,11.699723826261613,14.655707196029775,7.583746898263027,9.756134254035594,7.242256021422876,17.031487415564683
40103,70071.0,10635.0,1220.0,10688.0,797.0,73.0,1443.0,4203.0,654.0,3423.0,4203.0,143.0,10909.0,8693.0,133.0,611.0,475.0,59.30977663859392,11.471556182416547,7.456961077844311,5.058905058905059,15.560314061384725,3.402331667856293,1.219176826473554,4.354202951691264,5.600880007333394
40105,52679.0,9252.0,1516.0,9296.0,1449.0,219.0,1376.0,3715.0,1024.0,2564.0,3715.0,173.0,9392.0,6101.0,153.0,1467.0,282.0,92.75751072961371,16.38564634673584,15.587349397590362,15.915697674418604,27.56393001345895,4.656796769851952,1.629045996592845,3.0025553662691653,15.619676320272571
40107,45441.0,10235.0,2802.0,10255.0,1558.0,275.0,1364.0,3908.0,800.0,3011.0,3908.0,268.0,11304.0,6822.0,740.0,1917.0,402.0,100.0,27.376648754274548,15.192588980984883,20.161290322580644,20.47082906857728,6.857727737973388,6.546355272469922,3.5562632696390657,16.95859872611465
40109,65374.0,784712.0,123302.0,787622.0,109306.0,11410.0,90023.0,323102.0,23593.0,292126.0,323102.0,21006.0,800487.0,423239.0,113402.0,18389.0,157068.0,7.591310725211355,15.713025925435064,13.877976999118866,12.67453872899148,7.3020284616003615,6.501352514066765,14.16662606638209,19.621555378163546,2.297226563329573
40111,53123.0,35491.0,6254.0,36243.0,5497.0,864.0,4758.0,14177.0,2278.0,11570.0,14177.0,900.0,36922.0,22568.0,2586.0,5464.0,1838.0,53.0785157739879,17.621368797723367,15.167066743922964,18.15889029003783,16.068279607815477,6.348310644000846,7.003954281999891,4.978061860137587,14.798764963978115
40113,60482.0,44243.0,5591.0,44385.0,5108.0,813.0,6498.0,17074.0,2009.0,14681.0,17074.0,864.0,45963.0,28602.0,4676.0,4881.0,2051.0,73.06298834519184,12.637027326356712,11.508392474935226,12.511542012927054,11.766428487759166,5.060325641325993,10.17340034375476,4.462284881317582,10.619411265583189
40115,48656.0,29194.0,6047.0,29947.0,4914.0,612.0,3694.0,11755.0,2047.0,9455.0,11755.0,650.0,30360.0,19107.0,332.0,5689.0,1792.0,49.321446260525015,20.713160238405152,16.40898921427856,16.5674066053059,17.413866439812846,5.52956188855806,1.093544137022398,5.902503293807642,18.73847167325428
40117,57551.0,15437.0,2625.0,15502.0,2141.0,366.0,2107.0,6002.0,1063.0,4625.0,6002.0,221.0,15689.0,11755.0,151.0,1395.0,558.0,100.0,17.004599339249854,13.811121145658625,17.370669197911724,17.710763078973674,3.6821059646784406,0.962457772961948,3.556632035183887,8.891580087959717
40119,48937.0,72500.0,17305.0,80862.0,9386.0,865.0,7086.0,32341.0,2591.0,27606.0,32341.0,1695.0,82290.0,61125.0,2989.0,3165.0,5287.0,32.84178036890968,23.868965517241374,11.607429942370953,12.207169065763477,8.011502427259515,5.241025323892273,3.632276096731073,6.42483898408069,3.8461538461538463
40121,54787.0,41411.0,7553.0,41642.0,6250.0,845.0,5649.0,17649.0,2266.0,15125.0,17649.0,1197.0,43629.0,29639.0,1008.0,3281.0,2431.0,55.35604139538072,18.23911521093429,15.008885260073964,14.95839971676403,12.83925434868831,6.782253952065273,2.3103898782919616,5.5719819386188085,7.520227371702308
40123,62564.0,36961.0,4641.0,37528.0,6409.0,686.0,4545.0,14974.0,2100.0,12617.0,14974.0,934.0,38158.0,24158.0,918.0,6868.0,2401.0,54.646000262708526,12.55647845025838,17.07791515668301,15.093509350935092,14.024308801923334,6.2374782957125685,2.405786466795954,6.292258504114471,17.99884689973269
40125,60828.0,69372.0,10879.0,70908.0,9308.0,1221.0,9100.0,26581.0,2989.0,22942.0,26581.0,1182.0,73011.0,51198.0,2249.0,8373.0,4501.0,52.7355287492754,15.682119587153318,13.126868618491567,13.417582417582418,11.244874158233324,4.446785297769083,3.0803577543109943,6.164824478503239,11.4681349385709
40127,44634.0,10594.0,2508.0,10667.0,2095.0,323.0,1629.0,4376.0,1134.0,3004.0,4376.0,343.0,10787.0,7471.0,133.0,1738.0,434.0,100.0,23.673777609967907,19.64001124964845,19.828115408225905,25.91407678244973,7.838208409506398,1.2329656067488644,4.023361453601558,16.11198665059794
40129,62721.0,3351.0,517.0,3364.0,420.0,33.0,465.0,1423.0,159.0,1236.0,1423.0,22.0,3378.0,2730.0,3.0,171.0,282.0,100.0,15.428230378991346,12.48513674197384,7.096774193548387,11.173576950105412,1.5460295151089247,0.0888099467140319,8.348134991119005,5.062166962699823
40131,77688.0,95453.0,9128.0,96085.0,10814.0,1266.0,13099.0,35722.0,3309.0,31818.0,35722.0,955.0,97235.0,67604.0,892.0,11720.0,5690.0,54.8372532549349,9.562821493300367,11.254618306707602,9.664859912970456,9.26319914898382,2.673422540731202,0.9173651462950584,5.8518023345503165,12.053272998405925
40133,46191.0,22751.0,5106.0,23073.0,4392.0,552.0,3040.0,8701.0,1705.0,6410.0,8701.0,619.0,23550.0,14776.0,1001.0,4430.0,1262.0,73.32739004924436,22.442969539800448,19.03523599011832,18.157894736842103,19.59544879898862,7.114124813239857,4.250530785562633,5.358811040339703,18.81104033970276
40135,49795.0,39223.0,7967.0,39201.0,6681.0,848.0,5378.0,15184.0,2776.0,12112.0,15184.0,690.0,39676.0,24135.0,770.0,7623.0,1925.0,80.87370484458135,20.31206180047421,17.042932578250554,15.76794347341019,18.282402528977872,4.544257112750263,1.9407198306280875,4.851799576570219,19.213126323218063
40137,60236.0,42574.0,7464.0,42720.0,5712.0,892.0,5998.0,17228.0,2327.0,14409.0,17228.0,1155.0,43314.0,33812.0,595.0,1399.0,3649.0,52.49953323375654,17.53182693662799,13.370786516853933,14.871623874624875,13.507081495240309,6.704202461109821,1.3736898000646445,8.424527866278801,3.229902571916701
40139,59275.0,20441.0,3787.0,20773.0,3034.0,472.0,2150.0,6870.0,602.0,6003.0,6870.0,354.0,20880.0,8008.0,852.0,153.0,10679.0,41.470258136924805,18.526490876180223,14.605497520820297,21.953488372093023,8.7627365356623,5.152838427947598,4.080459770114943,51.14463601532567,0.7327586206896551
40141,47445.0,6753.0,1160.0,6763.0,875.0,194.0,1000.0,2655.0,513.0,1996.0,2655.0,193.0,6967.0,4076.0,466.0,132.0,1927.0,100.0,17.17755071819932,12.938045246192518,19.4,19.322033898305083,7.269303201506592,6.688675183005598,27.65896368594804,1.8946461891775512
40143,67317.0,662257.0,97074.0,667647.0,92200.0,9336.0,76954.0,268530.0,19118.0,242835.0,268530.0,16549.0,673708.0,392277.0,64195.0,30852.0,102464.0,5.132986392819736,14.658055709490425,13.809692846668971,12.13192296696728,7.119502476445835,6.1628123487133655,9.528608833500568,15.20896293349641,4.57943203880613
40145,78520.0,83725.0,7797.0,84029.0,9683.0,1076.0,10667.0,30565.0,2139.0,27808.0,30565.0,842.0,84339.0,56996.0,2874.0,6838.0,6937.0,36.39495684172831,9.31263063601075,11.52340263480465,10.087184775475766,6.998200556191723,2.7547848846720107,3.407676164052218,8.225139022279135,8.107755605354582
40147,61205.0,51546.0,7541.0,52352.0,6023.0,903.0,6483.0,20596.0,2299.0,17620.0,20596.0,1050.0,52895.0,37488.0,1434.0,4365.0,3538.0,24.88990563340006,14.629651185349008,11.50481356968215,13.928736695974086,11.162361623616237,5.09807729656244,2.7110312884015504,6.688722941676907,8.252197750259949
40149,61980.0,10584.0,1336.0,10611.0,1317.0,289.0,1590.0,4101.0,543.0,3440.0,4101.0,127.0,10857.0,8973.0,149.0,215.0,1021.0,100.0,12.622826908541194,12.411648289510884,18.17610062893082,13.24067300658376,3.096805657156791,1.3723864787694575,9.404071106198764,1.980289214331768
40151,50512.0,7674.0,1463.0,8100.0,682.0,60.0,904.0,3488.0,537.0,2807.0,3488.0,328.0,8619.0,7100.0,211.0,212.0,635.0,40.34090909090909,19.0643732082356,8.419753086419753,6.6371681415929205,15.395642201834862,9.403669724770642,2.4480798236454344,7.3674440190277295,2.4596820976911475
40153,65060.0,19421.0,2149.0,19395.0,2545.0,157.0,2273.0,8116.0,1000.0,7085.0,8116.0,328.0,20260.0,15521.0,248.0,376.0,3021.0,44.025403028822666,11.065341640492251,13.121938643980409,6.907171139463264,12.32134056185313,4.0413997042878265,1.2240868706811452,14.911154985192498,1.855873642645607
41001,57844.0,16336.0,2252.0,16388.0,903.0,154.0,2389.0,7263.0,677.0,6395.0,7263.0,376.0,16796.0,14898.0,205.0,153.0,842.0,41.3966882649388,13.785504407443682,5.510129362948499,6.446211804102135,9.321217127908575,5.176924136031943,1.2205286973088831,5.013098356751607,0.9109311740890688
41003,76011.0,90549.0,17389.0,96139.0,5017.0,599.0,10521.0,38286.0,1290.0,35446.0,38286.0,3140.0,96359.0,74344.0,1163.0,428.0,8751.0,19.405572365103374,19.203966912942164,5.21848573419736,5.693375154452999,3.369377840463877,8.201431332601995,1.206944862441495,9.0816633630486,0.4441723139509542
41005,100360.0,419386.0,31386.0,420257.0,21282.0,2570.0,55767.0,162762.0,7464.0,151157.0,162762.0,7510.0,422308.0,327968.0,4270.0,1493.0,41314.0,17.10959394970586,7.48379774241391,5.064044144416393,4.608460200476984,4.585836988977771,4.614099114043818,1.011110374418671,9.782907261998352,0.3535334400484954
41007,68705.0,40882.0,5038.0,40762.0,2651.0,606.0,6015.0,18095.0,1178.0,16462.0,18095.0,1457.0,41343.0,33580.0,390.0,126.0,4020.0,39.1118036618621,12.323271855584364,6.503606299985281,10.074812967581048,6.510085659021829,8.051948051948052,0.9433277701182788,9.72353239968072,0.3047674334228285
41009,86359.0,52475.0,4578.0,52911.0,3005.0,318.0,7914.0,20710.0,1173.0,19125.0,20710.0,915.0,53178.0,45192.0,301.0,450.0,3388.0,41.22344977086463,8.724154359218675,5.67934833966472,4.018195602729341,5.663930468372767,4.41815548044423,0.5660235435706495,6.37105569972545,0.8462146000225658
41011,60313.0,63706.0,9935.0,64075.0,4088.0,1137.0,9925.0,28417.0,2597.0,25315.0,28417.0,1902.0,64832.0,53793.0,253.0,1079.0,4540.0,38.14012228742165,15.59507738674536,6.380023410066329,11.455919395465996,9.13889573142837,6.693176619629095,0.3902393879565646,7.002714708785785,1.6643015794669298
41013,81675.0,25529.0,2475.0,25579.0,1770.0,304.0,3921.0,10647.0,920.0,9425.0,10647.0,499.0,25651.0,22270.0,65.0,268.0,1961.0,49.846390168970814,9.694856829488034,6.919738848273974,7.7531242030094365,8.640931717854794,4.686766225227764,0.2534014268449573,7.644926123737866,1.0447935752992086
41015,64769.0,23279.0,3094.0,23342.0,1339.0,156.0,4181.0,11280.0,993.0,10143.0,11280.0,422.0,23463.0,19505.0,60.0,300.0,1769.0,51.82973641559328,13.29094892392285,5.736440750578357,3.731164793111696,8.803191489361701,3.7411347517730498,0.2557217747091165,7.539530324340451,1.2786088735455825
41017,87640.0,201362.0,18793.0,202259.0,12957.0,1388.0,27067.0,83197.0,3739.0,77354.0,83197.0,3502.0,203026.0,171079.0,697.0,834.0,18140.0,29.2414238372181,9.332942660482116,6.406142619117072,5.128015664831714,4.494152433381012,4.209286392538193,0.3433057834957099,8.93481623043354,0.4107848255888408
41019,58983.0,110502.0,17284.0,111068.0,6071.0,1354.0,16181.0,46677.0,5030.0,40505.0,46677.0,2226.0,111807.0,95095.0,385.0,876.0,7133.0,40.37913328117553,15.64134585799352,5.466020816076638,8.36783882331129,10.77618527326092,4.768944019538531,0.3443433774271736,6.379743665423453,0.783492983444686
41021,64219.0,1964.0,248.0,1973.0,115.0,7.0,274.0,869.0,98.0,763.0,869.0,41.0,2002.0,1643.0,0.0,18.0,174.0,100.0,12.627291242362526,5.828687278256462,2.554744525547445,11.277330264672036,4.718066743383199,0.0,8.691308691308691,0.8991008991008991
41023,59800.0,7040.0,1071.0,7140.0,583.0,88.0,1033.0,3352.0,542.0,2752.0,3352.0,92.0,7238.0,6370.0,8.0,39.0,306.0,100.0,15.213068181818182,8.165266106442576,8.518877057115198,16.16945107398568,2.7446300715990453,0.1105277701022381,4.227687206410611,0.5388228792484112
41025,48338.0,7366.0,942.0,7379.0,516.0,99.0,1088.0,3141.0,570.0,2477.0,3141.0,223.0,7515.0,6413.0,16.0,125.0,412.0,44.37625083388926,12.788487645940808,6.9928174549396935,9.099264705882351,18.147086914995224,7.099649793059535,0.2129075182967398,5.482368596141051,1.66333998669328
41027,82095.0,23778.0,1306.0,23825.0,2076.0,258.0,3203.0,9021.0,525.0,8255.0,9021.0,453.0,23958.0,14965.0,197.0,52.0,7260.0,51.79547065938191,5.492472032971654,8.713536201469045,8.054948485794567,5.819753907549052,5.021616228799468,0.8222723098756156,30.303030303030305,0.2170464980382336
41029,71443.0,219557.0,27295.0,221306.0,13131.0,2180.0,29192.0,90679.0,5598.0,81185.0,90679.0,4895.0,222563.0,172575.0,1415.0,876.0,31625.0,20.59536233701665,12.43185140988445,5.93341346371088,7.467799397095095,6.173424938519393,5.398162749920048,0.6357750389777277,14.209459793406811,0.3935964198900985
41031,73051.0,23932.0,2811.0,23996.0,2204.0,301.0,3198.0,8659.0,761.0,7706.0,8659.0,410.0,24973.0,14300.0,176.0,2782.0,5236.0,66.99453105868909,11.745779709176,9.184864144024004,9.41213258286429,8.788543711745005,4.7349578473264815,0.704761142033396,20.966643975493533,11.140031233732431
41033,59097.0,86864.0,13713.0,87322.0,6878.0,1089.0,12866.0,36336.0,2729.0,32724.0,36336.0,1779.0,88069.0,73788.0,443.0,388.0,7434.0,43.14224088999887,15.786747098913244,7.8765946725911,8.46416912793409,7.510457948040511,4.895970937912813,0.5030146816700541,8.441108676151654,0.4405636489570677
41035,59353.0,68818.0,12598.0,68858.0,5007.0,915.0,9330.0,28840.0,3201.0,24527.0,28840.0,1804.0,69812.0,52628.0,459.0,1902.0,9387.0,37.75229423883134,18.306257083902462,7.271486247059165,9.807073954983922,11.099167822468791,6.2552011095700415,0.6574800893829141,13.446112416203515,2.7244599782272387
41037,61222.0,7732.0,1379.0,7732.0,383.0,104.0,1093.0,3422.0,864.0,2433.0,3422.0,218.0,8254.0,6656.0,43.0,166.0,853.0,100.0,17.834971546818416,4.953440248318676,9.515096065873742,25.248392752776155,6.370543541788428,0.5209595347710201,10.334383329294887,2.011146110976496
41039,69311.0,374196.0,57161.0,380535.0,22623.0,3725.0,47426.0,159509.0,8102.0,145846.0,159509.0,12480.0,382628.0,301961.0,4060.0,2532.0,39044.0,18.03086917808398,15.275684400688409,5.945051046552879,7.854341500442795,5.079337216081851,7.824009930474142,1.0610828271846284,10.204166971575525,0.6617393395151426
41041,61314.0,50126.0,7888.0,50255.0,4054.0,735.0,8161.0,22829.0,1608.0,20729.0,22829.0,1066.0,50632.0,40208.0,154.0,1025.0,5036.0,37.99980156761583,15.736344412081554,8.066859019003084,9.00624923416248,7.043672521792457,4.669499321039029,0.3041554747985464,9.946279033022597,2.024411439405909
41043,73396.0,128257.0,16414.0,128901.0,8480.0,1054.0,16977.0,50534.0,3389.0,45659.0,50534.0,2059.0,129794.0,106750.0,426.0,507.0,13343.0,34.24539304875204,12.797742033573217,6.578692174614627,6.20839959945809,6.706375905331064,4.0744845054814585,0.3282123981077707,10.280136215849732,0.3906189808465722
41045,49902.0,28163.0,5025.0,28403.0,2764.0,422.0,3152.0,10039.0,1055.0,8706.0,10039.0,587.0,31701.0,19291.0,305.0,195.0,10628.0,58.870482404738524,17.842559386429002,9.731366404957225,13.388324873096447,10.509014842115748,5.847195935850184,0.9621147597867576,33.52575628529068,0.6151225513390745
41047,74624.0,336822.0,44208.0,340124.0,29747.0,2918.0,39958.0,125413.0,7725.0,114521.0,125413.0,7855.0,346532.0,214018.0,3758.0,1862.0,98133.0,15.353260869565217,13.125033400431088,8.74592795568675,7.302667801191251,6.159648521285672,6.2633060368542335,1.0844597324345226,28.318596839541517,0.5373241143675043
41049,70217.0,12201.0,1730.0,12244.0,1148.0,182.0,1482.0,4322.0,470.0,3775.0,4322.0,97.0,12249.0,6572.0,123.0,8.0,5050.0,100.0,14.17916564216048,9.376020908199935,12.280701754385966,10.874595094863489,2.244331328088848,1.0041636051922609,41.2278553351294,0.0653114539962445
41051,86247.0,789721.0,98908.0,798429.0,47504.0,4866.0,88531.0,347392.0,15863.0,323003.0,347392.0,44098.0,803863.0,532075.0,43024.0,3736.0,105204.0,1.2816582212040792,12.524423182364403,5.949683691348886,5.496379799166394,4.566311256448048,12.69401713338246,5.352155777788006,13.087304677538336,0.4647558103806246
41053,81318.0,86433.0,10581.0,87824.0,4458.0,612.0,9988.0,32574.0,2244.0,29443.0,32574.0,1616.0,88553.0,66358.0,461.0,966.0,13459.0,20.405338945249504,12.24185207038978,5.0760612133357625,6.127352823388065,6.888929821329895,4.961011849941671,0.5205921877293824,15.19880749381726,1.090872133072849
41055,59500.0,1908.0,341.0,1908.0,59.0,32.0,357.0,784.0,110.0,648.0,784.0,48.0,1908.0,1645.0,7.0,6.0,92.0,100.0,17.872117400419288,3.092243186582809,8.96358543417367,14.03061224489796,6.122448979591836,0.3668763102725367,4.821802935010482,0.3144654088050314
41057,66551.0,26651.0,3197.0,26746.0,1263.0,287.0,4242.0,11817.0,874.0,10502.0,11817.0,555.0,27471.0,22547.0,163.0,168.0,3024.0,60.65717415115005,11.995797531049492,4.722201450684215,6.765676567656766,7.396124227807396,4.696623508504697,0.5933529904262677,11.007972043245603,0.6115540024025335
41059,68958.0,76258.0,9606.0,76479.0,5421.0,734.0,8667.0,28194.0,2659.0,24053.0,28194.0,1599.0,80087.0,49656.0,594.0,1738.0,23185.0,31.7377458632532,12.596711164730255,7.088220295767465,8.468905042113764,9.431084627935022,5.67141945094701,0.7416934084183451,28.94976712824803,2.170139972779602
41061,64212.0,25714.0,4065.0,25985.0,1798.0,287.0,3201.0,10856.0,1412.0,9001.0,10856.0,792.0,26192.0,22623.0,206.0,177.0,1400.0,42.91494884715224,15.80850898343315,6.919376563401963,8.965948141205873,13.006632277081795,7.295504789977892,0.7864996945632254,5.345143555284056,0.6757788637751986
41063,65559.0,7445.0,581.0,7474.0,518.0,199.0,1165.0,3356.0,366.0,2766.0,3356.0,162.0,7532.0,6751.0,92.0,14.0,298.0,100.0,7.803895231699127,6.930693069306931,17.081545064377682,10.905840286054827,4.827175208581645,1.2214551248008496,3.956452469463622,0.1858736059479553
41065,63602.0,26001.0,3160.0,26120.0,2484.0,401.0,3556.0,10411.0,870.0,9155.0,10411.0,662.0,26603.0,19223.0,112.0,477.0,5260.0,34.76565429321335,12.153378716203225,9.509954058192957,11.276715410573678,8.356545961002785,6.358659110556142,0.4210051497951358,19.772206142164418,1.79303086118107
41067,104434.0,594672.0,47458.0,596173.0,32489.0,3543.0,67562.0,232366.0,7126.0,220085.0,232366.0,13015.0,600266.0,367788.0,13009.0,1709.0,109211.0,5.495093042313766,7.980533806871687,5.449592651797381,5.244072111541991,3.066713718874534,5.601077610321648,2.167205872063385,18.1937674297728,0.2847071131798236
41069,51250.0,1417.0,142.0,1434.0,55.0,8.0,240.0,663.0,91.0,530.0,663.0,20.0,1434.0,1215.0,0.0,1.0,65.0,100.0,10.021171489061397,3.8354253835425385,3.333333333333333,13.72549019607843,3.016591251885369,0.0,4.532775453277545,0.0697350069735007
41071,87084.0,102776.0,10684.0,105601.0,6482.0,567.0,13186.0,38836.0,1985.0,35616.0,38836.0,2267.0,108122.0,79868.0,760.0,759.0,18490.0,26.488553870147232,10.395423055966374,6.138199448868855,4.300015167602002,5.111236996601092,5.83736739108044,0.7029096761066203,17.101052514751853,0.7019847949538485
42001,81071.0,100770.0,8439.0,104130.0,6165.0,833.0,15858.0,40411.0,3518.0,35787.0,40411.0,2014.0,105183.0,92050.0,1727.0,33.0,7919.0,63.257327735623775,8.374516225066984,5.920484010371651,5.252869214276706,8.705550468931726,4.983791541906906,1.6419003070838445,7.5287831683827235,0.0313738912181626
42003,76393.0,1206516.0,135306.0,1228690.0,47992.0,6836.0,168060.0,546507.0,44831.0,490929.0,546507.0,68143.0,1240476.0,944583.0,153668.0,692.0,34884.0,2.414643468859999,11.214604696498016,3.90594861193629,4.067594906580983,8.203188614235499,12.468824736005212,12.387825318667996,2.8121463051280315,0.0557850373566276
42005,64295.0,64426.0,7258.0,64470.0,2570.0,384.0,10386.0,28007.0,3367.0,23709.0,28007.0,2100.0,65069.0,62165.0,627.0,5.0,580.0,64.9440190365783,11.2656380964207,3.986350240421902,3.6972848064702486,12.021994501374657,7.498125468632842,0.9635924941216248,0.8913614778158571,0.0076841506708263
42007,70156.0,164217.0,16575.0,165596.0,6288.0,1183.0,25895.0,71975.0,7113.0,63152.0,71975.0,5735.0,166993.0,145311.0,10236.0,78.0,3781.0,28.92132092857355,10.093352089004185,3.797193168917123,4.568449507626955,9.882598124348732,7.968044459881903,6.129598246633092,2.2641667614810204,0.046708544669537
42009,60302.0,46922.0,5151.0,47180.0,3578.0,549.0,7543.0,19763.0,3140.0,16220.0,19763.0,1176.0,47503.0,45546.0,364.0,36.0,567.0,90.65304664018328,10.97779293295256,7.583721916066129,7.278271244862787,15.888276071446644,5.950513585994029,0.7662673936382965,1.193608824705808,0.0757846872829084
42011,77684.0,417018.0,48747.0,425722.0,28378.0,3085.0,58945.0,161701.0,16200.0,142383.0,161701.0,14000.0,429989.0,291378.0,16986.0,284.0,103077.0,26.554801340331917,11.689423478123247,6.665852363749114,5.233692425142082,10.01849091842351,8.657955114686985,3.9503336131854536,23.97200858626616,0.0660482012330548
42013,60594.0,118154.0,15388.0,120052.0,6913.0,866.0,17356.0,50548.0,6414.0,42807.0,50548.0,4263.0,121854.0,112799.0,2053.0,80.0,1781.0,25.73887414306883,13.023680958748752,5.758338053510146,4.989628946761926,12.688929334493949,8.433568093693124,1.684803125051291,1.4615851757020697,0.0656523380438885
42015,62482.0,59251.0,7968.0,59466.0,3998.0,678.0,9084.0,24487.0,2846.0,20597.0,24487.0,1879.0,59971.0,56707.0,549.0,33.0,942.0,72.9784714926543,13.447874297480212,6.723169542259442,7.463672391017173,11.62249356801568,7.673459386613305,0.9154424638575313,1.5707592002801354,0.0550265961881576
42017,111951.0,637180.0,38691.0,639979.0,24899.0,3888.0,101276.0,247674.0,11561.0,232983.0,247674.0,11495.0,645993.0,522180.0,23017.0,220.0,40952.0,10.296842567644903,6.0722244891553405,3.8905964101947097,3.839014179075003,4.667829485533403,4.6411815531707,3.563041704786275,6.339387578503173,0.0340560965830899
42019,86775.0,190654.0,15175.0,193855.0,6113.0,1189.0,29722.0,80245.0,6254.0,71873.0,80245.0,4202.0,195870.0,182173.0,2006.0,38.0,3799.0,43.30857800508869,7.959444858224847,3.1533878414278718,4.000403741336384,7.793632001993894,5.236463331048664,1.0241486700362483,1.939551743503344,0.0194006228621024
42021,56292.0,126143.0,17864.0,129529.0,4621.0,860.0,19418.0,55692.0,8126.0,46309.0,55692.0,6000.0,132355.0,120233.0,3866.0,65.0,2646.0,46.08382282426277,14.161705366132088,3.567540859575848,4.428880420228654,14.59096459096459,10.773540185304892,2.920932341052473,1.9991689018170828,0.0491103471723773
42023,47681.0,4441.0,712.0,4441.0,111.0,74.0,778.0,2229.0,359.0,1808.0,2229.0,282.0,4475.0,4163.0,2.0,9.0,83.0,100.0,16.032425129475342,2.4994370637243866,9.511568123393316,16.10587707492149,12.651413189771198,0.0446927374301676,1.8547486033519556,0.2011173184357542
42025,67877.0,63884.0,7697.0,64405.0,3456.0,642.0,10274.0,27093.0,2534.0,23826.0,27093.0,1581.0,65191.0,57866.0,1193.0,52.0,4154.0,58.91982887766606,12.048400225408551,5.366043009083146,6.248783336577769,9.352969401690473,5.835455652751634,1.830007209584145,6.3720452209660845,0.0797656118175821
42027,72748.0,137695.0,23282.0,152957.0,8463.0,726.0,17644.0,59006.0,4543.0,50446.0,59006.0,6065.0,158041.0,131999.0,5073.0,178.0,5630.0,34.648989707407125,16.9083844729293,5.532927554802984,4.114713216957606,7.699217028776735,10.278615733993153,3.2099265380502526,3.5623667276213133,0.1126290013350966
42029,123041.0,527321.0,31305.0,536504.0,23733.0,2747.0,75189.0,202405.0,8777.0,190482.0,202405.0,8523.0,540896.0,412488.0,26638.0,128.0,44329.0,19.312217330042497,5.9366116653802905,4.423638966345078,3.653459947598718,4.3363553271905335,4.210864356117685,4.924791457137786,8.195475655209135,0.0236644382653966
42031,60668.0,35871.0,4996.0,36901.0,2334.0,288.0,5180.0,14982.0,1835.0,12508.0,14982.0,960.0,37297.0,35266.0,634.0,4.0,414.0,84.7963266292527,13.92768531682975,6.325031841955503,5.55984555984556,12.24803097049793,6.407689227072487,1.699868622141191,1.1100088478966137,0.0107247231680832
42033,60181.0,74160.0,10219.0,74410.0,4620.0,713.0,11669.0,32089.0,4987.0,26159.0,32089.0,2306.0,78902.0,72939.0,1571.0,16.0,2271.0,61.30930215237954,13.779665587918014,6.208842897460019,6.1102065301225466,15.541151173299262,7.186263205459815,1.991077539225875,2.878254036653064,0.0202783199411928
42035,58842.0,36029.0,5114.0,37199.0,3671.0,371.0,4933.0,15258.0,2114.0,12704.0,15258.0,1485.0,37707.0,35397.0,524.0,23.0,690.0,47.90387182910548,14.19412140220378,9.868544853356273,7.520778430975066,13.85502687114956,9.732599292174596,1.389662396902432,1.8298989577532023,0.0609966319251067
42037,61992.0,61071.0,9592.0,64316.0,2738.0,169.0,8788.0,25874.0,2917.0,22318.0,25874.0,1729.0,65055.0,59223.0,1148.0,32.0,2393.0,44.72631204906762,15.70630905012199,4.2571055413893895,1.9230769230769231,11.273865656643736,6.682383860245807,1.7646606717392974,3.6784259472753824,0.0491891476443009
42039,60254.0,79167.0,10152.0,81360.0,7197.0,959.0,12021.0,33616.0,4696.0,28305.0,33616.0,3204.0,83189.0,77677.0,1308.0,32.0,1269.0,65.78784340822989,12.823524953579144,8.845870206489675,7.97770568172365,13.969538315088052,9.53117563065207,1.5723232638930629,1.5254420656577192,0.0384666241931024
42041,85634.0,251233.0,19473.0,258258.0,13904.0,1741.0,33654.0,105187.0,7295.0,95663.0,105187.0,5117.0,264422.0,216597.0,10792.0,56.0,12913.0,20.886502819219253,7.750972205084524,5.383763523298407,5.173233493789743,6.935267666156464,4.864669588447241,4.081354804063202,4.8834817072709535,0.0211782680714917
42043,74159.0,282730.0,34738.0,284062.0,17987.0,1968.0,37885.0,119763.0,9847.0,106966.0,119763.0,11200.0,287484.0,177455.0,47982.0,241.0,32425.0,14.826414712239131,12.286633890991403,6.332068351275426,5.194668074435793,8.22207192538597,9.351803144543808,16.690320156947866,11.27888856423314,0.0838307523201291
42045,88576.0,554609.0,56407.0,569431.0,27440.0,3459.0,77264.0,216660.0,12959.0,199768.0,216660.0,21365.0,576195.0,364839.0,125246.0,271.0,27733.0,0.7848066154672954,10.170588648940065,4.818845479083506,4.476858562849452,5.98126096187575,9.86107264838918,21.73673843056604,4.813127500238634,0.0470326885863292
42047,64103.0,30330.0,2756.0,30403.0,810.0,113.0,5134.0,13481.0,1557.0,11534.0,13481.0,912.0,30703.0,29089.0,257.0,6.0,306.0,55.918038076798965,9.086712825585227,2.664210768674144,2.2010128554733157,11.549588309472592,6.765076774719977,0.8370517539002703,0.9966452789629678,0.0195420642933915
42049,61476.0,256456.0,39543.0,263955.0,10836.0,1459.0,36419.0,110106.0,10831.0,96292.0,110106.0,11218.0,269544.0,221949.0,17848.0,228.0,12487.0,23.98256028588727,15.41901924696634,4.105245212252089,4.006150635657212,9.83688445679618,10.188363940203075,6.621553438399667,4.6326388270560654,0.0845873030006232
42051,56093.0,122714.0,21411.0,123774.0,5405.0,825.0,18746.0,54962.0,8159.0,45561.0,54962.0,4925.0,126967.0,113795.0,5083.0,42.0,1707.0,55.10543150833825,17.44788695666346,4.36682986733886,4.400938866958285,14.84480186310542,8.960736508860668,4.003402458906645,1.3444438318618224,0.0330794615923822
42053,50061.0,4396.0,646.0,4399.0,248.0,66.0,845.0,1944.0,389.0,1392.0,1944.0,139.0,6785.0,5313.0,931.0,25.0,338.0,100.0,14.695177434030937,5.637644919299841,7.810650887573964,20.01028806584362,7.150205761316872,13.72144436256448,4.981577008106116,0.3684598378776713
42055,74946.0,154579.0,11995.0,155456.0,14118.0,1525.0,21372.0,63028.0,6175.0,55585.0,63028.0,2869.0,156626.0,133129.0,4875.0,46.0,11218.0,44.4815688890029,7.759786258159258,9.081669411280362,7.135504398278121,9.79723297582027,4.551945167227264,3.1125100558017187,7.162284678150499,0.0293693256547444
42057,64798.0,14454.0,1694.0,14516.0,721.0,115.0,2218.0,6156.0,969.0,5030.0,6156.0,322.0,14545.0,13624.0,198.0,3.0,181.0,100.0,11.719939117199392,4.966933039404795,5.184851217312895,15.74074074074074,5.230669265756985,1.3612925403918872,1.244413887933998,0.0206256445513922
42059,66870.0,32035.0,4017.0,33180.0,1372.0,231.0,4743.0,14126.0,1675.0,12073.0,14126.0,748.0,35265.0,32320.0,922.0,0.0,546.0,75.65222228402959,12.539410020290308,4.135021097046414,4.87033523086654,11.857567605833216,5.295200339798952,2.6144902878207854,1.548277328796257,0.0
42061,65429.0,38887.0,4293.0,40331.0,2029.0,211.0,5861.0,16038.0,2138.0,13514.0,16038.0,1200.0,43844.0,39252.0,2098.0,37.0,885.0,74.34682028485894,11.039679070126263,5.030869554437033,3.600068247739294,13.330839256765184,7.482229704451926,4.785147340571116,2.018520208010218,0.0843901103913876
42063,58739.0,77986.0,9985.0,81777.0,6180.0,501.0,11326.0,32291.0,5230.0,25473.0,32291.0,2678.0,83213.0,76494.0,1941.0,14.0,1482.0,59.84191432621388,12.803580129766882,7.557137092336476,4.42345046794985,16.196463410857515,8.293332507509833,2.332568228521985,1.780971723168255,0.0168242942809416
42065,56898.0,43216.0,6594.0,43510.0,3691.0,454.0,6627.0,18207.0,2684.0,14549.0,18207.0,1500.0,44099.0,42358.0,189.0,23.0,433.0,73.46938775510205,15.258237689744538,8.483107331647897,6.850762034102912,14.741582907672871,8.238589553468445,0.4285811469647838,0.981881675321436,0.0521553776729631
42067,63923.0,23120.0,2310.0,23170.0,3555.0,345.0,3414.0,8928.0,1506.0,7248.0,8928.0,656.0,23419.0,21655.0,246.0,2.0,932.0,100.0,9.99134948096886,15.343116098403108,10.105448154657294,16.868279569892472,7.347670250896058,1.050429138733507,3.9796746231692217,0.0085400742986463
42069,64691.0,208111.0,29224.0,212268.0,9913.0,1163.0,29916.0,88266.0,9027.0,76891.0,88266.0,8745.0,215834.0,174964.0,6284.0,113.0,19782.0,17.552895838737168,14.042506162576702,4.670039761056778,3.8875518117395376,10.227040989735572,9.907552171844198,2.911496798465487,9.165377095360324,0.0523550506407702
42071,83703.0,540613.0,47050.0,548738.0,60623.0,5652.0,71028.0,210536.0,21825.0,182853.0,210536.0,18420.0,555151.0,442954.0,18912.0,253.0,62574.0,27.875490068428743,8.703083351676709,11.047713116277714,7.957425240750127,10.3663981456853,8.749097541513091,3.406640715769224,11.271527926636177,0.0455731863943323
42073,60779.0,83098.0,9628.0,84544.0,4516.0,738.0,12539.0,36005.0,4434.0,30956.0,36005.0,2794.0,85423.0,76593.0,3107.0,11.0,1756.0,42.42012315557105,11.58631976702207,5.341597274791824,5.885636813142994,12.314956256075543,7.760033328704346,3.637193730025871,2.0556524589396297,0.0128770939910796
42075,76350.0,139884.0,14793.0,141459.0,12248.0,1338.0,19051.0,55846.0,6073.0,47863.0,55846.0,3866.0,143592.0,113909.0,2594.0,37.0,21113.0,25.38584501978961,10.575190872437162,8.658339165411887,7.023253372526376,10.87454786376822,6.922608602227554,1.806507326313444,14.703465374115549,0.0257674522257507
42077,77493.0,366220.0,43403.0,371108.0,23349.0,2991.0,48737.0,143445.0,12509.0,127216.0,143445.0,11581.0,375408.0,226834.0,22525.0,208.0,101194.0,9.867923974188177,11.85161924526241,6.291699451372646,6.137021154359111,8.72041549025759,8.073477639513403,6.000138515961301,26.95573882282743,0.0554063845203085
42079,62321.0,314647.0,48562.0,319323.0,19981.0,2510.0,44952.0,133434.0,15209.0,115125.0,133434.0,12971.0,325978.0,247469.0,13279.0,74.0,51917.0,22.222461101863058,15.433803595775585,6.257300601585229,5.583733760455597,11.398144400977262,9.72091071241213,4.073587788132942,15.926534919534449,0.0227009184668904
42081,64412.0,107486.0,13456.0,110624.0,6029.0,623.0,15810.0,46201.0,4510.0,40025.0,46201.0,4449.0,113570.0,100609.0,4764.0,130.0,2562.0,40.43857498160928,12.518839662839811,5.449992768296211,3.940543959519292,9.761693469838317,9.629661695634294,4.19476974553139,2.255877432420533,0.1144668486396055
42083,61705.0,37435.0,5137.0,38412.0,1600.0,261.0,5937.0,16204.0,1888.0,13844.0,16204.0,1205.0,40149.0,37127.0,868.0,8.0,731.0,72.3906806489909,13.72245225056765,4.165364990107258,4.396159676604346,11.651444087879536,7.436435448037521,2.1619467483623502,1.8207178260977857,0.0199257764826023
42085,60614.0,103005.0,13135.0,106491.0,6373.0,640.0,16222.0,46123.0,6117.0,38937.0,46123.0,4421.0,109852.0,97305.0,6015.0,76.0,1751.0,47.944004627119256,12.751808164652202,5.984543294738523,3.94525952410307,13.26236367972595,9.585239468378033,5.475548920365583,1.593962786294287,0.0691839930087754
42087,61415.0,45229.0,7255.0,45437.0,5865.0,464.0,6459.0,18502.0,2996.0,15219.0,18502.0,1895.0,46074.0,43173.0,329.0,63.0,1001.0,54.49147216262488,16.04059342457273,12.907982481237758,7.183774578108066,16.19284401686304,10.242135985298887,0.7140686721361288,2.1725919173503496,0.1367365542388331
42089,82374.0,164816.0,18566.0,166773.0,10855.0,1780.0,27358.0,60562.0,4007.0,55621.0,60562.0,3421.0,167784.0,102633.0,21849.0,164.0,29702.0,56.76035335982938,11.264683040481506,6.508847355387263,6.506323561663864,6.616360093788184,5.648756646081702,13.022099842654844,17.70252229056406,0.0977447194011347
42091,111521.0,840078.0,54662.0,847771.0,33660.0,4774.0,117402.0,333514.0,15292.0,312510.0,333514.0,18090.0,861225.0,623261.0,78360.0,179.0,55791.0,3.3365127435196653,6.506776751682582,3.9704118211167874,4.066370249229144,4.585114867741684,5.424060159393608,9.09866759557607,6.478098057998781,0.0207843478765711
42093,72926.0,17209.0,1509.0,17307.0,766.0,60.0,2663.0,7689.0,1011.0,6579.0,7689.0,827.0,18079.0,16194.0,430.0,18.0,531.0,54.28429642699603,8.76866755767331,4.4259548159704165,2.253098009763425,13.14865392118611,10.755624918715048,2.3784501355163448,2.93710935339344,0.0995630289285911
42095,86687.0,303305.0,26577.0,312720.0,13006.0,1660.0,44220.0,121496.0,10584.0,108278.0,121496.0,8354.0,315927.0,230785.0,16807.0,42.0,47075.0,16.85791066333068,8.762466823824203,4.158992069583014,3.7539574853007687,8.711397906103905,6.8759465332192,5.319899850281869,14.900594124592072,0.0132942103713832
42097,57948.0,87154.0,10671.0,87565.0,3745.0,724.0,13208.0,37581.0,5749.0,31086.0,37581.0,3558.0,90925.0,81353.0,2224.0,9.0,4412.0,35.259201064955754,12.243844229754227,4.2768229315365724,5.48152634766808,15.297623799260265,9.467550091801709,2.445971954907891,4.852350838603244,0.0098982678031344
42099,78824.0,45426.0,3651.0,45556.0,4508.0,463.0,7090.0,18232.0,2243.0,15588.0,18232.0,1001.0,45988.0,43173.0,349.0,36.0,1045.0,93.51686226604424,8.037247391361776,9.895513214505224,6.530324400564175,12.302544975866608,5.49034664326459,0.7588936244237627,2.2723319126728714,0.0782812907715056
42101,60698.0,1538247.0,338466.0,1570102.0,112579.0,12001.0,180742.0,669222.0,63491.0,585545.0,669222.0,185943.0,1582432.0,531413.0,614807.0,2162.0,240543.0,0.0,22.003358368324463,7.170171109902414,6.639851279724691,9.487285235691594,27.784950285555468,38.85203282036764,15.20084275343269,0.1366251440820206
42103,79318.0,59153.0,5482.0,59318.0,3246.0,688.0,10671.0,24009.0,1797.0,21703.0,24009.0,1282.0,59691.0,46342.0,3251.0,25.0,7177.0,87.23327923464593,9.267492772978548,5.472200681074884,6.447380751569675,7.484693240034987,5.339664292556958,5.446382201671944,12.023588145616593,0.0418823608249149
42105,59840.0,16033.0,1881.0,16046.0,1077.0,155.0,2588.0,6757.0,912.0,5607.0,6757.0,453.0,16276.0,15439.0,69.0,14.0,272.0,100.0,11.732052641427057,6.711953134737629,5.9891808346213296,13.49711410389226,6.70415865028859,0.4239370852789383,1.671172278201032,0.0860162202015237
42107,66901.0,136167.0,17055.0,136550.0,8638.0,1177.0,20300.0,57465.0,7635.0,48698.0,57465.0,4568.0,143259.0,125559.0,3745.0,30.0,9744.0,47.06499171612524,12.52506113816123,6.325887953130722,5.798029556650246,13.286348211955104,7.949186461324285,2.614146406159473,6.801666910979415,0.0209410927062174
42109,68435.0,36678.0,3143.0,39212.0,4636.0,494.0,5199.0,14549.0,2477.0,11791.0,14549.0,1044.0,39711.0,37431.0,307.0,9.0,990.0,70.3467888061204,8.569169529418179,11.822911353667244,9.50182727447586,17.025225101381537,7.1757509107155135,0.7730855430485256,2.493012011785148,0.0226637455616831
42111,59378.0,68875.0,7702.0,69157.0,3982.0,487.0,10932.0,29071.0,4980.0,23310.0,29071.0,1788.0,73255.0,68699.0,1387.0,62.0,1096.0,77.59716170459605,11.182577132486388,5.757913154127565,4.454811562385657,17.13047366791648,6.15045922052905,1.8933861169886013,1.4961436079448502,0.0846358610333765
42113,64758.0,5631.0,620.0,5677.0,263.0,44.0,1181.0,2536.0,356.0,2012.0,2536.0,129.0,5849.0,5485.0,127.0,8.0,117.0,100.0,11.01047771266205,4.632728553813634,3.7256562235393735,14.037854889589903,5.086750788643533,2.1713113352709863,2.000341938792956,0.1367755171824243
42115,66930.0,37913.0,4146.0,38070.0,2571.0,539.0,6523.0,15639.0,1644.0,13651.0,15639.0,788.0,38349.0,36251.0,77.0,3.0,875.0,100.0,10.935562999498853,6.7533490937746254,8.263069139966273,10.512181085747171,5.038685337937208,0.2007875042373986,2.2816761845158937,0.007822889775483
42117,62932.0,40246.0,4766.0,40753.0,2593.0,577.0,6197.0,16639.0,1897.0,14307.0,16639.0,915.0,41078.0,39137.0,340.0,33.0,670.0,100.0,11.842170650499428,6.362721762815007,9.310956914636114,11.400925536390409,5.499128553398641,0.8276936559715663,1.6310433808851454,0.0803349724913579
42119,72894.0,34046.0,3290.0,38038.0,3760.0,472.0,4842.0,14301.0,2289.0,10961.0,14301.0,1400.0,42570.0,36667.0,2455.0,51.0,2093.0,63.20142452144982,9.663396581096164,9.884851990115148,9.748038000826105,16.005873715124817,9.789525208027412,5.766972046041814,4.916607939863754,0.1198026779422128
42121,61626.0,49091.0,6290.0,49456.0,2180.0,520.0,8273.0,21342.0,2349.0,18608.0,21342.0,1597.0,50096.0,47095.0,532.0,10.0,587.0,56.066912435089385,12.812939235297712,4.407958589453251,6.285507071195455,11.006466123137477,7.482897572861026,1.0619610348131587,1.171750239540083,0.0199616735867135
42123,59013.0,37483.0,4271.0,37603.0,1643.0,244.0,6215.0,16271.0,2225.0,13482.0,16271.0,1004.0,38174.0,36210.0,292.0,18.0,453.0,61.98719776090393,11.394498839473895,4.369332234130256,3.9259855189058728,13.674635855202508,6.170487370167783,0.7649185309372871,1.1866715565568189,0.0471525121810656
42125,77487.0,204399.0,19123.0,207788.0,8289.0,1291.0,31330.0,87665.0,7856.0,78065.0,87665.0,6655.0,209778.0,189092.0,6488.0,15.0,4115.0,32.33356739224931,9.355720918399795,3.9891620305311184,4.1206511330992655,8.961387098614042,7.591399076028061,3.092793333905367,1.9615974983077349,0.0071504161542201
42127,62182.0,47922.0,5845.0,48222.0,3131.0,507.0,8145.0,20314.0,2193.0,17462.0,20314.0,1200.0,51189.0,45199.0,1473.0,25.0,2528.0,86.21640113380901,12.19690330119778,6.492887063995687,6.224677716390423,10.79551048537954,5.907256079551049,2.8775713532204183,4.938561018968919,0.0488386176717654
42129,72468.0,346431.0,34698.0,350257.0,11214.0,2266.0,55871.0,154385.0,16494.0,134555.0,154385.0,10277.0,353345.0,325058.0,8578.0,67.0,5402.0,26.48260461339356,10.015847311585857,3.201649074822202,4.055771330386068,10.683680409366197,6.656734786410597,2.427655690613989,1.5288174447070144,0.0189616380591206
42131,70268.0,25264.0,2871.0,25890.0,933.0,189.0,3941.0,10892.0,1231.0,9385.0,10892.0,591.0,26075.0,24423.0,191.0,7.0,612.0,95.32394798419578,11.363996200126662,3.603707995365006,4.795737122557727,11.30187293426368,5.426000734484025,0.7325023969319271,2.3470757430488973,0.0268456375838926
42133,82238.0,450318.0,38560.0,454916.0,21589.0,2939.0,64277.0,180207.0,15129.0,161078.0,180207.0,10030.0,459312.0,367605.0,24941.0,195.0,41774.0,28.456657859336865,8.562837816831662,4.745711296151377,4.572397591673538,8.39534535284423,5.565821527465637,5.430078029748842,9.094907165499704,0.0424548019646776
44001,110926.0,47001.0,3189.0,49904.0,1332.0,146.0,7755.0,19420.0,1347.0,17870.0,19420.0,1022.0,50568.0,44850.0,500.0,11.0,2043.0,1.1300769791112948,6.7849620220846365,2.6691247194613656,1.882656350741457,6.936148300720906,5.262615859938208,0.9887676000632812,4.0401044138585664,0.0217528872013921
44003,91278.0,169107.0,12500.0,169374.0,5147.0,967.0,26335.0,72743.0,4907.0,66617.0,72743.0,4670.0,170658.0,144551.0,3025.0,95.0,10976.0,7.249226651326873,7.391769707936395,3.03883712966571,3.671919498765901,6.7456662496735085,6.419861704906314,1.7725509498529222,6.431576603499397,0.055666889334224
44005,100859.0,81547.0,7027.0,81742.0,3372.0,574.0,12943.0,36186.0,1683.0,33845.0,36186.0,2643.0,85095.0,70856.0,2927.0,144.0,5583.0,8.50273811052859,8.61711650949759,4.125174328986323,4.434829637641968,4.650969988393301,7.303929696567733,3.439685057876491,6.560902520712145,0.1692226335272342
44007,78204.0,631780.0,82273.0,648844.0,34200.0,3498.0,84850.0,256505.0,21683.0,229012.0,256505.0,28508.0,658977.0,379663.0,47246.0,1219.0,164093.0,5.19341163935642,13.0224128652379,5.270912576828945,4.122569239835003,8.453246525408861,11.114013372059024,7.169597724958535,24.90117257506711,0.1849836944233258
44009,102478.0,124063.0,9901.0,128832.0,2842.0,475.0,20962.0,52048.0,2232.0,48730.0,52048.0,2339.0,130073.0,116578.0,1524.0,252.0,4808.0,33.6316515068662,7.980622748119907,2.2059736711376057,2.2660051521801354,4.288349216108208,4.493928681217338,1.1716497659006866,3.696385875623688,0.1937373628654678
45001,52112.0,23529.0,3318.0,24191.0,2585.0,353.0,3534.0,9536.0,1500.0,7636.0,9536.0,557.0,24352.0,16657.0,6287.0,31.0,475.0,78.97921383000617,14.10174678056866,10.685792236782277,9.988681380871531,15.72986577181208,5.841023489932886,25.81718134034165,1.9505584756898815,0.1272996057818659
45003,67940.0,169202.0,23440.0,169868.0,14975.0,2154.0,23895.0,68606.0,6088.0,61523.0,68606.0,3826.0,171949.0,110334.0,41597.0,166.0,11974.0,37.01957253210748,13.85326414581388,8.815668636823887,9.01443816698054,8.873859429204442,5.576771710929073,24.191475379327592,6.963692722842239,0.0965402532146159
45005,31603.0,6889.0,1824.0,6899.0,843.0,160.0,968.0,3163.0,796.0,2233.0,3163.0,523.0,7738.0,1745.0,4951.0,81.0,799.0,100.0,26.4769923065757,12.219162197419916,16.52892561983471,25.165981662978187,16.534935188112552,63.98294132850866,10.325665546652882,1.046782114241406
45007,64683.0,204052.0,29358.0,205573.0,21287.0,2562.0,27804.0,82134.0,8018.0,71627.0,82134.0,4504.0,207218.0,156437.0,28084.0,883.0,10188.0,41.65660373653776,14.38750906631643,10.354959065636052,9.21450151057402,9.762096086882412,5.483721723037962,13.552876680597246,4.916561302589543,0.4261212829001342
45009,43206.0,12386.0,2676.0,12975.0,1854.0,231.0,1900.0,4592.0,911.0,3587.0,4592.0,730.0,13164.0,4878.0,7847.0,25.0,223.0,100.0,21.60503794606814,14.289017341040465,12.157894736842104,19.838850174216027,15.897212543554009,59.609541172895774,1.6940139775144334,0.1899118808872683
45011,41800.0,20153.0,5750.0,20216.0,2389.0,231.0,2743.0,8107.0,1905.0,5992.0,8107.0,928.0,20565.0,10367.0,8862.0,30.0,576.0,100.0,28.5317322483005,11.817372378314207,8.42143638352169,23.498211422227705,11.4468977426915,43.09263311451495,2.800875273522976,0.1458789204959883
45013,84819.0,185923.0,19494.0,183726.0,15449.0,2563.0,26748.0,78794.0,3848.0,71607.0,78794.0,2958.0,192123.0,129485.0,30072.0,107.0,23539.0,18.601196043117408,10.484985719894794,8.408717329066109,9.582024824285927,4.883620580247227,3.754092951239942,15.652472634718384,12.252046865809923,0.0556934880259
45015,82327.0,234092.0,24152.0,230350.0,22793.0,3224.0,29042.0,90348.0,8204.0,78950.0,90348.0,3324.0,238723.0,144857.0,54584.0,562.0,21150.0,22.069859610808276,10.317311142627684,9.894942478836551,11.101163831692032,9.08044450347545,3.6791074511887367,22.864994156407217,8.85964067140577,0.2354192934907822
45017,56690.0,13920.0,2267.0,14022.0,1104.0,224.0,2285.0,6124.0,1044.0,4809.0,6124.0,362.0,14150.0,7760.0,5460.0,50.0,539.0,100.0,16.285919540229884,7.87334189131365,9.803063457330415,17.0476812540823,5.911169170476812,38.58657243816254,3.809187279151944,0.3533568904593639
45019,84320.0,404116.0,47041.0,407719.0,36449.0,4281.0,53398.0,175499.0,12913.0,151259.0,175499.0,10719.0,414711.0,266718.0,97371.0,280.0,29019.0,9.059977708917655,11.6404695681438,8.939735455056056,8.017154200531856,7.357876683058024,6.10772710955618,23.47924217105406,6.9974030107713565,0.0675168973092105
45021,49047.0,55206.0,10191.0,55759.0,5673.0,974.0,7544.0,21864.0,3978.0,17263.0,21864.0,1162.0,56299.0,39434.0,10575.0,131.0,2944.0,66.12708125800484,18.45995000543419,10.174142290930613,12.910922587486745,18.19429198682766,5.314672521039151,18.78363736478445,5.229222543917299,0.2326861933604504
45023,51216.0,31979.0,6177.0,31984.0,3757.0,543.0,4669.0,12926.0,2159.0,10354.0,12926.0,882.0,32177.0,18518.0,11526.0,55.0,877.0,73.33560413699139,19.315800994402576,11.746498249124562,11.629899336046265,16.702769611635464,6.823456599102584,35.82061721105137,2.7255493054044813,0.1709295459489697
45025,47620.0,43075.0,8685.0,43131.0,5205.0,867.0,6266.0,17381.0,2899.0,13885.0,17381.0,1618.0,43575.0,25643.0,13267.0,96.0,2328.0,83.16733297899383,20.16250725478816,12.067886207136398,13.836578359399937,16.67913238593867,9.309015591738104,30.44635685599541,5.342512908777969,0.2203098106712564
45027,48887.0,29659.0,5501.0,29717.0,2921.0,678.0,4696.0,11949.0,1616.0,10016.0,11949.0,1220.0,31037.0,15173.0,14019.0,36.0,945.0,85.48034934497817,18.547489800735026,9.829390584513916,14.437819420783644,13.524144279856054,10.21005941919826,45.16866965235042,3.0447530366981344,0.1159905918742146
45029,48779.0,37756.0,7055.0,38002.0,5894.0,854.0,5668.0,15968.0,2339.0,13105.0,15968.0,1710.0,38623.0,21845.0,13350.0,128.0,1562.0,76.09315096881153,18.685771797859942,15.509710015262357,15.067043048694424,14.64804609218437,10.708917835671343,34.56489656422339,4.044222354555576,0.3314087460839396
45031,47419.0,61593.0,12500.0,62019.0,5604.0,811.0,8480.0,25074.0,5108.0,18888.0,25074.0,2482.0,62754.0,33575.0,25647.0,108.0,1486.0,57.11469676496304,20.29451398697904,9.03594059884874,9.56367924528302,20.37169976868469,9.898699848448592,40.86910794531026,2.367976543327915,0.1721005832297542
45033,44038.0,27571.0,8057.0,27702.0,4041.0,636.0,3623.0,10587.0,3028.0,6834.0,10587.0,1077.0,28031.0,12536.0,12806.0,572.0,931.0,70.0127244450728,29.22273403213521,14.587394411955817,17.554512834667403,28.60111457447813,10.17285349957495,45.68513431557918,3.3213228211622847,2.0405979094573863
45035,76896.0,161762.0,18643.0,160966.0,18162.0,1616.0,20666.0,61573.0,4912.0,54532.0,61573.0,1812.0,164322.0,100805.0,40707.0,417.0,11323.0,14.718336015847468,11.5249564174528,11.283128114011657,7.819607084099487,7.977522615432089,2.942848326376821,24.7727023770402,6.890738915057022,0.2537700368788111
45037,67092.0,24354.0,4003.0,24288.0,2612.0,287.0,3851.0,9508.0,1781.0,7383.0,9508.0,662.0,26508.0,15294.0,8319.0,37.0,1650.0,87.98378610125891,16.43672497331034,10.754281949934123,7.452609711763178,18.731594446781656,6.9625578460244,31.382978723404257,6.224535989135355,0.1395805039987928
45039,46972.0,20435.0,3460.0,20430.0,1631.0,219.0,3515.0,8773.0,1480.0,7111.0,8773.0,551.0,20741.0,8023.0,11438.0,3.0,486.0,77.28184074852014,16.931734768779055,7.983357807146353,6.230440967283073,16.869941867092216,6.280633762680953,55.14681066486669,2.343184995901837,0.0144641049129743
45041,56650.0,133882.0,24483.0,134929.0,13539.0,2092.0,17268.0,52522.0,7768.0,42386.0,52522.0,3896.0,136921.0,68272.0,58691.0,136.0,4391.0,39.20866196309618,18.286998999118627,10.034166116994864,12.11489460273338,14.789992764936596,7.417843951106203,42.8648636805165,3.206958757239576,0.0993273493474339
45043,66734.0,63531.0,9157.0,63740.0,6454.0,1280.0,10287.0,26593.0,3131.0,22403.0,26593.0,1272.0,64200.0,42158.0,18448.0,83.0,2259.0,42.186612831997984,14.413435960397289,10.125509883903357,12.44288908330903,11.77377505358553,4.783213627646373,28.73520249221184,3.5186915887850465,0.1292834890965732
45045,74624.0,524981.0,57760.0,532804.0,53711.0,6283.0,66742.0,215774.0,14783.0,196527.0,215774.0,10639.0,537575.0,353665.0,88076.0,417.0,60182.0,11.896090452758528,11.00230294048737,10.080817711578742,9.413862335560816,6.851149814157406,4.930621854347605,16.383946426080083,11.195089057340835,0.077570571548156
45047,50635.0,66071.0,11306.0,68018.0,5371.0,1052.0,8815.0,27770.0,4238.0,22275.0,27770.0,2135.0,69329.0,40209.0,21645.0,35.0,4848.0,39.68219636342663,17.11189477985803,7.896439177864683,11.934203062960862,15.261073100468131,7.68815268275117,31.220701293830864,6.992744738853871,0.0504839244760489
45049,43059.0,17959.0,3597.0,17947.0,2272.0,269.0,2363.0,7104.0,1388.0,5660.0,7104.0,796.0,18555.0,7468.0,9714.0,25.0,750.0,100.0,20.02895484158361,12.659497409037725,11.383834109183242,19.53828828828829,11.204954954954957,52.35246564268391,4.042037186742118,0.1347345728914039
45051,64623.0,362435.0,46454.0,367312.0,45569.0,7136.0,58762.0,150342.0,8211.0,137629.0,150342.0,6943.0,368937.0,280046.0,43355.0,450.0,25961.0,24.423907996205443,12.817194807344766,12.406074399965153,12.143902522038053,5.461547671309415,4.618137313591678,11.751328817657216,7.036702743286794,0.1219720440075134
45053,63503.0,29166.0,5338.0,29517.0,3794.0,325.0,4814.0,12420.0,1811.0,10234.0,12420.0,481.0,30658.0,13780.0,10539.0,26.0,5259.0,89.14938696120315,18.302132620174174,12.85360978419216,6.751142501038637,14.581320450885668,3.872785829307568,34.376019309804946,17.153760845456326,0.0848065757714136
45055,64343.0,66533.0,9358.0,66143.0,5907.0,755.0,9205.0,25877.0,2344.0,22971.0,25877.0,927.0,66924.0,44664.0,15657.0,90.0,3744.0,52.8125621148877,14.065200727458556,8.930650257774822,8.202064095600218,9.058237044479654,3.5823318004405458,23.395194549040703,5.594405594405594,0.1344809037116729
45057,74751.0,98822.0,12160.0,99166.0,8262.0,1224.0,12531.0,39204.0,4103.0,34114.0,39204.0,1615.0,100905.0,68819.0,19558.0,121.0,7062.0,37.9363856023996,12.304952338548096,8.33148458140895,9.767775915728992,10.465768799102133,4.1194776043260894,19.382587582379465,6.998662107923294,0.119914771319558
45059,55517.0,65857.0,11621.0,66848.0,8490.0,1212.0,9521.0,26291.0,3693.0,22048.0,26291.0,1799.0,67904.0,44665.0,15594.0,33.0,4303.0,64.02078798916182,17.645808342317444,12.70045476304452,12.729755277806952,14.046631927275492,6.842645772317523,22.964773798303487,6.336887370405278,0.0485980207351555
45061,44145.0,15139.0,3525.0,15145.0,1563.0,339.0,2225.0,6294.0,1149.0,5082.0,6294.0,718.0,16330.0,5422.0,10159.0,11.0,379.0,100.0,23.284232776273203,10.320237702211951,15.235955056179776,18.255481410867493,11.407689863361933,62.2106552357624,2.3208818126148194,0.0673606858542559
45063,75014.0,297360.0,34010.0,297500.0,26787.0,3765.0,39588.0,120789.0,8605.0,109966.0,120789.0,5519.0,300370.0,213922.0,44607.0,370.0,22831.0,25.154511532665968,11.437315039009954,9.004033613445378,9.510457714458926,7.123993078839961,4.569124671948605,14.850684156207343,7.6009588174584675,0.123181409594833
45065,55344.0,8745.0,1572.0,8801.0,358.0,80.0,1550.0,4107.0,779.0,3197.0,4107.0,244.0,9701.0,5290.0,3988.0,0.0,65.0,100.0,17.97598627787307,4.067719577320759,5.161290322580645,18.967616264913563,5.9410762113464815,41.10916400371096,0.670034017111638,0.0
45067,34501.0,28578.0,7807.0,28716.0,3969.0,452.0,3969.0,11788.0,3032.0,7725.0,11788.0,1267.0,28900.0,11095.0,16101.0,98.0,753.0,59.109755679676525,27.31821681013367,13.821562891767655,11.388259007306626,25.721072276891757,10.748218527315917,55.71280276816609,2.605536332179931,0.3391003460207612
45069,36293.0,23854.0,6241.0,23905.0,3379.0,414.0,3558.0,9729.0,2852.0,6330.0,9729.0,1340.0,26285.0,9970.0,12905.0,895.0,701.0,65.23418457269284,26.163326905340824,14.135118176113783,11.63575042158516,29.314420803782507,13.773255216363449,49.0964428381206,2.666920296747194,3.4049838310823666
45071,59670.0,36806.0,5893.0,37659.0,3188.0,252.0,5295.0,15220.0,2174.0,12667.0,15220.0,1048.0,38121.0,22652.0,11091.0,59.0,3403.0,67.27909011373578,16.01097647122752,8.465439868291776,4.759206798866855,14.283837056504598,6.885676741130092,29.09420004721807,8.926838225649904,0.1547703365599013
45073,60193.0,78785.0,12905.0,78929.0,8211.0,1350.0,12413.0,33653.0,4570.0,27787.0,33653.0,1659.0,79566.0,66463.0,5345.0,63.0,4642.0,63.74750340300482,16.380021577711492,10.40302043608813,10.87569483605897,13.579770005645855,4.929723947344962,6.717693487167886,5.834150265188648,0.0791795490536158
45075,43214.0,80196.0,19137.0,82738.0,8170.0,1429.0,11644.0,32880.0,6371.0,25522.0,32880.0,2920.0,83531.0,27673.0,51371.0,270.0,2100.0,65.4821129620175,23.86278617387401,9.874543740482004,12.272414977670904,19.376520681265205,8.880778588807786,61.499323604410336,2.5140367049358923,0.3232332906346147
45077,59411.0,124590.0,21473.0,131679.0,11777.0,1288.0,16358.0,51404.0,5912.0,43800.0,51404.0,3251.0,132604.0,110572.0,8084.0,109.0,6809.0,37.55897841770418,17.23493057227707,8.94371919592342,7.873823205770877,11.501050501906466,6.324410551708039,6.096347018189497,5.134837561461192,0.0821996319869687
45079,61699.0,390686.0,65996.0,398074.0,34892.0,3790.0,46981.0,165308.0,13959.0,147229.0,165308.0,11214.0,418725.0,166868.0,196182.0,423.0,26339.0,8.558273879182115,16.892338092483477,8.76520445947236,8.06709095166131,8.444237423476178,6.783700728337407,46.85222998387963,6.290285987223117,0.1010209564750134
45081,52957.0,18738.0,3630.0,18699.0,3016.0,384.0,2848.0,7507.0,1593.0,5645.0,7507.0,350.0,18958.0,10903.0,4194.0,36.0,3144.0,98.5685505248648,19.37239833493436,16.129204770308572,13.48314606741573,21.2201944851472,4.662315172505662,22.12258677075641,16.58402785103914,0.1898934486760206
45083,64195.0,330155.0,47882.0,333897.0,36506.0,4338.0,42227.0,128606.0,14221.0,111886.0,128606.0,5681.0,338096.0,222196.0,66690.0,355.0,29892.0,29.515208980569945,14.502885008556587,10.933311769797273,10.27304804982594,11.057804457023778,4.417367774442872,19.725166816525483,8.841275850645971,0.1049997633808149
45085,55990.0,102140.0,16710.0,99063.0,10444.0,1921.0,13068.0,41181.0,5670.0,34598.0,41181.0,3449.0,104853.0,46112.0,48203.0,81.0,4500.0,34.79764295729281,16.35989817897004,10.542785903919729,14.700030609121518,13.768485466598674,8.375221582768752,45.97197981936616,4.291722697490773,0.0772510085548339
45087,41200.0,26581.0,6037.0,26623.0,3109.0,496.0,4052.0,11738.0,1987.0,9566.0,11738.0,1317.0,26990.0,17314.0,7789.0,68.0,520.0,64.28938481867567,22.71171137278507,11.677872516245351,12.240868706811453,16.92792639291191,11.219969330379962,28.858836606150422,1.9266394961096704,0.25194516487588
45089,43471.0,28958.0,6833.0,28980.0,3131.0,780.0,4263.0,12160.0,2571.0,8707.0,12160.0,1628.0,30517.0,9750.0,19497.0,97.0,718.0,83.07870818023594,23.59624283444989,10.8040027605245,18.296973961998592,21.14309210526316,13.388157894736842,63.88897991283547,2.3527869711963825,0.3178556214568929
45091,83060.0,284017.0,25243.0,286789.0,23660.0,3349.0,36284.0,111623.0,6077.0,102919.0,111623.0,4117.0,288559.0,193671.0,53435.0,1216.0,20331.0,22.665815874366334,8.887848262603999,8.24996774632221,9.22996362032852,5.444218485437589,3.688307965204304,18.517876760038675,7.045699492997966,0.421404288204492
46003,74130.0,2478.0,209.0,2482.0,136.0,42.0,372.0,1042.0,156.0,851.0,1042.0,26.0,2573.0,2310.0,27.0,14.0,164.0,100.0,8.434221146085553,5.47945205479452,11.290322580645162,14.971209213051823,2.495201535508637,1.0493587252234746,6.373882627283327,0.5441119315973572
46005,63082.0,18915.0,2609.0,18910.0,1111.0,82.0,2480.0,7485.0,868.0,6477.0,7485.0,660.0,19279.0,13277.0,207.0,196.0,2772.0,25.353804376207638,13.79328575204864,5.8751983077736645,3.306451612903226,11.596526386105545,8.817635270541082,1.0737071424866436,14.378339125473312,1.0166502411950826
46007,44569.0,3312.0,1058.0,3312.0,964.0,38.0,324.0,1024.0,293.0,652.0,1024.0,80.0,3354.0,1191.0,6.0,1868.0,156.0,100.0,31.944444444444443,29.106280193236717,11.728395061728396,28.61328125,7.8125,0.1788908765652951,4.651162790697675,55.69469290399523
46009,61275.0,5448.0,645.0,5438.0,309.0,31.0,784.0,2426.0,334.0,1993.0,2426.0,94.0,7024.0,6075.0,132.0,456.0,162.0,100.0,11.83920704845815,5.682236116219198,3.954081632653061,13.767518549051935,3.8746908491343777,1.8792710706150344,2.306378132118451,6.492027334851937
46011,67341.0,31802.0,4078.0,34733.0,1509.0,176.0,3184.0,13490.0,951.0,12119.0,13490.0,754.0,34968.0,30723.0,393.0,257.0,1504.0,31.130181818181818,12.823092887239795,4.3445714450234645,5.527638190954774,7.049666419570052,5.58932542624166,1.1238846945778995,4.301075268817204,0.7349576755891101
46013,70239.0,36990.0,3914.0,37526.0,2803.0,316.0,4997.0,16364.0,1354.0,14422.0,16364.0,968.0,38079.0,32309.0,81.0,1603.0,1687.0,26.94185530403906,10.581238172479049,7.469487821776902,6.323794276565939,8.27426057198729,5.91542410168663,0.2127156700543606,4.430263399774153,4.209669371569632
46015,74043.0,5091.0,537.0,5112.0,388.0,15.0,749.0,1932.0,296.0,1568.0,1932.0,96.0,5261.0,4293.0,76.0,585.0,81.0,100.0,10.548025928108428,7.589984350547731,2.0026702269692924,15.320910973084889,4.968944099378882,1.4445922828359627,1.539631248812013,11.11955901919787
46017,47000.0,1748.0,568.0,1757.0,754.0,89.0,175.0,496.0,186.0,305.0,496.0,81.0,1757.0,372.0,0.0,1290.0,58.0,100.0,32.494279176201374,42.91405805350029,50.85714285714285,37.5,16.330645161290324,0.0,3.301081388730791,73.42060330108139
46019,67692.0,10408.0,749.0,10436.0,1645.0,220.0,1483.0,4230.0,485.0,3711.0,4230.0,190.0,10538.0,9276.0,0.0,176.0,442.0,50.31728985648736,7.196387394312068,15.762744346492909,14.8347943358058,11.465721040189123,4.491725768321513,0.0,4.1943442778515845,1.6701461377870563
46021,65000.0,1479.0,125.0,1481.0,60.0,11.0,287.0,704.0,137.0,546.0,704.0,28.0,1481.0,1358.0,0.0,6.0,87.0,100.0,8.451656524678837,4.051316677920324,3.832752613240418,19.460227272727277,3.977272727272727,0.0,5.87440918298447,0.4051316677920324
46023,64850.0,8955.0,2045.0,9022.0,1631.0,186.0,1163.0,3006.0,494.0,2416.0,3006.0,139.0,9281.0,5922.0,12.0,2518.0,250.0,100.0,22.836404243439414,18.078031478607848,15.993121238177128,16.43379906852961,4.624085163007319,0.1292964120245663,2.6936752505117982,27.13069712315483
46025,62885.0,3740.0,416.0,3809.0,264.0,36.0,506.0,1322.0,157.0,1118.0,1322.0,46.0,3876.0,3557.0,21.0,23.0,178.0,100.0,11.122994652406415,6.93095300603833,7.1146245059288535,11.875945537065054,3.479576399394856,0.541795665634675,4.592363261093912,0.5933952528379773
46027,58794.0,12682.0,2515.0,14856.0,1383.0,145.0,1332.0,5561.0,361.0,4990.0,5561.0,374.0,15133.0,13077.0,304.0,387.0,488.0,22.101957640141645,19.83125689954266,9.309369951534734,10.885885885885886,6.4916381945693225,6.725409099082899,2.008854820590762,3.2247406330535915,2.557325051212582
46029,65080.0,28154.0,2867.0,28188.0,1884.0,252.0,3854.0,12361.0,1377.0,10743.0,12361.0,613.0,28556.0,25959.0,210.0,548.0,854.0,27.120917917034426,10.183277687007177,6.683695189442316,6.538661131292164,11.139875414610469,4.9591457001860695,0.7353971144417986,2.990614932063314,1.9190362795909792
46031,43750.0,3830.0,1731.0,3859.0,725.0,64.0,466.0,1112.0,177.0,908.0,1112.0,106.0,3859.0,1162.0,4.0,2575.0,14.0,100.0,45.19582245430809,18.787250583052604,13.733905579399142,15.91726618705036,9.532374100719425,0.1036537963202902,0.3627882871210158,66.72713138118684
46033,81958.0,8549.0,564.0,8558.0,864.0,243.0,1681.0,4033.0,465.0,3504.0,4033.0,26.0,8686.0,7811.0,32.0,159.0,251.0,100.0,6.5972628377588025,10.095816779621408,14.455681142177276,11.529878502355569,0.6446813786263328,0.3684089339166475,2.889707575408704,1.830531890398342
46035,61401.0,19214.0,2376.0,19586.0,1499.0,167.0,2487.0,8714.0,1041.0,7443.0,8714.0,650.0,19936.0,17696.0,111.0,594.0,941.0,21.37702946482261,12.36598313729572,7.653425916470948,6.71491757137113,11.946293321092496,7.459260959375717,0.5567817014446228,4.720104333868379,2.979534510433387
46037,62270.0,5339.0,747.0,5341.0,398.0,90.0,841.0,2343.0,342.0,1936.0,2343.0,114.0,5460.0,4579.0,3.0,520.0,145.0,100.0,13.991384154336018,7.45178805467141,10.70154577883472,14.596670934699103,4.865556978233035,0.0549450549450549,2.655677655677656,9.523809523809524
46039,79556.0,4271.0,288.0,4271.0,329.0,62.0,618.0,1800.0,274.0,1471.0,1800.0,40.0,4318.0,4052.0,15.0,4.0,139.0,100.0,6.743151486771248,7.703114024818544,10.032362459546926,15.22222222222222,2.2222222222222223,0.3473830477072719,3.2190829087540527,0.0926354793886058
46041,57928.0,5139.0,1661.0,5130.0,1203.0,109.0,566.0,1681.0,356.0,1304.0,1681.0,140.0,5230.0,1056.0,21.0,3898.0,79.0,100.0,32.32146331971201,23.450292397660817,19.25795053003533,21.17787031528852,8.328375966686496,0.401529636711281,1.5105162523900573,74.53154875717017
46043,78125.0,2712.0,371.0,2712.0,511.0,45.0,431.0,1117.0,151.0,945.0,1117.0,30.0,2823.0,2620.0,42.0,33.0,68.0,100.0,13.679941002949851,18.842182890855455,10.440835266821344,13.5183527305282,2.6857654431512983,1.487778958554729,2.40878498051718,1.1689691817215728
46045,77266.0,3887.0,332.0,3933.0,160.0,55.0,663.0,1589.0,103.0,1439.0,1589.0,14.0,4033.0,3802.0,33.0,19.0,82.0,100.0,8.541291484435297,4.068141367912535,8.295625942684767,6.482064191315293,0.8810572687224669,0.8182494421026532,2.033225886436896,0.4711133151500124
46047,61056.0,6930.0,1365.0,6946.0,1039.0,272.0,1260.0,3443.0,458.0,2886.0,3443.0,241.0,7179.0,6059.0,0.0,513.0,237.0,100.0,19.696969696969692,14.95824935214512,21.58730158730159,13.3023525994772,6.9997095556200986,0.0,3.3012954450480567,7.145842039281237
46049,58000.0,2070.0,529.0,2070.0,90.0,3.0,274.0,836.0,99.0,699.0,836.0,67.0,2137.0,2037.0,0.0,4.0,51.0,100.0,25.55555555555556,4.3478260869565215,1.094890510948905,11.842105263157896,8.014354066985646,0.0,2.3865231633130555,0.187178287318671
46051,73818.0,7340.0,822.0,7413.0,733.0,147.0,1124.0,2989.0,429.0,2479.0,2989.0,148.0,7544.0,6789.0,44.0,31.0,506.0,100.0,11.19891008174387,9.888034533926886,13.07829181494662,14.352626296420208,4.951488792238207,0.5832449628844114,6.7073170731707314,0.4109225874867444
46053,52432.0,3928.0,434.0,3920.0,308.0,68.0,548.0,1635.0,279.0,1312.0,1635.0,61.0,3993.0,3462.0,40.0,224.0,43.0,100.0,11.04887983706721,7.857142857142857,12.408759124087592,17.06422018348624,3.730886850152905,1.0017530678687705,1.0768845479589282,5.6098171800651135
46055,59231.0,1668.0,136.0,1668.0,177.0,4.0,252.0,674.0,118.0,479.0,674.0,34.0,1708.0,1508.0,24.0,123.0,1.0,100.0,8.15347721822542,10.611510791366907,1.5873015873015872,17.50741839762611,5.044510385756676,1.405152224824356,0.0585480093676815,7.201405152224824
46057,83194.0,6098.0,402.0,6093.0,602.0,37.0,689.0,2181.0,202.0,1896.0,2181.0,30.0,6288.0,5771.0,19.0,12.0,341.0,100.0,6.592325352574615,9.88019038240604,5.370101596516691,9.261806510774871,1.375515818431912,0.3021628498727735,5.423027989821883,0.1908396946564885
46059,72054.0,2994.0,198.0,2992.0,124.0,41.0,403.0,1373.0,175.0,1177.0,1373.0,74.0,3045.0,2838.0,11.0,32.0,57.0,100.0,6.613226452905812,4.144385026737968,10.173697270471465,12.745812090313184,5.38965768390386,0.361247947454844,1.8719211822660096,1.0509031198686372
46061,86375.0,3473.0,215.0,3468.0,300.0,21.0,484.0,1134.0,81.0,1037.0,1134.0,17.0,3473.0,3233.0,13.0,0.0,43.0,100.0,6.190613302620213,8.650519031141869,4.338842975206612,7.142857142857143,1.4991181657848325,0.3743161531816873,1.2381226605240423,0.0
46063,74766.0,1081.0,60.0,1081.0,37.0,5.0,240.0,493.0,28.0,457.0,493.0,8.0,1092.0,954.0,18.0,14.0,21.0,100.0,5.550416281221092,3.4227567067530065,2.083333333333333,5.679513184584178,1.6227180527383367,1.6483516483516485,1.9230769230769231,1.2820512820512822
46065,78981.0,16785.0,1543.0,16828.0,1188.0,179.0,2483.0,7316.0,647.0,6579.0,7316.0,411.0,17732.0,14308.0,4.0,1961.0,543.0,28.679988741908247,9.19273160560024,7.059662467316377,7.209021345147,8.843630399125205,5.617823947512302,0.0225580870742161,3.0622603203248366,11.059102188134446
46067,74459.0,7092.0,708.0,7190.0,302.0,83.0,996.0,2944.0,359.0,2472.0,2944.0,139.0,7393.0,6739.0,5.0,54.0,193.0,100.0,9.983079526226735,4.2002781641168285,8.333333333333334,12.19429347826087,4.721467391304348,0.0676315433518192,2.6105775733802243,0.7304206681996483
46069,74279.0,1262.0,103.0,1262.0,84.0,35.0,240.0,535.0,44.0,474.0,535.0,9.0,1305.0,1132.0,0.0,8.0,19.0,100.0,8.161648177496039,6.6561014263074485,14.583333333333334,8.22429906542056,1.6822429906542056,0.0,1.4559386973180075,0.6130268199233716
46071,26686.0,2753.0,1031.0,2783.0,813.0,77.0,379.0,740.0,208.0,443.0,740.0,92.0,2826.0,1023.0,5.0,1760.0,12.0,100.0,37.45005448601525,29.21307941070787,20.316622691292874,28.10810810810811,12.432432432432432,0.1769285208775654,0.4246284501061571,62.27883934890304
46073,75417.0,1802.0,188.0,1802.0,114.0,5.0,208.0,827.0,109.0,675.0,827.0,43.0,1845.0,1590.0,0.0,13.0,140.0,100.0,10.432852386237514,6.32630410654828,2.4038461538461537,13.180169286577993,5.199516324062878,0.0,7.588075880758808,0.7046070460704607
46075,64688.0,1023.0,162.0,1030.0,114.0,11.0,105.0,355.0,42.0,297.0,355.0,10.0,1030.0,854.0,8.0,143.0,11.0,100.0,15.835777126099709,11.067961165048544,10.476190476190476,11.830985915492958,2.816901408450704,0.7766990291262136,1.0679611650485437,13.883495145631068
46077,70221.0,5105.0,496.0,5110.0,305.0,27.0,771.0,2031.0,193.0,1777.0,2031.0,92.0,5210.0,4851.0,0.0,36.0,142.0,100.0,9.715964740450538,5.968688845401174,3.501945525291829,9.502708025603152,4.529788281634663,0.0,2.72552783109405,0.690978886756238
46079,73792.0,10525.0,985.0,10852.0,393.0,34.0,1678.0,4632.0,378.0,4051.0,4632.0,178.0,11052.0,9915.0,55.0,259.0,560.0,44.21737950990144,9.358669833729216,3.621452266863251,2.026221692491061,8.160621761658032,3.842832469775475,0.4976474846181686,5.066956207021353,2.343467245747376
46081,66766.0,25702.0,3028.0,26359.0,2885.0,289.0,3888.0,11812.0,1030.0,10473.0,11812.0,492.0,26574.0,23741.0,101.0,607.0,974.0,32.75380316671841,11.781184343630846,10.945028263591183,7.433127572016461,8.719945817812395,4.165255672197765,0.3800707458418002,3.665236697523896,2.2841875517423045
46083,96552.0,67666.0,3902.0,67986.0,2549.0,291.0,7087.0,26645.0,719.0,25617.0,26645.0,593.0,68286.0,61291.0,1465.0,147.0,1970.0,25.475361028836268,5.766559276446073,3.749301326743741,4.106109778467617,2.6984424845186714,2.2255582660911992,2.145388513018774,2.884925167677123,0.2152710658114401
46085,61169.0,3676.0,904.0,3692.0,799.0,113.0,502.0,1185.0,194.0,969.0,1185.0,75.0,3717.0,2133.0,0.0,1497.0,28.0,100.0,24.591947769314476,21.64138678223185,22.50996015936255,16.371308016877638,6.329113924050633,0.0,0.7532956685499058,40.27441485068604
46087,80847.0,5579.0,413.0,5587.0,498.0,63.0,736.0,2218.0,230.0,1941.0,2218.0,47.0,5732.0,5348.0,16.0,29.0,196.0,100.0,7.402760351317441,8.913549310900304,8.559782608695652,10.36970243462579,2.1190261496844003,0.2791346824842987,3.4193998604326588,0.5059316120027914
46089,62024.0,2139.0,269.0,2183.0,116.0,10.0,325.0,896.0,177.0,669.0,896.0,27.0,2278.0,2174.0,38.0,3.0,28.0,100.0,12.575970079476392,5.313788364635823,3.076923076923077,19.754464285714285,3.013392857142857,1.6681299385425812,1.2291483757682178,0.131694468832309
46091,72500.0,4236.0,333.0,4296.0,148.0,25.0,670.0,1646.0,213.0,1411.0,1646.0,30.0,4355.0,3671.0,6.0,281.0,266.0,100.0,7.861189801699717,3.445065176908752,3.7313432835820897,12.940461725394895,1.8226002430133657,0.1377726750861079,6.107921928817452,6.452353616532721
46093,74161.0,29302.0,2241.0,28633.0,2666.0,538.0,4008.0,11801.0,1124.0,10506.0,11801.0,374.0,30297.0,25964.0,502.0,483.0,1418.0,33.25405332976015,7.64794211999181,9.310934935214611,13.42315369261477,9.52461655791882,3.169222947207864,1.6569297290160745,4.680331385945803,1.5942172492325972
46095,51364.0,1944.0,898.0,1997.0,563.0,61.0,222.0,616.0,162.0,436.0,616.0,42.0,2043.0,645.0,5.0,1261.0,7.0,100.0,46.193415637860085,28.19228843264897,27.47747747747748,26.2987012987013,6.818181818181818,0.2447381302006852,0.3426333822809593,61.722956436612826
46097,72589.0,2224.0,229.0,2240.0,207.0,38.0,379.0,916.0,147.0,729.0,916.0,30.0,2299.0,2168.0,23.0,41.0,41.0,100.0,10.296762589928058,9.241071428571429,10.026385224274406,16.048034934497817,3.2751091703056767,1.0004349717268377,1.7833840800347978,1.7833840800347978
46099,76074.0,195878.0,17316.0,197391.0,15915.0,1553.0,24235.0,82394.0,4054.0,76004.0,82394.0,4381.0,200689.0,158701.0,12988.0,3622.0,12757.0,14.337217438924217,8.840196448809973,8.062677629679165,6.408087476789767,4.920261184066801,5.31713474282108,6.471704976356452,6.3566015078056095,1.804782524204117
46101,77500.0,6279.0,623.0,6299.0,580.0,98.0,898.0,2504.0,279.0,2167.0,2504.0,79.0,6371.0,4770.0,70.0,743.0,343.0,100.0,9.92196209587514,9.207810763613272,10.913140311804009,11.142172523961662,3.1549520766773163,1.098728614032334,5.3837702087584365,11.662219431800343
46102,34769.0,13333.0,7039.0,13400.0,5830.0,557.0,1188.0,2731.0,896.0,1576.0,2731.0,639.0,13587.0,901.0,8.0,12412.0,232.0,100.0,52.79381984549614,43.507462686567166,46.88552188552188,32.80849505675577,23.398022702306847,0.0588798115846029,1.707514535953485,91.35202767351144
46103,70768.0,108556.0,13073.0,108755.0,11406.0,1468.0,15865.0,45698.0,2824.0,41289.0,45698.0,2551.0,112081.0,87778.0,1397.0,7079.0,6165.0,18.0192635183388,12.042632374074213,10.487793664659096,9.25307280176489,6.1797015186660245,5.582301194800648,1.2464199998215575,5.50048625547595,6.315967916060706
46105,65455.0,3013.0,354.0,3007.0,251.0,56.0,385.0,1254.0,113.0,1099.0,1254.0,55.0,3058.0,2875.0,0.0,76.0,26.0,100.0,11.74908728841686,8.34718989025607,14.545454545454543,9.01116427432217,4.385964912280702,0.0,0.8502289077828646,2.485284499672989
46107,71726.0,2348.0,180.0,2361.0,180.0,26.0,334.0,1021.0,84.0,921.0,1021.0,25.0,2430.0,2196.0,47.0,25.0,0.0,100.0,7.666098807495741,7.623888182973316,7.7844311377245505,8.22722820763957,2.4485798237022527,1.9341563786008231,0.0,1.02880658436214
46109,63691.0,9970.0,1728.0,10013.0,1992.0,206.0,1335.0,3657.0,573.0,2993.0,3657.0,175.0,10219.0,5816.0,34.0,3673.0,243.0,100.0,17.331995987963893,19.89413762109258,15.430711610486892,15.668580803937656,4.78534317746787,0.3327135727566298,2.377923475878266,35.94285155103239
46111,69870.0,2303.0,263.0,2299.0,147.0,25.0,383.0,929.0,161.0,751.0,929.0,73.0,2370.0,2207.0,0.0,0.0,100.0,100.0,11.41988710377768,6.394084384515007,6.527415143603133,17.330462863293864,7.857911733046286,0.0,4.219409282700422,0.0
46115,73011.0,6174.0,571.0,6175.0,483.0,140.0,997.0,2453.0,225.0,2161.0,2453.0,81.0,6283.0,5929.0,57.0,15.0,165.0,100.0,9.248461289277616,7.821862348178137,14.042126379137413,9.172441907867915,3.30207908683245,0.907209931561356,2.626134012414452,0.238739455674041
46117,77000.0,3012.0,62.0,3012.0,110.0,0.0,465.0,1272.0,132.0,1094.0,1272.0,36.0,3012.0,2710.0,0.0,76.0,61.0,30.033557046979865,2.058432934926959,3.652058432934927,0.0,10.37735849056604,2.830188679245283,0.0,2.0252324037184595,2.523240371845949
46119,70250.0,1473.0,117.0,1481.0,117.0,13.0,286.0,624.0,88.0,508.0,624.0,16.0,1481.0,1370.0,74.0,0.0,0.0,100.0,7.942973523421589,7.900067521944632,4.545454545454546,14.102564102564102,2.5641025641025643,4.9966239027684,0.0,0.0
46121,39148.0,9139.0,4478.0,9148.0,2183.0,190.0,766.0,2474.0,620.0,1725.0,2474.0,371.0,9293.0,755.0,28.0,7726.0,212.0,100.0,48.99879636721742,23.86313948404023,24.804177545691907,25.060630557801133,14.995957962813256,0.3013020553104487,2.281286990207683,83.13784569030453
46123,58854.0,5350.0,1013.0,5446.0,701.0,43.0,824.0,2265.0,264.0,1947.0,2265.0,144.0,5607.0,4523.0,36.0,696.0,92.0,100.0,18.93457943925233,12.871832537642309,5.218446601941747,11.655629139072849,6.357615894039735,0.6420545746388443,1.6408061351881578,12.413055109684324
46125,75283.0,8548.0,728.0,8601.0,573.0,79.0,1178.0,3535.0,426.0,2972.0,3535.0,132.0,8772.0,8220.0,68.0,44.0,285.0,100.0,8.516612072999532,6.662016044645972,6.706281833616298,12.05091937765205,3.7340876944837342,0.7751937984496124,3.2489740082079344,0.5015959872321022
46127,84137.0,16707.0,1218.0,16732.0,862.0,60.0,2193.0,7124.0,577.0,6264.0,7124.0,226.0,16916.0,15057.0,142.0,148.0,748.0,57.90851228362381,7.290357335248698,5.1518049246951945,2.735978112175103,8.099382369455363,3.1723750701852893,0.8394419484511705,4.421849136911799,0.874911326554741
46129,62722.0,5177.0,791.0,5177.0,554.0,42.0,785.0,2396.0,265.0,2039.0,2396.0,107.0,5298.0,4179.0,16.0,538.0,63.0,100.0,15.279119180992852,10.701178288584122,5.350318471337579,11.060100166944908,4.465776293823039,0.3020007550018875,1.189127972819932,10.154775386938468
46135,73855.0,21754.0,2037.0,22083.0,1394.0,162.0,3130.0,9792.0,1073.0,8430.0,9792.0,515.0,23379.0,20417.0,360.0,523.0,1309.0,31.265551265551267,9.363795164107753,6.312548113933795,5.175718849840256,10.957924836601308,5.259395424836601,1.5398434492493265,5.599041875187134,2.2370503443261045
46137,47333.0,2410.0,921.0,2410.0,625.0,93.0,334.0,724.0,133.0,563.0,724.0,85.0,2410.0,653.0,0.0,1691.0,30.0,100.0,38.21576763485477,25.933609958506224,27.84431137724551,18.370165745856355,11.740331491712707,0.0,1.2448132780082988,70.16597510373444
47001,63171.0,76591.0,11370.0,77164.0,6590.0,1048.0,10801.0,32069.0,2804.0,28374.0,32069.0,2009.0,78175.0,67994.0,2578.0,93.0,3000.0,36.52088222709179,14.845086237286363,8.540251930952257,9.702805295805945,8.743646512208052,6.264616919766753,3.297729453149984,3.83754397185801,0.1189638631275983
47003,62197.0,50449.0,6862.0,50738.0,6739.0,851.0,6393.0,18953.0,2093.0,16128.0,18953.0,774.0,51291.0,37563.0,3661.0,98.0,7968.0,55.10878436212354,13.601855339055284,13.28195829555757,13.311434381354609,11.04310663219543,4.083786207988181,7.1377044705698856,15.534889161841258,0.1910666588680275
47005,50435.0,15800.0,2920.0,15800.0,1434.0,383.0,2484.0,6928.0,1472.0,5221.0,6928.0,323.0,15948.0,14550.0,289.0,17.0,430.0,100.0,18.481012658227847,9.075949367088608,15.418679549114332,21.247113163972287,4.662240184757506,1.8121394532229744,2.6962628542763984,0.1065964384248808
47007,49655.0,13723.0,3427.0,13729.0,2400.0,183.0,2179.0,4812.0,744.0,3949.0,4812.0,257.0,14905.0,12943.0,815.0,41.0,495.0,100.0,24.972673613641334,17.481244081870493,8.398347865993575,15.46134663341646,5.340814630091438,5.467963770546796,3.321033210332103,0.2750754780275075
47009,74607.0,135649.0,12046.0,136583.0,13334.0,2107.0,20206.0,54449.0,5624.0,47827.0,54449.0,1523.0,137747.0,122694.0,3573.0,79.0,6097.0,37.20062093435837,8.880271878156124,9.7625619586625,10.427595763634564,10.328931660820215,2.797112894635347,2.5938858922517367,4.426230698309219,0.0573515212672508
47011,63789.0,106607.0,13994.0,108771.0,11166.0,1333.0,14626.0,41909.0,4313.0,36829.0,41909.0,2052.0,109743.0,90448.0,5035.0,131.0,8827.0,31.948075860799115,13.12671775774574,10.265603883388035,9.11390674141939,10.291345534372091,4.896322985516237,4.587991944816526,8.043337616066628,0.1193698003517308
47013,50260.0,38851.0,7447.0,38972.0,3767.0,674.0,5582.0,16709.0,2367.0,12813.0,16709.0,971.0,39568.0,37944.0,134.0,5.0,576.0,48.78284783051538,19.168103781112457,9.665913989530946,12.074525259763526,14.166018313483752,5.811239451792448,0.3386575010109179,1.4557217953902144,0.0126364739183178
47015,58092.0,14514.0,2397.0,14541.0,1511.0,222.0,2163.0,5686.0,930.0,4523.0,5686.0,286.0,14661.0,13565.0,352.0,22.0,428.0,100.0,16.515088879702358,10.391307337872224,10.263522884882107,16.3559620119592,5.029897995075625,2.400927631130209,2.9193097333060503,0.150057976945638
47017,50391.0,27423.0,4508.0,28005.0,3077.0,623.0,3907.0,11258.0,2057.0,8802.0,11258.0,687.0,28461.0,23904.0,2515.0,38.0,849.0,82.1026722925457,16.438755788936295,10.987323692197824,15.9457384182237,18.27145141232901,6.102327233966957,8.836653666420716,2.983029408664488,0.133516039492639
47019,48435.0,54832.0,9851.0,55622.0,7199.0,1140.0,8380.0,24188.0,3419.0,19357.0,24188.0,1362.0,56462.0,52665.0,1151.0,16.0,1327.0,40.73745475193413,17.965786402100964,12.942720506274496,13.60381861575179,14.135108318174302,5.630891351083182,2.0385391945024973,2.3502532676844603,0.0283376430165421
47021,82015.0,41039.0,3330.0,41181.0,3912.0,770.0,6423.0,15908.0,1550.0,14210.0,15908.0,296.0,41500.0,36917.0,872.0,83.0,1903.0,100.0,8.114232802943542,9.499526480658556,11.988167522964346,9.74352527030425,1.8606990193613275,2.1012048192771084,4.585542168674698,0.2
47023,60543.0,16148.0,2517.0,17251.0,1598.0,281.0,2123.0,6333.0,787.0,5453.0,6333.0,213.0,17452.0,14669.0,1713.0,31.0,546.0,65.94198719797014,15.587069606143176,9.263231117036694,13.235986811116344,12.426969840517922,3.3633349123638085,9.81549392619757,3.1285812514325007,0.1776300710520284
47025,46587.0,30805.0,5599.0,31750.0,3149.0,524.0,4565.0,13456.0,1791.0,10116.0,13456.0,616.0,32221.0,30443.0,234.0,13.0,516.0,71.32915145273539,18.1756208407726,9.918110236220471,11.478641840087624,13.310047562425684,4.577883472057075,0.7262344433754384,1.6014400546227616,0.0403463579653021
47027,44712.0,7541.0,1639.0,7531.0,695.0,80.0,1137.0,3201.0,655.0,2430.0,3201.0,259.0,7621.0,7175.0,72.0,17.0,154.0,100.0,21.7345179684392,9.228522108617714,7.036059806508355,20.462355513901905,8.09122149328335,0.9447579057866422,2.020732187376985,0.2230678388662905
47029,48416.0,35870.0,7275.0,36148.0,4660.0,1006.0,5644.0,15123.0,3209.0,11436.0,15123.0,591.0,36503.0,33680.0,553.0,121.0,1066.0,67.8935525986833,20.28157234457764,12.891446276419163,17.824238128986533,21.21933478807115,3.907954770878794,1.5149439772073527,2.920307919896995,0.3314796044160754
47031,60656.0,58169.0,9391.0,58321.0,5885.0,740.0,7812.0,22794.0,3167.0,18389.0,22794.0,1012.0,58940.0,50528.0,2379.0,12.0,3527.0,46.07611117828949,16.144338049476524,10.090704891891429,9.472606246799796,13.894007194875844,4.439764850399228,4.036308109942314,5.984051577875806,0.0203596878181201
47033,59049.0,13697.0,2028.0,13719.0,1524.0,219.0,1875.0,5494.0,653.0,4736.0,5494.0,338.0,13937.0,10013.0,1485.0,97.0,1560.0,100.0,14.80616193327006,11.108681390771922,11.68,11.885693483800509,6.152165999271933,10.655090765588003,11.193226662839924,0.6959890937791491
47035,58475.0,61949.0,8307.0,62044.0,5871.0,820.0,9878.0,27447.0,2915.0,23497.0,27447.0,1243.0,62529.0,58415.0,501.0,71.0,2106.0,53.94390383514597,13.409417424010073,9.462639417187802,8.301275561854627,10.62046853936678,4.528728094145079,0.801228230101233,3.368037230724944,0.1135473140462825
47037,75664.0,688554.0,95838.0,704038.0,86914.0,10064.0,77328.0,314578.0,20224.0,288145.0,314578.0,20654.0,709846.0,379503.0,176754.0,523.0,96481.0,3.142548234071442,13.918734042645893,12.345072283030175,13.014690668321954,6.428930185836263,6.565621244969451,24.900330494219872,13.59182132462534,0.0736779526826945
47039,46190.0,11304.0,2442.0,11304.0,1173.0,157.0,1624.0,4439.0,806.0,3509.0,4439.0,189.0,11499.0,10435.0,353.0,0.0,406.0,100.0,21.602972399150744,10.376857749469217,9.667487684729064,18.15724262221221,4.257715701734625,3.0698321593182016,3.530741803635099,0.0
47041,48484.0,20187.0,4323.0,20348.0,1706.0,432.0,3097.0,8495.0,1432.0,6744.0,8495.0,650.0,20551.0,18004.0,348.0,89.0,1551.0,75.9711155378486,21.41477188289493,8.384116375073717,13.948982886664512,16.856974690994704,7.651559741024132,1.6933482555593402,7.547078001070507,0.4330689504160381
47043,73223.0,54305.0,5375.0,54786.0,4702.0,563.0,7481.0,21092.0,2906.0,17932.0,21092.0,686.0,55197.0,48278.0,1925.0,97.0,2688.0,69.54248366013071,9.897799465979192,8.582484576351623,7.52573185403021,13.77773563436374,3.252417978380429,3.487508379078573,4.869829882058808,0.1757341884522709
47045,54973.0,36093.0,6454.0,36173.0,3562.0,518.0,4928.0,14884.0,1709.0,12982.0,14884.0,1077.0,36681.0,28402.0,5458.0,25.0,1404.0,54.37623977609304,17.881583686587426,9.847123545185635,10.511363636363637,11.482128460091372,7.235958075786079,14.87963795970666,3.827594667539053,0.0681551757040429
47047,84764.0,42169.0,4564.0,42135.0,3348.0,502.0,7210.0,16730.0,1557.0,14856.0,16730.0,896.0,42653.0,28180.0,11447.0,26.0,1542.0,74.68683019766611,10.823116507386944,7.945888216447134,6.9625520110957,9.306634787806336,5.355648535564853,26.837502637563595,3.615220500316508,0.0609570252971655
47049,50865.0,18495.0,3873.0,18797.0,2053.0,398.0,2917.0,7706.0,1165.0,6433.0,7706.0,394.0,18948.0,17886.0,54.0,0.0,374.0,100.0,20.940794809407947,10.921955631217749,13.644154953719577,15.118089800155722,5.112899039709317,0.2849905003166561,1.9738230947857291,0.0
47051,61553.0,41145.0,5230.0,43128.0,3644.0,544.0,6185.0,17097.0,2907.0,13483.0,17097.0,834.0,43478.0,38114.0,2015.0,19.0,1604.0,67.90339926123346,12.71114351683072,8.449267297347431,8.795472918350848,17.002982979470083,4.878048780487805,4.634527807166843,3.689222135332812,0.0437002622015732
47053,59009.0,49540.0,6644.0,49719.0,4872.0,753.0,6684.0,20098.0,2509.0,17363.0,20098.0,1489.0,50610.0,38008.0,7600.0,227.0,1607.0,70.77475262249897,13.41138473960436,9.799070777771073,11.265709156193896,12.483829236739972,7.408697382824162,15.016795099782652,3.1752618059672,0.4485279589014029
47055,61476.0,29593.0,4232.0,30077.0,2628.0,553.0,4637.0,11710.0,1904.0,9668.0,11710.0,516.0,30442.0,25412.0,2618.0,12.0,844.0,73.11672049034469,14.300679214679148,8.737573561192939,11.925814103946518,16.259607173356105,4.406490179333903,8.599960580776559,2.772485382037974,0.0394192234412982
47057,51351.0,23745.0,3884.0,23783.0,2088.0,311.0,3603.0,9566.0,1629.0,7369.0,9566.0,433.0,23929.0,22258.0,216.0,41.0,840.0,84.43065414204956,16.357127816382395,8.779380229575747,8.631695809048015,17.029061258624296,4.526447836086138,0.9026703999331356,3.5103848886288604,0.1713402148021229
47059,54071.0,68904.0,10458.0,69971.0,7022.0,1263.0,10621.0,28093.0,5089.0,21789.0,28093.0,1362.0,70919.0,64747.0,1326.0,56.0,2662.0,67.32951305736115,15.177638453500522,10.035586171413872,11.891535636945674,18.114832876517283,4.848182821343396,1.869738715999944,3.753578025634879,0.0789633243559553
47061,45573.0,13394.0,2569.0,13501.0,1776.0,279.0,1899.0,5106.0,796.0,4214.0,5106.0,323.0,13665.0,12884.0,59.0,12.0,231.0,100.0,19.18022995371061,13.15458114213762,14.691943127962086,15.589502546024285,6.325891108499804,0.4317599707281376,1.690450054884742,0.0878155872667398
47063,52794.0,63886.0,10970.0,64317.0,8722.0,1167.0,8341.0,25758.0,2790.0,22236.0,25758.0,1106.0,64930.0,50359.0,1737.0,73.0,9561.0,22.660816446766617,17.1712112199856,13.560955890355585,13.991128162090876,10.831586303284416,4.293811631337837,2.675188664715848,14.72508855690744,0.1124287694440166
47065,72568.0,361793.0,45380.0,367371.0,35117.0,5469.0,47643.0,151316.0,10444.0,136719.0,151316.0,8828.0,370913.0,255254.0,64548.0,274.0,28357.0,12.506041664959982,12.543084028712553,9.55900166316884,11.47912599962219,6.9021121361918105,5.83414840466309,17.402463650505645,7.64518903354695,0.0738717704690857
47067,31995.0,6600.0,2078.0,6655.0,699.0,154.0,1031.0,2773.0,805.0,1847.0,2773.0,382.0,6790.0,6522.0,30.0,0.0,74.0,100.0,31.484848484848484,10.503380916604057,14.936954413191076,29.029931482149298,13.775694194013704,0.4418262150220913,1.0898379970544918,0.0
47069,46173.0,21871.0,3789.0,21977.0,1820.0,324.0,3129.0,9049.0,1708.0,7232.0,9049.0,646.0,25477.0,13642.0,10207.0,21.0,530.0,79.25928835126855,17.324310731105115,8.281385084406425,10.354745925215724,18.87501381368107,7.138910376837219,40.06358676453272,2.080307728539467,0.0824272873572241
47071,49149.0,26479.0,5508.0,26541.0,3510.0,724.0,4046.0,10833.0,1482.0,9205.0,10833.0,522.0,26939.0,24504.0,799.0,61.0,649.0,67.09776005366926,20.80138978058084,13.224821973550355,17.894216510133464,13.6804209360288,4.818609803378566,2.965960132150414,2.40914659044508,0.2264375069601692
47073,55278.0,56761.0,9725.0,56844.0,5657.0,1311.0,8846.0,23090.0,3025.0,19407.0,23090.0,998.0,57446.0,53978.0,694.0,33.0,1058.0,62.07577440454153,17.13324289565018,9.951797903032862,14.820257743612933,13.10090948462538,4.322217410134257,1.2080910768373778,1.8417296243428607,0.0574452529331894
47075,43513.0,17413.0,3968.0,17467.0,1951.0,315.0,2602.0,7166.0,1601.0,5463.0,7166.0,790.0,17672.0,7590.0,8830.0,0.0,834.0,46.14308105687416,22.78757250330213,11.169634167286883,12.106072252113758,22.34161317331845,11.024281328495674,49.96604798551381,4.719330013580806,0.0
47077,53471.0,27409.0,4616.0,27536.0,3219.0,353.0,4005.0,10928.0,1958.0,8732.0,10928.0,467.0,27906.0,24035.0,2125.0,31.0,793.0,77.16758853530636,16.841183552847603,11.69015107495642,8.81398252184769,17.917276720351392,4.273426061493411,7.614849853078191,2.841682792231061,0.1110872213860818
47079,48540.0,31815.0,5824.0,31967.0,3611.0,751.0,5055.0,13205.0,2031.0,10815.0,13205.0,763.0,32345.0,27871.0,2326.0,186.0,940.0,67.7722910649399,18.305830583058302,11.29602402477555,14.856577645895154,15.38053767512306,5.778114350624763,7.191219663008193,2.906167877569949,0.5750502396042665
47081,57223.0,23633.0,3330.0,23758.0,2298.0,339.0,3397.0,9180.0,1857.0,7089.0,9180.0,240.0,25229.0,22546.0,889.0,148.0,782.0,100.0,14.090466720264038,9.672531357858404,9.97939358257286,20.22875816993464,2.6143790849673203,3.523722700067383,3.099607594434976,0.5866265012485632
47083,54475.0,8039.0,1106.0,8103.0,1026.0,181.0,1183.0,3190.0,467.0,2605.0,3190.0,76.0,8293.0,7511.0,241.0,28.0,245.0,100.0,13.757930090807314,12.66197704553869,15.30008453085376,14.63949843260188,2.3824451410658307,2.906065356324611,2.954298806222115,0.3376341492825274
47085,59333.0,18576.0,2548.0,18732.0,2062.0,521.0,2742.0,6864.0,1090.0,5666.0,6864.0,192.0,19074.0,17198.0,370.0,10.0,525.0,100.0,13.71662360034453,11.00790091821482,19.00072939460248,15.87995337995338,2.797202797202797,1.93981335849848,2.75243787354514,0.0524273880675264
47087,41475.0,11677.0,2412.0,11717.0,1049.0,185.0,1944.0,4695.0,880.0,3693.0,4695.0,285.0,11882.0,11031.0,55.0,26.0,302.0,100.0,20.65599040849533,8.952803618673721,9.516460905349794,18.7433439829606,6.070287539936103,0.4628850361891937,2.5416596532570277,0.2188183807439825
47089,63084.0,54087.0,6229.0,55059.0,5267.0,855.0,8661.0,21351.0,2699.0,18137.0,21351.0,452.0,55835.0,50394.0,860.0,24.0,2525.0,75.81698151162153,11.516630613640986,9.566101818049727,9.871839279528922,12.641094093953445,2.116996861973678,1.5402525297752303,4.522253067072625,0.042983791528611
47091,52152.0,16217.0,3583.0,16420.0,2054.0,282.0,2525.0,7172.0,1243.0,5699.0,7172.0,286.0,18073.0,15898.0,667.0,103.0,541.0,100.0,22.09409878522538,12.509135200974422,11.168316831683168,17.33128834355828,3.987730061349693,3.690588170198639,2.9934155923200354,0.569910916837271
47093,71662.0,474848.0,58146.0,483892.0,40808.0,5067.0,59088.0,197298.0,17408.0,173620.0,197298.0,10770.0,487401.0,387760.0,39181.0,426.0,29579.0,9.193249695701828,12.24518161601186,8.433286766468552,8.575345247766045,8.823201451611268,5.4587476811726425,8.03876069191487,6.068719596389831,0.0874023647879261
47095,30500.0,4494.0,1453.0,4503.0,679.0,180.0,763.0,2022.0,445.0,1518.0,2022.0,359.0,6691.0,4366.0,1482.0,67.0,295.0,100.0,32.331998219848685,15.078836331334664,23.591087811271297,22.007912957467852,17.754698318496537,22.149155582125243,4.408907487670004,1.0013450904199672
47097,49205.0,22728.0,4252.0,22808.0,2285.0,416.0,3132.0,9214.0,1159.0,7727.0,9214.0,800.0,24933.0,14619.0,8455.0,84.0,652.0,72.46947460525793,18.7082013375572,10.018414591371448,13.282247765006383,12.578684610375516,8.682439765574125,33.910881161512854,2.615008222035054,0.3369028997713873
47099,53233.0,44233.0,6748.0,44404.0,6628.0,1096.0,5882.0,16704.0,2637.0,13664.0,16704.0,1197.0,44901.0,41335.0,588.0,8.0,1202.0,73.55239022622794,15.25557841430606,14.92658319070354,18.633117987079224,15.786637931034482,7.165948275862069,1.3095476715440637,2.6770005122380347,0.0178169751230484
47101,49477.0,12508.0,1986.0,12639.0,1402.0,283.0,1690.0,5153.0,1003.0,4034.0,5153.0,194.0,12784.0,11742.0,100.0,0.0,372.0,100.0,15.87783818356252,11.092649734947384,16.745562130177515,19.46438967591694,3.764797205511353,0.7822277847309136,2.909887359198999,0.0
47103,63115.0,35088.0,4359.0,35166.0,3707.0,453.0,5325.0,14589.0,2295.0,11346.0,14589.0,607.0,35617.0,30348.0,2052.0,28.0,1393.0,71.3468671253433,12.423050615595075,10.541432065062844,8.507042253521126,15.731030228254165,4.160668997189664,5.761293764213718,3.911053710306876,0.0786141449307914
47105,80296.0,56649.0,7159.0,56608.0,4619.0,819.0,8819.0,23438.0,2178.0,20953.0,23438.0,806.0,56996.0,48897.0,745.0,20.0,5708.0,35.655722770834096,12.637469328673056,8.159624081401923,9.286767207166346,9.292601757829166,3.4388599709872856,1.3071092708260228,10.0147378763422,0.0350901817671415
47107,59674.0,52684.0,7011.0,53416.0,5543.0,1006.0,7665.0,21471.0,2742.0,18505.0,21471.0,825.0,54135.0,46935.0,1694.0,32.0,2369.0,61.66191155492154,13.307645584997342,10.377040587090011,13.124592302674497,12.770713986307111,3.8423920637138473,3.129214002031957,4.376096795049413,0.0591114805578645
47109,50714.0,25502.0,4114.0,25577.0,2483.0,411.0,3495.0,9806.0,1426.0,8196.0,9806.0,407.0,25933.0,23172.0,1363.0,62.0,520.0,100.0,16.132068073092306,9.70794072799781,11.759656652360515,14.54211707118091,4.150520089740975,5.255851617630047,2.0051671615316398,0.2390776231056954
47111,56269.0,25469.0,3871.0,25511.0,2777.0,480.0,3448.0,9200.0,1277.0,7685.0,9200.0,394.0,25793.0,22880.0,191.0,17.0,1751.0,75.51554568527919,15.198869213553731,10.885500372388382,13.921113689095128,13.880434782608695,4.282608695652174,0.7405109913542434,6.788663590896755,0.0659093552514248
47113,58189.0,94908.0,17648.0,97390.0,9929.0,1074.0,13249.0,39534.0,4108.0,34667.0,39534.0,3379.0,98845.0,52899.0,36056.0,141.0,4920.0,26.323831496716352,18.59484974923084,10.195091898552212,8.10627217148464,10.391055800070824,8.547073405170233,36.47731296474278,4.977490009611008,0.14264757954373
47115,58103.0,28686.0,4854.0,28821.0,2837.0,663.0,4366.0,11529.0,1649.0,9584.0,11529.0,516.0,29010.0,26229.0,817.0,34.0,672.0,91.34445330651592,16.92114620372307,9.84351688005274,15.185524507558403,14.30306184404545,4.4756700494405415,2.8162702516373663,2.316442605997932,0.1172009651844191
47117,70829.0,34737.0,4943.0,35006.0,2862.0,371.0,4778.0,13268.0,1127.0,11751.0,13268.0,263.0,35276.0,29445.0,1447.0,67.0,2402.0,65.22524622647008,14.229783804013012,8.175741301491174,7.76475512766848,8.494121193849864,1.9822128429303587,4.101938995350947,6.809162036512077,0.1899308311599954
47119,74162.0,103504.0,10294.0,103853.0,9055.0,960.0,13829.0,41260.0,3292.0,37001.0,41260.0,1101.0,104855.0,80422.0,11082.0,85.0,8178.0,37.48192604036683,9.945509352295565,8.719054817867562,6.94193361775978,7.978671837130393,2.668444013572467,10.568880835439415,7.79934194840494,0.081064326927662
47121,58395.0,12963.0,1853.0,12969.0,1525.0,272.0,1945.0,5279.0,964.0,4238.0,5279.0,200.0,13076.0,11827.0,304.0,0.0,131.0,100.0,14.294530587055466,11.758809468733132,13.984575835475578,18.261034286796743,3.788596325061565,2.3248699908228816,1.0018354236769655,0.0
47123,56648.0,45831.0,7366.0,46540.0,5543.0,1042.0,7060.0,19283.0,2888.0,16182.0,19283.0,1113.0,47054.0,41139.0,819.0,87.0,2095.0,73.29729729729729,16.072090942811634,11.91018478727976,14.759206798866856,14.976922678006536,5.771923455893792,1.7405534067241892,4.452331363964807,0.184893951630042
47125,72365.0,222900.0,25939.0,213796.0,19115.0,2054.0,21703.0,84321.0,4160.0,78113.0,84321.0,2876.0,227957.0,137242.0,44642.0,390.0,25020.0,17.732620223657126,11.63705697622252,8.940765963815974,9.464129383034605,4.933527828180406,3.410775488905492,19.58351794417368,10.975754199256878,0.171084897590335
47127,66687.0,6502.0,732.0,6528.0,396.0,47.0,1034.0,2638.0,525.0,1928.0,2638.0,125.0,6611.0,6092.0,195.0,26.0,109.0,99.89165763813652,11.258074438634267,6.066176470588236,4.545454545454546,19.901440485216074,4.738438210765732,2.9496294055362275,1.6487672061715324,0.3932839207381636
47129,57408.0,18827.0,3544.0,19067.0,1960.0,342.0,2816.0,7188.0,1045.0,6013.0,7188.0,368.0,21193.0,19494.0,945.0,18.0,378.0,100.0,18.8240293195942,10.279540567472596,12.144886363636363,14.538119087367836,5.119643850862548,4.45901948756665,1.7836077950266598,0.084933704525079
47131,53102.0,30129.0,5121.0,30221.0,2571.0,372.0,4166.0,12516.0,2037.0,10267.0,12516.0,772.0,30570.0,24307.0,3208.0,22.0,1614.0,59.30749991879689,16.996913272926417,8.5073293405248,8.929428708593376,16.2751677852349,6.1681048258229465,10.493948315341838,5.279685966633955,0.0719659797186784
47133,46159.0,22427.0,4048.0,22589.0,1815.0,161.0,3273.0,8992.0,1970.0,6853.0,8992.0,379.0,22807.0,21725.0,314.0,19.0,454.0,100.0,18.049672270031657,8.034884235689937,4.919034524900702,21.908362989323845,4.214857651245552,1.3767702898233,1.990616915859166,0.0833077563905818
47135,50489.0,8364.0,1483.0,8408.0,1351.0,152.0,1123.0,3040.0,624.0,2329.0,3040.0,119.0,8561.0,7720.0,43.0,46.0,243.0,100.0,17.730750836920134,16.06803044719315,13.535173642030276,20.526315789473685,3.914473684210526,0.5022777712884009,2.838453451699568,0.5373204064945684
47137,44591.0,5002.0,1292.0,4996.0,338.0,54.0,842.0,2106.0,417.0,1600.0,2106.0,148.0,5062.0,4841.0,18.0,5.0,41.0,100.0,25.8296681327469,6.765412329863891,6.413301662707839,19.8005698005698,7.027540360873695,0.3555906756222837,0.8099565389174239,0.0987751876728565
47139,60227.0,17343.0,2314.0,17495.0,2745.0,450.0,2759.0,7144.0,1076.0,5995.0,7144.0,302.0,17702.0,16011.0,137.0,18.0,369.0,100.0,13.342558957504467,15.69019719919977,16.310257339615802,15.061590145576709,4.227323628219485,0.7739238504123828,2.084510224833352,0.1016834256016269
47141,56537.0,77737.0,13172.0,80506.0,7684.0,914.0,9527.0,33057.0,3584.0,28279.0,33057.0,1296.0,81366.0,69518.0,1944.0,34.0,6538.0,38.52656097377714,16.94431223227035,9.5446302138971,9.593786081662644,10.841879178388844,3.920500952899537,2.3892043359634245,8.035297298625961,0.0417864955878376
47143,58133.0,32574.0,4998.0,33101.0,3774.0,567.0,4606.0,13243.0,1248.0,11767.0,13243.0,790.0,33299.0,29122.0,535.0,19.0,2032.0,70.52631578947368,15.343525511143858,11.401468233588108,12.310030395136778,9.423846560447029,5.965415691308616,1.6066548545001351,6.102285353914532,0.0570587705336496
47145,66218.0,53872.0,6854.0,53926.0,4119.0,656.0,8627.0,22539.0,2455.0,19622.0,22539.0,1295.0,54403.0,49590.0,1294.0,99.0,1225.0,52.11407385214591,12.722750222750223,7.638245002410711,7.604033847223832,10.892231243622168,5.745596521584808,2.378545300810617,2.251714059886403,0.1819752587173501
47147,78439.0,73492.0,7503.0,73548.0,7082.0,964.0,10361.0,27755.0,3273.0,23986.0,27755.0,780.0,74291.0,58899.0,5222.0,64.0,7150.0,53.0005631636059,10.20927447885484,9.629085767118072,9.304121223820095,11.79246982525671,2.810304449648712,7.0291152360312825,9.624315192957424,0.086147716412486
47149,82588.0,346097.0,31796.0,349604.0,34146.0,3646.0,37734.0,125861.0,5666.0,118265.0,125861.0,3205.0,351591.0,227872.0,52310.0,294.0,40625.0,15.964051234896893,9.187019823922196,9.767050720243477,9.662373456299358,4.501791659052447,2.546459983632737,14.878082772312148,11.55461886111988,0.0836198878810891
47151,42679.0,21445.0,5338.0,21699.0,2418.0,325.0,2926.0,8638.0,1083.0,6613.0,8638.0,461.0,21969.0,21215.0,86.0,54.0,29.0,100.0,24.8915831196083,11.1433706622425,11.107313738892689,12.537624450104191,5.336883537855985,0.3914606946151395,0.1320041877190586,0.2458009012699713
47153,52260.0,16162.0,3812.0,16176.0,2013.0,430.0,2424.0,6121.0,864.0,5021.0,6121.0,324.0,16409.0,14986.0,77.0,17.0,719.0,100.0,23.586189827991586,12.444362017804156,17.739273927392738,14.115340630615911,5.293252736480967,0.4692546773112316,4.381741727100981,0.1036016820037784
47155,63829.0,97382.0,13285.0,97926.0,13051.0,1835.0,14987.0,39221.0,4778.0,32746.0,39221.0,1520.0,98802.0,84933.0,830.0,157.0,8822.0,53.36552144744867,13.64215152697624,13.327410493638054,12.243944752118503,12.182249305219145,3.875474873154688,0.8400639663164713,8.928969049209531,0.1589036659176939
47157,62337.0,905705.0,158883.0,910552.0,110111.0,11569.0,109599.0,360590.0,36170.0,314445.0,360590.0,29439.0,922195.0,306862.0,485527.0,386.0,78252.0,3.4027646319847182,17.542466918036226,12.092774492835115,10.555753245923777,10.03078288360742,8.16411991458443,52.64906012285905,8.485407099366187,0.0418566572145804
47159,62799.0,20017.0,2656.0,20042.0,1699.0,300.0,3020.0,7619.0,800.0,6591.0,7619.0,322.0,20196.0,18273.0,359.0,13.0,599.0,100.0,13.268721586651344,8.47719788444267,9.933774834437086,10.50006562541016,4.226276414227589,1.7775797187561893,2.9659338482867894,0.0643691820162408
47161,62052.0,13735.0,1648.0,13713.0,1293.0,189.0,2161.0,5173.0,807.0,4227.0,5173.0,307.0,13859.0,12576.0,179.0,15.0,399.0,100.0,11.998543866035677,9.4290089695909,8.745950948634892,15.600231973709649,5.934660738449643,1.2915794790388917,2.878995598528032,0.1082329172378959
47163,56802.0,157530.0,23495.0,157947.0,14326.0,2317.0,22823.0,68408.0,7038.0,59421.0,68408.0,3311.0,159693.0,147064.0,3173.0,196.0,3905.0,26.53591547960016,14.914619437567447,9.070131119932636,10.152039609166192,10.288270377733598,4.840077183955093,1.98693743620572,2.445316951901461,0.1227354987382039
47165,86005.0,198466.0,17768.0,198853.0,15200.0,1875.0,26409.0,76706.0,4762.0,70637.0,76706.0,2285.0,200553.0,159392.0,16979.0,156.0,13759.0,25.259194725928644,8.952666955549061,7.643837407532197,7.09985232307168,6.208119312700441,2.978906474069825,8.466091257672536,6.860530632800307,0.0777849246832508
47167,71736.0,60557.0,7004.0,60412.0,5308.0,1138.0,8424.0,22544.0,2428.0,19152.0,22544.0,991.0,61339.0,45251.0,11411.0,107.0,1829.0,66.66229293094965,11.565962646762554,8.78633384095875,13.509021842355176,10.770049680624556,4.395848119233499,18.603172532972497,2.9817897259492327,0.1744404049625849
47169,63190.0,9220.0,953.0,9255.0,662.0,148.0,1112.0,3658.0,549.0,3101.0,3658.0,147.0,11805.0,9490.0,1330.0,33.0,431.0,100.0,10.336225596529284,7.152890329551593,13.309352517985612,15.008201202843084,4.0185893931109895,11.266412537060567,3.6509953409572216,0.2795425667090216
47171,50381.0,17311.0,2461.0,17446.0,1576.0,253.0,2707.0,7803.0,1116.0,6424.0,7803.0,308.0,17779.0,16104.0,82.0,58.0,1143.0,51.44466755912539,14.216394200219511,9.033589361458214,9.346139637975618,14.302191464821222,3.94719979495066,0.4612182912424771,6.428933010855504,0.326227571854435
47173,61858.0,19891.0,2773.0,19983.0,1647.0,280.0,3097.0,7771.0,1381.0,5981.0,7771.0,225.0,20141.0,19049.0,111.0,0.0,447.0,100.0,13.940978331908903,8.242005704849122,9.041007426541814,17.77120061768112,2.8953802599408056,0.5511146417754829,2.219353557420188,0.0
47175,60281.0,6087.0,843.0,6202.0,901.0,97.0,892.0,2462.0,351.0,2092.0,2462.0,233.0,6293.0,5983.0,24.0,13.0,29.0,100.0,13.849186791522918,14.527571751048049,10.874439461883409,14.256701868399675,9.463850528025995,0.3813761322103925,0.4608294930875576,0.2065787382806292
47177,54088.0,40975.0,6286.0,41153.0,4616.0,514.0,5420.0,16132.0,2183.0,13240.0,16132.0,736.0,41587.0,34827.0,1134.0,11.0,4080.0,61.63651014577687,15.341061622940815,11.216679221441936,9.48339483394834,13.53211009174312,4.562360525663278,2.726813667732705,9.810758169620314,0.0264505734965253
47179,61051.0,130206.0,20590.0,133130.0,13940.0,1821.0,17856.0,56234.0,4505.0,49317.0,56234.0,3073.0,134693.0,116192.0,4989.0,81.0,6356.0,25.759956692054946,15.813403376188502,10.470968226545482,10.198252688172044,8.011167621012198,5.464665504854715,3.703978677436838,4.718879229061644,0.0601367554364369
47181,52824.0,14395.0,2669.0,14415.0,1877.0,230.0,2154.0,5734.0,837.0,4656.0,5734.0,406.0,16251.0,14407.0,682.0,21.0,415.0,100.0,18.54116012504342,13.02115851543531,10.677808727948005,14.597139867457273,7.080572026508546,4.196664820626423,2.553689003753615,0.1292228170574118
47183,49502.0,30793.0,5945.0,32515.0,3030.0,435.0,4175.0,13274.0,2131.0,10934.0,13274.0,786.0,32959.0,28067.0,2446.0,77.0,977.0,67.43662999209775,19.306335855551588,9.31877594956174,10.419161676646707,16.053940033147505,5.921350007533524,7.421341666919506,2.964288965077824,0.2336235929488151
47185,52206.0,27377.0,4038.0,27400.0,3123.0,352.0,3841.0,11001.0,1389.0,9229.0,11001.0,341.0,27764.0,25598.0,336.0,19.0,837.0,79.19271690248985,14.749607334623954,11.397810218978105,9.16428013538141,12.626124897736569,3.0997182074356875,1.210200259328627,3.014695288863276,0.0684339432358449
47187,131202.0,253281.0,11423.0,253897.0,10785.0,1795.0,32654.0,90716.0,2555.0,86639.0,90716.0,2240.0,254609.0,207584.0,9670.0,80.0,14809.0,18.64196733487805,4.5100106206150485,4.247785519324766,5.497029460403013,2.8164822082102385,2.469244675691168,3.797980432741969,5.816369413492846,0.0314207274683927
47189,94048.0,151317.0,11509.0,152427.0,10604.0,1320.0,20209.0,56609.0,3453.0,51909.0,56609.0,1220.0,153587.0,123573.0,10871.0,78.0,9258.0,35.23829507841638,7.605886978991123,6.956772750234538,6.531743282695828,6.099736790969634,2.1551343425957,7.07807301399207,6.027853919928119,0.0507855482560372
48001,58846.0,46763.0,7975.0,46710.0,8536.0,962.0,5125.0,17142.0,2174.0,14347.0,17142.0,1088.0,57825.0,32271.0,10519.0,440.0,11182.0,67.8619522806533,17.05408121805701,18.274459430528797,18.770731707317072,12.682300781705752,6.34698401586746,18.19109381755296,19.33765672287073,0.7609165585819282
48003,76902.0,18380.0,2613.0,18380.0,4109.0,369.0,2046.0,6780.0,479.0,6129.0,6780.0,199.0,18518.0,7322.0,347.0,37.0,10525.0,18.31810854379366,14.216539717083789,22.35582154515778,18.035190615835777,7.064896755162242,2.9351032448377583,1.8738524678691004,56.83659142455989,0.1998055945566476
48005,58847.0,84259.0,13707.0,84797.0,15276.0,1718.0,10457.0,32183.0,2919.0,28609.0,32183.0,1977.0,86791.0,51241.0,10603.0,163.0,20104.0,51.90578158458244,16.267698406104987,18.0147882590186,16.429186191068183,9.070005903737998,6.142994748780412,12.216704497010058,23.1636920878893,0.1878074915601848
48007,61754.0,24153.0,4513.0,24205.0,3313.0,574.0,3975.0,11738.0,1113.0,10274.0,11738.0,661.0,24449.0,16525.0,273.0,147.0,6542.0,23.57532522031053,18.68504947625554,13.687254699442263,14.440251572327044,9.482024194922474,5.631283012438235,1.1166100863020982,26.757740602887644,0.601251584931899
48009,71958.0,8663.0,1015.0,8684.0,1479.0,190.0,1328.0,3439.0,432.0,2894.0,3439.0,71.0,8734.0,7547.0,67.0,29.0,787.0,87.35981308411215,11.716495440378624,17.03132197144173,14.30722891566265,12.561791218377437,2.064553649316662,0.7671170139683994,9.0107625372109,0.332035722463934
48011,68462.0,1829.0,106.0,1824.0,135.0,2.0,229.0,754.0,57.0,693.0,754.0,0.0,1883.0,1622.0,10.0,18.0,180.0,100.0,5.795516675779115,7.401315789473684,0.8733624454148472,7.559681697612732,0.0,0.5310674455655868,9.559214020180564,0.9559214020180564
48013,69413.0,49117.0,7924.0,49567.0,10593.0,800.0,5697.0,16635.0,2442.0,13782.0,16635.0,857.0,50058.0,15926.0,601.0,24.0,32389.0,71.45219574937221,16.132907140094062,21.37107349647951,14.0424784974548,14.679891794409375,5.151788397956117,1.200607295537177,64.70294458428224,0.0479443845139638
48015,75994.0,30396.0,4408.0,30471.0,4603.0,430.0,4210.0,12174.0,2154.0,9847.0,12174.0,377.0,30712.0,18717.0,2690.0,23.0,8359.0,78.834488016707,14.50190814580866,15.106166518985264,10.21377672209026,17.693445046821093,3.096763594545753,8.758791351914562,27.217374316228184,0.0748892940870018
48017,70625.0,6823.0,927.0,6877.0,2315.0,161.0,566.0,2250.0,394.0,1806.0,2250.0,307.0,7044.0,2205.0,30.0,0.0,4548.0,25.275202780996523,13.586398944745714,33.662934419078084,28.4452296819788,17.511111111111113,13.644444444444444,0.4258943781942078,64.5655877342419,0.0
48019,69703.0,21229.0,3423.0,21444.0,2603.0,524.0,3875.0,8943.0,828.0,7916.0,8943.0,150.0,21589.0,15956.0,232.0,86.0,4366.0,100.0,16.124169767770503,12.138593545980228,13.522580645161293,9.258638040925865,1.677289500167729,1.0746213349390894,20.22326184631062,0.39835101208949
48021,82730.0,99311.0,12335.0,99722.0,20843.0,1940.0,13384.0,35164.0,3845.0,30270.0,35164.0,1160.0,102370.0,46827.0,5854.0,103.0,45026.0,72.00460829493088,12.420577780910474,20.90110507210044,14.494919306634788,10.93447844386304,3.2988283471732456,5.718472208654879,43.98358894207287,0.1006154146722672
48023,42313.0,3391.0,705.0,3391.0,730.0,114.0,528.0,1548.0,225.0,1279.0,1548.0,105.0,3464.0,2630.0,26.0,6.0,473.0,100.0,20.79032733706871,21.52757298731937,21.59090909090909,14.534883720930232,6.782945736434108,0.7505773672055427,13.65473441108545,0.1732101616628175
48025,56075.0,23798.0,4039.0,24090.0,4361.0,295.0,2397.0,8581.0,1811.0,6667.0,8581.0,519.0,31000.0,8641.0,1852.0,81.0,19187.0,54.166264051277096,16.972014454996216,18.102947281029472,12.307050479766374,21.10476634424892,6.0482461251602375,5.974193548387097,61.89354838709677,0.2612903225806451
48027,66051.0,368739.0,53935.0,355364.0,51199.0,4662.0,36948.0,138557.0,10241.0,124539.0,138557.0,7489.0,379811.0,163585.0,82125.0,475.0,98037.0,13.690654450191152,14.62687700514456,14.40748078027037,12.617733030204612,7.391181968431765,5.404995777910896,21.62259650194439,25.812048624184133,0.1250622019899371
48029,70571.0,2000257.0,294002.0,1996484.0,316738.0,30059.0,214307.0,740402.0,50876.0,668644.0,740402.0,46767.0,2037344.0,544259.0,149264.0,2632.0,1212855.0,4.707652922077275,14.69821127985054,15.864790301349773,14.026140070086372,6.871402292268254,6.316433505041855,7.326401432453233,59.53118373725792,0.1291878052994487
48031,87564.0,11872.0,1031.0,11890.0,1911.0,423.0,2245.0,5001.0,390.0,4496.0,5001.0,61.0,12008.0,9121.0,92.0,22.0,2209.0,100.0,8.684299191374663,16.07232968881413,18.84187082405345,7.798440311937613,1.219756048790242,0.7661558960692871,18.396069287141906,0.1832111925383077
48033,64250.0,723.0,35.0,723.0,10.0,2.0,75.0,239.0,13.0,205.0,239.0,4.0,723.0,580.0,11.0,0.0,110.0,100.0,4.840940525587828,1.3831258644536653,2.6666666666666665,5.439330543933054,1.6736401673640169,1.5214384508990315,15.214384508990316,0.0
48035,69339.0,18211.0,1657.0,18197.0,3231.0,552.0,2766.0,7467.0,1167.0,6137.0,7467.0,183.0,18546.0,14013.0,217.0,22.0,3492.0,100.0,9.098896271484268,17.755674012199812,19.95661605206074,15.628766572920853,2.450783447167537,1.1700636255796395,18.828857974765448,0.1186239620403321
48037,59295.0,86636.0,14112.0,86785.0,13357.0,1460.0,10609.0,34801.0,5666.0,27868.0,34801.0,2327.0,92321.0,56874.0,22837.0,345.0,7726.0,37.94365560375916,16.288840666697446,15.3909085671487,13.761900273352811,16.28114134651303,6.686589465819948,24.73651715211057,8.368626856294885,0.373696125475244
48039,95155.0,368510.0,27057.0,368809.0,47251.0,5760.0,41917.0,131184.0,6500.0,122321.0,131184.0,3940.0,381650.0,163852.0,59286.0,613.0,119727.0,22.59542887555069,7.342270223331796,12.811780623574805,13.741441419948949,4.954872545432369,3.0034150506159287,15.534128127865843,31.370889558496003,0.1606183676143063
48041,58388.0,220120.0,52536.0,234024.0,27780.0,2230.0,19196.0,88415.0,5075.0,74934.0,88415.0,4995.0,237980.0,127348.0,24510.0,173.0,64536.0,11.850382084165425,23.866981646374704,11.870577376679314,11.617003542404667,5.739976248374145,5.649493864163321,10.299184805445837,27.118245230691656,0.0726951844692831
48043,52612.0,9121.0,767.0,9394.0,994.0,220.0,1031.0,4929.0,878.0,3925.0,4929.0,258.0,9464.0,5246.0,27.0,0.0,3980.0,34.18185627487953,8.409165661659905,10.581222056631892,21.33850630455868,17.812943801988233,5.234327449786975,0.2852916314454776,42.05409974640744,0.0
48045,41188.0,1220.0,187.0,1223.0,221.0,13.0,191.0,555.0,156.0,386.0,555.0,14.0,1223.0,840.0,45.0,2.0,321.0,100.0,15.327868852459016,18.070318887980378,6.806282722513089,28.10810810810811,2.5225225225225225,3.679476696647588,26.24693376941946,0.1635322976287817
48047,31310.0,6561.0,2011.0,6561.0,1513.0,78.0,788.0,2884.0,668.0,2184.0,2884.0,403.0,6987.0,572.0,54.0,0.0,6290.0,36.447145279819104,30.650815424477976,23.06050906873952,9.898477157360404,23.162274618585297,13.97364771151179,0.7728638900815801,90.02433090024331,0.0
48049,55305.0,36466.0,5294.0,37205.0,6612.0,815.0,5219.0,14979.0,1463.0,13101.0,14979.0,926.0,38294.0,27004.0,1235.0,22.0,8503.0,43.39939624622654,14.517632863489276,17.771804864937508,15.616018394328416,9.767007143334,6.181988116696709,3.225048310440278,22.20452290176007,0.0574502533033895
48051,72888.0,18136.0,2290.0,18136.0,2243.0,231.0,2622.0,7749.0,1392.0,6223.0,7749.0,282.0,18327.0,11552.0,2119.0,0.0,4003.0,100.0,12.626819585355095,12.367666519629466,8.810068649885583,17.963608207510646,3.6391792489353465,11.562176024444808,21.84209090413052,0.0
48053,77158.0,49908.0,3988.0,50220.0,8129.0,890.0,7809.0,19597.0,1542.0,17725.0,19597.0,699.0,51064.0,36432.0,636.0,91.0,11782.0,67.32342764095257,7.990702893323715,16.186778176025488,11.397105903444745,7.868551308873807,3.5668724804817065,1.245495848347172,23.073006423311924,0.1782077393075356
48055,68503.0,45008.0,6238.0,45196.0,11340.0,1153.0,5727.0,15741.0,1594.0,13921.0,15741.0,543.0,47184.0,16787.0,1914.0,3.0,26565.0,54.59320445480897,13.859758265197298,25.090715992565716,20.13270473197136,10.126421447176163,3.4495902420430724,4.05645981688708,56.30086469989827,0.0063580874872838
48057,71870.0,19659.0,1717.0,19669.0,2042.0,336.0,2883.0,8398.0,1035.0,7116.0,8398.0,388.0,19921.0,8242.0,467.0,37.0,9816.0,40.04277330150204,8.733913220407956,10.381819106207738,11.65452653485952,12.32436294355799,4.6201476542033815,2.34425982631394,49.27463480748958,0.1857336479092415
48059,68455.0,13844.0,1394.0,13897.0,2253.0,249.0,2144.0,5237.0,473.0,4631.0,5237.0,141.0,14017.0,11528.0,245.0,7.0,1487.0,100.0,10.069344120196474,16.21213211484493,11.613805970149254,9.031888485774298,2.692381134237159,1.7478775772276522,10.608546764642934,0.0499393593493614
48061,51334.0,420046.0,102583.0,421086.0,112632.0,13240.0,41351.0,135435.0,20509.0,108548.0,135435.0,8612.0,423192.0,37309.0,1872.0,409.0,378059.0,17.58147533235,24.42184903558182,26.74798022256736,32.01857270682692,15.143057555284823,6.358769889614944,0.4423524074179096,89.3351008525681,0.0966464394411992
48063,55061.0,12588.0,2826.0,12588.0,2824.0,455.0,1676.0,4677.0,666.0,3913.0,4677.0,314.0,12652.0,6754.0,1786.0,0.0,3377.0,100.0,22.44995233555768,22.434064188115663,27.147971360381863,14.239897370109045,6.713705366688048,14.116345241858994,26.69143218463484,0.0
48065,84583.0,5728.0,415.0,5758.0,754.0,90.0,730.0,2302.0,382.0,1871.0,2302.0,97.0,5802.0,4773.0,35.0,126.0,608.0,100.0,7.245111731843576,13.094824591872175,12.32876712328767,16.594265855777586,4.21372719374457,0.603240261978628,10.479145122371596,2.171664943123061
48067,54328.0,28168.0,4863.0,28237.0,3470.0,505.0,4093.0,11775.0,2275.0,9343.0,11775.0,840.0,28582.0,21369.0,4781.0,44.0,1467.0,80.56160820974203,17.264271513774496,12.288840882530014,12.33813828487662,19.32059447983015,7.13375796178344,16.727310894968863,5.132600937653068,0.1539430410748023
48069,63485.0,7239.0,1010.0,7239.0,1552.0,121.0,788.0,2427.0,363.0,2010.0,2427.0,91.0,7328.0,2199.0,86.0,49.0,4783.0,100.0,13.952203343003177,21.43942533499102,15.35532994923858,14.95673671199011,3.749484960857025,1.1735807860262009,65.27019650655022,0.6686681222707423
48071,108114.0,48801.0,6381.0,48827.0,7947.0,380.0,4894.0,16558.0,1146.0,14777.0,16558.0,341.0,49178.0,31031.0,3554.0,60.0,12418.0,54.10663288312469,13.075551730497326,16.275830995146126,7.764609726195341,6.92112573982365,2.059427467085397,7.226808735613486,25.251128553418194,0.1220057749400138
48073,59830.0,47872.0,8578.0,48109.0,9831.0,997.0,5674.0,18085.0,2483.0,15199.0,18085.0,1071.0,51143.0,30049.0,6638.0,37.0,12143.0,72.46488931206855,17.918616310160427,20.43484587083498,17.571378216425803,13.729610174177497,5.922034835499033,12.97929335392918,23.743229767514617,0.0723461666308194
48075,60333.0,5382.0,525.0,5382.0,721.0,4.0,521.0,2174.0,397.0,1756.0,2174.0,114.0,6772.0,3663.0,451.0,8.0,2305.0,32.23289315726291,9.75473801560758,13.396506874767743,0.7677543186180422,18.26126954921803,5.243790248390065,6.659775546367396,34.037212049616066,0.1181334908446544
48077,77355.0,10282.0,1072.0,10285.0,1854.0,174.0,1815.0,4227.0,517.0,3556.0,4227.0,135.0,10402.0,9116.0,117.0,61.0,705.0,100.0,10.425987162030731,18.026251823043268,9.586776859504132,12.230896616986042,3.1937544357700496,1.124783695443184,6.777542780234571,0.5864256873678139
48079,42137.0,2440.0,667.0,2440.0,515.0,81.0,266.0,949.0,201.0,730.0,949.0,55.0,2520.0,861.0,127.0,3.0,1501.0,100.0,27.33606557377049,21.10655737704918,30.451127819548876,21.18018967334036,5.795574288724974,5.03968253968254,59.56349206349206,0.119047619047619
48081,46431.0,3176.0,449.0,3204.0,402.0,104.0,477.0,1489.0,185.0,1264.0,1489.0,45.0,3315.0,2501.0,57.0,0.0,691.0,100.0,14.13727959697733,12.546816479400748,21.80293501048218,12.424445936870384,3.0221625251846875,1.7194570135746607,20.844645550527904,0.0
48083,52364.0,7668.0,1154.0,7728.0,2107.0,441.0,1254.0,3230.0,459.0,2709.0,3230.0,230.0,7765.0,5993.0,302.0,20.0,1252.0,53.16241540864133,15.049556598852371,27.264492753623188,35.16746411483253,14.210526315789474,7.120743034055727,3.889246619446233,16.123631680618157,0.25756600128783
48085,117588.0,1108278.0,69846.0,1112881.0,110563.0,12172.0,125796.0,400182.0,11031.0,384516.0,400182.0,12534.0,1116601.0,572361.0,117821.0,2225.0,178350.0,6.149568092891735,6.30220937346045,9.934844785740792,9.67598333810296,2.7564957944135418,3.1320749059178072,10.55175483453803,15.97258107417063,0.1992654493413493
48087,60165.0,2667.0,698.0,2672.0,614.0,139.0,323.0,947.0,124.0,820.0,947.0,18.0,2733.0,1471.0,216.0,4.0,891.0,100.0,26.17172853393326,22.979041916167663,43.03405572755418,13.093980992608236,1.9007391763463568,7.903402854006586,32.601536772777166,0.146359312111233
48089,68554.0,20044.0,2140.0,20368.0,2846.0,356.0,2907.0,7577.0,1176.0,6138.0,7577.0,285.0,20736.0,11493.0,2550.0,13.0,6218.0,100.0,10.676511674316504,13.972898664571876,12.246302029583765,15.520654612643526,3.7613831331661607,12.297453703703704,29.986496913580247,0.0626929012345679
48091,99015.0,173088.0,11144.0,172989.0,18932.0,2394.0,24918.0,67651.0,2205.0,64220.0,67651.0,1502.0,174552.0,113270.0,4271.0,133.0,48664.0,46.61147608993133,6.438343501571455,10.944048465509368,9.607512641464002,3.2593753233507265,2.220218474228023,2.4468353270085705,27.87937119024703,0.0761950593519409
48093,59946.0,13583.0,1919.0,13621.0,2434.0,380.0,1908.0,5395.0,792.0,4557.0,5395.0,249.0,13786.0,9196.0,70.0,25.0,4002.0,100.0,14.127954060222336,17.8694662653256,19.91614255765199,14.680259499536607,4.615384615384615,0.5077614971710431,29.02945016683592,0.1813433918468011
48095,59632.0,2426.0,323.0,2426.0,243.0,20.0,346.0,849.0,113.0,714.0,849.0,31.0,3301.0,2019.0,122.0,2.0,1024.0,100.0,13.314097279472383,10.016488046166527,5.780346820809249,13.30977620730271,3.651354534746761,3.695849742502272,31.02090275674038,0.0605877006967585
48097,72472.0,41747.0,5872.0,42004.0,6718.0,797.0,5958.0,16252.0,2512.0,13068.0,16252.0,783.0,42473.0,30431.0,1411.0,175.0,8719.0,60.295670538542765,14.065681366325723,15.993714884296734,13.376972138301443,15.456559192714742,4.817868570022151,3.322110517269795,20.52833564852965,0.4120264638711652
48099,68904.0,67369.0,6650.0,63459.0,7523.0,860.0,6003.0,26099.0,2397.0,23165.0,26099.0,1246.0,83772.0,46233.0,10658.0,187.0,16992.0,19.52872083087625,9.871008921017085,11.854898438361776,14.326170248209229,9.18425993333078,4.774129276983793,12.722628085756575,20.2836269875376,0.2232249438953349
48101,58819.0,1297.0,296.0,1297.0,116.0,21.0,167.0,571.0,141.0,367.0,571.0,17.0,1302.0,769.0,64.0,0.0,338.0,100.0,22.8218966846569,8.943716268311489,12.574850299401197,24.69352014010508,2.9772329246935203,4.915514592933948,25.96006144393241,0.0
48103,59915.0,4487.0,368.0,4502.0,1035.0,143.0,376.0,1665.0,324.0,1299.0,1665.0,164.0,4623.0,1222.0,74.0,11.0,3160.0,100.0,8.201470915979497,22.989782318969347,38.03191489361702,19.45945945945946,9.84984984984985,1.600692191217824,68.35388276011248,0.2379407311269738
48105,81739.0,2825.0,92.0,2825.0,379.0,122.0,310.0,1176.0,202.0,895.0,1176.0,0.0,2881.0,1067.0,17.0,0.0,1795.0,100.0,3.256637168141593,13.415929203539823,39.354838709677416,17.17687074829932,0.0,0.5900728913571677,62.304755293300936,0.0
48107,52197.0,4967.0,1097.0,4980.0,1079.0,98.0,618.0,1974.0,228.0,1703.0,1974.0,114.0,5072.0,1976.0,112.0,0.0,2831.0,100.0,22.0857660559694,21.666666666666668,15.857605177993529,11.55015197568389,5.775075987841945,2.2082018927444795,55.81624605678233,0.0
48109,42672.0,2165.0,383.0,2165.0,608.0,5.0,108.0,702.0,207.0,439.0,702.0,37.0,2181.0,194.0,4.0,61.0,1899.0,100.0,17.6905311778291,28.08314087759815,4.62962962962963,29.487179487179485,5.27065527065527,0.1834021091242549,87.07015130674003,2.796882164144888
48111,72332.0,6932.0,692.0,7144.0,2593.0,270.0,811.0,2373.0,353.0,1886.0,2373.0,50.0,7180.0,3040.0,14.0,0.0,3781.0,23.30288123682361,9.98268897864974,36.29619260918253,33.292231812577064,14.875684787189211,2.1070375052675936,0.1949860724233983,52.66016713091922,0.0
48113,74149.0,2573491.0,359950.0,2585177.0,558424.0,55546.0,286266.0,971690.0,69398.0,876582.0,971690.0,65844.0,2603816.0,705258.0,578968.0,3947.0,1061995.0,0.578258063109064,13.986837334966394,21.60099675960292,19.40363158740472,7.141989729234632,6.776235219051344,22.23536532535325,40.78610009309413,0.151585211858288
48115,55789.0,10536.0,1863.0,10536.0,2357.0,192.0,1190.0,4154.0,488.0,3441.0,4154.0,240.0,12311.0,4381.0,803.0,13.0,6815.0,29.90526653821452,17.68223234624146,22.370918754745635,16.134453781512605,11.7477130476649,5.777563793933558,6.522622045325319,55.35699780683941,0.1055966209081309
48117,54114.0,18220.0,2883.0,18288.0,3726.0,507.0,1780.0,5973.0,1038.0,4803.0,5973.0,237.0,18487.0,4038.0,148.0,190.0,14000.0,16.48280686649088,15.823271130625686,20.374015748031496,28.48314606741573,17.37820190858865,3.9678553490708186,0.8005625574728188,75.72889057175313,1.027749229188078
48119,62855.0,5289.0,740.0,5289.0,407.0,40.0,732.0,2095.0,318.0,1658.0,2095.0,108.0,5345.0,4194.0,446.0,14.0,466.0,100.0,13.991302703724712,7.695216487048591,5.46448087431694,15.178997613365157,5.155131264916467,8.344246959775491,8.71842843779233,0.2619270346117867
48121,108185.0,933732.0,65649.0,941956.0,101273.0,10352.0,108826.0,346809.0,8725.0,331046.0,346809.0,11769.0,945644.0,511104.0,99365.0,1385.0,191815.0,7.203708647848353,7.030818264769763,10.751351443167197,9.512432690717292,2.515793996118901,3.3935105490341946,10.50765404317058,20.28406038636104,0.1464610360770015
48123,64014.0,17985.0,2855.0,18031.0,3154.0,403.0,2596.0,6683.0,1582.0,4893.0,6683.0,493.0,19853.0,10653.0,1452.0,35.0,7017.0,51.39729620661824,15.874339727550735,17.49209694415174,15.523882896764253,23.672003591201555,7.376926530001496,7.313756107389311,35.34478416360248,0.1762957739384476
48125,50417.0,1579.0,229.0,1584.0,192.0,26.0,238.0,684.0,79.0,585.0,684.0,42.0,1641.0,1044.0,24.0,0.0,558.0,100.0,14.502849905003169,12.12121212121212,10.92436974789916,11.54970760233918,6.140350877192983,1.4625228519195612,34.0036563071298,0.0
48127,33409.0,8382.0,3758.0,8382.0,1469.0,287.0,886.0,3010.0,666.0,2248.0,3010.0,428.0,8507.0,804.0,60.0,99.0,7403.0,34.82298316889147,44.8341684562157,17.52565020281556,32.39277652370203,22.12624584717608,14.219269102990031,0.7053015163982602,87.02245209827201,1.1637475020571295
48129,56648.0,2901.0,241.0,3171.0,418.0,78.0,426.0,1203.0,358.0,806.0,1203.0,39.0,3276.0,2572.0,177.0,12.0,399.0,100.0,8.307480179248534,13.181961526332389,18.309859154929576,29.75893599334996,3.2418952618453867,5.402930402930403,12.17948717948718,0.3663003663003663
48131,50081.0,9172.0,2663.0,9239.0,2035.0,127.0,1200.0,2992.0,949.0,2025.0,2992.0,261.0,9824.0,1636.0,69.0,0.0,8038.0,100.0,29.03401657217619,22.02619331096439,10.583333333333334,31.717914438502675,8.723262032085561,0.7023615635179153,81.82003257328991,0.0
48133,51741.0,16963.0,2485.0,17612.0,2794.0,299.0,2489.0,7168.0,1178.0,5907.0,7168.0,453.0,17846.0,13818.0,401.0,54.0,3013.0,100.0,14.64953133290102,15.864183511242334,12.012856568903176,16.434151785714285,6.319754464285714,2.247002129328701,16.883335201165526,0.3025888154208226
48135,71031.0,161243.0,24626.0,161844.0,35019.0,3155.0,15372.0,62422.0,7041.0,53157.0,62422.0,3713.0,163206.0,48982.0,7650.0,311.0,101602.0,9.090578854641551,15.272600981127862,21.637502780455254,20.52432995055946,11.279677036942104,5.948223382781712,4.687327671776773,62.25383870691029,0.1905567197284413
48137,38500.0,1356.0,343.0,1356.0,326.0,0.0,134.0,474.0,172.0,282.0,474.0,33.0,1392.0,737.0,22.0,2.0,610.0,100.0,25.29498525073746,24.041297935103245,0.0,36.28691983122363,6.962025316455696,1.5804597701149423,43.82183908045977,0.1436781609195402
48139,95898.0,201642.0,16372.0,202574.0,31668.0,4014.0,24243.0,68852.0,4464.0,63137.0,68852.0,2171.0,203927.0,111619.0,26896.0,266.0,56354.0,30.69444805279156,8.119340216819909,15.632805789489272,16.557356762776884,6.483471794573869,3.153140068552838,13.189033330554562,27.634398583806952,0.1304388335041461
48141,58859.0,852466.0,160998.0,840672.0,183701.0,21140.0,89966.0,296341.0,26593.0,261656.0,296341.0,19193.0,866275.0,97259.0,25346.0,2212.0,716543.0,4.023649089650982,18.88614912500909,21.85168531841194,23.49776582264411,8.973783580402307,6.476660333872127,2.925860725520187,82.71541946841361,0.2553461660558137
48143,65351.0,40389.0,6435.0,42759.0,6895.0,766.0,4742.0,16379.0,1362.0,14576.0,16379.0,761.0,43244.0,31390.0,595.0,114.0,9508.0,50.98836526031261,15.932555893931516,16.125260179143574,16.153521720792913,8.315525978386958,4.646193296294035,1.3759134215151234,21.98686522985848,0.2636203866432337
48145,55372.0,15097.0,2198.0,15152.0,2451.0,261.0,2093.0,6009.0,1104.0,4777.0,6009.0,428.0,17063.0,8524.0,3387.0,0.0,4166.0,68.1989627534182,14.5591839438299,16.17608236536431,12.470138557095078,18.37244133799301,7.122649359294392,19.849967766512336,24.41540174646897,0.0
48147,68377.0,33476.0,4753.0,33624.0,4990.0,725.0,4746.0,12793.0,1844.0,10463.0,12793.0,424.0,36525.0,27808.0,2299.0,109.0,4616.0,78.13078346699568,14.198231568885172,14.840590054722815,15.276021913190055,14.414132728836082,3.3143125146564527,6.294318959616701,12.63791923340178,0.298425735797399
48149,76541.0,24359.0,2151.0,24380.0,2523.0,524.0,3810.0,9855.0,1747.0,7595.0,9855.0,545.0,24783.0,17308.0,1431.0,19.0,5355.0,79.45569879271537,8.830411757461308,10.34864643150123,13.753280839895012,17.727042110603755,5.530187721968544,5.774119356010169,21.60755356494371,0.0766654561594641
48151,64700.0,3620.0,374.0,3637.0,438.0,76.0,461.0,1590.0,245.0,1315.0,1590.0,70.0,3661.0,2410.0,140.0,1.0,965.0,100.0,10.331491712707182,12.042892493813582,16.485900216919738,15.40880503144654,4.40251572327044,3.8240917782026767,26.358918328325597,0.0273149412728762
48153,55461.0,5230.0,947.0,5267.0,1273.0,255.0,655.0,1939.0,460.0,1414.0,1939.0,153.0,5294.0,1973.0,126.0,4.0,3051.0,100.0,18.107074569789678,24.16935636985001,38.93129770992366,23.72356884992264,7.890665291387313,2.380052890064224,57.63128069512656,0.0755572346052134
48155,42212.0,1026.0,214.0,1039.0,143.0,25.0,120.0,421.0,123.0,276.0,421.0,29.0,1079.0,755.0,3.0,5.0,118.0,100.0,20.857699805068226,13.763233878729547,20.83333333333333,29.216152019002376,6.888361045130641,0.2780352177942539,10.93605189990732,0.4633920296570899
48157,113409.0,852990.0,61205.0,854418.0,101579.0,11064.0,97151.0,281259.0,10640.0,266857.0,281259.0,8244.0,859721.0,256176.0,174209.0,866.0,210272.0,4.798007727469953,7.175347893879178,11.888677438911634,11.388457144033516,3.7829900554293374,2.931106204601453,20.26343430019739,24.458167242628715,0.100730353219242
48159,66800.0,10419.0,1153.0,10425.0,1732.0,146.0,1552.0,3942.0,351.0,3540.0,3942.0,87.0,10522.0,8173.0,537.0,29.0,1500.0,100.0,11.06632114406373,16.61390887290168,9.40721649484536,8.904109589041095,2.207001522070015,5.103592472913895,14.255844896407528,0.2756130013305455
48161,58460.0,18386.0,2631.0,18393.0,2279.0,311.0,2331.0,6867.0,1424.0,5323.0,6867.0,210.0,19813.0,12582.0,2903.0,31.0,3321.0,100.0,14.309800935494398,12.390583374109717,13.341913341913342,20.73685743410514,3.058103975535168,14.651996164134658,16.76172210165043,0.1564629283803563
48163,60098.0,14491.0,2835.0,14580.0,2261.0,374.0,1549.0,5144.0,928.0,4123.0,5144.0,507.0,18019.0,2731.0,749.0,7.0,13977.0,50.704378569486,19.56386722793458,15.507544581618657,24.144609425435764,18.040435458786938,9.856143079315707,4.156723458571508,77.56812253732171,0.0388478827903879
48165,76605.0,21743.0,1603.0,21743.0,7054.0,387.0,2310.0,7057.0,1283.0,5701.0,7057.0,329.0,21904.0,12465.0,541.0,0.0,8723.0,67.27474766182054,7.3724876971899,32.44262521271214,16.753246753246753,18.18052997024231,4.66203769307071,2.4698685171658146,39.82377647918189,0.0
48167,85348.0,348957.0,38925.0,350255.0,48253.0,4638.0,46534.0,138666.0,7028.0,128678.0,138666.0,7594.0,354721.0,194511.0,42681.0,521.0,91727.0,4.064366006809588,11.154669486498335,13.77653423933991,9.96690591825332,5.068293597565373,5.476468636868447,12.032273251372205,25.85891447080945,0.1468759955006892
48169,50545.0,4057.0,569.0,4169.0,716.0,49.0,527.0,1433.0,253.0,1171.0,1433.0,103.0,5435.0,2023.0,558.0,15.0,2717.0,100.0,14.025141730342618,17.174382345886304,9.297912713472488,17.655268667131892,7.187718073970691,10.266789328426864,49.99080036798528,0.2759889604415823
48171,67799.0,26866.0,2549.0,26863.0,4174.0,523.0,4173.0,11272.0,1137.0,9802.0,11272.0,617.0,27202.0,20185.0,51.0,19.0,6092.0,56.44153414405987,9.48782848209633,15.538100733350705,12.532949916127489,10.08694109297374,5.473740241305891,0.1874862142489523,22.39541210205132,0.0698478053084332
48173,106806.0,1070.0,91.0,1070.0,245.0,0.0,131.0,441.0,48.0,358.0,441.0,15.0,1070.0,709.0,0.0,0.0,290.0,100.0,8.504672897196262,22.897196261682243,0.0,10.884353741496598,3.401360544217687,0.0,27.10280373831776,0.0
48175,59556.0,7001.0,645.0,7005.0,904.0,243.0,1052.0,2800.0,711.0,2069.0,2800.0,231.0,7096.0,4287.0,339.0,30.0,2288.0,100.0,9.21296957577489,12.905067808708065,23.098859315589355,25.392857142857142,8.25,4.777339346110485,32.2435174746336,0.4227733934611049
48177,59355.0,19467.0,2828.0,19472.0,3192.0,500.0,2554.0,7656.0,1116.0,6327.0,7656.0,814.0,19764.0,8105.0,1187.0,0.0,10035.0,64.62117742838244,14.527148507731033,16.392769104354972,19.57713390759593,14.576802507836993,10.632183908045976,6.005869257235378,50.77413479052823,0.0
48179,56082.0,19414.0,3162.0,19493.0,3545.0,514.0,2212.0,7926.0,1012.0,6706.0,7926.0,238.0,21131.0,12799.0,930.0,141.0,6499.0,20.549300419277337,16.28721541155867,18.186015492740985,23.23688969258589,12.76810497098158,3.002775674993692,4.401116842553594,30.755761677156784,0.6672661019355449
48181,70455.0,137271.0,15280.0,138782.0,21845.0,2662.0,18624.0,53325.0,5017.0,46769.0,53325.0,2075.0,139988.0,100814.0,7441.0,532.0,22190.0,47.68966305895546,11.131265890100604,15.740513899497053,14.293384879725084,9.408345053914674,3.891233005157056,5.315455610480899,15.851358687887531,0.3800325742206474
48183,64809.0,120988.0,20595.0,122639.0,20856.0,2255.0,14566.0,47330.0,4754.0,41534.0,47330.0,2135.0,124860.0,69011.0,23969.0,150.0,24748.0,13.460346590040164,17.022349323899892,17.006009507579154,15.481257723465603,10.044369321783224,4.510881047961124,19.19670030434086,19.820599070959474,0.1201345506967803
48185,67080.0,26739.0,3563.0,26984.0,5505.0,387.0,3590.0,10289.0,1611.0,8462.0,10289.0,329.0,30385.0,17247.0,3491.0,128.0,7691.0,74.51824518245182,13.325105650921875,20.400978357545213,10.779944289693594,15.657498299154437,3.197589658858976,11.489221655422083,25.31183149580385,0.4212604903735396
48187,93776.0,176246.0,15510.0,175639.0,19078.0,2667.0,21095.0,62953.0,3429.0,58322.0,62953.0,1679.0,178368.0,85530.0,13040.0,135.0,68626.0,24.821951756163653,8.800199720844729,10.862052277683205,12.642806352216166,5.44692071863136,2.667069083284355,7.310728381772515,38.47439002511661,0.0756862217438105
48189,52788.0,30231.0,5731.0,30515.0,7165.0,1033.0,3425.0,11034.0,1869.0,8911.0,11034.0,559.0,32247.0,10343.0,1297.0,45.0,19597.0,30.46245618350655,18.957361648638816,23.4802556119941,30.16058394160584,16.938553561718326,5.066159144462571,4.02207957329364,60.77154463981145,0.1395478649176667
48191,46728.0,2778.0,455.0,2778.0,515.0,33.0,388.0,1158.0,232.0,887.0,1158.0,37.0,2827.0,1542.0,140.0,29.0,975.0,100.0,16.378689704823614,18.538516918646508,8.505154639175258,20.03454231433506,3.1951640759930915,4.952246197382384,34.48885744605589,1.0258224266006368
48193,55339.0,8101.0,1489.0,8126.0,1203.0,239.0,1190.0,3134.0,418.0,2607.0,3134.0,139.0,8320.0,6900.0,158.0,23.0,1129.0,100.0,18.38044685841254,14.804331774550825,20.084033613445374,13.337587747287811,4.435226547543076,1.8990384615384612,13.569711538461538,0.2764423076923077
48195,68299.0,5109.0,396.0,5109.0,973.0,152.0,710.0,1827.0,207.0,1597.0,1827.0,90.0,5182.0,2471.0,11.0,38.0,2575.0,100.0,7.751027598355843,19.044822861616755,21.408450704225352,11.330049261083744,4.926108374384237,0.2122732535700501,49.69123890389811,0.7333076032419915
48197,61179.0,3473.0,445.0,3521.0,589.0,128.0,536.0,1298.0,325.0,968.0,1298.0,46.0,3529.0,2313.0,121.0,16.0,949.0,100.0,12.813129858911603,16.72820221527975,23.88059701492537,25.038520801232664,3.5439137134052388,3.4287333522244263,26.89147067157835,0.4533862283933125
48199,72532.0,56462.0,6955.0,56647.0,9031.0,1251.0,7301.0,21750.0,2541.0,18511.0,21750.0,817.0,57126.0,47568.0,3183.0,19.0,3723.0,50.72113247141257,12.318019198753143,15.942591840697654,17.134639090535543,11.682758620689656,3.75632183908046,5.57189370864405,6.517172565906942,0.0332598116444351
48201,73104.0,4708367.0,749481.0,4731652.0,1001621.0,94751.0,508233.0,1728103.0,118475.0,1572015.0,1728103.0,118045.0,4758579.0,1303071.0,890273.0,5099.0,2065668.0,1.1337213296147126,15.918066709753084,21.16852634132857,18.643220727500967,6.855783480498558,6.830900704414031,18.708799412597752,43.40934552100533,0.1071538373115167
48203,66040.0,67262.0,11691.0,68919.0,10028.0,1064.0,9043.0,25599.0,4006.0,20745.0,25599.0,1649.0,69584.0,42240.0,14210.0,177.0,10129.0,54.904923081392816,17.381285123844073,14.550414254414603,11.766006856131815,15.649048790968395,6.44165787726083,20.421361232467238,14.556507243044376,0.254368820418487
48205,82122.0,3892.0,263.0,3892.0,550.0,31.0,406.0,1635.0,100.0,1531.0,1635.0,50.0,5307.0,3017.0,355.0,41.0,1629.0,46.20958751393534,6.757451181911613,14.131551901336074,7.635467980295567,6.116207951070336,3.058103975535168,6.68927831166384,30.69530808366309,0.7725645374034295
48207,54044.0,5117.0,726.0,5117.0,887.0,161.0,767.0,2108.0,251.0,1774.0,2108.0,123.0,5390.0,3565.0,317.0,4.0,1402.0,100.0,14.188000781708032,17.3343756107094,20.99087353324641,11.907020872865274,5.834914611005693,5.8812615955473095,26.01113172541744,0.0742115027829313
48209,85827.0,248452.0,29858.0,254402.0,30297.0,2606.0,25865.0,94499.0,3405.0,86971.0,94499.0,3041.0,256429.0,131514.0,9766.0,271.0,100152.0,29.743598252767903,12.01761306006794,11.909104488172265,10.075391455635028,3.6032127324098666,3.218023471147843,3.8084616014569335,39.0564249753343,0.1056822746257248
48211,72052.0,3261.0,113.0,3261.0,584.0,173.0,390.0,1368.0,196.0,1117.0,1368.0,57.0,3311.0,2094.0,11.0,14.0,1099.0,100.0,3.465194725544312,17.908616988653787,44.35897435897436,14.32748538011696,4.166666666666667,0.3322259136212624,33.192389006342495,0.4228329809725158
48213,63955.0,82249.0,11667.0,82732.0,14750.0,1990.0,12142.0,32597.0,4590.0,27096.0,32597.0,1712.0,83658.0,62931.0,4408.0,190.0,11964.0,65.9440048691418,14.184974893311772,17.82865154958178,16.38939219239005,14.081050403411355,5.252017056784367,5.269071696669775,14.301082980707164,0.2271151593392144
48215,52281.0,872043.0,237121.0,873406.0,259593.0,23424.0,75623.0,264128.0,32500.0,223410.0,264128.0,14450.0,880921.0,53536.0,4814.0,630.0,809705.0,8.905224160839522,27.191434367341976,29.721916268035717,30.974703463232085,12.304640174460868,5.470832323721832,0.5464735203270213,91.9157336469445,0.0715160610315794
48217,63147.0,35747.0,5085.0,36060.0,6382.0,1011.0,5086.0,13457.0,1485.0,11714.0,13457.0,837.0,36664.0,24992.0,2102.0,54.0,8284.0,77.51017449963761,14.224969927546368,17.698280643372158,19.87809673613842,11.035148993089098,6.219811250650219,5.7331442286711765,22.594370499672703,0.1472834387955487
48219,54810.0,20844.0,2628.0,21255.0,3956.0,493.0,2533.0,8058.0,1178.0,6641.0,8058.0,460.0,21455.0,9631.0,611.0,48.0,10644.0,41.49138691554069,12.607944732297064,18.61209127264173,19.463087248322147,14.619012161826756,5.70861255894763,2.847821020741086,49.61081333022605,0.2237240736425075
48221,86802.0,63358.0,5191.0,63413.0,9618.0,1144.0,9506.0,24988.0,1330.0,23093.0,24988.0,539.0,64198.0,52062.0,657.0,172.0,8569.0,41.08412610799052,8.193124782979261,15.167237001876586,12.034504523458867,5.322554826316632,2.157035376980951,1.0233963674880835,13.347767843234992,0.2679211190379763
48223,64725.0,36750.0,4502.0,36810.0,6930.0,1011.0,4807.0,13878.0,1409.0,12144.0,13878.0,545.0,37351.0,26594.0,2641.0,103.0,6812.0,60.08644358061272,12.250340136054422,18.82640586797066,21.031828583316,10.152759763654704,3.927078829802565,7.070761157666461,18.23779818478756,0.2757623624534818
48225,54563.0,19283.0,3134.0,19355.0,2668.0,484.0,2746.0,7795.0,1573.0,6113.0,7795.0,646.0,22042.0,12907.0,4750.0,70.0,3096.0,73.10341702166228,16.25265778146554,13.784551795401706,17.625637290604516,20.179602309172548,8.287363694676074,21.549768623536885,14.04591234915162,0.3175755376100172
48227,71457.0,29500.0,4445.0,29860.0,4232.0,515.0,3390.0,11927.0,1402.0,10281.0,11927.0,690.0,33127.0,14579.0,1615.0,109.0,15547.0,16.93918531267929,15.067796610169491,14.172806430006698,15.191740412979351,11.754841955227636,5.785193258992202,4.875177347782776,46.9315060222779,0.329036737404534
48229,39336.0,2619.0,497.0,2619.0,881.0,26.0,206.0,847.0,81.0,736.0,847.0,38.0,3331.0,997.0,25.0,0.0,2181.0,100.0,18.97670866743032,33.63879343260786,12.62135922330097,9.563164108618654,4.48642266824085,0.7505253677574302,65.47583308315821,0.0
48231,70112.0,101827.0,12640.0,104119.0,16998.0,2466.0,13453.0,37549.0,3430.0,32923.0,37549.0,1494.0,104917.0,69771.0,8053.0,470.0,21575.0,61.3259834327104,12.413210641578363,16.325550571941722,18.330483906935257,9.134730618658288,3.9788010333164654,7.675591181600694,20.563874300637647,0.4479731597357911
48233,65470.0,20194.0,2340.0,20274.0,2938.0,387.0,2672.0,6944.0,775.0,5994.0,6944.0,368.0,20413.0,13897.0,486.0,178.0,5011.0,37.68249502837464,11.587600277310091,14.491466903423104,14.483532934131736,11.160714285714286,5.299539170506913,2.380835741929163,24.548082104541223,0.8719933375789938
48235,58125.0,1432.0,107.0,1432.0,209.0,56.0,292.0,606.0,156.0,441.0,606.0,8.0,1432.0,988.0,0.0,4.0,428.0,100.0,7.472067039106145,14.594972067039109,19.17808219178082,25.742574257425744,1.32013201320132,0.0,29.88826815642458,0.2793296089385474
48237,65693.0,7593.0,1024.0,7593.0,1467.0,179.0,1030.0,2915.0,353.0,2455.0,2915.0,333.0,8623.0,6517.0,293.0,2.0,1589.0,100.0,13.486105623600684,19.320426708810743,17.37864077669903,12.109777015437391,11.423670668953688,3.397889365650006,18.42746144033399,0.0231937840658703
48239,61752.0,14882.0,2104.0,14873.0,2522.0,206.0,1826.0,5424.0,706.0,4539.0,5424.0,330.0,15081.0,8705.0,894.0,15.0,4948.0,60.56845476381105,14.137884692917618,16.95690176830498,11.281489594742606,13.01622418879056,6.084070796460177,5.927988860155162,32.80949539155228,0.0994629003381738
48241,49919.0,31610.0,7032.0,31680.0,5931.0,942.0,4464.0,13667.0,1462.0,12121.0,13667.0,845.0,32807.0,24190.0,5061.0,2.0,2248.0,77.85627653123105,22.246124644099968,18.72159090909091,21.102150537634408,10.697300065852051,6.18277602985293,15.42658578961807,6.852196177645014,0.006096259944524
48243,32625.0,1714.0,534.0,1714.0,330.0,179.0,375.0,847.0,135.0,686.0,847.0,19.0,1740.0,1160.0,11.0,0.0,540.0,100.0,31.15519253208868,19.25320886814469,47.73333333333333,15.938606847697756,2.243211334120425,0.632183908045977,31.03448275862069,0.0
48245,59934.0,238552.0,44758.0,240309.0,51174.0,5111.0,29695.0,93646.0,8779.0,83228.0,93646.0,7155.0,253939.0,94924.0,83512.0,381.0,59759.0,9.846955084474867,18.762366276535094,21.295082581176736,17.211651793231184,9.374666296478226,7.640475834525767,32.88663812962956,23.53281693635085,0.1500360322754677
48247,42230.0,4543.0,1427.0,4740.0,1482.0,166.0,520.0,1221.0,321.0,893.0,1221.0,61.0,4797.0,1024.0,5.0,0.0,3757.0,100.0,31.41096191943649,31.26582278481013,31.923076923076923,26.28992628992629,4.995904995904996,0.1042318115488847,78.31978319783198,0.0
48249,47492.0,38423.0,8920.0,38511.0,8184.0,1019.0,4387.0,13298.0,3364.0,9667.0,13298.0,894.0,38863.0,7206.0,231.0,35.0,30860.0,50.083566892083,23.2152616922156,21.25107112253642,23.227718258490995,25.297037148443376,6.722815460971575,0.5943956977073309,79.40714818722178,0.0900599541980804
48251,81826.0,185709.0,19933.0,186144.0,30561.0,3753.0,22644.0,63477.0,3741.0,58003.0,63477.0,1667.0,188820.0,125257.0,8914.0,371.0,46403.0,46.47273616522256,10.733459336919587,16.417934502320783,16.573926868044516,5.8934732265229925,2.6261480536257227,4.720898209935388,24.575256858383646,0.1964834233661688
48253,63472.0,13935.0,1761.0,13980.0,2549.0,416.0,1687.0,6028.0,760.0,5125.0,6028.0,245.0,19968.0,11250.0,2055.0,21.0,5671.0,100.0,12.63724434876211,18.23319027181688,24.659158269116777,12.6078301260783,4.064366290643663,10.291466346153848,28.400440705128204,0.1051682692307692
48255,59103.0,11353.0,2419.0,11353.0,1861.0,180.0,1413.0,4643.0,1038.0,3535.0,4643.0,388.0,14819.0,5198.0,1027.0,7.0,7863.0,100.0,21.30714348630318,16.392143045890954,12.738853503184714,22.3562351927633,8.356665948740039,6.930292192455632,53.060260476415415,0.0472366556447803
48257,88606.0,158990.0,15419.0,159598.0,22437.0,1909.0,17046.0,49703.0,3577.0,44805.0,49703.0,1546.0,160718.0,83554.0,26783.0,312.0,42372.0,41.92209758447457,9.698094219762249,14.05844684770486,11.19910829520122,7.19674868720198,3.1104762287990666,16.66459264052564,26.36419069425951,0.194128846799985
48259,110498.0,46241.0,2353.0,46376.0,5234.0,791.0,6559.0,17249.0,583.0,16076.0,17249.0,518.0,46971.0,33365.0,388.0,41.0,11114.0,56.80345084577339,5.088557773404554,11.28601000517509,12.059765208110992,3.379906081511972,3.003072641892284,0.8260416001362543,23.661408102871984,0.0872879010453258
48261,0.0,51.0,3.0,52.0,0.0,0.0,5.0,17.0,8.0,9.0,17.0,1.0,52.0,2.0,0.0,1.0,47.0,100.0,5.882352941176471,0.0,0.0,47.05882352941177,5.882352941176471,0.0,90.3846153846154,1.9230769230769231
48263,71420.0,670.0,56.0,670.0,26.0,14.0,164.0,274.0,19.0,255.0,274.0,6.0,727.0,606.0,6.0,0.0,86.0,100.0,8.35820895522388,3.880597014925373,8.536585365853659,6.934306569343065,2.18978102189781,0.8253094910591472,11.829436038514444,0.0
48265,67927.0,51223.0,5999.0,52193.0,9307.0,1245.0,7541.0,22267.0,1815.0,19973.0,22267.0,1153.0,53166.0,36100.0,813.0,58.0,14049.0,39.45777405985019,11.71153583351229,17.831893165750195,16.50974671794192,8.151075582700857,5.178066196613823,1.5291727795959824,26.424782755896626,0.1090922770191475
48267,65703.0,4289.0,645.0,4318.0,634.0,72.0,563.0,1858.0,257.0,1498.0,1858.0,98.0,4355.0,3092.0,84.0,12.0,1114.0,100.0,15.038470505945442,14.682723483094025,12.788632326820604,13.832077502691066,5.27448869752422,1.928817451205511,25.57979334098737,0.2755453501722158
48269,70192.0,189.0,29.0,189.0,7.0,1.0,33.0,90.0,0.0,90.0,90.0,0.0,189.0,127.0,0.0,0.0,49.0,100.0,15.343915343915343,3.703703703703704,3.0303030303030303,0.0,0.0,0.0,25.925925925925927,0.0
48271,66341.0,2829.0,320.0,2829.0,487.0,2.0,439.0,1180.0,275.0,870.0,1180.0,101.0,3140.0,1401.0,3.0,41.0,1678.0,100.0,11.311417462000708,17.214563449982325,0.4555808656036446,23.305084745762716,8.559322033898304,0.0955414012738853,53.43949044585988,1.305732484076433
48273,57612.0,28876.0,8329.0,29977.0,5083.0,514.0,2717.0,11794.0,1576.0,9854.0,11794.0,608.0,30629.0,6436.0,995.0,203.0,21830.0,19.635953608247423,28.844022717827954,16.956333188778064,18.917924181082075,13.362726810242496,5.1551636425301,3.2485552907375363,71.2723236148748,0.6627705769042411
48275,56304.0,3201.0,364.0,3201.0,577.0,37.0,495.0,1256.0,127.0,1099.0,1256.0,50.0,3322.0,1897.0,100.0,7.0,1124.0,100.0,11.371446422992816,18.02561699468916,7.474747474747475,10.111464968152866,3.980891719745223,3.0102347983142685,33.835039133052376,0.2107164358819988
48277,61122.0,49721.0,9301.0,49924.0,9498.0,770.0,6330.0,20056.0,2984.0,16028.0,20056.0,1444.0,50421.0,36181.0,6239.0,357.0,4659.0,47.508385241974125,18.706381609380344,19.02491787517026,12.16429699842022,14.878340646190669,7.199840446749103,12.373812498760437,9.240197536740643,0.7080383173677635
48279,56997.0,12686.0,2023.0,12718.0,3240.0,309.0,1592.0,4644.0,701.0,3816.0,4644.0,162.0,12919.0,4752.0,353.0,1.0,7445.0,56.872364890762746,15.946712911871357,25.4757037270011,19.40954773869347,15.094745908699396,3.488372093023256,2.732409629228268,57.62829940397864,0.0077405371932812
48281,76919.0,22071.0,2022.0,21968.0,2849.0,550.0,3427.0,8147.0,704.0,7228.0,8147.0,241.0,22267.0,15640.0,822.0,36.0,4477.0,66.13492393767051,9.16134293869784,12.968863801893663,16.049022468631456,8.641217626120044,2.958144102123481,3.691561503570306,20.10598643732878,0.161674226433736
48283,55469.0,5913.0,1301.0,5913.0,1116.0,132.0,443.0,1683.0,458.0,1209.0,1683.0,55.0,6946.0,951.0,240.0,53.0,5629.0,100.0,22.00236766446812,18.873668188736684,29.79683972911964,27.213309566250743,3.2679738562091503,3.455226029369421,81.0394471638353,0.7630290814857472
48285,61768.0,20039.0,1892.0,20061.0,2218.0,303.0,2827.0,8370.0,1439.0,6829.0,8370.0,262.0,20479.0,14688.0,817.0,0.0,4046.0,82.38678271131435,9.4415889016418,11.05627835102936,10.718075698620446,17.19235364396655,3.130227001194743,3.9894526099907215,19.756824063674983,0.0
48287,66000.0,17357.0,2121.0,17357.0,3061.0,384.0,2488.0,6720.0,1068.0,5535.0,6720.0,315.0,17758.0,10692.0,1841.0,15.0,4649.0,100.0,12.219853661347006,17.635536094947284,15.434083601286174,15.892857142857142,4.6875,10.367158463790968,26.17974997184368,0.0844689717310508
48289,59975.0,15992.0,2301.0,15978.0,2626.0,328.0,2467.0,6546.0,892.0,5411.0,6546.0,124.0,16067.0,11721.0,1172.0,35.0,2594.0,100.0,14.388444222111056,16.435098260107647,13.295500608025945,13.62664222425909,1.894286587228842,7.2944544718989235,16.144893259475946,0.2178378041949337
48291,64773.0,92094.0,16281.0,92526.0,23722.0,2182.0,10228.0,30009.0,2980.0,26648.0,30009.0,1227.0,97993.0,50752.0,7806.0,155.0,36192.0,77.37045444623914,17.67867613525311,25.63819899271556,21.33359405553383,9.930354227065214,4.088773367989603,7.965875113528518,36.93325033420754,0.1581745634892288
48293,58109.0,21445.0,4154.0,21541.0,3868.0,450.0,3021.0,8318.0,1848.0,6327.0,8318.0,306.0,22185.0,12308.0,3770.0,35.0,5126.0,69.92233360426262,19.37048262998368,17.95645513207372,14.895729890764647,22.216879057465736,3.6787689348401056,16.99346405228758,23.10570205093532,0.1577642551273383
48295,71442.0,2902.0,394.0,2913.0,529.0,68.0,335.0,1101.0,118.0,957.0,1101.0,39.0,2964.0,1670.0,12.0,11.0,1095.0,100.0,13.57684355616816,18.15997253690353,20.29850746268657,10.717529518619436,3.542234332425068,0.4048582995951417,36.94331983805668,0.3711201079622132
48297,53869.0,9895.0,1702.0,9926.0,1796.0,230.0,1441.0,4210.0,1019.0,3146.0,4210.0,366.0,11444.0,5545.0,238.0,0.0,4815.0,100.0,17.200606366851947,18.09389482168044,15.961138098542678,24.204275534441805,8.693586698337292,2.079692415239427,42.07444949318421,0.0
48299,65636.0,21723.0,2542.0,21816.0,3339.0,726.0,3621.0,10218.0,985.0,8989.0,10218.0,362.0,22011.0,18309.0,231.0,38.0,2787.0,50.21418820317281,11.7018827970354,15.305280528052805,20.049710024855013,9.639851242904678,3.5427676649050697,1.0494752623688155,12.661850892735451,0.1726409522511471
48301,51087.0,54.0,5.0,54.0,0.0,0.0,12.0,36.0,5.0,31.0,36.0,5.0,54.0,49.0,0.0,0.0,0.0,100.0,9.25925925925926,0.0,0.0,13.88888888888889,13.88888888888889,0.0,0.0,0.0
48303,63367.0,302240.0,51998.0,310160.0,42535.0,3662.0,31362.0,124045.0,9992.0,108767.0,124045.0,7277.0,314633.0,164080.0,21230.0,488.0,112607.0,10.52057211103564,17.20420857596612,13.713889605364972,11.67655124035457,8.055141279374421,5.866419444556411,6.747543963919869,35.789952102926264,0.1551013402917049
48305,57411.0,5602.0,980.0,5619.0,812.0,127.0,684.0,2066.0,233.0,1786.0,2066.0,91.0,5667.0,3082.0,88.0,3.0,2356.0,100.0,17.493752231345947,14.450969923473927,18.567251461988302,11.27783155856728,4.404646660212972,1.5528498323628022,41.574025057349566,0.0529380624669137
48307,51919.0,7417.0,1082.0,7448.0,1468.0,339.0,1079.0,3072.0,338.0,2644.0,3072.0,175.0,7565.0,4813.0,58.0,7.0,2325.0,35.95019659239843,14.588108399622488,19.70998925886144,31.41797961075069,11.002604166666666,5.696614583333333,0.7666886979510905,30.733641771315263,0.092531394580304
48309,63888.0,254251.0,43507.0,259820.0,35740.0,3602.0,28607.0,95966.0,8978.0,84150.0,95966.0,5110.0,263608.0,144220.0,35935.0,458.0,70219.0,24.021889714827367,17.111830435278524,13.755677007158802,12.591323801866675,9.35539670299898,5.324802534230874,13.631983854814726,26.63765894813511,0.1737428302631179
48311,45833.0,623.0,57.0,623.0,112.0,9.0,49.0,168.0,43.0,125.0,168.0,8.0,623.0,278.0,0.0,4.0,339.0,100.0,9.149277688603531,17.97752808988764,18.367346938775512,25.59523809523809,4.761904761904762,0.0,54.41412520064205,0.6420545746388443
48313,67128.0,11230.0,1505.0,11319.0,1686.0,174.0,1308.0,4140.0,481.0,3535.0,4140.0,328.0,13574.0,7137.0,2086.0,25.0,3509.0,100.0,13.40160284951024,14.895308772859794,13.30275229357798,11.618357487922705,7.922705314009661,15.367614557241788,25.85089141004862,0.1841756298806542
48315,47447.0,9522.0,1750.0,9522.0,1365.0,252.0,1751.0,4201.0,842.0,3205.0,4201.0,266.0,9631.0,6773.0,2079.0,83.0,436.0,100.0,18.37849191346356,14.335223692501575,14.3917761279269,20.042846941204477,6.331825755772435,21.586543453431627,4.527048073927941,0.8618004360917869
48317,77083.0,5164.0,419.0,5173.0,801.0,269.0,776.0,2033.0,343.0,1530.0,2033.0,0.0,5230.0,2510.0,64.0,0.0,2383.0,100.0,8.113865220759102,15.484245118886529,34.66494845360825,16.871618298081653,0.0,1.2237093690248566,45.56405353728489,0.0
48319,68750.0,3942.0,253.0,3942.0,558.0,92.0,494.0,1550.0,150.0,1343.0,1550.0,59.0,3951.0,3062.0,3.0,0.0,826.0,100.0,6.418061897513953,14.155251141552512,18.62348178137652,9.67741935483871,3.806451612903226,0.0759301442672741,20.90609972158947,0.0
48321,55174.0,35898.0,7816.0,35870.0,6404.0,779.0,4810.0,14824.0,2372.0,12111.0,14824.0,883.0,36274.0,15269.0,3669.0,42.0,15678.0,46.73562267273479,21.77280071313165,17.85335935321996,16.195426195426194,16.001079330814896,5.956556934700486,10.114682692837846,43.22103986326295,0.1157854110382091
48323,51270.0,57332.0,12981.0,57401.0,14145.0,1662.0,5173.0,18320.0,3540.0,14605.0,18320.0,1323.0,57770.0,1642.0,133.0,791.0,54797.0,6.571423635704044,22.641805623386592,24.64242783226773,32.128358786004256,19.323144104803493,7.221615720524017,0.2302232992902891,94.8537303098494,1.369222779989614
48325,73462.0,50054.0,5641.0,50095.0,6369.0,603.0,6907.0,17479.0,2252.0,15029.0,17479.0,795.0,52419.0,22155.0,1471.0,66.0,26780.0,84.26144872704343,11.269828585128062,12.713843696975744,8.730273635442305,12.88403226729218,4.548315121002346,2.8062343806635,51.08834582880253,0.1259085446116866
48327,48191.0,1920.0,405.0,1920.0,419.0,44.0,377.0,833.0,155.0,634.0,833.0,14.0,1964.0,1343.0,8.0,0.0,549.0,100.0,21.09375,21.822916666666668,11.671087533156498,18.607442977190875,1.680672268907563,0.4073319755600815,27.95315682281059,0.0
48329,93984.0,169844.0,18048.0,170198.0,26052.0,1912.0,16565.0,67057.0,5385.0,60006.0,67057.0,3583.0,171496.0,75381.0,10995.0,322.0,76792.0,13.721372137213722,10.62622170933327,15.306877871655368,11.542408693027468,8.030481530638113,5.343215473403224,6.41122825022158,44.777720763166485,0.1877594812707002
48331,59076.0,24754.0,3907.0,24763.0,4106.0,442.0,3472.0,10049.0,1404.0,8351.0,10049.0,517.0,25268.0,15695.0,2341.0,32.0,6466.0,57.11804152864183,15.783307748242708,16.581189678148853,12.73041474654378,13.971539456662354,5.14479052642054,9.264682602501187,25.58967864492639,0.1266423935412379
48333,64494.0,4313.0,332.0,4348.0,537.0,133.0,704.0,1845.0,254.0,1560.0,1845.0,33.0,4499.0,3417.0,27.0,0.0,851.0,100.0,7.697658242522606,12.35050597976081,18.892045454545453,13.766937669376691,1.7886178861788615,0.6001333629695488,18.91531451433652,0.0
48335,56033.0,7561.0,999.0,7565.0,1541.0,343.0,1029.0,2561.0,444.0,2048.0,2561.0,73.0,8989.0,4212.0,509.0,43.0,3481.0,35.05005561735261,13.21253802407089,20.37012557832121,33.333333333333336,17.336977743069113,2.8504490433424445,5.662476359995551,38.72510846590277,0.4783624429858716
48337,62818.0,20282.0,2739.0,20314.0,3267.0,610.0,2924.0,8142.0,1580.0,6411.0,8142.0,422.0,20599.0,17324.0,10.0,104.0,2463.0,72.85750062609567,13.50458534661276,16.08250467657773,20.86183310533516,19.40555146155736,5.183001719479243,0.0485460459245594,11.956891111218992,0.5048788776154183
48339,97266.0,650890.0,60445.0,651731.0,95943.0,10638.0,78331.0,235474.0,9442.0,220828.0,235474.0,7331.0,654722.0,395015.0,37118.0,670.0,177581.0,22.87623520613497,9.286515386624467,14.721257696810492,13.5808300672786,4.009784519734663,3.1132948860596072,5.669276425719619,27.123114848744965,0.1023335094895238
48341,61325.0,21021.0,3226.0,21094.0,4196.0,416.0,2178.0,7275.0,788.0,6224.0,7275.0,491.0,21234.0,6159.0,971.0,34.0,12743.0,31.458938102818617,15.34655820370106,19.891912392149425,19.100091827364555,10.831615120274916,6.74914089347079,4.572854855420552,60.01224451351606,0.1601205613638504
48343,55082.0,11769.0,1985.0,11888.0,1562.0,224.0,1671.0,5038.0,692.0,4251.0,5038.0,249.0,12014.0,7533.0,2207.0,71.0,1288.0,100.0,16.86634378451865,13.139300134589504,13.405146618791145,13.735609368797142,4.942437475188567,18.370234726152823,10.720825703346096,0.590977193274513
48345,62857.0,1267.0,123.0,1267.0,252.0,25.0,209.0,476.0,110.0,352.0,476.0,12.0,1267.0,1056.0,33.0,4.0,102.0,100.0,9.707971586424623,19.88950276243094,11.961722488038278,23.10924369747899,2.5210084033613445,2.604577742699289,8.050513022888714,0.3157063930544593
48347,51528.0,59757.0,13307.0,64125.0,9823.0,1121.0,6973.0,25114.0,2806.0,21413.0,25114.0,1563.0,64897.0,37520.0,11063.0,86.0,13825.0,47.82608695652174,22.268520842746454,15.318518518518518,16.076294277929154,11.173050887950945,6.223620291470893,17.047012958996564,21.302987811455075,0.1325176818651093
48349,59310.0,52376.0,8814.0,52959.0,9903.0,1250.0,6580.0,18484.0,2837.0,15418.0,18484.0,937.0,53735.0,27289.0,5704.0,33.0,16796.0,53.67132867132867,16.82831831373148,18.699371211692064,18.996960486322187,15.34840943518719,5.069249080285652,10.615055364287707,31.257095003256723,0.0614124872057318
48351,41044.0,12006.0,2689.0,12045.0,2540.0,488.0,1972.0,4898.0,482.0,4370.0,4898.0,299.0,12193.0,9168.0,2185.0,15.0,415.0,100.0,22.39713476595036,21.08758821087588,24.74645030425964,9.840751327072274,6.104532462229481,17.920118100549494,3.4035922250471584,0.123021405724596
48353,50160.0,14228.0,2679.0,14387.0,2223.0,399.0,1722.0,5834.0,975.0,4707.0,5834.0,522.0,14565.0,7873.0,573.0,25.0,5396.0,29.624100963495724,18.82906944053978,15.451449224994787,23.170731707317078,16.712375728488173,8.947548851559821,3.934088568486097,37.04771713010642,0.1716443529007895
48355,66021.0,345439.0,61023.0,346849.0,60885.0,7039.0,41255.0,130770.0,12726.0,114770.0,130770.0,8913.0,352829.0,105486.0,13160.0,456.0,219138.0,6.27700479644825,17.665347572219698,17.553748172836016,17.062174281905225,9.731589814177564,6.8157834365680205,3.729852138004529,62.10884025972922,0.1292410771223454
48357,64988.0,9757.0,1516.0,9781.0,2139.0,151.0,1223.0,3758.0,403.0,3300.0,3758.0,191.0,9852.0,4131.0,0.0,57.0,5484.0,16.21567648527209,15.537562775443272,21.86892955730498,12.346688470973016,10.723789249600852,5.082490686535391,0.0,55.66382460414129,0.5785627283800243
48359,76402.0,1704.0,301.0,1715.0,259.0,16.0,183.0,631.0,44.0,565.0,631.0,7.0,2097.0,1407.0,153.0,0.0,513.0,100.0,17.664319248826292,15.10204081632653,8.743169398907105,6.9730586370839935,1.109350237717908,7.296137339055794,24.46351931330472,0.0
48361,73372.0,84118.0,10663.0,84347.0,13600.0,1610.0,10837.0,31847.0,2386.0,28868.0,31847.0,1739.0,84993.0,66245.0,7153.0,97.0,7763.0,36.06853127063484,12.676240519270548,16.123869254389604,14.8565101042724,7.49207146670016,5.460482934028323,8.415987198945796,9.133693362982834,0.1141270457567093
48363,64972.0,28639.0,4868.0,28656.0,5766.0,830.0,4155.0,10951.0,1037.0,9546.0,10951.0,494.0,28920.0,21205.0,737.0,42.0,5846.0,50.37840121088387,16.997800202521038,20.1214405360134,19.975932611311677,9.469454844306457,4.511003561318601,2.548409405255878,20.21438450899032,0.1452282157676348
48365,62593.0,22186.0,2635.0,22373.0,3997.0,360.0,2871.0,8486.0,1335.0,7058.0,8486.0,388.0,22624.0,16231.0,2577.0,8.0,2266.0,71.86430127606599,11.876859280627423,17.86528404773611,12.539184952978056,15.731793542304972,4.57223662502946,11.390558698727016,10.015912305516268,0.0353606789250353
48367,102099.0,155939.0,12122.0,156448.0,20361.0,3409.0,21296.0,54237.0,2599.0,50662.0,54237.0,1272.0,158079.0,126490.0,2183.0,211.0,22268.0,64.3480724858658,7.773552478853911,13.01454796481898,16.00770097670924,4.791931707137194,2.3452624592068148,1.380955092074216,14.086627572289803,0.1334775650149608
48369,68164.0,9659.0,931.0,9659.0,2197.0,155.0,1171.0,3183.0,287.0,2867.0,3183.0,79.0,9752.0,3027.0,35.0,5.0,6446.0,100.0,9.638678952272492,22.74562584118439,13.236549957301452,9.01665095821552,2.481935281181276,0.3589007383100902,66.09926168990977,0.0512715340442986
48371,67689.0,12589.0,3445.0,12730.0,1870.0,186.0,1311.0,5108.0,685.0,4262.0,5108.0,419.0,14983.0,3379.0,534.0,0.0,10666.0,43.71750148094517,27.365160060370165,14.68970934799686,14.187643020594964,13.41033672670321,8.202819107282695,3.564039244477074,71.18734565841287,0.0
48373,59066.0,48053.0,8675.0,48155.0,7604.0,1079.0,8480.0,18575.0,2311.0,15799.0,18575.0,637.0,51780.0,36983.0,4057.0,540.0,7799.0,88.84344512499251,18.052983164422617,15.790675942269754,12.724056603773583,12.441453566621805,3.429340511440108,7.83507145616068,15.061799922750096,1.0428736964078795
48375,50448.0,110270.0,23024.0,110240.0,22582.0,2245.0,11899.0,42363.0,4732.0,36418.0,42363.0,3416.0,116634.0,50076.0,11919.0,311.0,45218.0,11.264290234127822,20.879659018772102,20.484397677793904,18.8671316917388,11.170124873120413,8.063640440950829,10.219147075466845,38.76914107378637,0.266646089476482
48377,29014.0,6038.0,2192.0,6041.0,1612.0,211.0,810.0,2340.0,450.0,1791.0,2340.0,186.0,6043.0,1171.0,0.0,150.0,4622.0,100.0,36.303411725737,26.68432378745241,26.049382716049383,19.23076923076923,7.948717948717949,0.0,76.48518947542611,2.482210822439186
48379,64874.0,12424.0,1590.0,12442.0,1802.0,408.0,2034.0,4723.0,411.0,4201.0,4723.0,140.0,12505.0,10383.0,357.0,60.0,1228.0,100.0,12.797810688989053,14.483202057547018,20.058997050147493,8.702096125344061,2.96421765826805,2.854858056777289,9.820071971211515,0.4798080767692922
48381,80905.0,140786.0,13392.0,142759.0,14807.0,1873.0,16369.0,55758.0,3797.0,50844.0,55758.0,1879.0,143791.0,97639.0,4639.0,266.0,34127.0,16.97725803357655,9.51230946258861,10.372025581574542,11.442360559594356,6.80978514293913,3.369920011478173,3.226210263507452,23.73375246016788,0.1849907156915245
48383,70288.0,3244.0,361.0,3244.0,550.0,5.0,249.0,1046.0,110.0,918.0,1046.0,10.0,3259.0,771.0,159.0,0.0,2186.0,100.0,11.128236744759556,16.954377311960542,2.0080321285140563,10.516252390057362,0.9560229445506692,4.878797177048174,67.07579011966861,0.0
48385,45417.0,2542.0,521.0,2728.0,457.0,84.0,393.0,1021.0,226.0,722.0,1021.0,40.0,2821.0,2106.0,39.0,0.0,664.0,100.0,20.49567269866247,16.752199413489738,21.37404580152672,22.135161606268365,3.917727717923604,1.3824884792626728,23.537752570010635,0.0
48387,46912.0,11433.0,2389.0,11435.0,1758.0,351.0,1705.0,4993.0,1099.0,3607.0,4993.0,164.0,11621.0,8548.0,1903.0,105.0,826.0,100.0,20.895652934487885,15.373852208132924,20.58651026392962,22.01081514119768,3.2845984378129383,16.375527063075467,7.1078220462955,0.9035367008002754
48389,56056.0,12206.0,2669.0,12207.0,2461.0,281.0,1033.0,4145.0,1040.0,3070.0,4145.0,223.0,13219.0,1619.0,188.0,13.0,11206.0,11.303227556278818,21.866295264623957,20.160563611042843,27.202323330106488,25.090470446320868,5.379975874547648,1.4221953249111128,84.77191920720176,0.0983432937438535
48391,58016.0,6536.0,1128.0,6544.0,1095.0,213.0,932.0,2372.0,400.0,1920.0,2372.0,182.0,6693.0,2766.0,411.0,1.0,3354.0,100.0,17.258261933904528,16.732885085574573,22.854077253218883,16.863406408094434,7.672849915682968,6.140744060959211,50.112057373375166,0.014940983116689
48393,66118.0,778.0,50.0,785.0,100.0,26.0,114.0,303.0,71.0,232.0,303.0,17.0,785.0,679.0,2.0,0.0,83.0,100.0,6.426735218508997,12.738853503184714,22.80701754385965,23.432343234323437,5.6105610561056105,0.2547770700636942,10.573248407643312,0.0
48395,66250.0,16774.0,2768.0,16779.0,1998.0,214.0,2325.0,6480.0,978.0,5320.0,6480.0,614.0,16973.0,9351.0,3385.0,19.0,3712.0,100.0,16.5017288661023,11.907741820132308,9.204301075268818,15.092592592592592,9.475308641975309,19.943439580510223,21.870028869380786,0.111942496906852
48397,124917.0,116032.0,4991.0,116238.0,10520.0,928.0,13873.0,39513.0,877.0,38176.0,39513.0,682.0,116931.0,75874.0,9679.0,171.0,23581.0,13.735983453751194,4.301399613899614,9.050396600079148,6.689252504865566,2.2195226887353527,1.726014223167059,8.277531193609907,20.166593974224117,0.1462400903096698
48399,63490.0,9646.0,1004.0,9670.0,1451.0,124.0,1262.0,3800.0,417.0,3322.0,3800.0,124.0,9880.0,5980.0,296.0,2.0,3402.0,100.0,10.408459465063238,15.00517063081696,9.8256735340729,10.973684210526317,3.263157894736842,2.9959514170040484,34.4331983805668,0.020242914979757
48401,67506.0,47551.0,6795.0,47618.0,6665.0,855.0,6148.0,17963.0,3529.0,13488.0,17963.0,708.0,52613.0,32552.0,6920.0,91.0,9839.0,64.07476921898342,14.289920296103132,13.996807929774455,13.906961613532856,19.64593887435284,3.941435172298614,13.152642882937675,18.70070134757569,0.1729610552525041
48403,59924.0,9871.0,1414.0,9887.0,1398.0,357.0,1853.0,4469.0,581.0,3790.0,4469.0,178.0,9998.0,8457.0,459.0,16.0,417.0,100.0,14.324789788268664,14.139779508445434,19.26605504587156,13.00067129111658,3.982993958379951,4.590918183636727,4.170834166833367,0.1600320064012802
48405,46338.0,7649.0,2101.0,7675.0,1538.0,232.0,1183.0,3017.0,586.0,2378.0,3017.0,321.0,7889.0,5406.0,1746.0,59.0,643.0,100.0,27.46764282912799,20.03908794788273,19.611158072696533,19.42326814716606,10.639708319522704,22.132082646723287,8.150589428317911,0.7478767904677399
48407,59526.0,27824.0,4928.0,27795.0,5437.0,989.0,4570.0,10480.0,1333.0,8676.0,10480.0,403.0,27983.0,19494.0,2274.0,28.0,5129.0,100.0,17.71132834962622,19.561072135276127,21.641137855579867,12.719465648854962,3.845419847328244,8.126362434335132,18.328985455455097,0.1000607511703534
48409,67512.0,68565.0,10387.0,68800.0,12461.0,1502.0,8083.0,24496.0,3889.0,20051.0,24496.0,1660.0,69519.0,26720.0,1000.0,35.0,39012.0,27.832157661261,15.14912856413622,18.11191860465116,18.582209575652605,15.87606139777923,6.776616590463749,1.438455673988406,56.1170327536357,0.0503459485895942
48411,54855.0,5205.0,753.0,5213.0,1339.0,173.0,697.0,2095.0,223.0,1848.0,2095.0,67.0,5802.0,3639.0,141.0,11.0,1753.0,100.0,14.46685878962536,25.6857855361596,24.820659971305595,10.644391408114558,3.198090692124105,2.4301964839710446,30.213719407101,0.1895897966218545
48413,90141.0,2411.0,216.0,2389.0,604.0,55.0,272.0,919.0,230.0,666.0,919.0,35.0,2426.0,1077.0,18.0,0.0,1282.0,100.0,8.958938199917046,25.282544997907078,20.22058823529412,25.027203482045703,3.808487486398259,0.7419620774938169,52.8441879637263,0.0
48415,62689.0,14418.0,1411.0,15087.0,2865.0,343.0,1817.0,5931.0,795.0,5041.0,5931.0,200.0,16633.0,8256.0,445.0,206.0,7089.0,31.80368532955351,9.786378138438064,18.989858818850667,18.87727022564667,13.404147698533132,3.372112628561794,2.675404316719774,42.6200925870258,1.238501773582637
48417,64659.0,3134.0,363.0,3135.0,426.0,42.0,525.0,1329.0,164.0,1160.0,1329.0,84.0,3169.0,2614.0,37.0,0.0,401.0,100.0,11.582641991065731,13.588516746411484,8.0,12.340105342362678,6.320541760722348,1.167560744714421,12.653834017040076,0.0
48419,50436.0,23940.0,5635.0,23964.0,4610.0,620.0,3076.0,9177.0,1652.0,7260.0,9177.0,642.0,24108.0,14466.0,3751.0,185.0,4736.0,78.67371576055282,23.538011695906437,19.23718911700885,20.156046814044213,18.001525553012968,6.995750245178163,15.55915048946408,19.644931143188984,0.7673801227808197
48421,74167.0,2400.0,151.0,2400.0,367.0,70.0,453.0,842.0,41.0,801.0,842.0,3.0,2434.0,1223.0,4.0,0.0,1149.0,100.0,6.291666666666667,15.291666666666666,15.45253863134658,4.869358669833729,0.3562945368171021,0.1643385373870172,47.206244864420704,0.0
48423,71923.0,231542.0,28262.0,235252.0,39383.0,4032.0,27806.0,81690.0,7721.0,72519.0,81690.0,3643.0,238014.0,137969.0,39597.0,146.0,49012.0,34.92476839458795,12.205992865225316,16.740771598116062,14.500467524994605,9.451585261353898,4.459542171624434,16.636416345257,20.59206601292361,0.0613409295251539
48425,83382.0,9342.0,607.0,9342.0,1039.0,228.0,1407.0,3562.0,214.0,3156.0,3562.0,103.0,9510.0,7328.0,183.0,16.0,1719.0,100.0,6.4975380004281735,11.121815457075572,16.204690831556505,6.0078607523863,2.891633913531724,1.9242902208201893,18.07570977917981,0.1682439537329127
48427,38182.0,65265.0,21862.0,65302.0,20453.0,1593.0,5700.0,18692.0,4806.0,13615.0,18692.0,1960.0,65809.0,1417.0,164.0,0.0,64036.0,28.59526699029126,33.49728031870068,31.32063336498117,27.94736842105263,25.71153434624438,10.485769313075112,0.2492060356486194,97.30583962679876,0.0
48429,54695.0,8791.0,1187.0,8807.0,1267.0,211.0,1246.0,3560.0,354.0,3080.0,3560.0,336.0,9278.0,6379.0,290.0,0.0,2308.0,40.06153169981321,13.502445683084972,14.386283638015216,16.93418940609952,9.9438202247191,9.438202247191011,3.125673636559603,24.87605087303298,0.0
48431,78750.0,1355.0,37.0,1355.0,349.0,4.0,91.0,402.0,29.0,373.0,402.0,0.0,1389.0,932.0,2.0,2.0,447.0,100.0,2.7306273062730626,25.756457564575644,4.395604395604396,7.213930348258707,0.0,0.1439884809215262,32.18142548596112,0.1439884809215262
48433,61250.0,1206.0,105.0,1206.0,171.0,14.0,173.0,476.0,54.0,413.0,476.0,17.0,1244.0,938.0,7.0,0.0,283.0,100.0,8.706467661691542,14.17910447761194,8.092485549132949,11.344537815126053,3.571428571428572,0.5627009646302251,22.7491961414791,0.0
48435,75000.0,3288.0,381.0,3288.0,590.0,51.0,388.0,1236.0,276.0,920.0,1236.0,24.0,3306.0,1065.0,4.0,15.0,2162.0,100.0,11.587591240875913,17.94403892944039,13.144329896907216,22.33009708737864,1.941747572815534,0.1209921355111917,65.39624924379915,0.4537205081669691
48437,39031.0,6341.0,1868.0,6341.0,1410.0,187.0,750.0,2453.0,504.0,1805.0,2453.0,142.0,6981.0,2860.0,544.0,34.0,3194.0,100.0,29.45907585554329,22.23624034064028,24.933333333333334,20.546269873624134,5.788830004076641,7.792579859618966,45.75275748460106,0.4870362412261854
48439,81905.0,2104688.0,229884.0,2117720.0,351295.0,36323.0,243882.0,769285.0,41346.0,712172.0,769285.0,34025.0,2135743.0,921922.0,366947.0,3221.0,637594.0,1.2281582837433196,10.922474019902236,16.5883591787394,14.89367809022396,5.374601090623111,4.4229381828581085,17.181233884413995,29.853498290758765,0.1508140258448699
48441,66406.0,138239.0,18686.0,137448.0,19966.0,2297.0,14862.0,54390.0,4249.0,49387.0,54390.0,2159.0,144259.0,89142.0,11066.0,215.0,35709.0,17.50600525110329,13.517169539710212,14.526220825330308,15.455524155564529,7.812097812097812,3.969479683765398,7.670925210905385,24.75339493549796,0.1490374950609667
48443,46989.0,851.0,70.0,851.0,89.0,16.0,234.0,453.0,56.0,374.0,453.0,18.0,851.0,487.0,0.0,0.0,364.0,100.0,8.225616921269095,10.45828437132785,6.837606837606837,12.362030905077262,3.9735099337748334,0.0,42.773207990599296,0.0
48445,45905.0,10898.0,2381.0,10946.0,2534.0,201.0,1241.0,4271.0,482.0,3696.0,4271.0,250.0,11699.0,4481.0,461.0,38.0,6574.0,30.14960696475361,21.848045512938157,23.150009135757355,16.19661563255439,11.28541325216577,5.853430110044486,3.9405077357039056,56.19283699461492,0.3248140866740747
48447,58864.0,1589.0,222.0,1589.0,387.0,82.0,228.0,686.0,95.0,569.0,686.0,25.0,1589.0,1428.0,0.0,0.0,124.0,100.0,13.971050975456262,24.35494021397105,35.96491228070175,13.848396501457726,3.6443148688046647,0.0,7.803650094398993,0.0
48449,59220.0,30945.0,5368.0,31059.0,6589.0,627.0,3509.0,11011.0,1420.0,9280.0,11011.0,562.0,31284.0,13488.0,2963.0,71.0,13887.0,50.65446282843153,17.346905800613992,21.2144627966129,17.86833855799373,12.896194714376533,5.10398692216874,9.471295230788902,44.39010356731876,0.2269530750543408
48451,66254.0,114298.0,13394.0,114884.0,16676.0,2190.0,13502.0,46094.0,4661.0,39911.0,46094.0,2087.0,119398.0,62009.0,4009.0,88.0,47877.0,16.683749572927344,11.718490262296804,14.515511298353122,16.2198192860317,10.111945155551698,4.527704256519287,3.357677683043267,40.0986616191226,0.073703077103469
48453,97169.0,1281739.0,140926.0,1299344.0,158906.0,14308.0,135135.0,561491.0,23381.0,523813.0,561491.0,32620.0,1307625.0,624387.0,102188.0,1638.0,425105.0,5.1106505408514105,10.994906139237395,12.22970976123336,10.587930587930588,4.16409167733766,5.80953212072856,7.814778701844948,32.5097027052863,0.1252652710065959
48455,51663.0,13618.0,2194.0,13703.0,2150.0,392.0,2152.0,6033.0,745.0,5087.0,6033.0,566.0,13850.0,10711.0,1202.0,10.0,1480.0,100.0,16.111029519753266,15.68999489162957,18.21561338289963,12.348748549643627,9.381733797447373,8.678700361010831,10.68592057761733,0.0722021660649819
48457,50647.0,17861.0,3495.0,17951.0,3075.0,582.0,2606.0,7073.0,1046.0,5761.0,7073.0,468.0,20084.0,15478.0,2130.0,24.0,1614.0,100.0,19.567773360954035,17.129964904462145,22.333077513430545,14.788632829068288,6.6167114378622935,10.605457080262896,8.036247759410475,0.1194981079466241
48459,62794.0,41192.0,5460.0,41378.0,5481.0,1093.0,6025.0,15372.0,1654.0,13496.0,15372.0,589.0,41864.0,32744.0,2995.0,33.0,4219.0,80.69059962828915,13.255000971062342,13.246169462032965,18.141078838174277,10.759823054905022,3.831641946396045,7.154118096694057,10.077871201987389,0.0788266768583986
48461,52321.0,3161.0,539.0,3161.0,468.0,41.0,445.0,1325.0,238.0,995.0,1325.0,70.0,3227.0,1344.0,30.0,11.0,1812.0,100.0,17.051565960139197,14.805441316039229,9.213483146067416,17.962264150943398,5.283018867924528,0.92965602726991,56.15122404710257,0.3408738766656337
48463,57849.0,23990.0,5242.0,24272.0,4885.0,365.0,2498.0,8422.0,1115.0,7116.0,8422.0,522.0,24810.0,6406.0,154.0,44.0,17548.0,35.165282527275686,21.85077115464777,20.12607119314436,14.611689351481186,13.23913559724531,6.198052719069104,0.6207174526400645,70.72954453849255,0.177347843611447
48465,59673.0,45829.0,8377.0,44743.0,8658.0,740.0,4367.0,16706.0,3154.0,12666.0,16706.0,943.0,47647.0,7465.0,573.0,58.0,38580.0,10.309754969949145,18.27881908835017,19.35051292939678,16.94527135333181,18.879444510954148,5.6446785586017,1.2025940772766386,80.970470333914,0.1217285453438831
48467,68274.0,60552.0,6959.0,60748.0,11032.0,1521.0,8661.0,22555.0,2912.0,18846.0,22555.0,667.0,61323.0,49913.0,1667.0,184.0,7835.0,100.0,11.4926014004492,18.16026865081978,17.561482507793556,12.910662824207494,2.9572156949678563,2.7183927726954,12.77660910262055,0.3000505519951731
48469,70101.0,89486.0,14288.0,90191.0,15137.0,1414.0,11012.0,34142.0,3956.0,27416.0,34142.0,1998.0,91281.0,39294.0,4999.0,99.0,43432.0,27.7412148621864,15.966743401202423,16.783271058087834,12.840537595350527,11.586901763224182,5.85202975806924,5.476495656270199,47.5805479782211,0.1084563052552009
48471,49862.0,61948.0,11109.0,65540.0,9677.0,1249.0,6691.0,25180.0,2521.0,21397.0,25180.0,1709.0,78292.0,41681.0,15506.0,95.0,16931.0,43.17408376963351,17.932782333570092,14.765028989929814,18.666865939321475,10.01191421763304,6.787132644956315,19.805344096459407,21.62545343074644,0.1213406222858018
48473,76135.0,54763.0,7387.0,59238.0,12185.0,752.0,6292.0,17981.0,1980.0,15595.0,17981.0,403.0,59455.0,23095.0,13895.0,55.0,19593.0,77.36028453709899,13.489034567134745,20.569566832101017,11.951684678957406,11.011623380234692,2.241254657694233,23.37061643259608,32.9543352115045,0.0925069380203515
48475,71719.0,11130.0,1620.0,11140.0,1779.0,147.0,1190.0,4345.0,683.0,3560.0,4345.0,245.0,11255.0,4222.0,538.0,9.0,6238.0,21.31569907248368,14.555256064690028,15.96947935368043,12.352941176470589,15.71921749136939,5.638665132336018,4.780097734340293,55.42425588627277,0.0799644602398933
48477,75085.0,33890.0,4287.0,35229.0,5307.0,779.0,4817.0,15277.0,2069.0,12645.0,15277.0,950.0,36156.0,22304.0,5470.0,37.0,6557.0,51.417399804496576,12.649749188551196,15.064293621732096,16.171891218600788,13.543234928323624,6.218498396281992,15.128885938710036,18.13530257771877,0.1023343290186967
48479,62506.0,264700.0,55716.0,266040.0,75595.0,7166.0,23890.0,79572.0,10372.0,67000.0,79572.0,4826.0,267731.0,9554.0,995.0,112.0,254619.0,5.859670402899137,21.04873441632036,28.41490001503533,29.995814148179157,13.034735836726489,6.06494746895893,0.3716416851242478,95.1025469594481,0.0418330339034329
48481,66100.0,40938.0,5927.0,41256.0,6825.0,831.0,5152.0,15422.0,2502.0,12539.0,15422.0,1053.0,41651.0,18297.0,5167.0,31.0,17294.0,47.52946836661054,14.477991108505543,16.54304828388598,16.12965838509317,16.223576708598106,6.827908183115031,12.405464454634943,41.52121197570286,0.0744279849223308
48483,67964.0,4807.0,683.0,4818.0,943.0,67.0,616.0,1849.0,277.0,1554.0,1849.0,126.0,4902.0,3383.0,81.0,11.0,1224.0,100.0,14.208446016226336,19.572436695724367,10.876623376623376,14.981070849107626,6.814494321254732,1.6523867809057529,24.96940024479804,0.2243982048143614
48485,62168.0,118192.0,18767.0,118095.0,17979.0,1581.0,14615.0,48935.0,5002.0,42518.0,48935.0,3234.0,129842.0,82146.0,13037.0,345.0,26409.0,12.748357170467724,15.878401245431164,15.224183919725643,10.817653096134109,10.221722693368754,6.608766731378359,10.040664807997413,20.339335500069318,0.2657075522558186
48487,51626.0,12209.0,2301.0,12347.0,1310.0,142.0,1580.0,4737.0,874.0,3693.0,4737.0,280.0,12712.0,7045.0,770.0,20.0,3798.0,26.096065802746956,18.84675239577361,10.609864744472342,8.987341772151899,18.450496094574625,5.910914080641756,6.057268722466961,29.87728130899937,0.1573316551290119
48489,45645.0,18648.0,4593.0,18804.0,4990.0,439.0,1861.0,5671.0,1066.0,4263.0,5671.0,278.0,20218.0,2118.0,293.0,0.0,17623.0,35.59809561594922,24.62998712998713,26.53690704105509,23.589468027941965,18.797390230999824,4.902133662493387,1.4492036798892076,87.1649025620734,0.0
48491,108309.0,639040.0,40507.0,640224.0,60678.0,7316.0,66579.0,241754.0,6766.0,230852.0,241754.0,7142.0,643889.0,354615.0,42712.0,727.0,157980.0,9.152618071416724,6.338726840260391,9.477620332883491,10.988449811502123,2.7987127410508204,2.954242742622666,6.633441478267217,24.535284808406416,0.1129076595500156
48493,92461.0,50928.0,4987.0,50857.0,5772.0,792.0,7166.0,17785.0,1854.0,15448.0,17785.0,455.0,51501.0,28649.0,912.0,35.0,20354.0,87.31131791047775,9.79225573358467,11.349470082781131,11.052190901479207,10.424515040764687,2.558335676131572,1.7708394011766762,39.521562688103145,0.0679598454398943
48495,91898.0,7458.0,893.0,7458.0,1340.0,64.0,913.0,2781.0,253.0,2472.0,2781.0,136.0,7540.0,2454.0,275.0,0.0,4660.0,18.09780515979977,11.97371949584339,17.967283454009117,7.0098576122672505,9.097446961524632,4.890327220424308,3.647214854111406,61.80371352785146,0.0
48497,89897.0,70809.0,6474.0,71348.0,10668.0,1487.0,10058.0,24581.0,2499.0,21757.0,24581.0,385.0,72359.0,53380.0,1009.0,234.0,14878.0,90.50734351322998,9.14290556285218,14.952065930369455,14.784251342215152,10.166388674179244,1.56625035596599,1.3944360756782157,20.56136762531268,0.3233875537251758
48499,62524.0,44332.0,5600.0,44994.0,6849.0,1363.0,7149.0,18221.0,2118.0,15664.0,18221.0,1025.0,46094.0,37458.0,1844.0,12.0,5153.0,87.29121602033763,12.631958855905442,15.222029603947194,19.06560358092041,11.623950386916196,5.625377311892871,4.000520675142101,11.179329196858593,0.0260337571050462
48501,82261.0,7543.0,908.0,7543.0,1600.0,211.0,896.0,2616.0,201.0,2415.0,2616.0,127.0,7589.0,2392.0,11.0,0.0,4950.0,100.0,12.037650802068145,21.211719475009943,23.549107142857142,7.68348623853211,4.85474006116208,0.1449466332850177,65.22598497825801,0.0
48503,63723.0,17685.0,2952.0,17710.0,3579.0,423.0,2295.0,7763.0,780.0,6962.0,7763.0,416.0,17963.0,13584.0,254.0,54.0,3621.0,51.95052331113226,16.692111959287534,20.20892151326934,18.431372549019606,10.047661986345483,5.3587530593842585,1.4140177030562824,20.158102766798415,0.3006179368702332
48505,36527.0,13602.0,5092.0,13661.0,3788.0,300.0,1153.0,4612.0,1307.0,3283.0,4612.0,476.0,13855.0,633.0,37.0,0.0,13014.0,21.21823025415797,37.43567122481988,27.728570382841667,26.01908065915004,28.33911535125759,10.320901994796184,0.267051605918441,93.92998917358356,0.0
48507,41887.0,9471.0,3438.0,9455.0,1238.0,197.0,872.0,3411.0,670.0,2601.0,3411.0,167.0,9532.0,582.0,79.0,0.0,8831.0,30.62047569803516,36.30028508077289,13.093601269169753,22.591743119266056,19.64233362650249,4.895924948695397,0.8287872429710449,92.64582459085187,0.0
49001,85603.0,6891.0,514.0,6878.0,1371.0,35.0,717.0,2386.0,404.0,1921.0,2386.0,58.0,7172.0,6031.0,11.0,6.0,1057.0,100.0,7.459004498621391,19.933120093050302,4.881450488145049,16.932103939647945,2.4308466051969826,0.1533742331288343,14.73786949247072,0.0836586726157278
49003,77865.0,59291.0,5111.0,59334.0,4717.0,556.0,6158.0,19150.0,980.0,17739.0,19150.0,674.0,59725.0,51512.0,209.0,249.0,5929.0,31.737939166926783,8.620195307888212,7.949910675160953,9.028905488795065,5.117493472584856,3.519582245430809,0.3499372122226873,9.927166178317288,0.416910841356216
49005,78292.0,132974.0,17385.0,136283.0,9203.0,371.0,9849.0,43118.0,1494.0,39799.0,43118.0,1452.0,137031.0,112281.0,900.0,103.0,15806.0,14.439671357976476,13.073984387925458,6.75285985779591,3.766879886282872,3.4649102463008488,3.367503130942993,0.6567856908290824,11.534616254716086,0.0751654735059949
49007,53673.0,20116.0,3377.0,20250.0,1560.0,133.0,2366.0,8023.0,793.0,6673.0,8023.0,300.0,20446.0,16832.0,107.0,118.0,2701.0,34.61689202429943,16.787631735931598,7.703703703703703,5.621301775147929,9.8840832606257,3.739249657235448,0.5233297466497114,13.210407903746454,0.5771300009781865
49009,58750.0,711.0,72.0,701.0,44.0,11.0,123.0,262.0,26.0,232.0,262.0,8.0,747.0,689.0,0.0,11.0,22.0,100.0,10.126582278481012,6.276747503566334,8.94308943089431,9.923664122137405,3.053435114503817,0.0,2.9451137884872827,1.4725568942436411
49011,108058.0,363739.0,21737.0,362094.0,21272.0,1728.0,33586.0,114674.0,4248.0,107840.0,114674.0,2971.0,366742.0,295736.0,4193.0,1111.0,41283.0,0.8365524334190841,5.97598827730873,5.874717614763017,5.145000893229322,3.70441425257687,2.5908226799448872,1.1433105561948185,11.256687262435172,0.3029377600602058
49013,74738.0,19588.0,2605.0,19668.0,2350.0,349.0,2065.0,6714.0,487.0,6025.0,6714.0,299.0,19932.0,17008.0,15.0,695.0,1416.0,68.04960195958358,13.2989585460486,11.948342485255235,16.900726392251816,7.253500148942508,4.453380994935955,0.0752558699578567,7.104154124021674,3.486855308047361
49015,69956.0,9868.0,1112.0,9905.0,713.0,59.0,1204.0,3428.0,354.0,3025.0,3428.0,85.0,9968.0,8920.0,4.0,76.0,730.0,100.0,11.268747466558573,7.198384654215043,4.900332225913621,10.326721120186695,2.4795799299883314,0.0401284109149277,7.323434991974318,0.7624398073836276
49017,61688.0,5013.0,557.0,5013.0,619.0,75.0,670.0,2027.0,222.0,1637.0,2027.0,49.0,5170.0,4619.0,4.0,100.0,361.0,100.0,11.11111111111111,12.34789547177339,11.194029850746269,10.952146028613717,2.4173655648741983,0.0773694390715667,6.982591876208898,1.9342359767891684
49019,62521.0,9605.0,1632.0,9627.0,1211.0,124.0,1248.0,4466.0,190.0,3921.0,4466.0,74.0,9697.0,7631.0,2.0,382.0,1212.0,17.954286896266417,16.991150442477878,12.579204321180017,9.935897435897436,4.2543663233318405,1.6569637259292431,0.0206249355470764,12.498710941528309,3.9393626894915954
49021,65527.0,59385.0,8099.0,59845.0,5569.0,614.0,5512.0,19658.0,1263.0,17646.0,19658.0,612.0,60201.0,50465.0,380.0,738.0,6070.0,28.609331634345164,13.638124105413825,9.30570640822124,11.13933236574746,6.424865194831621,3.1132363414386,0.6312187505190944,10.082888988555007,1.2258932575870831
49023,89803.0,12107.0,1091.0,12157.0,849.0,75.0,1012.0,3756.0,350.0,3273.0,3756.0,126.0,12273.0,11168.0,80.0,129.0,641.0,46.29221109791278,9.011315767737672,6.9836308299745005,7.41106719367589,9.318423855165069,3.3546325878594248,0.6518373665770391,5.222846899698525,1.0510877536054757
49025,75000.0,7776.0,812.0,7793.0,611.0,191.0,1061.0,3192.0,170.0,2907.0,3192.0,86.0,7996.0,7094.0,18.0,167.0,384.0,100.0,10.44238683127572,7.84036956242782,18.001885014137606,5.325814536340852,2.694235588972431,0.225112556278139,4.8024012006003005,2.088544272136068
49027,70877.0,13012.0,1142.0,13033.0,1500.0,133.0,1361.0,4267.0,411.0,3646.0,4267.0,135.0,13179.0,10801.0,28.0,179.0,1755.0,100.0,8.77651398708884,11.509245760761145,9.772226304188097,9.632059995312868,3.163815326927584,0.2124592154184687,13.31664010926474,1.3582214128537826
49029,126092.0,12572.0,214.0,12572.0,634.0,51.0,1242.0,3605.0,108.0,3415.0,3605.0,27.0,12585.0,11669.0,20.0,18.0,363.0,100.0,1.702195354756602,5.042952593063951,4.106280193236715,2.9958391123439667,0.7489597780859917,0.1589193484306714,2.8843861740166865,0.1430274135876043
49031,44650.0,1694.0,188.0,1689.0,163.0,63.0,225.0,567.0,113.0,408.0,567.0,24.0,1705.0,1628.0,2.0,0.0,75.0,100.0,11.097992916174734,9.65068087625814,28.0,19.929453262786595,4.232804232804233,0.1173020527859237,4.39882697947214,0.0
49033,76875.0,2581.0,244.0,2581.0,188.0,11.0,309.0,817.0,21.0,771.0,817.0,0.0,2588.0,2315.0,0.0,11.0,180.0,100.0,9.453700116234018,7.283998450213096,3.559870550161812,2.570379436964504,0.0,0.0,6.955177743431221,0.4250386398763524
49035,94658.0,1168735.0,97689.0,1177403.0,112768.0,9592.0,116750.0,416589.0,13727.0,389978.0,416589.0,21991.0,1184689.0,804254.0,19552.0,5757.0,236654.0,0.691422313493155,8.35852438747877,9.57768920242262,8.215845824411135,3.2950942055599164,5.278823972788528,1.650390946484689,19.97604434581565,0.4859503211391344
49037,54890.0,14161.0,2601.0,14279.0,2609.0,308.0,1717.0,4650.0,1222.0,3269.0,4650.0,362.0,14466.0,6496.0,10.0,6548.0,804.0,100.0,18.367346938775512,18.271587646193712,17.938264414676762,26.27956989247312,7.78494623655914,0.0691276095672611,5.557859809207797,45.26475874464261
49039,67459.0,26616.0,4078.0,27186.0,2994.0,324.0,2725.0,8748.0,700.0,7578.0,8748.0,213.0,29209.0,24679.0,258.0,176.0,3057.0,82.24496254879206,15.32161106101593,11.013021408077687,11.889908256880734,8.001828989483311,2.4348422496570645,0.8832893971036324,10.46595227498374,0.602554007326509
49041,73765.0,21450.0,2258.0,21527.0,1832.0,192.0,2418.0,7393.0,600.0,6569.0,7393.0,336.0,21854.0,19957.0,43.0,96.0,1139.0,61.00269491682929,10.526806526806526,8.510242950713058,7.94044665012407,8.115785202218314,4.544839713242256,0.1967603184771666,5.211860528964949,0.4392788505536744
49043,137058.0,42558.0,1933.0,42612.0,2980.0,298.0,6355.0,14477.0,422.0,13781.0,14477.0,291.0,42709.0,35545.0,166.0,27.0,4762.0,44.64197181103478,4.542036749847267,6.993335210738759,4.689221085759245,2.9149685708364994,2.010084962354079,0.3886768596782879,11.149874733662694,0.06321852536936
49045,101846.0,75917.0,3562.0,76146.0,4826.0,332.0,6897.0,23050.0,838.0,21961.0,23050.0,798.0,76648.0,60669.0,624.0,173.0,10922.0,19.74744834796005,4.69196622627343,6.337824705171644,4.8136871103378285,3.635574837310195,3.462039045553145,0.8141112618724559,14.24955641373552,0.2257071286922033
49047,69861.0,35930.0,3991.0,36172.0,4830.0,414.0,3547.0,11940.0,988.0,10682.0,11940.0,358.0,36458.0,29307.0,181.0,1861.0,3069.0,44.764177428411,11.107709435012524,13.35286962291275,11.67183535382013,8.274706867671691,2.9983249581239533,0.4964616819353777,8.417905535136322,5.104503812606287
49049,96877.0,667048.0,58181.0,680492.0,52172.0,3100.0,45443.0,195602.0,4730.0,179983.0,195602.0,5298.0,683622.0,539347.0,4093.0,1689.0,94727.0,4.229154123679289,8.722160923951499,7.666805781699123,6.821732720110909,2.418175683275222,2.708561262154784,0.5987226859287735,13.856634221836044,0.2470663612347174
49051,115146.0,35534.0,1829.0,35586.0,2692.0,71.0,4080.0,11985.0,305.0,11286.0,11985.0,307.0,35808.0,29198.0,20.0,84.0,5146.0,27.860181671840863,5.147182979681432,7.564772663406957,1.7401960784313726,2.5448477263245723,2.561535252398832,0.0558534405719392,14.371090259159963,0.2345844504021447
49053,76411.0,187636.0,18540.0,188334.0,22357.0,1738.0,19878.0,66914.0,3451.0,61681.0,66914.0,2093.0,189827.0,155308.0,885.0,1263.0,22296.0,14.865846826308111,9.880833102389731,11.87093143033122,8.743334339470772,5.157366171503721,3.127895507666557,0.4662139737761224,11.74543136645472,0.6653426541008391
49055,70074.0,2538.0,231.0,2538.0,284.0,37.0,384.0,1085.0,95.0,981.0,1085.0,37.0,2557.0,2327.0,0.0,0.0,98.0,100.0,9.101654846335697,11.189913317572891,9.635416666666666,8.755760368663594,3.410138248847926,0.0,3.832616347281971,0.0
49057,87083.0,263158.0,19731.0,262770.0,22926.0,1858.0,27390.0,92353.0,3475.0,86891.0,92353.0,4151.0,266183.0,198459.0,2802.0,998.0,50354.0,5.591424093233622,7.4977770008892,8.724740267153784,6.783497626871121,3.76273645685576,4.49471051292324,1.0526592607341565,18.91706081906057,0.3749300293407167
50001,88478.0,34336.0,2524.0,37223.0,1725.0,275.0,5574.0,14638.0,979.0,13207.0,14638.0,626.0,37497.0,33828.0,326.0,24.0,1184.0,83.52915986403661,7.350885368126748,4.634231523520404,4.93362038033728,6.688072141002869,4.27654051099877,0.8694028855641784,3.15758594020855,0.0640051204096327
50003,71494.0,36364.0,4128.0,36698.0,1840.0,353.0,5956.0,14636.0,1355.0,11942.0,14636.0,1062.0,37312.0,34163.0,380.0,33.0,1023.0,63.15902214367954,11.351886481135187,5.01389721510709,5.926796507723304,9.25799398742826,7.256080896419787,1.0184391080617496,2.741745283018868,0.088443396226415
50005,66075.0,29683.0,3727.0,30172.0,1243.0,178.0,4598.0,12877.0,1593.0,10927.0,12877.0,936.0,30425.0,28169.0,225.0,59.0,643.0,83.8487745179109,12.556008489707914,4.119713641787087,3.871248368856024,12.370893841733324,7.268773782713365,0.7395234182415776,2.113393590797042,0.1939194741166803
50007,94310.0,159066.0,16606.0,167554.0,5524.0,475.0,21257.0,70443.0,2827.0,64662.0,70443.0,4891.0,168831.0,145454.0,4190.0,145.0,4773.0,26.06536242818866,10.439691700300504,3.296847583465629,2.234558027943736,4.013173771701943,6.943202305410048,2.4817717125409438,2.827087442472058,0.0858847012693166
50009,58985.0,5962.0,850.0,5970.0,344.0,61.0,1037.0,2729.0,354.0,2290.0,2729.0,139.0,5972.0,5585.0,3.0,35.0,89.0,100.0,14.256960751425696,5.76214405360134,5.882352941176471,12.97178453646024,5.093440820813485,0.0502344273275284,1.4902880107166778,0.5860683188211654
50011,79078.0,49895.0,5032.0,49784.0,1959.0,274.0,7403.0,19605.0,1563.0,17355.0,19605.0,1227.0,50379.0,46462.0,138.0,156.0,973.0,77.23941857205783,10.085178875638842,3.934999196529005,3.7012022153181134,7.972456006120887,6.258607498087223,0.2739236586673018,1.9313602890093091,0.3096528315369499
50013,90625.0,7389.0,559.0,7382.0,288.0,88.0,1415.0,3078.0,152.0,2840.0,3078.0,52.0,7393.0,6699.0,35.0,134.0,155.0,100.0,7.565299769928272,3.9013817393660255,6.219081272084805,4.938271604938271,1.6894087069525665,0.473420803462735,2.096577843906398,1.812525361828757
50015,69897.0,25396.0,2045.0,25945.0,1574.0,204.0,3711.0,11424.0,788.0,10255.0,11424.0,548.0,26036.0,23895.0,248.0,102.0,642.0,100.0,8.05244920459915,6.066679514357294,5.497170573969281,6.897759103641457,4.796918767507003,0.9525272699339375,2.4658165616838223,0.3917652481179904
50017,77328.0,29040.0,2727.0,29508.0,1524.0,264.0,4881.0,12790.0,1151.0,11079.0,12790.0,535.0,29594.0,27633.0,104.0,41.0,506.0,100.0,9.390495867768594,5.1647010980073205,5.408727719729564,8.999218139171228,4.18295543393276,0.3514225856592552,1.7098060417652228,0.1385415962695141
50019,66426.0,26648.0,2891.0,26819.0,1015.0,199.0,3992.0,11791.0,1175.0,10387.0,11791.0,670.0,27492.0,25651.0,229.0,82.0,500.0,100.0,10.848844190933654,3.784630299414594,4.984969939879759,9.96522771605462,5.682300059367314,0.8329695911537902,1.8187108977156992,0.2982685872253746
50021,64778.0,58769.0,7068.0,59901.0,2380.0,559.0,9875.0,25448.0,2817.0,21425.0,25448.0,1764.0,60484.0,56412.0,375.0,2.0,1279.0,67.7243610909331,12.026748796134015,3.973222483764879,5.660759493670886,11.069632191134865,6.931782458346432,0.619998677336155,2.114608822167846,0.0033066596124594
50023,79853.0,58310.0,5456.0,59350.0,1713.0,243.0,8932.0,25474.0,1713.0,23010.0,25474.0,1670.0,59958.0,55094.0,518.0,10.0,1614.0,66.53568980219707,9.356885611387412,2.886267902274642,2.7205553067622037,6.724503415246918,6.55570385491089,0.8639380899963308,2.691884319023316,0.0166783415057206
50025,68021.0,44399.0,5308.0,45633.0,1739.0,340.0,7553.0,19660.0,1450.0,15541.0,19660.0,1263.0,45913.0,41617.0,372.0,30.0,1383.0,70.94216316305413,11.95522421676164,3.8108386474700326,4.50152257381173,7.375381485249237,6.424211597151577,0.8102280399886742,3.012218761570797,0.0653409709668285
50027,75247.0,57133.0,4981.0,57170.0,2375.0,357.0,9362.0,24873.0,1836.0,21931.0,24873.0,1518.0,57968.0,53759.0,310.0,47.0,1294.0,78.64353366924662,8.718253898797542,4.154276718558685,3.813287759025849,7.381498009890242,6.103003256543239,0.5347778084460392,2.2322660778360475,0.0810792161192382
51001,57500.0,32848.0,4883.0,32814.0,3042.0,584.0,5106.0,14302.0,1962.0,11825.0,14302.0,978.0,33326.0,19423.0,9037.0,33.0,3528.0,90.35405381139076,14.865440818314662,9.270433351618212,11.43752448100274,13.718361068382045,6.838204446930499,27.116965732461143,10.586328992378323,0.0990217847926543
51003,102617.0,105469.0,7141.0,112163.0,6112.0,1053.0,14053.0,45064.0,2815.0,41128.0,45064.0,2042.0,113683.0,84141.0,9989.0,59.0,8348.0,40.37457182258997,6.770709876835848,5.44921230708879,7.493061979648473,6.246671400674596,4.531333214983135,8.78671393260206,7.343226339910099,0.0518987007732026
51005,55160.0,14632.0,1916.0,14682.0,994.0,137.0,2344.0,6292.0,1003.0,5197.0,6292.0,452.0,14962.0,13674.0,828.0,0.0,225.0,53.13670104447218,13.094587206123563,6.770194796349271,5.8447098976109215,15.940877304513668,7.183725365543547,5.534019516107472,1.503809651116161,0.0
51007,66339.0,13231.0,1468.0,13238.0,895.0,52.0,2193.0,5285.0,856.0,4173.0,5285.0,127.0,13342.0,9778.0,2710.0,0.0,252.0,100.0,11.095155317058424,6.760840006043209,2.371181030551756,16.19678334910123,2.403027436140019,20.31179733173437,1.888772298006296,0.0
51009,67298.0,30525.0,3291.0,31038.0,1960.0,471.0,4733.0,12702.0,2173.0,10334.0,12702.0,596.0,31385.0,23205.0,5496.0,198.0,890.0,62.366243970996905,10.78132678132678,6.314839873703202,9.951405028523135,17.107542119351283,4.692174460714848,17.511550103552654,2.835749561892624,0.6308746216345388
51011,62337.0,16334.0,2007.0,16365.0,1436.0,210.0,2307.0,6563.0,1087.0,5254.0,6563.0,214.0,16424.0,12498.0,2799.0,1.0,368.0,100.0,12.28725358148647,8.77482432019554,9.102730819245776,16.562547615419778,3.2607039463659917,17.04213346322455,2.2406234778373117,0.0060886507549926
51013,140160.0,232638.0,16573.0,230920.0,12180.0,1334.0,23403.0,111530.0,3793.0,105386.0,111530.0,15881.0,235463.0,138514.0,21676.0,339.0,37054.0,0.0,7.123943637754795,5.274553958080721,5.700123915737299,3.400878687348696,14.23921814758361,9.20569261412621,15.736655015862365,0.1439716643379214
51015,79972.0,74391.0,5455.0,74456.0,5317.0,689.0,11491.0,30644.0,3583.0,26400.0,30644.0,1363.0,77713.0,68690.0,3314.0,127.0,2931.0,84.26445726379909,7.332876288798376,7.141130332008166,5.995996867113393,11.69233781490667,4.447852760736196,4.264408786174771,3.771569750234839,0.1634218213168967
51017,61709.0,3987.0,841.0,4013.0,116.0,43.0,722.0,1781.0,352.0,1416.0,1781.0,30.0,4123.0,3733.0,155.0,13.0,153.0,100.0,21.09355405066466,2.890605532020932,5.955678670360111,19.764177428411006,1.6844469399213924,3.7593984962406015,3.7108901285471743,0.3153043900072763
51019,77644.0,79530.0,6429.0,79786.0,4761.0,1058.0,13051.0,32698.0,3549.0,28243.0,32698.0,1166.0,80254.0,68692.0,4791.0,83.0,2174.0,70.73443910296746,8.083741984156921,5.967212292883463,8.106658493602023,10.853874854731176,3.565967337451832,5.969795898023775,2.7088992448974505,0.1034216363047324
51021,61375.0,5265.0,668.0,5280.0,142.0,9.0,775.0,2345.0,682.0,1619.0,2345.0,119.0,6211.0,5780.0,288.0,5.0,41.0,100.0,12.68755935422602,2.6893939393939394,1.1612903225806452,29.083155650319828,5.074626865671642,4.636934471099662,0.6601191434551602,0.0805023345677024
51023,80467.0,33458.0,2037.0,33451.0,1522.0,334.0,5478.0,13105.0,1301.0,11466.0,13105.0,504.0,33875.0,30773.0,800.0,38.0,803.0,59.4386236456721,6.088230019726224,4.549938716331351,6.097115735669952,9.927508584509727,3.84586035864174,2.3616236162361623,2.370479704797048,0.1121771217712177
51025,52978.0,13686.0,2090.0,13820.0,876.0,253.0,2150.0,6390.0,1390.0,4952.0,6390.0,553.0,15868.0,6498.0,8443.0,22.0,434.0,100.0,15.271079935700715,6.338639652677279,11.767441860465116,21.752738654147105,8.65414710485133,53.20771363750945,2.735064280312579,0.1386438114444164
51027,42216.0,18735.0,4485.0,18783.0,1079.0,237.0,3001.0,7351.0,1783.0,5405.0,7351.0,355.0,19857.0,19000.0,468.0,0.0,202.0,100.0,23.939151321056844,5.744556247670766,7.897367544151949,24.25520337369065,4.829274928581145,2.3568514881402023,1.017273505564788,0.0
51029,59199.0,14846.0,2039.0,14848.0,1429.0,72.0,2166.0,6062.0,1489.0,4413.0,6062.0,401.0,16914.0,10279.0,5402.0,11.0,434.0,100.0,13.734339215950424,9.624191810344827,3.324099722991689,24.562850544374797,6.614978554932366,31.93803949391037,2.5659217216507035,0.0650348823459855
51031,62608.0,54602.0,5517.0,54744.0,2746.0,495.0,8035.0,22080.0,2772.0,18415.0,22080.0,936.0,55398.0,42795.0,7942.0,76.0,1862.0,56.85507038207412,10.104025493571664,5.016074820984948,6.160547604231487,12.554347826086955,4.239130434782608,14.33625762662912,3.361132170836492,0.1371890681974078
51033,86267.0,30252.0,3496.0,30342.0,1990.0,156.0,4467.0,11680.0,1549.0,9894.0,11680.0,499.0,31541.0,19405.0,7412.0,121.0,2220.0,100.0,11.556260743091366,6.558565684529695,3.4922766957689726,13.261986301369864,4.272260273972603,23.499571985669448,7.038457880219397,0.3836276592371833
51035,52575.0,28913.0,4688.0,29012.0,2554.0,608.0,4674.0,12493.0,1926.0,10203.0,12493.0,617.0,29158.0,27309.0,97.0,20.0,1128.0,97.6264791630938,16.214159720540934,8.803253826003033,13.008130081300813,15.416633314656208,4.938765708796926,0.3326702791686672,3.868578091775842,0.0685918101378695
51036,70339.0,6655.0,760.0,6681.0,344.0,73.0,1342.0,2947.0,746.0,2098.0,2947.0,161.0,6686.0,2964.0,2697.0,379.0,133.0,100.0,11.419984973703984,5.148929800928005,5.439642324888227,25.31387852052935,5.463182897862233,40.33801974274604,1.9892312294346397,5.668561172599461
51037,48892.0,11238.0,2762.0,11326.0,668.0,101.0,1837.0,4621.0,1199.0,3358.0,4621.0,344.0,11475.0,7844.0,2875.0,0.0,282.0,100.0,24.577326926499374,5.897933957266466,5.498094719651606,25.946764769530404,7.444276130707639,25.054466230936814,2.457516339869281,0.0
51041,98910.0,366408.0,25098.0,368466.0,25281.0,2266.0,47421.0,136996.0,6483.0,128641.0,136996.0,4409.0,371610.0,213334.0,85344.0,235.0,42400.0,8.031041179762337,6.8497412720246285,6.861148654149908,4.778473672001856,4.732254956349091,3.2183421413763904,22.966012755307982,11.409811361373484,0.0632383412717634
51043,114185.0,14793.0,1014.0,14752.0,864.0,227.0,2629.0,5651.0,430.0,5066.0,5651.0,118.0,15060.0,12532.0,740.0,38.0,1063.0,100.0,6.854593388764957,5.856832971800434,8.634461772537087,7.609272695098213,2.0881259953990443,4.913678618857902,7.058432934926959,0.2523240371845949
51045,67778.0,4647.0,652.0,4860.0,137.0,97.0,921.0,1752.0,109.0,1539.0,1752.0,114.0,4881.0,4648.0,3.0,0.0,38.0,100.0,14.0305573488272,2.8189300411522638,10.53203040173724,6.221461187214612,6.506849315068493,0.0614628149969268,0.7785289899610736,0.0
51047,96098.0,51870.0,4229.0,52009.0,5772.0,879.0,6890.0,18584.0,1451.0,16843.0,18584.0,567.0,53563.0,35089.0,6872.0,142.0,7912.0,57.06538285888263,8.153074995180258,11.098079178603705,12.757619738751814,7.80779164873009,3.0510116229014206,12.829751880962604,14.77139069880328,0.2651083770513227
51049,57057.0,9733.0,748.0,9745.0,533.0,80.0,1544.0,4175.0,743.0,3293.0,4175.0,240.0,9745.0,6235.0,2807.0,5.0,172.0,93.30232558139537,7.685194698448577,5.469471523858389,5.181347150259067,17.79640718562874,5.748502994011976,28.80451513596716,1.7650076962544894,0.0513083632632119
51051,43831.0,13458.0,2716.0,13466.0,616.0,43.0,1949.0,5717.0,1222.0,4406.0,5717.0,390.0,13920.0,13580.0,141.0,18.0,101.0,100.0,20.181304800118887,4.574483885340858,2.206259620318112,21.374846947699844,6.821759664159524,1.012931034482759,0.7255747126436781,0.1293103448275862
51053,83898.0,27348.0,2923.0,27621.0,1793.0,409.0,4451.0,10427.0,1470.0,8835.0,10427.0,361.0,28083.0,17511.0,8595.0,7.0,1170.0,71.66422156224282,10.68816732485008,6.4914376742333735,9.188946304201304,14.098014769348806,3.462165531792462,30.605704518748,4.166221557525906,0.0249261118826336
51057,56481.0,10512.0,1628.0,10530.0,1065.0,235.0,1736.0,4396.0,866.0,3436.0,4396.0,265.0,10604.0,5705.0,3961.0,14.0,461.0,100.0,15.487062404870624,10.113960113960117,13.536866359447004,19.69972702456779,6.02820746132848,37.35382874387024,4.347416069407771,0.1320256506978498
51059,150113.0,1133376.0,67276.0,1128957.0,83433.0,8370.0,143700.0,412663.0,9788.0,397208.0,412663.0,18925.0,1144474.0,543842.0,109882.0,1132.0,199153.0,1.541759648929114,5.93589417810153,7.390272614457415,5.824634655532359,2.371911220535885,4.5860665967145104,9.601091855297716,17.401269054605,0.0989100669827361
51061,129495.0,73518.0,4520.0,73637.0,5507.0,491.0,11216.0,26266.0,1770.0,23933.0,26266.0,913.0,73935.0,55960.0,4592.0,28.0,8624.0,57.45628460231322,6.148154193530836,7.478577345627877,4.377674750356634,6.7387497144597575,3.4759765476281124,6.21086089132346,11.664299722729425,0.0378711029958747
51063,61401.0,15470.0,1282.0,15464.0,1112.0,418.0,2537.0,6649.0,1139.0,5362.0,6649.0,427.0,15560.0,14382.0,433.0,0.0,471.0,100.0,8.287007110536523,7.19089498189343,16.47615293653922,17.13039554820274,6.422018348623853,2.782776349614396,3.026992287917738,0.0
51065,91959.0,26180.0,2027.0,26458.0,1968.0,452.0,3976.0,10251.0,734.0,9320.0,10251.0,275.0,27764.0,20953.0,3512.0,44.0,1212.0,63.94363095893427,7.742551566080978,7.4382039458764835,11.368209255533198,7.16027704614184,2.6826651058433324,12.64947413917303,4.36536522114969,0.1584786053882725
51067,68348.0,53574.0,6179.0,54637.0,3627.0,989.0,9033.0,22484.0,3830.0,18184.0,22484.0,1084.0,54958.0,47191.0,4249.0,15.0,1982.0,90.06736788002276,11.5335797215067,6.638358621447005,10.948743496069966,17.034335527486213,4.821206191069205,7.731358491939299,3.606390334437207,0.0272935696349939
51069,95603.0,91486.0,6479.0,91799.0,6731.0,896.0,12793.0,34338.0,3162.0,30482.0,34338.0,1186.0,93355.0,73410.0,3888.0,57.0,10952.0,39.40975070827727,7.081957895197079,7.332323881523764,7.003830219651372,9.20845710291805,3.453899469974955,4.164747469337475,11.731562315890956,0.0610572545659043
51071,64819.0,16473.0,1468.0,16470.0,1291.0,207.0,2442.0,6769.0,1083.0,5452.0,6769.0,526.0,16610.0,15666.0,373.0,2.0,280.0,100.0,8.911552236993868,7.8384942319368545,8.476658476658477,15.999409070763775,7.770719456345103,2.245635159542444,1.6857314870559903,0.012040939193257
51073,83689.0,38562.0,2619.0,38479.0,1540.0,426.0,6497.0,15111.0,1270.0,13426.0,15111.0,331.0,39228.0,32546.0,3192.0,26.0,1586.0,72.57110382061946,6.791660183600436,4.002183008913953,6.556872402647376,8.404473562305606,2.190457282774138,8.137044967880085,4.043030488426634,0.0662791883348628
51075,118695.0,24636.0,950.0,24642.0,599.0,139.0,4385.0,10013.0,699.0,9228.0,10013.0,280.0,25613.0,19847.0,3677.0,13.0,934.0,92.7285962712824,3.85614547816204,2.430809187565944,3.169897377423033,6.980924797762908,2.796364725856386,14.35599109827041,3.6465857181899817,0.0507554757349783
51077,42864.0,14384.0,2595.0,14397.0,1237.0,206.0,2331.0,6202.0,1148.0,4878.0,6202.0,328.0,15323.0,13480.0,794.0,0.0,622.0,99.88912802452228,18.040878754171302,8.59206779190109,8.837408837408837,18.510158013544014,5.288616575298291,5.181752920446388,4.059257325588984,0.0
51079,85268.0,20670.0,2424.0,20671.0,1509.0,124.0,2819.0,7912.0,554.0,7193.0,7912.0,227.0,20850.0,16578.0,1411.0,14.0,1449.0,100.0,11.727140783744558,7.3000822408204735,4.398722951401206,7.002022244691608,2.8690596562184023,6.767386091127098,6.9496402877697845,0.0671462829736211
51081,56759.0,8218.0,1113.0,8218.0,511.0,16.0,1017.0,3092.0,482.0,2583.0,3092.0,276.0,11304.0,3997.0,5958.0,0.0,577.0,87.77982617856202,13.543441226575808,6.218057921635435,1.5732546705998034,15.588615782664942,8.926261319534282,52.70700636942675,5.104387827317764,0.0
51083,49244.0,32880.0,5901.0,32921.0,2886.0,470.0,4873.0,13673.0,4201.0,9058.0,13673.0,1093.0,33811.0,20130.0,11731.0,29.0,840.0,78.21115748633237,17.947080291970803,8.766440873606513,9.64498255694644,30.72478607474585,7.993856505521832,34.695809056224306,2.484398568513206,0.0857709029605749
51085,109504.0,109403.0,5663.0,110816.0,4645.0,584.0,16355.0,42012.0,2740.0,38308.0,42012.0,1097.0,111652.0,90634.0,9354.0,116.0,4203.0,37.007064985133525,5.17627487363235,4.1916329771874095,3.5707734637725466,6.5219461106350565,2.611158716557174,8.377816787876617,3.764375022391,0.1038942428259234
51087,86397.0,330801.0,27912.0,331349.0,21891.0,3245.0,42476.0,135599.0,9081.0,124476.0,135599.0,7586.0,334434.0,167297.0,98216.0,400.0,22374.0,3.6942004671206288,8.437701216139008,6.606629264008643,7.639608249364347,6.696952042419192,5.594436537142604,29.36782743381355,6.690109259226036,0.119605064078413
51089,48445.0,49429.0,7315.0,49456.0,3023.0,315.0,7855.0,20503.0,4457.0,15303.0,20503.0,1147.0,50365.0,34218.0,11249.0,41.0,3367.0,65.06437936719793,14.799004632907808,6.1125040439987055,4.0101845957988544,21.7382822026045,5.594303272691802,22.33495482974288,6.685198054204308,0.0814057381117839
51091,62946.0,2261.0,233.0,2265.0,163.0,15.0,400.0,1003.0,221.0,738.0,1003.0,52.0,2265.0,2139.0,0.0,0.0,0.0,100.0,10.305174701459531,7.196467991169978,3.75,22.033898305084747,5.18444666001994,0.0,0.0,0.0
51093,96118.0,39140.0,2891.0,38657.0,1628.0,364.0,6469.0,15426.0,2087.0,13051.0,15426.0,634.0,39444.0,27342.0,8612.0,58.0,1519.0,58.454644355799616,7.386305569749616,4.211397677005459,5.626835677848199,13.529106702969012,4.109944249967588,21.833485447723355,3.851029307372477,0.1470439103539194
51095,107046.0,79184.0,5119.0,78084.0,3305.0,422.0,11286.0,31351.0,1360.0,29600.0,31351.0,1179.0,80046.0,58022.0,10211.0,20.0,5531.0,14.161576405039998,6.464689836330572,4.232621279647559,3.7391458444090016,4.337979649771937,3.7606455934419953,12.75641506133973,6.909776878294981,0.0249856332608749
51097,72851.0,6668.0,1232.0,6676.0,334.0,101.0,1179.0,2814.0,667.0,2070.0,2814.0,71.0,6676.0,4429.0,1592.0,16.0,208.0,100.0,18.47630473905219,5.002995805871779,8.566581849024598,23.702914001421465,2.5230987917555083,23.846614739364888,3.115638106650689,0.2396644697423607
51099,110517.0,27123.0,1764.0,26965.0,1032.0,158.0,3700.0,9877.0,656.0,8998.0,9877.0,222.0,27468.0,18988.0,4238.0,11.0,1811.0,100.0,6.503705342329388,3.827183385870573,4.27027027027027,6.641692821706996,2.247646046370356,15.428862676569098,6.593126547254988,0.0400465996796272
51101,85212.0,18121.0,1431.0,18164.0,830.0,158.0,2578.0,7115.0,1145.0,5501.0,7115.0,226.0,18232.0,14044.0,2788.0,139.0,565.0,100.0,7.896915181281386,4.569478088526756,6.12878200155159,16.092761770906534,3.176387912860154,15.291794646774902,3.098946906537955,0.7623957876261518
51103,67169.0,10615.0,1391.0,10601.0,645.0,66.0,1703.0,5468.0,1315.0,4048.0,5468.0,227.0,10876.0,7321.0,3000.0,0.0,172.0,100.0,13.104097974564295,6.084331666823885,3.8755137991779214,24.049012435991223,4.1514264813460136,27.583670467083486,1.58146377344612,0.0
51105,42269.0,20361.0,5617.0,20491.0,1918.0,355.0,3103.0,8446.0,1823.0,5866.0,8446.0,842.0,22042.0,20243.0,911.0,42.0,507.0,100.0,27.58705368105692,9.360206920111269,11.440541411537222,21.58418186123609,9.96921619701634,4.133018782324653,2.3001542509754107,0.1905453225660103
51107,178707.0,424861.0,16821.0,424910.0,21636.0,2119.0,47359.0,140823.0,2474.0,136111.0,140823.0,4203.0,427082.0,222395.0,31801.0,520.0,60466.0,11.946531609966769,3.9591772367903855,5.091901814501894,4.47433433982981,1.7568152929564065,2.984597686457468,7.446111051273526,14.157936883315148,0.1217564776787595
51109,80343.0,38840.0,3916.0,38868.0,2477.0,658.0,6544.0,15211.0,2144.0,12587.0,15211.0,408.0,39012.0,29651.0,5179.0,43.0,1520.0,100.0,10.08238928939238,6.372851703200577,10.055012224938876,14.095062783511931,2.682269410295181,13.275402440274789,3.8962370552650474,0.1102224956423664
51111,54460.0,11040.0,1758.0,11061.0,1033.0,116.0,1620.0,4669.0,1795.0,2801.0,4669.0,484.0,11990.0,6919.0,3998.0,2.0,689.0,100.0,15.923913043478262,9.339119428623093,7.160493827160494,38.44506318269437,10.36624544870422,33.34445371142619,5.746455379482902,0.0166805671392827
51113,82972.0,13722.0,967.0,13794.0,735.0,183.0,2332.0,5392.0,693.0,4512.0,5392.0,166.0,13931.0,11718.0,1166.0,3.0,490.0,100.0,7.04707768546859,5.328403653762505,7.847341337907376,12.852373887240356,3.078635014836795,8.369822697580934,3.5173354389491065,0.0215347067690761
51115,75487.0,8439.0,665.0,8439.0,626.0,82.0,1399.0,3767.0,830.0,2821.0,3767.0,78.0,8517.0,7218.0,713.0,0.0,219.0,100.0,7.880080578267568,7.417940514278943,5.86132952108649,22.033448367401117,2.0706132200690206,8.37149230949865,2.571327932370553,0.0
51117,51691.0,29431.0,5111.0,29484.0,1979.0,303.0,4846.0,13395.0,3487.0,9611.0,13395.0,816.0,30431.0,18377.0,10002.0,88.0,912.0,83.25802302186747,17.36604260813428,6.712115045448379,6.25257944696657,26.0321015304218,6.091825307950728,32.86779928362525,2.9969439058854457,0.2891787979363149
51119,74154.0,10244.0,978.0,10433.0,673.0,134.0,1833.0,4733.0,708.0,3877.0,4733.0,116.0,10774.0,8402.0,1589.0,0.0,317.0,100.0,9.547051932838734,6.450685325409758,7.310420076377524,14.958799915487006,2.4508768223114306,14.74846853536291,2.9422684239836645,0.0
51121,70769.0,88622.0,21057.0,98504.0,4876.0,441.0,9605.0,36731.0,2511.0,33461.0,36731.0,2102.0,99159.0,80834.0,3837.0,207.0,4512.0,26.08477652650896,23.760465798560176,4.950052789734427,4.591358667360749,6.83618741662356,5.722686559037325,3.869542855414032,4.550267751792576,0.20875563488942
51125,68525.0,14738.0,2118.0,14738.0,1132.0,185.0,2424.0,6470.0,1007.0,5213.0,6470.0,399.0,14777.0,11804.0,1515.0,9.0,692.0,100.0,14.371013706065952,7.680825078029583,7.632013201320132,15.564142194744976,6.166924265842349,10.252419300263924,4.682953238140353,0.0609054611896866
51127,120125.0,23524.0,1228.0,23389.0,881.0,159.0,3572.0,9034.0,833.0,8037.0,9034.0,128.0,24139.0,18524.0,3177.0,158.0,862.0,100.0,5.220200646148614,3.766727949035872,4.451287793952967,9.220721717954394,1.4168696037192827,13.161274286424458,3.570984713534115,0.6545424416918679
51131,55933.0,11846.0,2021.0,11854.0,975.0,200.0,2064.0,5338.0,786.0,4425.0,5338.0,504.0,12115.0,6735.0,3778.0,2.0,1115.0,100.0,17.06061117676853,8.225071705753333,9.689922480620154,14.724615961034097,9.441738478831024,31.184482047049112,9.20346677672307,0.0165084605860503
51133,69500.0,11988.0,1238.0,11966.0,789.0,105.0,2141.0,5436.0,932.0,4352.0,5436.0,204.0,12085.0,8237.0,2374.0,12.0,403.0,100.0,10.326993660326991,6.593682099281297,4.904250350303596,17.14495952906549,3.752759381898455,19.64418700868846,3.334712453454696,0.099296648738105
51135,62161.0,13769.0,2608.0,13775.0,1481.0,172.0,1992.0,5492.0,1404.0,3947.0,5492.0,451.0,15597.0,8436.0,5843.0,16.0,745.0,100.0,18.9410995715012,10.7513611615245,8.634538152610443,25.56445739257101,8.211944646758923,37.46233249983971,4.776559594793871,0.1025838302237609
51137,94175.0,36656.0,3688.0,36600.0,2395.0,736.0,5516.0,14667.0,994.0,13431.0,14667.0,599.0,37208.0,28024.0,3876.0,7.0,2438.0,56.68340045236388,10.061108686163248,6.543715846994536,13.343002175489485,6.7771187018476855,4.083998090952479,10.417114599010963,6.5523543324016345,0.0188131584605461
51139,59396.0,23510.0,2234.0,23512.0,2027.0,507.0,3696.0,9509.0,1816.0,7498.0,9509.0,699.0,23750.0,21947.0,443.0,20.0,563.0,79.99915643848328,9.502339430029776,8.621129635930588,13.717532467532468,19.097696918708596,7.350930697234199,1.8652631578947367,2.3705263157894736,0.0842105263157894
51141,50938.0,17178.0,1859.0,17207.0,960.0,208.0,2973.0,7797.0,1461.0,6245.0,7797.0,333.0,17606.0,15731.0,948.0,11.0,595.0,100.0,10.821981604377692,5.579124774800953,6.996300033636058,18.737976144671027,4.270873412851096,5.3845280018175625,3.37952970578212,0.0624787004430307
51143,54115.0,58743.0,8812.0,58805.0,3226.0,478.0,9578.0,24633.0,5209.0,18674.0,24633.0,1279.0,60148.0,44162.0,12393.0,27.0,1804.0,89.06133782912678,15.000936281769745,5.485928067341212,4.990603466276885,21.146429586327283,5.192221816262737,20.604176364966417,2.9992684711046085,0.0448892731262884
51145,110667.0,29520.0,963.0,29644.0,1420.0,123.0,4871.0,11151.0,794.0,10093.0,11151.0,172.0,31074.0,26356.0,2716.0,13.0,871.0,98.09118781525072,3.2621951219512195,4.790176764269329,2.5251488400739066,7.120437628912205,1.542462559411712,8.740426079680763,2.8029864195147067,0.041835618201712
51147,55082.0,16854.0,3646.0,20757.0,1264.0,188.0,2305.0,7560.0,1672.0,5682.0,7560.0,664.0,21932.0,13117.0,6655.0,23.0,1050.0,66.73531969426519,21.63284680194613,6.089511971864913,8.156182212581346,22.11640211640212,8.783068783068783,30.343789896042317,4.787525077512311,0.1048695969359839
51149,88225.0,35786.0,2878.0,34393.0,1350.0,258.0,4040.0,12718.0,838.0,11713.0,12718.0,311.0,42873.0,22268.0,13063.0,109.0,4328.0,49.05603348058591,8.04225115967138,3.925217340737941,6.3861386138613865,6.589086334329297,2.4453530429312784,30.469059781214284,10.094931541996129,0.2542392648053553
51153,128873.0,478461.0,29306.0,476386.0,48027.0,4402.0,56162.0,154609.0,3020.0,148799.0,154609.0,3693.0,484625.0,188367.0,96966.0,482.0,124358.0,4.594943219052517,6.125055124660108,10.081530523567023,7.838039955842029,1.953314490100835,2.388606096669664,20.008460149600207,25.660665462986845,0.0994583440804745
51155,60767.0,32454.0,4743.0,32668.0,1885.0,410.0,5075.0,14386.0,2318.0,11450.0,14386.0,660.0,33771.0,30352.0,1548.0,3.0,725.0,42.59171597633136,14.61453133666112,5.770172646014449,8.078817733990148,16.11288752954261,4.587793688308078,4.583814515412632,2.146812353794676,0.0088833614639779
51157,98125.0,7402.0,700.0,7402.0,784.0,44.0,1299.0,2861.0,202.0,2552.0,2861.0,52.0,7409.0,6347.0,358.0,21.0,336.0,100.0,9.456903539583896,10.591731964333963,3.387220939183988,7.0604683677036,1.8175463124781543,4.831961128357404,4.535024969631529,0.2834390606019705
51159,64184.0,7409.0,692.0,7428.0,506.0,40.0,1158.0,2931.0,553.0,2337.0,2931.0,227.0,9047.0,5466.0,2527.0,35.0,655.0,100.0,9.339991901741126,6.812062466343565,3.454231433506045,18.867280791538725,7.744796997611736,27.931911130761577,7.239969050513983,0.3868685752183044
51161,82931.0,94400.0,6858.0,94944.0,4201.0,607.0,13293.0,39231.0,3723.0,34886.0,39231.0,1774.0,96793.0,80473.0,6160.0,110.0,3691.0,19.41008366949004,7.264830508474576,4.424713515335355,4.566313097118784,9.48994417679896,4.521934184700874,6.364096577231825,3.8132922835329,0.1136445817362825
51163,63975.0,22120.0,1773.0,22317.0,1174.0,337.0,3669.0,9552.0,1358.0,7970.0,9552.0,474.0,22578.0,20138.0,682.0,87.0,512.0,90.0794701986755,8.015370705244123,5.260563695837254,9.185064050149904,14.216917922948074,4.9623115577889445,3.0206395606342458,2.267694215608114,0.385330853042785
51165,78468.0,82622.0,7902.0,84259.0,8156.0,992.0,11373.0,32048.0,4086.0,27323.0,32048.0,1346.0,84739.0,72274.0,1962.0,49.0,7501.0,59.28101531812266,9.564038633777928,9.679678135273384,8.722412731908907,12.749625561657512,4.199950074887669,2.3153447645122083,8.851886380533166,0.0578246144042294
51167,49020.0,25341.0,4592.0,25389.0,1185.0,306.0,4033.0,10470.0,3122.0,7152.0,10470.0,584.0,25635.0,24810.0,309.0,41.0,167.0,99.3871455723207,18.120831853518013,4.667375635117571,7.587403917679147,29.81852913085005,5.577841451766953,1.2053832650672909,0.651453091476497,0.1599375853325531
51169,45136.0,20711.0,3729.0,20735.0,1261.0,223.0,3224.0,8951.0,2101.0,6614.0,8951.0,722.0,21504.0,20613.0,257.0,19.0,306.0,98.30830552465704,18.004924919125102,6.081504702194358,6.916873449131514,23.472237738800136,8.06613786169143,1.195126488095238,1.4229910714285714,0.0883556547619047
51171,64437.0,44140.0,5440.0,44214.0,3063.0,618.0,6419.0,17782.0,2332.0,15075.0,17782.0,946.0,44630.0,37685.0,1206.0,14.0,3919.0,69.61933644140679,12.32442229270503,6.927669968788167,9.627667861037544,13.114385333483298,5.319986503205489,2.7022182388527898,8.781088953618642,0.0313690342818731
51173,46859.0,28844.0,4772.0,28901.0,1533.0,233.0,4228.0,12530.0,2033.0,9925.0,12530.0,827.0,29585.0,27717.0,578.0,33.0,605.0,75.56711409395973,16.5441686312578,5.304314729594132,5.510879848628193,16.22505985634477,6.6001596169193935,1.953692749704242,2.0449552137907725,0.1115430116613148
51175,68465.0,16494.0,1427.0,16453.0,863.0,147.0,2600.0,6887.0,1094.0,5743.0,6887.0,353.0,17988.0,10862.0,5327.0,73.0,414.0,98.24405423427427,8.651630896083423,5.24524402844466,5.653846153846154,15.885000726005517,5.125598954552054,29.614187235935063,2.301534356237492,0.4058261062930843
51177,109576.0,142947.0,9974.0,142773.0,9548.0,1062.0,18891.0,51289.0,1952.0,48620.0,51289.0,1532.0,143876.0,90118.0,23560.0,182.0,18251.0,32.04053359232176,6.977411208349948,6.687538960447704,5.62172463077656,3.8058843026769873,2.98699526214198,16.375211988100865,12.685228947148934,0.1264978175651255
51179,133792.0,156659.0,7940.0,154532.0,10313.0,903.0,19314.0,51309.0,1547.0,49464.0,51309.0,915.0,160520.0,86141.0,30317.0,156.0,25516.0,18.64688676900725,5.068333131195782,6.673698651412005,4.675365020192606,3.0150655830361144,1.7833128690872946,18.886743084973837,15.89583852479442,0.0971841515076003
51181,71458.0,6522.0,756.0,6549.0,240.0,104.0,1266.0,2755.0,617.0,2112.0,2755.0,144.0,6552.0,3566.0,2687.0,0.0,191.0,100.0,11.591536338546458,3.664681630783326,8.214849921011059,22.3956442831216,5.226860254083484,41.01037851037851,2.915140415140415,0.0
51183,62821.0,9143.0,1107.0,9162.0,468.0,84.0,1273.0,3705.0,617.0,3048.0,3705.0,406.0,10793.0,4354.0,5899.0,2.0,165.0,100.0,12.10762331838565,5.108055009823183,6.598586017282011,16.653171390013494,10.958164642375168,54.65579542295932,1.528768646344853,0.0185305290466042
51185,45788.0,38263.0,7374.0,38567.0,1812.0,327.0,5479.0,15951.0,1992.0,13470.0,15951.0,1282.0,39933.0,37114.0,1310.0,4.0,518.0,52.29414529174603,19.27188145205551,4.698317214198667,5.96824237999635,12.488245251081436,8.037113660585543,3.280494828838304,1.297172764380337,0.010016778103323
51187,84331.0,40134.0,4542.0,40713.0,3930.0,787.0,6157.0,15357.0,882.0,14121.0,15357.0,755.0,41104.0,33857.0,2051.0,7.0,2759.0,60.2401355366219,11.317087756017342,9.652936408518164,12.78219912294949,5.743309240085955,4.916324803021423,4.989782016348774,6.712242117555469,0.0170299727520436
51191,62774.0,52437.0,5749.0,53244.0,3856.0,562.0,8046.0,22118.0,3336.0,17874.0,22118.0,1041.0,53913.0,50885.0,910.0,43.0,949.0,69.17400574765922,10.963632549535632,7.242130568702577,6.984837186179468,15.082738041414231,4.70657383126865,1.6879045870198282,1.7602433550349637,0.0797581288372006
51193,59766.0,18497.0,2554.0,18427.0,1385.0,181.0,3075.0,8029.0,1508.0,6386.0,8029.0,443.0,18683.0,11700.0,4436.0,22.0,1161.0,78.48676733235915,13.807644482889115,7.516144787540023,5.8861788617886175,18.781915556109105,5.517499065886162,23.74351014291067,6.214205427393887,0.1177541080126318
51195,50740.0,32737.0,5807.0,33370.0,2206.0,315.0,4634.0,14055.0,1734.0,11030.0,14055.0,1298.0,35727.0,32336.0,1887.0,41.0,485.0,65.38610572931083,17.73833888260989,6.61072819898112,6.7975830815709966,12.33724653148346,9.235147634293844,5.2817197077840286,1.3575167240462396,0.1147591457441151
51197,55359.0,27883.0,4354.0,28051.0,1682.0,301.0,4272.0,12396.0,1851.0,10142.0,12396.0,938.0,28219.0,26294.0,668.0,4.0,421.0,74.71191233651467,15.61524943513969,5.99622116858579,7.045880149812734,14.932236205227492,7.566957082929977,2.367199404656437,1.4919026188029345,0.0141748467344696
51199,108326.0,68904.0,3694.0,65781.0,2454.0,382.0,9386.0,26445.0,1215.0,24720.0,26445.0,1069.0,70590.0,47260.0,9181.0,123.0,5340.0,7.064030266257406,5.3610820852200165,3.730560496191909,4.0698913275090565,4.594441293250142,4.042352051427491,13.006091514378808,7.5648108797280065,0.1742456438589035
51510,113638.0,155067.0,13037.0,152501.0,13339.0,1306.0,17273.0,75349.0,3545.0,70667.0,75349.0,8840.0,156788.0,77751.0,32396.0,243.0,28540.0,0.0,8.407333604183998,8.746827889653183,7.560933248422393,4.704773785982561,11.7320734183599,20.6622955838457,18.20292369313978,0.1549863509962497
51520,44706.0,16734.0,3057.0,16770.0,1881.0,253.0,2156.0,7327.0,1412.0,5567.0,7327.0,839.0,17024.0,14524.0,1136.0,0.0,458.0,1.0221267204831872,18.26819648619577,11.216457960644007,11.73469387755102,19.271188753923845,11.45079841681452,6.672932330827067,2.6903195488721803,0.0
51530,54458.0,6092.0,1339.0,6543.0,333.0,65.0,818.0,2611.0,226.0,2293.0,2611.0,131.0,6612.0,5659.0,105.0,0.0,63.0,2.183406113537118,21.97964543663821,5.089408528198074,7.946210268948655,8.65568747606281,5.017234775947912,1.588021778584392,0.9528130671506352,0.0
51540,69829.0,42891.0,9701.0,45545.0,2652.0,354.0,4594.0,19699.0,1102.0,17721.0,19699.0,2099.0,45863.0,29533.0,7716.0,34.0,3103.0,0.0,22.617798605768108,5.822812602920189,7.705703090988245,5.594192598609067,10.655363216406924,16.82401936201295,6.765802498746266,0.0741338333733074
51550,94189.0,246733.0,21444.0,239173.0,15854.0,1876.0,31800.0,92361.0,5349.0,84994.0,92361.0,4533.0,251153.0,136706.0,71677.0,267.0,18598.0,7.732277024480599,8.691176291780994,6.628674641368382,5.89937106918239,5.791405463344918,4.907915678695553,28.539177314226787,7.405047918997583,0.1063096996651443
51570,76250.0,18004.0,1723.0,17945.0,1322.0,124.0,2198.0,7545.0,843.0,6593.0,7545.0,422.0,18210.0,12198.0,3237.0,52.0,1392.0,0.0,9.570095534325706,7.366954583449429,5.641492265696088,11.17296222664016,5.593108018555335,17.775947281713343,7.644151565074135,0.28555738605162
51580,42724.0,5585.0,1317.0,5585.0,355.0,93.0,829.0,2493.0,364.0,2042.0,2493.0,211.0,5671.0,4514.0,700.0,0.0,184.0,0.6449363778978561,23.5810205908684,6.356311548791406,11.218335343787697,14.600882470918572,8.463698355395106,12.343502027861048,3.244577675894904,0.0
51590,42778.0,40676.0,10156.0,41132.0,3703.0,366.0,5670.0,18632.0,3710.0,14169.0,18632.0,2530.0,42239.0,16644.0,21229.0,30.0,2205.0,3.226109415355717,24.96804012193923,9.002722940776039,6.455026455026455,19.911979390296263,13.578789179905538,50.25923909183456,5.220294041052108,0.0710244087217974
51595,49375.0,5385.0,729.0,5427.0,213.0,47.0,624.0,2219.0,353.0,1859.0,2219.0,306.0,5633.0,1102.0,3581.0,0.0,473.0,4.977454040929588,13.537604456824512,3.9248203427307904,7.532051282051282,15.90806669671023,13.789995493465526,63.57180898278005,8.396946564885496,0.0
51600,132774.0,23668.0,2346.0,23983.0,1785.0,245.0,3097.0,9158.0,257.0,8821.0,9158.0,538.0,24478.0,12850.0,1565.0,21.0,4483.0,0.0,9.912117627175936,7.442771963474128,7.910881498224088,2.8062895828783576,5.87464511902162,6.39349620066999,18.31440477163167,0.0857913228204918
51610,154734.0,14518.0,529.0,14416.0,204.0,45.0,1808.0,6053.0,85.0,5912.0,6053.0,376.0,14593.0,9996.0,703.0,0.0,1555.0,0.0,3.643752583000413,1.4150943396226414,2.4889380530973453,1.4042623492483066,6.211795803733685,4.817378195025012,10.655793873775098,0.0
51620,65125.0,8032.0,1340.0,8059.0,280.0,112.0,1141.0,3388.0,336.0,3052.0,3388.0,412.0,8212.0,3102.0,4244.0,0.0,259.0,3.948655256723717,16.683266932270918,3.4743764735078795,9.8159509202454,9.917355371900827,12.160566706021251,51.68046760837798,3.1539210910862154,0.0
51630,85368.0,26126.0,4281.0,28199.0,2237.0,198.0,2948.0,11443.0,801.0,10523.0,11443.0,1028.0,28383.0,15795.0,5617.0,30.0,3508.0,0.0,16.385975656434205,7.9329054221780915,6.7164179104477615,6.999912610329459,8.983658131608843,19.79001514991368,12.35951097487933,0.1056970721911003
51640,41438.0,6429.0,1503.0,6469.0,477.0,107.0,1009.0,2729.0,329.0,2363.0,2729.0,283.0,6698.0,5076.0,327.0,29.0,1057.0,9.851190476190476,23.37844143723752,7.3736280723450305,10.60455896927651,12.055698057896665,10.370098937339684,4.882054344580472,15.780830098536876,0.4329650641982681
51650,67758.0,133087.0,17351.0,130339.0,9020.0,1160.0,18242.0,57740.0,3817.0,52809.0,57740.0,4142.0,137334.0,49231.0,65782.0,305.0,9084.0,0.3157173272668941,13.03733647914522,6.920415224913495,6.358951869312575,6.610668514028403,7.17353654312435,47.89928204232018,6.614530997422342,0.222086300551939
51660,59752.0,44151.0,11298.0,50837.0,5180.0,267.0,3909.0,17331.0,1195.0,14470.0,17331.0,1306.0,51492.0,31608.0,3620.0,11.0,11890.0,0.621453661172656,25.589454372494394,10.189428959222614,6.830391404451266,6.895158963706653,7.535629796318735,7.030218286335741,23.090965586887283,0.0213625417540588
51670,48681.0,22729.0,5405.0,22510.0,1482.0,117.0,2911.0,9418.0,1183.0,8061.0,9418.0,972.0,22944.0,9547.0,9443.0,3.0,1971.0,0.03473277471454,23.78019270535439,6.583740559751222,4.019237375472346,12.5610533021873,10.320662561053302,41.15672942817295,8.590481171548117,0.0130753138075313
51678,89598.0,4174.0,665.0,7355.0,152.0,39.0,516.0,2061.0,153.0,1838.0,2061.0,246.0,7420.0,5873.0,346.0,37.0,362.0,0.0,15.931959750838525,2.0666213460231133,7.558139534883721,7.423580786026201,11.93595342066958,4.663072776280323,4.878706199460916,0.4986522911051212
51680,59808.0,68664.0,11939.0,77479.0,5069.0,724.0,7746.0,28687.0,1804.0,26460.0,28687.0,3075.0,79255.0,48062.0,21727.0,91.0,3920.0,1.6162715639990382,17.387568449260165,6.542417945507815,9.346759617867288,6.288562763621153,10.719141074354235,27.41404327802662,4.946060185477257,0.114819254305722
51683,117919.0,42288.0,2838.0,42640.0,8564.0,500.0,5069.0,14041.0,356.0,13441.0,14041.0,545.0,42674.0,14713.0,5287.0,51.0,18356.0,0.0,6.711123723041998,20.0844277673546,9.863878477017163,2.535431949291361,3.8814899223702017,12.389276843042602,43.01448188592585,0.1195107090968739
51685,100668.0,16878.0,979.0,16923.0,3645.0,260.0,1811.0,5165.0,251.0,4857.0,5165.0,293.0,16923.0,4634.0,1848.0,0.0,7771.0,0.0,5.800450290318758,21.53873426697394,14.35670900055218,4.859632139399807,5.6727976766698935,10.920049636589257,45.91975418070082,0.0
51690,42434.0,13145.0,2871.0,13153.0,1142.0,184.0,1823.0,5619.0,756.0,4633.0,5619.0,646.0,13584.0,5669.0,6004.0,0.0,1091.0,0.0815721171672228,21.84100418410042,8.682429863909375,10.093252879868349,13.454351308061932,11.496707599216942,44.199057714958776,8.03150765606596,0.0
51700,66718.0,177844.0,26927.0,174667.0,15182.0,1554.0,21606.0,75798.0,4841.0,68717.0,75798.0,6980.0,184774.0,73541.0,74644.0,370.0,19474.0,0.373697294453065,15.14079755291154,8.69196814509896,7.192446542627048,6.38671205044988,9.208686245019658,40.39745851689091,10.539361598493295,0.2002446231612673
51710,64017.0,215033.0,37182.0,208298.0,19017.0,2366.0,25758.0,94457.0,8738.0,82484.0,94457.0,10872.0,235037.0,97557.0,91781.0,610.0,23196.0,0.0,17.29129947496431,9.129708398544391,9.185495768304992,9.250770191727453,11.509999258922049,39.04959644651693,9.869084442024022,0.2595336053472432
51720,38497.0,3564.0,917.0,3564.0,303.0,0.0,396.0,1553.0,171.0,1212.0,1553.0,161.0,3620.0,3444.0,48.0,0.0,0.0,9.89964740981828,25.72951739618406,8.501683501683502,0.0,11.010946555054732,10.367031551835158,1.3259668508287292,0.0,0.0
51730,50741.0,32874.0,6930.0,32521.0,2678.0,354.0,4411.0,14854.0,1719.0,12342.0,14854.0,2427.0,33365.0,4888.0,24876.0,17.0,2013.0,2.7078725566381734,21.08048914035408,8.234679130408043,8.025391067785083,11.57264036623132,16.33903325703514,74.55717068784655,6.033268395024726,0.0509515959838153
51735,120919.0,12533.0,724.0,12350.0,343.0,98.0,1714.0,4657.0,272.0,4347.0,4657.0,57.0,12556.0,11145.0,209.0,15.0,490.0,8.884430176565008,5.776749381632491,2.777327935222672,5.717619603267211,5.840669959201202,1.2239639252737815,1.6645428480407771,3.902516725071679,0.1194647977062758
51740,58972.0,94455.0,16612.0,91803.0,6039.0,774.0,11693.0,39678.0,4056.0,34713.0,39678.0,4548.0,97299.0,34957.0,49782.0,140.0,4942.0,0.0,17.587210841141285,6.578216398156923,6.619344907209442,10.222289429910782,11.462271283834871,51.16393796441896,5.079188891972168,0.1438863708773985
51750,52791.0,13403.0,4513.0,16296.0,1005.0,165.0,1347.0,5500.0,471.0,4868.0,5500.0,207.0,16505.0,13424.0,1514.0,11.0,707.0,4.194150591163659,33.671566067298365,6.167157584683358,12.249443207126948,8.563636363636364,3.763636363636364,9.172977885489246,4.28355043926083,0.0666464707664344
51760,62671.0,217613.0,40994.0,225163.0,22135.0,2379.0,26658.0,102145.0,9398.0,86745.0,102145.0,13714.0,227595.0,93413.0,94783.0,335.0,23439.0,0.0,18.838028978048182,9.83065601364345,8.92415034886338,9.200646140290765,13.42601204170542,41.64546672817944,10.298556646675015,0.1471912827610448
51770,52671.0,96897.0,19062.0,97151.0,9296.0,1152.0,12446.0,43429.0,5303.0,36494.0,43429.0,4561.0,98677.0,54810.0,28099.0,85.0,8459.0,0.0039995600483946,19.672435679123197,9.568609690070096,9.255985858910494,12.210734762485895,10.50219899145732,28.4757339602947,8.572413024311643,0.0861396272687657
51775,66716.0,23022.0,2500.0,24583.0,1340.0,231.0,3279.0,10140.0,998.0,9082.0,10140.0,644.0,25477.0,20986.0,1957.0,39.0,1139.0,0.0,10.859178177395536,5.450921368425335,7.044830741079598,9.842209072978305,6.351084812623274,7.681438159908938,4.470699061898968,0.1530792479491305
51790,62586.0,24222.0,3042.0,25058.0,1797.0,236.0,3286.0,11356.0,1252.0,9501.0,11356.0,1008.0,25765.0,20325.0,2586.0,33.0,1141.0,2.1436893203883494,12.558830814961604,7.171362439141192,7.181984175289105,11.025008805917576,8.876364917224375,10.036871725208616,4.428488259266446,0.1280807296720357
51800,90089.0,95740.0,9454.0,93073.0,5773.0,663.0,12987.0,37133.0,3054.0,33036.0,37133.0,1861.0,96638.0,44937.0,40147.0,66.0,4780.0,27.055680420677664,9.874660538959684,6.20265812856575,5.105105105105105,8.224490345514772,5.011714647348719,41.54369916595956,4.946294418344751,0.0682961153997392
51810,90685.0,448753.0,37541.0,432416.0,27930.0,3541.0,57235.0,179800.0,7334.0,169165.0,179800.0,8068.0,457066.0,271315.0,83839.0,496.0,40854.0,1.8146995451280823,8.365626525059442,6.45905794420188,6.186773827203634,4.078976640711902,4.487208008898777,18.34286514420237,8.938315254252121,0.1085182446298784
51820,56364.0,22318.0,2612.0,22326.0,2060.0,357.0,2981.0,9620.0,996.0,8421.0,9620.0,682.0,22574.0,16386.0,2482.0,8.0,2071.0,2.3517750946116416,11.703557666457568,9.226910328764667,11.975847031197585,10.353430353430351,7.08939708939709,10.994949942411624,9.174271285549748,0.0354390006201825
51830,70206.0,10756.0,1520.0,15301.0,775.0,100.0,1384.0,4973.0,329.0,4459.0,4973.0,407.0,15564.0,10468.0,2361.0,0.0,1247.0,0.1166936790923825,14.131647452584604,5.065028429514411,7.22543352601156,6.615724914538508,8.184194651116027,15.169622205088666,8.012079157029042,0.0
51840,64648.0,26847.0,5182.0,27705.0,3156.0,537.0,3325.0,11255.0,1203.0,9721.0,11255.0,1006.0,27981.0,17552.0,2472.0,36.0,5611.0,0.0,19.30197042500093,11.39144558743909,16.150375939849624,10.688582852065748,8.938249666814748,8.834566312855152,20.052893034559165,0.1286587327114828
53001,65042.0,20494.0,4199.0,20492.0,3266.0,382.0,1952.0,6301.0,588.0,5505.0,6301.0,412.0,20690.0,6640.0,77.0,47.0,13255.0,47.29054480182409,20.488923587391437,15.93792699590084,19.56967213114754,9.331852086970322,6.5386446595778445,0.3721604639922668,64.06476558724022,0.2271628806186563
53003,69107.0,22209.0,3317.0,22210.0,1290.0,257.0,3287.0,9438.0,776.0,8210.0,9438.0,308.0,22424.0,19650.0,189.0,202.0,996.0,7.26048911824097,14.935386555000225,5.808194506978839,7.818679647094615,8.222080949353677,3.2634032634032635,0.8428469496967534,4.4416696396717805,0.900820549411345
53005,87316.0,208077.0,23008.0,208892.0,15754.0,1620.0,24530.0,76696.0,4013.0,70371.0,76696.0,3933.0,210224.0,138200.0,3166.0,928.0,52111.0,12.143682355841507,11.057445080426955,7.54169618750359,6.6041581736649,5.232345885052675,5.128037968081777,1.5060126341426288,24.78832102899764,0.4414338990790775
53007,78306.0,78619.0,7085.0,78772.0,8911.0,1130.0,10479.0,30825.0,2270.0,27632.0,30825.0,1529.0,79518.0,52671.0,402.0,537.0,22604.0,33.629258669094774,9.011816482020883,11.312395267353882,10.783471705315392,7.364152473641525,4.960259529602595,0.5055459141326493,28.426268266304483,0.6753187957443597
53009,67999.0,76325.0,8225.0,76283.0,4966.0,764.0,11773.0,34377.0,2236.0,31445.0,34377.0,1980.0,77593.0,62668.0,651.0,2634.0,5095.0,36.09098567818029,10.77628562070095,6.509969455842062,6.489424955406438,6.504348837885796,5.759664892224452,0.8389932081502197,6.566313971621152,3.394636114082456
53011,94948.0,506519.0,42559.0,507686.0,34353.0,3333.0,63517.0,193387.0,8419.0,181710.0,193387.0,9114.0,510516.0,375468.0,10363.0,1551.0,61186.0,13.481127970578829,8.402251445651595,6.7665840696808655,5.247414078120818,4.353446715653068,4.712829714510282,2.0299069960588896,11.98512877167415,0.3038102625578826
53013,71528.0,3955.0,357.0,3963.0,347.0,77.0,664.0,1892.0,262.0,1415.0,1892.0,119.0,3996.0,3256.0,28.0,16.0,327.0,100.0,9.026548672566372,8.755992934645471,11.596385542168674,13.847780126849894,6.289640591966173,0.7007007007007007,8.183183183183184,0.4004004004004004
53015,72932.0,109961.0,14294.0,110785.0,6735.0,961.0,15125.0,43409.0,3264.0,38878.0,43409.0,2784.0,111539.0,89902.0,763.0,794.0,11367.0,32.9766097715163,12.999154245596166,6.079342871327346,6.353719008264463,7.519178050634661,6.413416572600152,0.6840656631312815,10.19105425008293,0.7118586324066022
53017,80374.0,43534.0,3444.0,43620.0,5395.0,474.0,5308.0,15708.0,1242.0,13980.0,15708.0,656.0,43733.0,25892.0,202.0,249.0,15162.0,25.380781592062974,7.911058023613728,12.368179734066942,8.92991710625471,7.906799083269671,4.176215940921823,0.4618937644341801,34.66947156609425,0.569364095762925
53019,54650.0,7253.0,1131.0,7265.0,403.0,107.0,1282.0,3138.0,576.0,2414.0,3138.0,184.0,7326.0,5319.0,11.0,954.0,240.0,100.0,15.593547497587206,5.547143840330351,8.346333853354134,18.35564053537285,5.863607393244105,0.1501501501501501,3.276003276003276,13.022113022113022
53021,82755.0,95326.0,12414.0,95536.0,12639.0,1010.0,8161.0,29118.0,1425.0,26886.0,29118.0,1303.0,97676.0,36844.0,1803.0,198.0,53485.0,11.445079535705796,13.022680066298806,13.229567911572602,12.375934321774292,4.893880074180919,4.474895253794903,1.8458986854498547,54.757565829886566,0.2027110037266063
53023,62411.0,2292.0,247.0,2299.0,97.0,53.0,374.0,1052.0,142.0,870.0,1052.0,9.0,2326.0,2082.0,30.0,0.0,83.0,100.0,10.776614310645725,4.2192257503262285,14.171122994652409,13.49809885931559,0.8555133079847909,1.289767841788478,3.568357695614789,0.0
53025,71115.0,99494.0,14884.0,100005.0,13343.0,1433.0,10896.0,34502.0,2714.0,30939.0,34502.0,1655.0,100428.0,50182.0,1196.0,712.0,43512.0,44.86950556379448,14.959696062074094,13.342332883355832,13.151615271659324,7.8662106544548145,4.796823372558112,1.1909029354363323,43.32656231329908,0.7089656271159438
53027,63539.0,73378.0,10358.0,73745.0,5289.0,949.0,11163.0,29982.0,2548.0,26603.0,29982.0,1737.0,76397.0,59034.0,1241.0,2854.0,8262.0,39.11497170659474,14.115947559213934,7.17201166180758,8.50129893397832,8.498432392768995,5.793476085651391,1.624409335445109,10.814560781182507,3.735748785947093
53029,88358.0,84156.0,5875.0,79603.0,3247.0,604.0,11839.0,35529.0,1301.0,33494.0,35529.0,1195.0,86747.0,66449.0,2278.0,577.0,7384.0,47.780835165847314,6.981082751081325,4.078991997789028,5.101782245122054,3.661797404936812,3.363449576402376,2.626027413051748,8.51210992887362,0.6651526853954604
53031,71143.0,32792.0,4123.0,32745.0,1349.0,285.0,5676.0,16156.0,1188.0,14601.0,16156.0,783.0,33313.0,28414.0,114.0,375.0,1415.0,53.25833156442369,12.573188582581118,4.119712933272256,5.021141649048626,7.35330527358257,4.846496657588512,0.3422087473358748,4.247591030528622,1.1256866688680094
53033,122148.0,2231897.0,186954.0,2249127.0,117605.0,13145.0,258225.0,927817.0,30394.0,879310.0,927817.0,102428.0,2262713.0,1229507.0,144810.0,9218.0,245320.0,3.294348309780035,8.376461817010373,5.228917708959965,5.090521831735889,3.2758615114834067,11.039677005271514,6.399839484724753,10.84185223667341,0.4073870614611751
53035,98546.0,268801.0,22299.0,261537.0,13851.0,2270.0,36632.0,107264.0,3575.0,101682.0,107264.0,4382.0,276581.0,203638.0,6687.0,2271.0,25018.0,17.571141935554095,8.295728066487849,5.296000183530437,6.196767853243066,3.3328982696897373,4.085247613365155,2.417736576265181,9.045451422910467,0.8210976169729663
53037,69928.0,42823.0,6130.0,44469.0,2391.0,472.0,5980.0,19601.0,1041.0,17613.0,19601.0,874.0,44736.0,35688.0,438.0,164.0,4626.0,42.79270135552699,14.31473740746795,5.376779329420495,7.892976588628763,5.31095352277945,4.458956175705321,0.9790772532188842,10.3406652360515,0.3665951359084406
53039,70400.0,23035.0,3155.0,23051.0,1508.0,178.0,3523.0,9774.0,1116.0,8399.0,9774.0,518.0,23082.0,18233.0,166.0,278.0,2981.0,79.70969870244117,13.696548730193184,6.542015530779576,5.052512063582174,11.41804788213628,5.2997749130345815,0.7191751148080756,12.914825405077549,1.204401698293042
53041,69690.0,82815.0,10756.0,83217.0,5921.0,1041.0,11783.0,32314.0,3342.0,27880.0,32314.0,1501.0,83925.0,67642.0,502.0,669.0,9408.0,60.17845621979573,12.987985268369258,7.115132725284497,8.834761945175252,10.342266509871882,4.645045491118401,0.5981531128984212,11.21000893655049,0.7971403038427167
53043,71227.0,11160.0,1162.0,11148.0,345.0,61.0,1715.0,4659.0,543.0,4009.0,4659.0,144.0,11271.0,10055.0,42.0,192.0,447.0,100.0,10.412186379928317,3.094725511302476,3.556851311953353,11.654861558274307,3.09079201545396,0.3726377428799574,3.965930263508118,1.703486824594091
53045,78359.0,65298.0,8232.0,65544.0,4690.0,598.0,10207.0,25373.0,1840.0,23023.0,25373.0,1066.0,66968.0,50737.0,670.0,918.0,8128.0,69.49761129537778,12.60681797298539,7.155498596362749,5.858724404820221,7.251803097781106,4.201316359910141,1.0004778401624657,12.137140126627642,1.3708039660733484
53047,60293.0,42271.0,7827.0,42307.0,5874.0,909.0,5995.0,17208.0,1725.0,14870.0,17208.0,754.0,42811.0,27189.0,698.0,3339.0,8676.0,80.60754322629678,18.516240448534457,13.884227196445032,15.162635529608009,10.024407252440724,4.381682938168294,1.6304220877811777,20.265819532363174,7.79939735114807
53049,62350.0,23434.0,2709.0,23555.0,1282.0,173.0,3996.0,10757.0,967.0,9616.0,10757.0,682.0,23750.0,18989.0,121.0,430.0,2313.0,62.92317569013482,11.560126312195957,5.442581192952664,4.32932932932933,8.98949521241982,6.340057636887608,0.5094736842105263,9.738947368421051,1.8105263157894735
53051,63750.0,13623.0,1853.0,13710.0,880.0,142.0,2314.0,5829.0,636.0,4987.0,5829.0,220.0,13811.0,11807.0,41.0,256.0,521.0,100.0,13.601996623357556,6.418672501823487,6.1365600691443385,10.910962429233145,3.774232286841654,0.2968648178987763,3.772355368908841,1.853594960538701
53053,96632.0,903313.0,80115.0,894492.0,54192.0,6585.0,110485.0,346708.0,14971.0,325280.0,346708.0,17967.0,924106.0,577336.0,62678.0,6071.0,115594.0,6.781670339691466,8.869018822932915,6.058410807475081,5.960085079422546,4.3180428487372655,5.182170587353046,6.782555247991032,12.50873817505784,0.6569592665776437
53055,83682.0,18048.0,1892.0,18193.0,1236.0,260.0,3120.0,8934.0,396.0,8284.0,8934.0,341.0,18266.0,15725.0,48.0,67.0,1364.0,80.08769957274568,10.483156028368796,6.79382179959325,8.333333333333334,4.432505036937542,3.816879337362884,0.262783313259608,7.467425818460527,0.3668017080915361
53057,85474.0,128609.0,14887.0,128611.0,8447.0,1082.0,17375.0,51518.0,2854.0,47579.0,51518.0,1981.0,130407.0,93511.0,971.0,1386.0,24646.0,34.10127930946627,11.575395190072234,6.567867445241854,6.2273381294964025,5.539811328079506,3.845257968088824,0.7445919314147247,18.899292215908652,1.0628263820193702
53059,90085.0,12177.0,1008.0,12230.0,742.0,174.0,2149.0,4965.0,484.0,4304.0,4965.0,187.0,12276.0,10303.0,34.0,179.0,807.0,100.0,8.27790096082779,6.0670482420278,8.09678920428106,9.74823766364552,3.766364551863041,0.2769631801889866,6.573802541544477,1.4581296839361355
53061,107982.0,824873.0,65003.0,825662.0,50536.0,6766.0,107306.0,311825.0,12780.0,292536.0,311825.0,14172.0,834648.0,531121.0,29470.0,5963.0,98816.0,11.79602322342827,7.88036461370417,6.1206643880910105,6.30533241384452,4.09845265774072,4.544856890884311,3.530829762965945,11.839242411172137,0.7144329106401741
53063,73513.0,530313.0,64956.0,534898.0,26964.0,3153.0,67522.0,215879.0,13346.0,197011.0,215879.0,15332.0,544323.0,444020.0,10372.0,4217.0,37356.0,14.62605151861816,12.248615440315437,5.040961080430288,4.66958917093688,6.182166861992134,7.102126654283186,1.905486264589224,6.862836955263695,0.7747238312546043
53065,67405.0,47013.0,6072.0,47223.0,3172.0,622.0,7561.0,18983.0,2287.0,16175.0,18983.0,743.0,47470.0,40312.0,127.0,1819.0,1904.0,89.10969964474108,12.915576542658414,6.717065836562692,8.226425076048141,12.047621556129169,3.9140283411473424,0.267537392037076,4.010954286918054,3.831893827680641
53067,93985.0,292670.0,28292.0,288747.0,14303.0,1950.0,36639.0,117172.0,4923.0,109668.0,117172.0,5472.0,296640.0,209556.0,9413.0,2555.0,30528.0,21.338023630140476,9.666860286329312,4.953471378057608,5.322197658233031,4.201515720479296,4.670057692964189,3.1732065803667746,10.29126213592233,0.8613133764832794
53069,57091.0,4543.0,714.0,4546.0,218.0,13.0,790.0,2026.0,170.0,1776.0,2026.0,81.0,4573.0,3842.0,50.0,9.0,281.0,100.0,15.71648690292758,4.795424549054114,1.6455696202531649,8.390918065153011,3.998025666337611,1.0933741526350318,6.144762737808878,0.1968073474743057
53071,72212.0,57506.0,6738.0,59283.0,4735.0,697.0,7135.0,23390.0,1662.0,20765.0,23390.0,1202.0,62102.0,42505.0,1068.0,205.0,14538.0,20.25278026332609,11.717038222098564,7.98711266298939,9.7687456201822,7.105600684053014,5.138948268490808,1.719751376767254,23.40987407812953,0.3301020901098193
53073,80989.0,223256.0,28364.0,226816.0,12782.0,1284.0,26925.0,92411.0,4425.0,85847.0,92411.0,5909.0,228432.0,173866.0,1916.0,3839.0,23662.0,28.587109373278025,12.70469774608521,5.635404909706546,4.768802228412256,4.788390992414323,6.394260423542652,0.838761644603208,10.358443650626882,1.6805876584716677
53075,52893.0,41126.0,9743.0,46653.0,2531.0,148.0,3995.0,17952.0,896.0,15300.0,17952.0,1373.0,47042.0,34698.0,733.0,188.0,3783.0,31.85541867300357,23.690609346885186,5.425160225494609,3.704630788485607,4.991087344028521,7.648172905525847,1.558182050082905,8.0417499255984,0.3996428723268568
53077,68015.0,253339.0,39074.0,254377.0,33088.0,3529.0,27193.0,86689.0,7571.0,77053.0,86689.0,4453.0,256605.0,102978.0,1918.0,6528.0,132408.0,30.432208407341623,15.423602366789163,13.007465297570144,12.977604530577722,8.733518670188836,5.136753221285284,0.7474523099705773,51.59992985327644,2.5439878412345824
54001,48347.0,14825.0,3083.0,15295.0,904.0,67.0,2081.0,5871.0,970.0,4844.0,5871.0,367.0,15454.0,14084.0,270.0,17.0,184.0,100.0,20.795952782462056,5.910428244524354,3.2196059586737147,16.52188724237779,6.25106455459036,1.7471204866054095,1.1906302575385013,0.1100038824899702
54003,77329.0,124478.0,14159.0,125156.0,7789.0,965.0,16495.0,49384.0,3541.0,44939.0,49384.0,2589.0,126165.0,101901.0,8711.0,71.0,7619.0,32.42570202169141,11.374700750333393,6.2234331554220335,5.850257653834495,7.170338571197149,5.24258869269399,6.904450521142948,6.038917290849285,0.0562755122260531
54005,56152.0,21040.0,3642.0,21107.0,1154.0,51.0,3063.0,7894.0,795.0,6813.0,7894.0,614.0,21312.0,20719.0,91.0,0.0,97.0,100.0,17.309885931558934,5.467380489884873,1.6650342801175315,10.070939954395744,7.778059285533317,0.4269894894894895,0.4551426426426426,0.0
54007,44449.0,11885.0,2236.0,11882.0,1140.0,115.0,1818.0,4733.0,862.0,3704.0,4733.0,392.0,12345.0,10737.0,108.0,38.0,102.0,100.0,18.81363062684056,9.594344386466926,6.325632563256326,18.212550179590117,8.282273399535178,0.8748481166464156,0.8262454434993924,0.3078169299311462
54009,52116.0,21065.0,2552.0,21851.0,1407.0,172.0,3308.0,9437.0,1395.0,7827.0,9437.0,711.0,22053.0,20529.0,316.0,14.0,296.0,41.62861828981781,12.114882506527415,6.439064573703721,5.199516324062878,14.782240118681784,7.534173995973297,1.4329116220015417,1.3422210130141023,0.0634834262912075
54011,52828.0,88898.0,17623.0,91409.0,6552.0,709.0,10822.0,39138.0,4561.0,32884.0,39138.0,4165.0,93300.0,83089.0,3835.0,76.0,1582.0,22.028616852146264,19.82384305608675,7.167784353838243,6.551469229347625,11.653635852624047,10.641831468138385,4.110396570203644,1.6956055734190782,0.0814576634512325
54013,41421.0,6131.0,2046.0,6133.0,701.0,82.0,1037.0,2391.0,485.0,1740.0,2391.0,205.0,6158.0,5896.0,3.0,0.0,28.0,100.0,33.37139129016474,11.429969020055438,7.907425265188042,20.28439983270598,8.573818485989126,0.0487171159467359,0.4546930821695356,0.0
54015,42790.0,7839.0,1952.0,7890.0,423.0,139.0,1210.0,2960.0,427.0,2470.0,2960.0,260.0,7946.0,7710.0,2.0,5.0,15.0,100.0,24.901135348896545,5.361216730038023,11.487603305785123,14.425675675675675,8.783783783783784,0.0251698968034231,0.1887742260256733,0.0629247420085577
54017,61164.0,6654.0,966.0,6654.0,554.0,82.0,1165.0,2415.0,403.0,1978.0,2415.0,69.0,7767.0,7180.0,190.0,12.0,111.0,100.0,14.517583408476105,8.325819056206793,7.03862660944206,16.687370600414077,2.857142857142857,2.446246942191322,1.429123213595983,0.1544998068752414
54019,52672.0,38752.0,7282.0,38901.0,3280.0,546.0,5481.0,16109.0,2517.0,13033.0,16109.0,1597.0,39987.0,36673.0,1802.0,11.0,538.0,62.95198577356253,18.79128819157721,8.431659854502454,9.96168582375479,15.624806009063256,9.91371283133652,4.506464600995323,1.345437267111811,0.0275089404056318
54021,50991.0,5297.0,684.0,5756.0,466.0,68.0,770.0,2228.0,496.0,1717.0,2228.0,237.0,7376.0,5837.0,1053.0,10.0,266.0,100.0,12.91296960543704,8.095899930507297,8.831168831168831,22.262118491921004,10.63734290843806,14.276030368763555,3.606290672451193,0.1355748373101952
54023,61530.0,10863.0,1458.0,10863.0,548.0,94.0,1641.0,4284.0,708.0,3539.0,4284.0,341.0,10972.0,10547.0,150.0,0.0,53.0,100.0,13.421706710853355,5.044646966767928,5.728214503351615,16.526610644257705,7.959850606909431,1.3671162960262486,0.4830477579292745,0.0
54025,48662.0,31928.0,6611.0,32134.0,2030.0,296.0,4931.0,14710.0,2208.0,12096.0,14710.0,954.0,32688.0,30006.0,718.0,36.0,599.0,78.08472571792461,20.7059634176898,6.317296321653077,6.002839180693571,15.010197144799456,6.485384092454113,2.1965247185511503,1.8324767498776309,0.1101321585903083
54027,60299.0,22652.0,3214.0,22822.0,2014.0,160.0,3664.0,8354.0,1427.0,6738.0,8354.0,351.0,23340.0,21908.0,144.0,15.0,382.0,100.0,14.188592618753312,8.824818157917798,4.366812227074236,17.081637538903518,4.2015800813981325,0.6169665809768637,1.636675235646958,0.0642673521850899
54029,61017.0,28156.0,4211.0,28351.0,2318.0,356.0,4260.0,12891.0,1127.0,11446.0,12891.0,852.0,28658.0,26482.0,563.0,0.0,473.0,32.91974566076645,14.955959653359852,8.176078445204755,8.35680751173709,8.742533550539136,6.6092622760065165,1.9645474213134204,1.6504989880661596,0.0
54031,49302.0,14114.0,2491.0,14177.0,943.0,117.0,2278.0,5909.0,994.0,4828.0,5909.0,478.0,14236.0,12713.0,649.0,3.0,643.0,100.0,17.649142695196257,6.65161881921422,5.136084284460052,16.82179725841936,8.089355220849551,4.558864849676875,4.516718179263839,0.0210733352065186
54033,58326.0,64193.0,8708.0,64647.0,4493.0,819.0,9192.0,26020.0,3397.0,21897.0,26020.0,2296.0,65407.0,60376.0,843.0,29.0,1413.0,44.27572397263391,13.565342015484555,6.950051819883367,8.909921671018276,13.055342044581092,8.823981552651807,1.2888528750745334,2.160319231886495,0.0443377620132401
54035,55671.0,27529.0,4826.0,27566.0,1708.0,253.0,4128.0,11317.0,2142.0,8954.0,11317.0,1221.0,27753.0,26657.0,56.0,8.0,263.0,100.0,17.530604090232117,6.196038598273235,6.128875968992248,18.927277547053105,10.789078377661925,0.2017799877490721,0.9476452996072496,0.0288257125355817
54037,95523.0,57210.0,5038.0,58219.0,3553.0,483.0,8580.0,21978.0,1603.0,20050.0,21978.0,1239.0,58546.0,47080.0,3094.0,6.0,4362.0,61.69910400166375,8.806152770494668,6.102818667445336,5.629370629370629,7.293657293657294,5.637455637455638,5.284733372049328,7.450551702934445,0.0102483517234311
54039,58887.0,175075.0,28216.0,176045.0,8316.0,1454.0,25043.0,76806.0,7900.0,66196.0,76806.0,7919.0,178198.0,153684.0,10931.0,91.0,2668.0,29.3767462447094,16.116521490789662,4.723792212218467,5.806013656510801,10.285654766554696,10.310392417259068,6.134187813555708,1.4972109675753935,0.0510667908730737
54041,52279.0,16618.0,3222.0,16645.0,1094.0,192.0,2345.0,6940.0,1147.0,5623.0,6940.0,782.0,16808.0,15333.0,55.0,32.0,253.0,73.9916632419421,19.38861475508485,6.57254430759988,8.187633262260128,16.527377521613833,11.26801152737752,0.3272251308900523,1.5052356020942408,0.1903855306996668
54043,48593.0,19870.0,4099.0,20101.0,1030.0,179.0,2936.0,7811.0,1197.0,6420.0,7811.0,710.0,20170.0,19450.0,1.0,45.0,145.0,100.0,20.62908907901359,5.124123177951346,6.096730245231608,15.324542312123928,9.089745231084368,0.0049578582052553,0.7188894397620228,0.2231036192364898
54045,47237.0,30940.0,6621.0,31097.0,2109.0,374.0,4168.0,12396.0,1244.0,11011.0,12396.0,1191.0,31826.0,30473.0,591.0,2.0,255.0,72.91429975128197,21.399482870071104,6.782004694986655,8.973128598848369,10.035495321071313,9.607938044530494,1.8569722868095269,0.8012316973543644,0.0062841701753283
54047,29980.0,16335.0,5054.0,16335.0,1254.0,193.0,2455.0,6484.0,1083.0,5287.0,6484.0,644.0,18413.0,15971.0,1660.0,31.0,357.0,100.0,30.93970003060912,7.6767676767676765,7.861507128309572,16.702652683528687,9.932140653917337,9.015369575843154,1.93884755335904,0.1683593113561071
54049,67537.0,54629.0,7414.0,55571.0,3560.0,344.0,7063.0,22965.0,2075.0,20377.0,22965.0,1725.0,56042.0,51266.0,1453.0,12.0,878.0,43.480117427275154,13.57154624832964,6.406219071098235,4.870451649440748,9.035488787285,7.511430437622469,2.5926983333928124,1.566682131258699,0.021412512044538
54051,60329.0,29274.0,4396.0,29472.0,1688.0,389.0,4533.0,12489.0,1801.0,10457.0,12489.0,947.0,30129.0,28295.0,80.0,8.0,335.0,48.93596155732078,15.016738402678143,5.727470141150923,8.5815133465696,14.420690207382496,7.58267275202178,0.2655249095555776,1.1118855587639815,0.0265524909555577
54053,53454.0,24414.0,4366.0,24575.0,1295.0,261.0,3618.0,10281.0,1543.0,8484.0,10281.0,588.0,25214.0,24129.0,221.0,0.0,203.0,68.71881507091501,17.88318178094536,5.269582909460834,7.213930348258707,15.008267678241417,5.71928800700321,0.8764971841040692,0.8051082731815657,0.0
54055,47799.0,57694.0,10372.0,58581.0,3368.0,426.0,7670.0,24413.0,3026.0,20605.0,24413.0,1947.0,59062.0,52508.0,2455.0,169.0,771.0,41.81248323947439,17.977605990224287,5.74930438196685,5.554106910039113,12.395035431942,7.975259083275304,4.156648945176255,1.3054078764687955,0.286139988486675
54057,68049.0,26095.0,3719.0,26730.0,1308.0,125.0,3727.0,10698.0,959.0,9477.0,10698.0,737.0,26922.0,24902.0,473.0,1.0,316.0,69.22562922265944,14.25177237018586,4.89337822671156,3.3539039441910385,8.964292391101141,6.889138156664798,1.756927419953941,1.1737612361637322,0.0037144342916573
54059,39527.0,22785.0,6804.0,22902.0,1689.0,312.0,3281.0,9013.0,1072.0,7550.0,9013.0,1048.0,22979.0,21891.0,454.0,0.0,111.0,100.0,29.861751152073733,7.374901755305213,9.50929594635782,11.893930988572064,11.62764895151448,1.975716958962531,0.4830497410679316,0.0
54061,62704.0,100158.0,20538.0,105369.0,5544.0,629.0,10908.0,44361.0,2458.0,39800.0,44361.0,3325.0,106520.0,91776.0,3735.0,46.0,3298.0,26.650412957608054,20.505601150182716,5.261509552145318,5.766409974330767,5.540903045467866,7.495322467933545,3.50638377769433,3.096132181749906,0.0431843785204656
54063,54508.0,12312.0,1929.0,12308.0,989.0,154.0,1886.0,4736.0,861.0,3781.0,4736.0,327.0,12401.0,11857.0,161.0,0.0,100.0,100.0,15.667641325536062,8.03542411439714,8.16542948038176,18.17989864864865,6.9045608108108105,1.298282396580921,0.8063865817272801,0.0
54065,63805.0,17149.0,1891.0,17164.0,1116.0,207.0,2927.0,7211.0,1164.0,5860.0,7211.0,331.0,17327.0,16263.0,44.0,3.0,284.0,100.0,11.02688203393784,6.501980890235377,7.072087461564742,16.142005269726805,4.590209402302039,0.2539389392277947,1.6390604259248571,0.0173140185837132
54067,49280.0,24250.0,4323.0,24317.0,1504.0,399.0,3635.0,9595.0,1460.0,7936.0,9595.0,686.0,24446.0,23588.0,74.0,9.0,130.0,100.0,17.82680412371134,6.184973475346466,10.976616231086656,15.21625846795206,7.149557060969255,0.3027080094903052,0.5317843409964821,0.0368158389920641
54069,57867.0,39672.0,6216.0,41424.0,2161.0,315.0,5800.0,18132.0,2478.0,15206.0,18132.0,2320.0,41904.0,37802.0,1356.0,41.0,664.0,32.975839717147906,15.668481548699337,5.216782541521823,5.431034482758621,13.666446062210456,12.795058460180895,3.235967926689576,1.584574264986636,0.0978426880488736
54071,61738.0,6008.0,982.0,6022.0,432.0,43.0,982.0,2299.0,478.0,1732.0,2299.0,116.0,6111.0,5792.0,131.0,14.0,115.0,100.0,16.344873501997338,7.173696446363334,4.378818737270875,20.791648542844715,5.045672031317964,2.143675339551628,1.8818523973163148,0.2290950744558992
54073,61038.0,7060.0,565.0,7065.0,635.0,142.0,1085.0,2779.0,235.0,2471.0,2779.0,93.0,7572.0,7168.0,35.0,20.0,234.0,100.0,8.002832861189802,8.987968860580326,13.087557603686635,8.45627923713566,3.3465275278877296,0.462229265715795,3.0903328050713155,0.2641310089804543
54075,41200.0,7488.0,1558.0,7509.0,431.0,125.0,1309.0,3092.0,798.0,2204.0,3092.0,233.0,7855.0,7425.0,29.0,0.0,68.0,100.0,20.80662393162393,5.7397789319483286,9.549274255156607,25.80853816300129,7.535575679172057,0.3691915977084659,0.8656906429026098,0.0
54077,61373.0,30282.0,4284.0,30538.0,2098.0,344.0,4479.0,12797.0,1729.0,10763.0,12797.0,771.0,34204.0,30546.0,2206.0,79.0,657.0,100.0,14.147018030513175,6.87012901958216,7.680285778075463,13.51097913573494,6.024849574118934,6.449538065723307,1.920827973336452,0.2309671383463922
54079,77871.0,56828.0,6070.0,56583.0,3497.0,444.0,7828.0,22765.0,2635.0,19726.0,22765.0,888.0,57250.0,53837.0,418.0,10.0,852.0,33.93976323119777,10.681354261983529,6.180301503985296,5.6719468574348495,11.574785855479904,3.90072479683725,0.7301310043668122,1.4882096069868995,0.0174672489082969
54081,52055.0,69979.0,15123.0,70811.0,3238.0,586.0,9165.0,29062.0,4640.0,21842.0,29062.0,2669.0,73666.0,64199.0,4963.0,12.0,1252.0,43.06551728760842,21.610768944969205,4.572735874369801,6.393889798145118,15.96586607941642,9.183813915078108,6.737165042217577,1.699562891971873,0.0162897401786441
54083,55057.0,25311.0,3725.0,25733.0,1917.0,503.0,3734.0,10385.0,1858.0,8332.0,10385.0,963.0,27782.0,25138.0,401.0,28.0,301.0,60.228411857367895,14.716921496582511,7.449578362414021,13.470808784145689,17.89118921521425,9.27298988926336,1.4433806061478656,1.0834353178316896,0.1007846807285292
54085,50256.0,8234.0,1785.0,8332.0,582.0,148.0,1349.0,3327.0,571.0,2619.0,3327.0,203.0,8372.0,8091.0,10.0,0.0,38.0,100.0,21.67840660675249,6.985117618819011,10.971089696071164,17.162608957018335,6.101593026750827,0.1194457716196846,0.4538939321548017,0.0
54087,45194.0,13799.0,2790.0,13778.0,944.0,93.0,2100.0,5533.0,1171.0,4086.0,5533.0,546.0,13921.0,13242.0,3.0,13.0,164.0,100.0,20.218856438872383,6.851502395122659,4.428571428571429,21.163925537682992,9.868064341225375,0.0215501759931039,1.1780762876230155,0.093384095970117
54089,42544.0,10958.0,2105.0,10982.0,482.0,57.0,1908.0,4813.0,1313.0,3406.0,4813.0,383.0,11833.0,10773.0,677.0,21.0,142.0,100.0,19.209709801058587,4.38900018211619,2.9874213836477987,27.28028256804488,7.957614793268232,5.721287923603482,1.2000338037691205,0.1774697878813487
54091,56807.0,16119.0,2366.0,16131.0,1137.0,328.0,2349.0,6632.0,921.0,5520.0,6632.0,555.0,16543.0,15712.0,200.0,23.0,167.0,68.51242143070937,14.678329921210992,7.04854007811047,13.963388676032354,13.887213510253318,8.368516284680338,1.2089705615668258,1.0094904189082996,0.1390316145801849
54093,53475.0,6520.0,859.0,6554.0,309.0,42.0,1138.0,2855.0,541.0,2256.0,2855.0,331.0,6698.0,6499.0,1.0,0.0,30.0,100.0,13.174846625766872,4.714678059200488,3.690685413005272,18.949211908931694,11.59369527145359,0.0149298297999402,0.4478948939982084,0.0
54095,58293.0,8062.0,1426.0,8106.0,542.0,63.0,1282.0,3151.0,391.0,2640.0,3151.0,183.0,8181.0,7833.0,58.0,0.0,83.0,100.0,17.687918630612753,6.686405132000987,4.914196567862715,12.408759124087592,5.807680101555062,0.7089597848673757,1.014545899034348,0.0
54097,51859.0,22346.0,4093.0,23503.0,1709.0,245.0,3291.0,9588.0,1424.0,8002.0,9588.0,943.0,23758.0,21893.0,308.0,11.0,333.0,64.11236143768895,18.31647722187416,7.271412160149768,7.444545730780917,14.851898206090947,9.835210680016688,1.296405421331762,1.4016331341021973,0.0463001936189915
54099,55539.0,38363.0,6015.0,38376.0,2295.0,168.0,5461.0,15550.0,2289.0,12650.0,15550.0,1387.0,38498.0,36933.0,326.0,0.0,328.0,59.81991688471602,15.67917003362615,5.980300187617261,3.076359641091375,14.720257234726688,8.919614147909968,0.8467972362200634,0.8519923112888981,0.0
54101,42061.0,8187.0,1812.0,8192.0,396.0,36.0,1277.0,2838.0,487.0,2231.0,2838.0,363.0,8253.0,7650.0,16.0,0.0,32.0,100.0,22.132649322096007,4.833984375,2.819107282693813,17.159971811134604,12.790697674418604,0.1938688961589725,0.387737792317945,0.0
54103,53341.0,13847.0,2303.0,14138.0,570.0,92.0,2111.0,5925.0,1039.0,4706.0,5925.0,393.0,14233.0,13391.0,66.0,0.0,255.0,62.40825370447306,16.631761392359355,4.0316876503041446,4.358124111795358,17.535864978902953,6.632911392405063,0.4637110939366261,1.7916110447551463,0.0
54105,54688.0,5073.0,930.0,5131.0,260.0,38.0,820.0,2071.0,326.0,1594.0,2071.0,163.0,5131.0,4970.0,11.0,0.0,0.0,100.0,18.332347723240687,5.067238355096473,4.634146341463414,15.741187831965236,7.870593915982617,0.2143831611771584,0.0,0.0
54107,56193.0,82515.0,12208.0,82914.0,5492.0,1073.0,11895.0,35706.0,4356.0,30300.0,35706.0,3113.0,83829.0,78808.0,959.0,82.0,1188.0,29.62774034355129,14.794885778343332,6.623730612441808,9.02059688944935,12.199630314232902,8.718422674060381,1.143995514678691,1.417170668861611,0.0978181774803469
54109,48038.0,20822.0,4699.0,20883.0,1489.0,101.0,2960.0,7926.0,1358.0,5924.0,7926.0,701.0,20948.0,20287.0,139.0,0.0,92.0,100.0,22.567476707328787,7.130201599387061,3.4121621621621623,17.133484733787533,8.844309866262932,0.6635478327286615,0.4391827382088982,0.0
55001,59153.0,20186.0,2785.0,20247.0,1046.0,178.0,3976.0,9351.0,1323.0,7738.0,9351.0,434.0,20928.0,18489.0,455.0,108.0,893.0,100.0,13.796690775785198,5.166197461352299,4.476861167002012,14.148219441770934,4.641214843332264,2.174120795107034,4.267010703363915,0.5160550458715596
55003,57645.0,15416.0,2525.0,15819.0,1017.0,203.0,2549.0,6847.0,1137.0,5500.0,6847.0,419.0,16050.0,13140.0,121.0,1475.0,459.0,54.91982279902664,16.379086663207058,6.428977811492509,7.963907414672421,16.605812764714475,6.119468380312545,0.7538940809968847,2.8598130841121496,9.190031152647975
55005,64619.0,46039.0,4566.0,46259.0,3103.0,443.0,7103.0,19613.0,1887.0,16367.0,19613.0,1021.0,46741.0,42643.0,662.0,159.0,1399.0,78.25779794909123,9.91767848997589,6.707883871246676,6.236801351541602,9.621169632386682,5.2057308927752,1.4163154404056395,2.993089578742432,0.3401724396140433
55007,69609.0,16239.0,1453.0,16299.0,955.0,189.0,3037.0,7462.0,661.0,6588.0,7462.0,238.0,16410.0,13776.0,101.0,1242.0,330.0,100.0,8.947595295276804,5.859255169028775,6.223246624958841,8.858214955775932,3.189493433395872,0.615478366849482,2.010968921389397,7.568555758683729
55009,77490.0,262685.0,25754.0,266792.0,14750.0,1604.0,35553.0,110248.0,7147.0,100288.0,110248.0,5478.0,269425.0,210396.0,6824.0,4436.0,26989.0,16.59001265163355,9.804138036050784,5.528651533779124,4.511574269400613,6.482657281764749,4.968797619911473,2.5328013361788995,10.01725897745198,1.6464693328384523
55011,68722.0,13220.0,1154.0,13285.0,637.0,133.0,2163.0,5692.0,691.0,4905.0,5692.0,192.0,13341.0,12573.0,64.0,15.0,363.0,100.0,8.729198184568835,4.794881445238992,6.148867313915858,12.13984539704849,3.3731553056922,0.4797241586087999,2.720935462109287,0.1124353496739374
55013,61664.0,16587.0,2178.0,16658.0,1054.0,232.0,3180.0,7087.0,1039.0,5889.0,7087.0,307.0,16741.0,15068.0,129.0,532.0,325.0,100.0,13.130765056972328,6.327290190899268,7.29559748427673,14.660646253703964,4.331875264568929,0.7705632877366944,1.9413416163908963,3.177826892061406
55015,87700.0,52408.0,2964.0,52492.0,1438.0,241.0,7851.0,20975.0,1221.0,19253.0,20975.0,668.0,52626.0,46367.0,498.0,119.0,2923.0,52.62957171732581,5.655625095405282,2.7394650613426808,3.069672653165202,5.821215733015495,3.184743742550656,0.9463003078326304,5.554288754607988,0.2261239691407289
55017,74009.0,63871.0,5892.0,64076.0,2984.0,308.0,9519.0,26567.0,2471.0,23649.0,26567.0,1134.0,66558.0,61585.0,1040.0,253.0,1286.0,62.521682730741965,9.224843825836452,4.656969848305137,3.2356339951675595,9.301012534347125,4.2684533443746,1.5625469515309955,1.9321494035277504,0.3801195949397518
55019,66250.0,34062.0,4099.0,34276.0,7288.0,478.0,4695.0,12692.0,2464.0,9888.0,12692.0,1173.0,34736.0,31571.0,94.0,48.0,2116.0,100.0,12.033938112853033,21.26269109581048,10.181043663471778,19.41380397100536,9.24204223132682,0.2706126209120221,6.091662828189774,0.1381851681252879
55021,82792.0,56873.0,4443.0,56923.0,2618.0,318.0,8879.0,24231.0,2497.0,21258.0,24231.0,999.0,58322.0,53036.0,982.0,217.0,2269.0,66.2420926654129,7.812142844583546,4.599195404318114,3.581484401396554,10.304981222401056,4.122817877924972,1.6837557011076438,3.890470148485992,0.3720722883303041
55023,63496.0,15271.0,1918.0,15338.0,1050.0,215.0,2492.0,6665.0,886.0,5460.0,6665.0,447.0,16064.0,14930.0,227.0,26.0,307.0,63.00502699683486,12.55975378167769,6.845742600078237,8.62760834670947,13.293323330832708,6.706676669167292,1.413097609561753,1.911105577689243,0.1618525896414342
55025,88108.0,551045.0,57774.0,561010.0,20341.0,1784.0,63087.0,245736.0,8460.0,227595.0,245736.0,19705.0,564777.0,433144.0,28594.0,823.0,42861.0,13.57692910469026,10.484443194294476,3.625782071620826,2.827840918097231,3.4427190155288603,8.018768108864798,5.062883226476999,7.58901300867422,0.145721231565733
55027,73992.0,84325.0,6621.0,84766.0,3393.0,444.0,13595.0,35723.0,3065.0,31739.0,35723.0,1415.0,88818.0,78086.0,2346.0,245.0,5696.0,54.88612465882142,7.851764008301216,4.002784135148526,3.265906583302685,8.579906502813314,3.961033507824091,2.6413564817942308,6.4131144587808775,0.2758449863766353
55029,71785.0,29961.0,2595.0,30038.0,1130.0,264.0,5197.0,14377.0,1188.0,12724.0,14377.0,402.0,30279.0,27907.0,114.0,155.0,1192.0,68.63899421273199,8.661259637528788,3.761901591317664,5.079853761785645,8.263198163733742,2.7961327119705084,0.376498563360745,3.93672182040358,0.5119059414115393
55031,72579.0,42985.0,4478.0,43531.0,2048.0,371.0,6694.0,18947.0,1797.0,16493.0,18947.0,1378.0,44197.0,39872.0,560.0,511.0,829.0,38.613839033750985,10.417587530533908,4.70469320713974,5.54227666567075,9.484351084604423,7.272919195651027,1.2670543249541824,1.8756929203339596,1.1561870715206914
55033,71785.0,42078.0,4504.0,45012.0,2191.0,378.0,5596.0,17369.0,1366.0,15322.0,17369.0,611.0,45349.0,41238.0,390.0,72.0,1080.0,62.539612676056336,10.703930795189883,4.867590864658314,6.754824874910651,7.864586331970752,3.5177615291611493,0.859996912831595,2.3815299124567244,0.1587686608304483
55035,71834.0,102391.0,11821.0,105733.0,6792.0,632.0,12501.0,43261.0,3218.0,39026.0,43261.0,2427.0,106328.0,93370.0,1171.0,263.0,3210.0,23.72717812884306,11.54496000625055,6.4237276914492165,5.055595552355811,7.438570536973255,5.6101338387924455,1.1013091565721165,3.018960198630652,0.2473478293582123
55037,62786.0,4540.0,384.0,4559.0,304.0,81.0,982.0,2110.0,219.0,1808.0,2110.0,58.0,4617.0,4406.0,20.0,23.0,27.0,100.0,8.458149779735683,6.668128975652556,8.24847250509165,10.37914691943128,2.748815165876777,0.4331817197314273,0.5847953216374269,0.4981589776911414
55039,73154.0,100645.0,8792.0,102356.0,3807.0,605.0,14985.0,43016.0,3586.0,38323.0,43016.0,2420.0,104053.0,90158.0,1758.0,139.0,6892.0,36.25688883768266,8.735655025088182,3.7193716049865175,4.037370704037371,8.336432955179468,5.62581365073461,1.6895236081612257,6.62354761515766,0.1335857687909046
55041,59727.0,9061.0,1361.0,9077.0,724.0,175.0,1601.0,3952.0,517.0,3297.0,3952.0,175.0,9261.0,7211.0,35.0,1053.0,202.0,100.0,15.020417172497517,7.976203591494987,10.930668332292315,13.081983805668017,4.428137651821863,0.3779289493575208,2.181189936291977,11.370262390670554
55043,64349.0,48145.0,6469.0,50640.0,3784.0,392.0,6649.0,19913.0,2135.0,16824.0,19913.0,962.0,51678.0,48193.0,857.0,46.0,1273.0,77.20743963957025,13.436493924602765,7.472353870458136,5.895623402015341,10.721639130216442,4.831014914879727,1.6583459112194745,2.4633306242501645,0.0890127326908936
55045,80248.0,36480.0,2548.0,36740.0,1544.0,216.0,5699.0,15609.0,1616.0,13580.0,15609.0,650.0,37036.0,34230.0,256.0,30.0,1509.0,71.08618876877038,6.984649122807017,4.202504082743603,3.790138620810669,10.353001473508874,4.164264206547505,0.6912193541419159,4.07441408359434,0.0810022680635057
55047,66917.0,18807.0,2492.0,19000.0,1705.0,149.0,3088.0,8143.0,1103.0,6768.0,8143.0,560.0,19165.0,17444.0,119.0,60.0,1044.0,72.64696603218005,13.250385494762588,8.973684210526315,4.825129533678757,13.545376396905317,6.877072332064349,0.6209235585703105,5.447430211322724,0.3130707018001565
55049,83372.0,23484.0,1815.0,23686.0,813.0,129.0,3797.0,9951.0,974.0,8795.0,9951.0,351.0,23832.0,22076.0,201.0,22.0,522.0,79.34117845543886,7.728666326009198,3.4324073292240143,3.3974190150118515,9.787961008943824,3.527283690081399,0.8434038267875126,2.190332326283988,0.0923128566633098
55051,59058.0,6024.0,698.0,6061.0,360.0,95.0,1139.0,2949.0,303.0,2554.0,2949.0,123.0,6164.0,5794.0,3.0,37.0,96.0,67.15007332572918,11.586985391766268,5.939613925094869,8.340649692712907,10.27466937945066,4.170905391658189,0.0486696950032446,1.5574302401038287,0.600259571706684
55053,65508.0,19800.0,2493.0,19885.0,1556.0,187.0,3074.0,8198.0,1000.0,6899.0,8198.0,406.0,20971.0,17959.0,324.0,985.0,746.0,79.12035942303145,12.590909090909092,7.824993713854664,6.083279115159401,12.19809709685289,4.952427421322274,1.5449907014448525,3.55729340517858,4.696962471985122
55055,80604.0,82874.0,6734.0,85496.0,3899.0,416.0,12604.0,34455.0,2470.0,30862.0,34455.0,1719.0,85867.0,75103.0,799.0,59.0,7181.0,44.50058892815076,8.125588242392064,4.560447272387012,3.3005395112662645,7.168770860542737,4.98911623857205,0.9305088101366066,8.362933373705847,0.0687109133893113
55057,65150.0,25391.0,3627.0,25428.0,1705.0,498.0,4220.0,10793.0,1005.0,8892.0,10793.0,474.0,26695.0,23468.0,605.0,181.0,768.0,100.0,14.284589027608208,6.705206858581092,11.80094786729858,9.311590845918651,4.391735384045215,2.2663420116126614,2.8769432477992134,0.6780295935568459
55059,79412.0,164647.0,17302.0,166960.0,10371.0,1211.0,24234.0,67631.0,4246.0,62052.0,67631.0,3338.0,168413.0,121573.0,10296.0,256.0,24975.0,13.08298502521416,10.508542518235984,6.21166746526114,4.997111496244945,6.278186038946637,4.935606452662241,6.113542303741398,14.8296152909811,0.1520072678474939
55061,80085.0,20471.0,1559.0,20521.0,837.0,187.0,3205.0,8299.0,1039.0,7105.0,8299.0,259.0,20621.0,19071.0,82.0,41.0,827.0,100.0,7.615651409310733,4.078748598996151,5.8346333853354135,12.519580672370164,3.1208579346909264,0.3976528781339411,4.010474758741089,0.1988264390669705
55063,70704.0,115764.0,14383.0,119193.0,5443.0,699.0,14840.0,50543.0,3767.0,44896.0,50543.0,3602.0,120262.0,105619.0,1817.0,204.0,3146.0,18.109186647238044,12.424415189523511,4.566543337276518,4.710242587601078,7.453059770888155,7.12660506895119,1.510867938334636,2.615955164557383,0.1696296419484126
55065,72091.0,16669.0,1783.0,16719.0,1782.0,135.0,2454.0,6684.0,1108.0,5385.0,6684.0,313.0,16788.0,15219.0,96.0,20.0,1087.0,100.0,10.696502489651447,10.658532208864166,5.50122249388753,16.576900059844405,4.682824655894674,0.5718370264474625,6.4748629973790806,0.1191327138432213
55067,57258.0,19149.0,2323.0,19275.0,964.0,178.0,3409.0,8606.0,949.0,7487.0,8606.0,449.0,19473.0,18056.0,96.0,143.0,469.0,58.59114463085527,12.131181784949606,5.001297016861219,5.221472572601936,11.027190332326285,5.217290262607484,0.4929902942535819,2.408463000051353,0.7343501258152313
55069,67726.0,27890.0,2925.0,27960.0,1369.0,346.0,5218.0,12578.0,1650.0,10571.0,12578.0,625.0,28403.0,26549.0,139.0,31.0,587.0,66.5000879816998,10.4876299749014,4.8962804005722464,6.630893062476044,13.11814278899666,4.968993480680553,0.489384924127733,2.0666830968559657,0.1091434003450339
55071,68611.0,80208.0,7826.0,80614.0,3530.0,529.0,13208.0,35033.0,3560.0,30720.0,35033.0,2013.0,81314.0,71623.0,612.0,217.0,4228.0,42.77461620718052,9.757131458208658,4.378892003870296,4.005148394912174,10.161847401021893,5.746010904004796,0.7526379221290307,5.199596625427356,0.2668667142189537
55073,76185.0,136397.0,12159.0,137020.0,8159.0,774.0,19678.0,56873.0,4857.0,50489.0,56873.0,2750.0,138067.0,119909.0,646.0,127.0,4641.0,43.3886662850601,8.914418938832965,5.954605167128887,3.9333265575769896,8.540080530304362,4.835334868918467,0.4678887786364591,3.361411488625088,0.0919843264502017
55075,63401.0,40914.0,3713.0,41373.0,1790.0,396.0,7413.0,18640.0,2267.0,15984.0,18640.0,866.0,41907.0,39365.0,181.0,63.0,1127.0,60.76136797860145,9.075133206237474,4.326493123534672,5.341966815054634,12.162017167381974,4.645922746781116,0.4319087503281075,2.689288185744625,0.1503328799484573
55077,63471.0,15583.0,1843.0,15649.0,862.0,166.0,2878.0,6881.0,752.0,6019.0,6881.0,321.0,15706.0,14536.0,82.0,37.0,559.0,100.0,11.82699095167811,5.50833919100262,5.767894371091035,10.928644092428426,4.66501961924139,0.5220934674646632,3.559149369667643,0.2355787597096651
55078,59528.0,4224.0,895.0,4234.0,953.0,152.0,653.0,1336.0,159.0,1167.0,1336.0,39.0,4256.0,502.0,32.0,3337.0,183.0,100.0,21.18844696969697,22.50826641473784,23.27718223583461,11.901197604790418,2.9191616766467066,0.7518796992481203,4.299812030075188,78.40695488721805
55079,62118.0,909116.0,158786.0,920579.0,65560.0,6234.0,107990.0,389046.0,38119.0,340489.0,389046.0,48666.0,927656.0,451044.0,237537.0,3225.0,154350.0,0.2769590703031115,17.465977939008884,7.121604989903093,5.772756736734883,9.798070151087533,12.509060625221696,25.606151418198124,16.63871090145485,0.3476504221392412
55081,68213.0,45468.0,5384.0,45440.0,4065.0,428.0,6515.0,18279.0,2278.0,15548.0,18279.0,1468.0,46169.0,40840.0,661.0,317.0,2569.0,56.77270173315469,11.841294976686902,8.945862676056338,6.56945510360706,12.462388533289568,8.03107390995131,1.4316965929519807,5.564339708462388,0.6866078970737941
55083,75886.0,38775.0,3265.0,39034.0,1387.0,368.0,6930.0,16618.0,1648.0,14590.0,16618.0,584.0,39329.0,36827.0,51.0,362.0,886.0,100.0,8.420373952288847,3.5533124967976635,5.31024531024531,9.916957515946564,3.514261644000481,0.1296753032113707,2.2527905616720485,0.920440387500318
55085,69621.0,37407.0,3067.0,37501.0,1809.0,320.0,7146.0,16772.0,1524.0,14729.0,16772.0,619.0,38007.0,35529.0,192.0,258.0,639.0,74.26872770511297,8.199000187130752,4.8238713634303085,4.478029666946544,9.086572859527784,3.690674934414501,0.5051701002446918,1.6812692398768647,0.6788223222038046
55087,82857.0,188232.0,12068.0,190127.0,8352.0,1210.0,26078.0,77239.0,4672.0,71095.0,77239.0,3051.0,191537.0,163624.0,2773.0,1801.0,9773.0,25.39314648278755,6.411237196650942,4.392853198125463,4.639926374721988,6.048757751912894,3.9500770336229114,1.447762051196375,5.102408411951738,0.94028829938863
55089,96734.0,90483.0,4119.0,91860.0,2188.0,465.0,13822.0,37766.0,1867.0,35105.0,37766.0,1572.0,92345.0,82922.0,1353.0,107.0,3299.0,24.31177119875851,4.552236331686615,2.381885477901154,3.364201996816669,4.9436000635492245,4.162474183127681,1.4651578320428826,3.572472792246467,0.115869835941307
55091,74536.0,7301.0,580.0,7314.0,554.0,183.0,1170.0,3050.0,374.0,2625.0,3050.0,103.0,7372.0,6989.0,21.0,8.0,180.0,100.0,7.944117244213121,7.574514629477714,15.64102564102564,12.262295081967212,3.377049180327869,0.2848616386326641,2.441671188279978,0.1085187194791101
55093,88802.0,39893.0,3806.0,42018.0,1357.0,247.0,5854.0,15765.0,1109.0,14340.0,15765.0,508.0,42351.0,38736.0,165.0,98.0,1227.0,69.95404150478537,9.540520893389818,3.2295682802608408,4.219337205329689,7.034570250555027,3.22232794164288,0.3896011900545442,2.8972161224056103,0.2313994946990626
55095,76208.0,44749.0,3708.0,44949.0,2728.0,398.0,7676.0,18829.0,1919.0,16307.0,18829.0,673.0,45327.0,42393.0,120.0,192.0,980.0,100.0,8.286218686451093,6.069100536163207,5.184992183428869,10.191725529767911,3.5742737266981783,0.2647428684889801,2.1620667593266707,0.4235885895823681
55097,73284.0,67483.0,6898.0,70167.0,3537.0,452.0,9369.0,29636.0,1883.0,27191.0,29636.0,1258.0,70375.0,62970.0,579.0,106.0,2764.0,36.605709251602086,10.221833646992575,5.040831159946984,4.824420962749493,6.353758941827507,4.244837359967607,0.8227353463587922,3.92753108348135,0.1506216696269982
55099,58720.0,13908.0,1804.0,13939.0,818.0,167.0,2641.0,6567.0,902.0,5406.0,6567.0,341.0,14077.0,13168.0,27.0,47.0,232.0,100.0,12.970951970089155,5.868426716407202,6.323362362741386,13.73534338358459,5.192629815745394,0.1918022305889039,1.648078425800952,0.3338779569510549
55101,75331.0,192098.0,20736.0,192634.0,11049.0,1692.0,28426.0,79109.0,5939.0,71176.0,79109.0,4502.0,196888.0,136877.0,20566.0,430.0,28784.0,14.347054271798996,10.794490312236462,5.735747583500316,5.9522971927108985,7.507363258289196,5.69088220050816,10.445532485473976,14.619479094713746,0.218398277193125
55103,62649.0,16914.0,2447.0,17104.0,1398.0,147.0,2608.0,7119.0,1201.0,5647.0,7119.0,526.0,17229.0,15939.0,150.0,10.0,540.0,71.54415164123903,14.467305190966064,8.173526660430309,5.636503067484663,16.870346958842536,7.388678185138362,0.8706251088281386,3.134250391781299,0.0580416739218759
55105,74390.0,161053.0,16058.0,162892.0,8517.0,1414.0,23261.0,66652.0,4633.0,59397.0,66652.0,3953.0,163944.0,131551.0,7530.0,67.0,16163.0,20.03885464331315,9.970630786138724,5.22861773444982,6.078844417694854,6.951029226429815,5.930804777050951,4.593031766944811,9.858854242912214,0.0408676133313814
55107,58322.0,13909.0,1737.0,13995.0,896.0,161.0,2353.0,6259.0,847.0,5223.0,6259.0,305.0,14146.0,13257.0,130.0,50.0,284.0,100.0,12.488316917104031,6.402286530903894,6.842328941776455,13.532513181019333,4.872982904617351,0.9189876997030962,2.0076346670436878,0.3534568075781139
55109,102482.0,93887.0,6188.0,94116.0,3468.0,553.0,13575.0,36729.0,2176.0,33651.0,36729.0,1047.0,94819.0,87063.0,659.0,59.0,2789.0,63.98819705781731,6.5909018287941885,3.6848144842534745,4.07366482504604,5.924473849002151,2.850608510985869,0.6950083843955326,2.9413936025480125,0.0622238159018762
55111,77648.0,64955.0,5690.0,65188.0,4151.0,428.0,9462.0,27425.0,2137.0,24199.0,27425.0,1319.0,65759.0,57228.0,604.0,439.0,4198.0,44.70446907835713,8.759910707412825,6.367736393201203,4.523356584231664,7.792160437556974,4.809480401093892,0.9185054517252392,6.383917030368466,0.6675892273300993
55113,59055.0,17773.0,2660.0,17867.0,1145.0,351.0,3369.0,8522.0,908.0,7160.0,8522.0,410.0,18243.0,14059.0,101.0,2588.0,430.0,100.0,14.966522252855455,6.408462528684167,10.418521816562778,10.654775874207932,4.811077211922084,0.5536370114564491,2.357068464616565,14.186263224250398
55115,67032.0,40164.0,4404.0,40430.0,2519.0,488.0,6625.0,16881.0,2188.0,14304.0,16881.0,922.0,40927.0,34943.0,239.0,2505.0,1263.0,70.08634818130672,10.96504332237825,6.2305218896858765,7.366037735849057,12.961317457496596,5.461761743972514,0.5839665746328829,3.0859823588340216,6.120653847093606
55117,71898.0,114645.0,9265.0,115463.0,4881.0,428.0,17104.0,49426.0,3481.0,44696.0,49426.0,2577.0,117783.0,96085.0,2389.0,179.0,8850.0,29.35933714014606,8.081468882201579,4.22732823501901,2.502338634237605,7.04285194027435,5.213855056043378,2.028306292079502,7.513817783551107,0.1519743935882088
55119,63142.0,19753.0,1835.0,19818.0,1437.0,164.0,3286.0,7943.0,1219.0,6455.0,7943.0,493.0,19972.0,18833.0,58.0,16.0,565.0,79.34012956360166,9.289728142560625,7.250983953981229,4.990870359099209,15.34684627974317,6.206722900667255,0.2904065691968756,2.828960544762668,0.0801121570198277
55121,71295.0,30285.0,2564.0,30442.0,2518.0,380.0,4285.0,12448.0,1592.0,10602.0,12448.0,660.0,30786.0,25992.0,153.0,42.0,3914.0,100.0,8.4662374112597,8.271467052099073,8.868144690781797,12.789203084832906,5.302056555269923,0.4969791463652309,12.713571103748455,0.1364256480218281
55123,69556.0,30544.0,4431.0,30648.0,4502.0,302.0,4609.0,12186.0,2151.0,9631.0,12186.0,1114.0,30915.0,29236.0,94.0,8.0,516.0,86.83336589177574,14.506940806705082,14.689376141999478,6.552397483185072,17.651403249630725,9.141637945182996,0.3040595180333171,1.6690926734594858,0.0258774057900695
55125,67132.0,23116.0,2527.0,23243.0,1447.0,335.0,4674.0,10873.0,1088.0,9362.0,10873.0,450.0,23410.0,19937.0,74.0,1911.0,530.0,100.0,10.931822114552691,6.225530267177215,7.167308515190415,10.006437965602869,4.138692173273245,0.316104228961982,2.2639897479709528,8.163178129004699
55127,77359.0,102665.0,9976.0,104783.0,5987.0,649.0,15462.0,42425.0,3010.0,37148.0,42425.0,1670.0,105447.0,88121.0,841.0,136.0,12545.0,36.90527620729165,9.71704086105294,5.713713102316215,4.197387142672358,7.094873305833825,3.936358279316441,0.7975570665832125,11.896971938509392,0.1289747456067977
55129,61270.0,16571.0,1940.0,16599.0,953.0,281.0,3115.0,7529.0,905.0,6343.0,7529.0,316.0,16749.0,15548.0,36.0,162.0,335.0,100.0,11.70719932412045,5.741309717452858,9.020866773675763,12.020188604064284,4.197104529153938,0.214938205265986,2.0001194101140367,0.9672219236969372
55131,95851.0,136500.0,7183.0,136714.0,4183.0,518.0,21828.0,56482.0,3514.0,52101.0,56482.0,2078.0,137320.0,124718.0,2050.0,134.0,5027.0,38.35888886451547,5.262271062271062,3.0596720160334714,2.373098772219168,6.221451081760561,3.679048192344464,1.4928633847946402,3.660792309933003,0.097582289542674
55133,104100.0,405003.0,21085.0,406831.0,12125.0,1945.0,62212.0,166790.0,7740.0,155628.0,166790.0,5637.0,409040.0,350739.0,6111.0,399.0,22725.0,15.207701644806352,5.206134275548576,2.980353021279106,3.1264064810647465,4.640565981173931,3.3796990227231847,1.493985918247604,5.555691374926657,0.0975454723254449
55135,71189.0,50397.0,5067.0,50600.0,2971.0,632.0,8536.0,22394.0,2643.0,19232.0,22394.0,1259.0,51714.0,47941.0,344.0,65.0,1943.0,63.64162742221879,10.054169891064944,5.871541501976284,7.4039362699156515,11.802268464767348,5.622041618290614,0.665197045287543,3.757203078470047,0.1256913021618904
55137,64968.0,23772.0,2631.0,23825.0,2017.0,327.0,4286.0,10333.0,1393.0,8655.0,10333.0,476.0,24752.0,21751.0,449.0,86.0,1715.0,99.6451876019576,11.067642604745078,8.465897166841552,7.629491367242184,13.481080034839833,4.606600212910094,1.813994828700711,6.928733031674208,0.3474466709760827
55139,72873.0,164465.0,17903.0,167392.0,7993.0,899.0,22475.0,71958.0,5221.0,64618.0,71958.0,3830.0,171357.0,146984.0,4286.0,502.0,8464.0,17.41396378035288,10.885598759614508,4.77501911680367,4.0,7.255621334667444,5.32254926484894,2.5012109222266963,4.939395530967512,0.2929556423139994
55141,66417.0,73241.0,7543.0,73555.0,3277.0,561.0,11408.0,31942.0,2982.0,28306.0,31942.0,1617.0,74039.0,67304.0,508.0,198.0,2592.0,35.47778511461183,10.298876312447948,4.455169600978859,4.917601683029453,9.335670903512616,5.062300419510363,0.6861248801307419,3.5008576561001634,0.2674266265076513
56001,59881.0,34974.0,7328.0,37490.0,2928.0,187.0,3265.0,16609.0,757.0,14876.0,16609.0,1096.0,37713.0,30294.0,391.0,117.0,3971.0,12.96336265040738,20.95270772573912,7.810082688716991,5.727411944869831,4.557769883797941,6.598831958576676,1.036777768939093,10.529525627767612,0.3102378490175801
56003,60547.0,11473.0,1372.0,11463.0,1668.0,376.0,1589.0,4357.0,443.0,3769.0,4357.0,136.0,11737.0,10049.0,61.0,46.0,1122.0,100.0,11.958511287370348,14.551164616592516,23.6626809314034,10.16754647693367,3.121413816846454,0.5197239499020192,9.559512652296158,0.3919229786146375
56005,95253.0,46237.0,4210.0,46416.0,6031.0,567.0,6111.0,17879.0,1075.0,16525.0,17879.0,589.0,47018.0,40041.0,164.0,359.0,4408.0,26.802194530685156,9.105262019594695,12.993364357118235,9.278350515463918,6.012640527993736,3.2943676939426143,0.3488025862435663,9.37513292781488,0.7635373686673189
56007,66721.0,13943.0,1752.0,13945.0,1889.0,161.0,1799.0,5885.0,404.0,5370.0,5885.0,200.0,14549.0,11104.0,193.0,114.0,2620.0,47.0317121827062,12.565445026178011,13.54607386159914,8.949416342412452,6.864910790144435,3.398470688190314,1.326551653034573,18.008110523060004,0.7835590074919239
56009,79164.0,13606.0,1541.0,13669.0,1443.0,425.0,1904.0,5707.0,671.0,4648.0,5707.0,196.0,13759.0,12135.0,32.0,16.0,1111.0,52.74525489055341,11.325885638688812,10.556734216109446,22.321428571428573,11.757490800770984,3.4343788330120906,0.2325750417908278,8.074714732175304,0.1162875208954139
56011,71209.0,7286.0,451.0,7286.0,450.0,51.0,1160.0,2891.0,315.0,2490.0,2891.0,40.0,7339.0,6844.0,0.0,12.0,145.0,100.0,6.189953335163327,6.176228383200659,4.396551724137931,10.895883777239709,1.3836042891732965,0.0,1.9757460144433847,0.163510014988418
56013,64646.0,38471.0,4766.0,38890.0,7222.0,1013.0,5222.0,14810.0,1656.0,12838.0,14810.0,761.0,39472.0,27506.0,210.0,7027.0,2659.0,53.58362644644951,12.388552416105638,18.570326562098227,19.39869781692838,11.181634031060094,5.138419986495611,0.5320226996351844,6.736420753952169,17.802492906364005
56015,64882.0,11660.0,1439.0,11882.0,1132.0,163.0,1646.0,5053.0,781.0,4079.0,5053.0,280.0,12587.0,10704.0,87.0,101.0,1272.0,48.50376060169627,12.341337907375642,9.527015653930317,9.902794653705952,15.456164654660595,5.541262616267564,0.691189322316676,10.105664574561056,0.8024151902756813
56017,64375.0,4509.0,618.0,4533.0,623.0,54.0,614.0,2079.0,172.0,1857.0,2079.0,87.0,4618.0,4107.0,0.0,47.0,181.0,100.0,13.705921490352628,13.743657621883962,8.794788273615636,8.273208273208272,4.184704184704184,0.0,3.919445647466436,1.017756604590732
56019,63905.0,8485.0,900.0,8485.0,860.0,220.0,1214.0,3919.0,362.0,3437.0,3919.0,86.0,8602.0,7755.0,2.0,143.0,364.0,46.53723215342725,10.60695344725987,10.13553329404832,18.12191103789127,9.237050267925492,2.194437356468487,0.0232504068821204,4.23157405254592,1.6624040920716112
56021,77884.0,98779.0,9755.0,97050.0,9306.0,1034.0,12896.0,42503.0,2670.0,38597.0,42503.0,2224.0,100661.0,76436.0,2112.0,549.0,15755.0,21.153693091372176,9.87558084208182,9.58887171561051,8.017990074441688,6.281909512269722,5.232571818459873,2.0981313517648346,15.651543298794966,0.545394939450234
56023,86092.0,20047.0,1418.0,20076.0,2639.0,265.0,2895.0,7872.0,519.0,6787.0,7872.0,288.0,20158.0,18376.0,6.0,47.0,1054.0,100.0,7.073377562727591,13.145048814504882,9.153713298791018,6.592987804878049,3.658536585365854,0.0297648576247643,5.2286933227502725,0.2331580513939875
56025,71247.0,78370.0,7620.0,78809.0,9182.0,1248.0,10206.0,33285.0,2310.0,30253.0,33285.0,1439.0,79735.0,67847.0,476.0,310.0,7381.0,15.263585766993934,9.723108332270002,11.650953571292618,12.228101116990006,6.94006309148265,4.323268739672526,0.596977487928764,9.256913526055058,0.3887878597855396
56027,48987.0,2190.0,386.0,2190.0,186.0,39.0,354.0,1141.0,164.0,929.0,1141.0,23.0,2415.0,2151.0,34.0,46.0,124.0,100.0,17.625570776255707,8.493150684931507,11.016949152542374,14.373356704645047,2.0157756354075373,1.4078674948240166,5.134575569358178,1.9047619047619049
56029,70533.0,29352.0,2519.0,29869.0,3063.0,641.0,4243.0,13179.0,1065.0,11900.0,13179.0,323.0,30109.0,26586.0,104.0,54.0,1782.0,44.355927626248985,8.582038702643771,10.25477920251766,15.10723544661796,8.081038015023902,2.450868806434479,0.3454116709289581,5.918496130725033,0.1793483675977282
56031,66299.0,8457.0,864.0,8482.0,1911.0,295.0,1313.0,3877.0,695.0,3029.0,3877.0,79.0,8606.0,7368.0,32.0,31.0,732.0,100.0,10.21638879035119,22.53006366423013,22.46763137852247,17.926231622388446,2.0376579829765284,0.3718336044620032,8.505693702068324,0.3602138043225656
56033,70855.0,30728.0,3012.0,31225.0,2847.0,307.0,4341.0,13515.0,1031.0,12049.0,13515.0,518.0,31585.0,28346.0,132.0,348.0,1523.0,37.16244623395104,9.802134860713355,9.11769415532426,7.072103202027183,7.628560858305586,3.8327783943766183,0.4179198986860851,4.8219091340826346,1.10178882380877
56035,82791.0,8746.0,731.0,8772.0,852.0,178.0,1201.0,3719.0,142.0,3175.0,3719.0,68.0,8806.0,7925.0,2.0,0.0,641.0,100.0,8.358106563000229,9.712722298221614,14.82098251457119,3.818230707179349,1.8284485076633503,0.0227117874176697,7.279127867363162,0.0
56037,76464.0,41200.0,5537.0,41465.0,5369.0,640.0,5139.0,16863.0,1226.0,15025.0,16863.0,416.0,41786.0,32257.0,478.0,269.0,6924.0,10.754163512490535,13.439320388349516,12.948269624984928,12.453784783031718,7.270355215560695,2.466939453240823,1.143923802230412,16.57014311013258,0.6437562820083281
56039,112681.0,23235.0,1633.0,23276.0,2335.0,202.0,2829.0,9383.0,329.0,8603.0,9383.0,116.0,23358.0,18421.0,136.0,42.0,3445.0,53.88110239595388,7.02819023025608,10.03179240419316,7.140332272887946,3.5063412554620057,1.236278375785996,0.5822416302765647,14.748694237520336,0.1798099152324685
56041,82672.0,20258.0,1533.0,20431.0,2235.0,197.0,2415.0,7479.0,497.0,6791.0,7479.0,260.0,20605.0,17837.0,53.0,4.0,2042.0,44.1760391198044,7.567380787836904,10.93925896921345,8.157349896480332,6.645273432277042,3.476400588313945,0.2572191215724339,9.9102159669983,0.0194127638922591
56043,62648.0,7545.0,651.0,7570.0,942.0,250.0,1104.0,3417.0,418.0,2871.0,3417.0,139.0,7708.0,6258.0,14.0,16.0,1087.0,36.3825634352635,8.628230616302186,12.443857331571994,22.644927536231883,12.232952882645597,4.0678958150424345,0.1816294758692268,14.102231447846393,0.2075765438505449
56045,87545.0,6367.0,668.0,6449.0,962.0,165.0,1073.0,2754.0,342.0,2277.0,2754.0,64.0,6835.0,5832.0,4.0,111.0,238.0,100.0,10.491597298570756,14.917041401767715,15.37744641192917,12.418300653594772,2.3238925199709515,0.0585223116313094,3.4820775420629118,1.6239941477688369
72001,18605.0,17930.0,11107.0,17930.0,895.0,109.0,2626.0,5912.0,1243.0,4622.0,5912.0,729.0,17975.0,50.0,0.0,0.0,17925.0,55.29966703662597,61.946458449525934,4.991634132738427,4.15079969535415,21.025033829499325,12.33085250338295,0.0,99.72183588317108,0.0
72003,21694.0,37813.0,17571.0,37813.0,2124.0,422.0,6030.0,12652.0,3070.0,7199.0,12652.0,1378.0,37904.0,1211.0,1.0,47.0,36344.0,0.5952380952380952,46.46814587575702,5.617115806733134,6.9983416252072965,24.26493834966804,10.891558646854252,0.0026382439848037,95.8843393837062,0.1239974672857745
72005,19826.0,53824.0,25791.0,53827.0,2833.0,467.0,7232.0,21639.0,3874.0,17401.0,21639.0,3395.0,54486.0,513.0,94.0,0.0,53674.0,0.2286709860075134,47.917285969084425,5.2631578947368425,6.457411504424779,17.90286057581219,15.689264753454411,0.1725213816393201,98.50970891605184,0.0
72007,22361.0,23810.0,10388.0,23810.0,919.0,144.0,3307.0,8804.0,1606.0,7053.0,8804.0,1109.0,23888.0,14.0,26.0,0.0,23789.0,11.95557940800066,43.62872742545149,3.859722805543889,4.354399758088903,18.241708314402544,12.596547024079964,0.108841259209645,99.58556597454788,0.0
72009,21714.0,24583.0,10973.0,24583.0,829.0,172.0,3885.0,9415.0,2575.0,6645.0,9415.0,1355.0,24610.0,34.0,0.0,0.0,24562.0,18.058205138612657,44.63653744457552,3.3722491152422407,4.427284427284428,27.34997344662772,14.391927774827405,0.0,99.8049573344169,0.0
72011,23591.0,25215.0,11327.0,25215.0,1431.0,298.0,3568.0,8835.0,1600.0,5291.0,8835.0,861.0,25316.0,464.0,128.0,0.0,24550.0,14.5608688857634,44.92167360697997,5.675193337299227,8.352017937219731,18.109790605546124,9.745331069609508,0.5056091009638174,96.97424553641966,0.0
72013,23175.0,85716.0,36775.0,85721.0,5744.0,911.0,11569.0,32053.0,7066.0,24028.0,32053.0,4215.0,86875.0,371.0,51.0,0.0,86251.0,10.34140893862388,42.903308600494654,6.70080843667246,7.874492177370559,22.04473840202165,13.150095154899695,0.058705035971223,99.28172661870504,0.0
72015,18931.0,15545.0,8463.0,15545.0,777.0,126.0,1890.0,6364.0,1165.0,5150.0,6364.0,759.0,15573.0,58.0,0.0,0.0,15474.0,3.33270213974626,54.44194274686394,4.998391765841107,6.666666666666667,18.30609679446889,11.926461345065997,0.0,99.36428433827778,0.0
72017,21750.0,22535.0,10233.0,22535.0,1173.0,24.0,2621.0,8547.0,1757.0,6577.0,8547.0,812.0,22565.0,53.0,0.0,0.0,22393.0,5.790704859425343,45.40936321278012,5.205236299090304,0.9156810377718428,20.55692055692056,9.5004095004095,0.0,99.2377575891868,0.0
72019,22167.0,28836.0,14289.0,28840.0,835.0,151.0,4046.0,9521.0,1553.0,7850.0,9521.0,960.0,28984.0,25.0,8.0,0.0,28899.0,5.054687230445434,49.55264253017062,2.895284327323162,3.732081067721206,16.311311836991912,10.082974477470854,0.0276014352746342,99.706734750207,0.0
72021,30729.0,178612.0,61516.0,178550.0,12358.0,1697.0,24183.0,71416.0,10084.0,58795.0,71416.0,8818.0,183456.0,951.0,261.0,0.0,181360.0,0.0,34.441134974133874,6.921310557266872,7.017326220898979,14.120085134983755,12.34737313767223,0.1422684458398744,98.85749171463458,0.0
72023,25720.0,46834.0,18013.0,46815.0,2193.0,441.0,6065.0,18172.0,4348.0,12809.0,18172.0,1916.0,46955.0,235.0,40.0,0.0,46494.0,4.058696297552907,38.46137421531366,4.684396026914451,7.271228359439406,23.92692053709003,10.543693594541052,0.0851879459056543,99.01820892343731,0.0
72025,30113.0,125579.0,46022.0,125551.0,8074.0,1092.0,16716.0,50488.0,7533.0,42288.0,50488.0,6317.0,126239.0,1618.0,241.0,0.0,123842.0,1.1505454088208482,36.64784717189976,6.430852800853836,6.532663316582915,14.92037711931548,12.511884012042463,0.1909077226530628,98.10122070041746,0.0
72027,26094.0,32565.0,12696.0,32619.0,1601.0,200.0,4608.0,11814.0,3047.0,8655.0,11814.0,1339.0,32753.0,194.0,1.0,0.0,32451.0,18.771133518140555,38.98664210041456,4.908182347711456,4.340277777777778,25.79143389199255,11.33401049602167,0.0030531554361432,99.07794705828474,0.0
72029,27278.0,41976.0,14219.0,41951.0,4438.0,789.0,5604.0,15235.0,1633.0,13546.0,15235.0,1525.0,42037.0,20.0,16.0,0.0,42001.0,3.5524482131468926,33.87411854392987,10.579008843650929,14.079229122055674,10.718739744010502,10.009845749917952,0.0380617075433546,99.91436115802745,0.0
72031,35126.0,152568.0,44711.0,152491.0,10943.0,1835.0,19484.0,62428.0,6853.0,54486.0,62428.0,6234.0,153226.0,1206.0,217.0,0.0,151217.0,0.2532054387494751,29.30562110009963,7.176161216071768,9.417983986861014,10.97744601781252,9.985903761132825,0.1416208737420542,98.6888648140655,0.0
72033,24307.0,22762.0,10066.0,22719.0,1483.0,281.0,3067.0,8998.0,3074.0,5719.0,8998.0,1988.0,22768.0,196.0,68.0,0.0,22485.0,0.0431872165838911,44.22282751955013,6.527576037677715,9.162047603521357,34.163147366081354,22.09379862191598,0.2986647926914968,98.75702740688686,0.0
72035,28461.0,41204.0,15617.0,41138.0,2027.0,243.0,5856.0,16534.0,2610.0,13807.0,16534.0,2612.0,41231.0,20.0,18.0,0.0,41081.0,11.961010275617015,37.90166003300651,4.927317808352375,4.149590163934426,15.785653804282086,15.797750090722149,0.0436564720719846,99.6361960660668,0.0
72037,23204.0,11052.0,4599.0,11105.0,764.0,136.0,1394.0,4100.0,718.0,3366.0,4100.0,453.0,11128.0,141.0,0.0,0.0,10931.0,5.996285486866543,41.61237785016287,6.879783881134624,9.75609756097561,17.51219512195122,11.048780487804878,0.0,98.2296908698778,0.0
72039,20614.0,16828.0,9801.0,16866.0,833.0,218.0,2626.0,5631.0,1383.0,4110.0,5631.0,709.0,16874.0,73.0,0.0,0.0,16801.0,39.301695713612816,58.24221535536012,4.9389303925056325,8.3015993907083,24.56046883324454,12.591014029479666,0.0,99.5673817707716,0.0
72041,27149.0,39633.0,14366.0,39585.0,2290.0,232.0,5819.0,14556.0,1631.0,12879.0,14556.0,1513.0,39765.0,41.0,61.0,0.0,39654.0,1.9964973730297724,36.247571468220926,5.785019578123026,3.986939336655783,11.205001374003848,10.394339104149491,0.1534012322394065,99.72086005281028,0.0
72043,20797.0,34162.0,17750.0,34176.0,1133.0,298.0,5256.0,13006.0,2851.0,9823.0,13006.0,1628.0,34294.0,66.0,15.0,0.0,34194.0,30.786315910926504,51.95831625783034,3.315191947565543,5.6697108066971085,21.920652006766108,12.517299707827156,0.0437394296378375,99.70840380241442,0.0
72045,17254.0,18756.0,9943.0,18756.0,909.0,227.0,2659.0,5612.0,1983.0,3543.0,5612.0,966.0,18775.0,0.0,0.0,0.0,18775.0,15.548376846899329,53.01236937513329,4.846449136276392,8.537044001504325,35.33499643620812,17.21311475409836,0.0,100.0,0.0
72047,23933.0,34293.0,15142.0,34355.0,1785.0,245.0,4845.0,10902.0,2631.0,8218.0,10902.0,1282.0,34474.0,87.0,0.0,0.0,34361.0,6.181481588614735,44.15478377511445,5.19575025469364,5.056759545923633,24.133186571271327,11.759310218308569,0.0,99.67221674305272,0.0
72049,27614.0,1281.0,267.0,1281.0,171.0,31.0,141.0,428.0,78.0,350.0,428.0,86.0,1281.0,70.0,0.0,0.0,1170.0,100.0,20.843091334894613,13.34894613583138,21.98581560283688,18.22429906542056,20.093457943925237,0.0,91.33489461358312,0.0
72051,33388.0,35730.0,10439.0,35613.0,2207.0,333.0,4437.0,12074.0,3403.0,8409.0,12074.0,1298.0,35816.0,934.0,72.0,0.0,34782.0,1.7140945957245186,29.216344808284354,6.197175188835538,7.505070993914807,28.18452873944012,10.750372701673015,0.2010274737547464,97.11302211302213,0.0
72053,25170.0,31618.0,13114.0,31638.0,1861.0,354.0,3934.0,12863.0,1848.0,10903.0,12863.0,1642.0,31756.0,213.0,24.0,0.0,31463.0,5.983065620719711,41.47637421721804,5.882167014349832,8.998474834773766,14.366788463033506,12.765295809686698,0.0755762690515178,99.0773397153294,0.0
72054,21213.0,11586.0,5863.0,11586.0,514.0,47.0,1450.0,4515.0,734.0,3532.0,4515.0,513.0,11624.0,32.0,0.0,0.0,11592.0,20.150530277112555,50.6041774555498,4.436388745037114,3.2413793103448274,16.25692137320044,11.362126245847175,0.0,99.72470750172056,0.0
72055,16210.0,13088.0,8474.0,13249.0,649.0,91.0,1626.0,5583.0,1609.0,2622.0,5583.0,659.0,13266.0,18.0,0.0,0.0,13159.0,14.085732936824543,64.74633251833741,4.898482904370141,5.596555965559656,28.819631022747625,11.803689772523732,0.0,99.19342680536712,0.0
72057,20273.0,33780.0,16414.0,33780.0,1659.0,312.0,4367.0,14965.0,3078.0,11720.0,14965.0,2284.0,35845.0,20.0,13.0,0.0,35741.0,16.059430818812476,48.59088217880402,4.911190053285968,7.144492786810167,20.56799198128968,15.26227865018376,0.0362672618217324,99.70986190542614,0.0
72059,21400.0,17341.0,8702.0,17369.0,636.0,127.0,2312.0,6342.0,1355.0,4987.0,6342.0,889.0,17418.0,33.0,0.0,0.0,17364.0,21.92420152946469,50.18165042385099,3.661696125280673,5.493079584775087,21.36549984232104,14.01766004415011,0.0,99.68997588701345,0.0
72061,46048.0,88043.0,21393.0,87865.0,4187.0,615.0,12922.0,34856.0,4679.0,29576.0,34856.0,3475.0,89503.0,1321.0,120.0,0.0,87829.0,0.0,24.298354213282146,4.765264895009389,4.759325181860393,13.423800780353456,9.96958916685793,0.1340737181993899,98.12967163111853,0.0
72063,39532.0,40223.0,12871.0,40095.0,3240.0,299.0,5175.0,15177.0,1661.0,13285.0,15177.0,1367.0,40383.0,641.0,283.0,0.0,39120.0,3.712274137167052,31.99910498968252,8.080808080808081,5.777777777777778,10.944191869275878,9.007050141661725,0.7007899363593592,96.87244632642448,0.0
72065,28001.0,38143.0,13868.0,38183.0,2571.0,545.0,5283.0,13283.0,3204.0,10010.0,13283.0,956.0,38266.0,143.0,46.0,0.0,38040.0,10.835108870758198,36.35791626248591,6.733363014954299,10.316108271815256,24.12105699013777,7.197169314160957,0.1202111535044164,99.40939737626093,0.0
72067,24862.0,15407.0,6171.0,15402.0,694.0,75.0,2008.0,6044.0,1081.0,4847.0,6044.0,703.0,15520.0,152.0,67.0,0.0,15237.0,1.5012137472850389,40.05322256117349,4.505908323594339,3.735059760956175,17.885506287227003,11.631369953673063,0.431701030927835,98.17654639175258,0.0
72069,26083.0,50133.0,19315.0,50158.0,2281.0,357.0,6879.0,18813.0,3319.0,15240.0,18813.0,2711.0,50441.0,210.0,0.0,0.0,49800.0,0.5894372838729959,38.52751680529791,4.547629490809044,5.189707806367204,17.642056025089033,14.410248232605111,0.0,98.72920838207014,0.0
72071,20484.0,42506.0,19837.0,42567.0,2385.0,368.0,5949.0,14640.0,6145.0,7010.0,14640.0,1786.0,42878.0,360.0,96.0,46.0,41935.0,5.425796986703304,46.6687055945043,5.602931848615125,6.185913598924189,41.974043715847,12.199453551912567,0.2238910396940155,97.80073697467232,0.1072811231867158
72073,18413.0,14613.0,8025.0,14613.0,491.0,90.0,1905.0,4876.0,1197.0,3474.0,4876.0,789.0,14653.0,243.0,0.0,0.0,14410.0,32.42438595304148,54.91685485526586,3.360021898309724,4.724409448818897,24.548810500410173,16.18129614438064,0.0,98.3416365249437,0.0
72075,23823.0,45933.0,19687.0,45881.0,2593.0,374.0,6197.0,15712.0,1831.0,13685.0,15712.0,2257.0,46276.0,85.0,40.0,0.0,46150.0,9.336456229317976,42.86025297716239,5.6515769054728535,6.035178312086494,11.653513238289204,14.364816700610998,0.086437894372893,99.7277206327254,0.0
72077,28196.0,36845.0,12527.0,36817.0,3207.0,369.0,4303.0,13422.0,1983.0,11315.0,13422.0,1525.0,36895.0,24.0,0.0,0.0,36776.0,2.018264346698368,33.99918577826028,8.710649971480565,8.57541250290495,14.774251229324989,11.36194307852779,0.0,99.6774630708768,0.0
72079,18920.0,23075.0,12223.0,23075.0,1301.0,297.0,3119.0,8236.0,2233.0,5291.0,8236.0,1138.0,23133.0,337.0,0.0,0.0,22632.0,35.91325962115368,52.97074756229686,5.638136511375948,9.52228278294325,27.112676056338028,13.817387081107334,0.0,97.83426274153808,0.0
72081,19323.0,27615.0,15152.0,27661.0,1629.0,185.0,4033.0,10517.0,2341.0,7827.0,10517.0,1333.0,27944.0,95.0,25.0,0.0,27734.0,22.515566625155667,54.868730762266885,5.889158020317415,4.587155963302752,22.259199391461443,12.67471712465532,0.08946464357286,99.24849699398796,0.0
72083,16170.0,8730.0,4712.0,8711.0,178.0,13.0,1227.0,2822.0,1625.0,1124.0,2822.0,352.0,8790.0,3.0,0.0,0.0,8750.0,98.79423033581249,53.97479954180985,2.043393410630238,1.0594947025264874,57.58327427356485,12.473423104181432,0.0,99.54493742889647,0.0
72085,25697.0,34920.0,13111.0,34949.0,2114.0,153.0,4362.0,12519.0,1677.0,10736.0,12519.0,1198.0,35034.0,11.0,42.0,0.0,34935.0,1.7225696418419556,37.54581901489118,6.048813986094022,3.5075653370013757,13.39563862928349,9.569454429267513,0.1198835417023462,99.71741736598732,0.0
72087,22500.0,23135.0,10366.0,23146.0,1693.0,286.0,3297.0,8730.0,1315.0,7364.0,8730.0,1713.0,23176.0,23.0,21.0,0.0,23113.0,4.499219178660364,44.80657013183488,7.314438779918777,8.67455262359721,15.063001145475372,19.621993127147768,0.0906109768726268,99.72816706938212,0.0
72089,23769.0,17594.0,7707.0,17618.0,1423.0,305.0,2287.0,6738.0,1262.0,5438.0,6738.0,1012.0,17631.0,142.0,37.0,0.0,17437.0,9.791350317754906,43.8047061498238,8.076966738562833,13.336248360297333,18.72959335114277,15.01929355891956,0.2098576371164426,98.89966536214622,0.0
72091,20352.0,38894.0,17869.0,38867.0,4245.0,466.0,5254.0,14813.0,5668.0,8925.0,14813.0,2632.0,39152.0,466.0,34.0,0.0,38191.0,10.728755190924744,45.94281894379596,10.921861733604343,8.869432813094784,38.26368730169446,17.7681766016337,0.0868410298324478,97.54546383326522,0.0
72093,20541.0,5176.0,2725.0,5176.0,39.0,8.0,797.0,1809.0,1146.0,632.0,1809.0,200.0,5176.0,47.0,0.0,0.0,5114.0,100.0,52.6468315301391,0.7534775888717156,1.0037641154328734,63.349917081260365,11.05583195135434,0.0,98.80216383307574,0.0
72095,19363.0,10474.0,5535.0,10474.0,798.0,36.0,1592.0,3985.0,1019.0,2966.0,3985.0,628.0,10482.0,38.0,0.0,0.0,10444.0,33.32703749173671,52.84514034752721,7.618865762841321,2.2613065326633164,25.57089084065245,15.75909661229611,0.0,99.63747376454874,0.0
72097,17963.0,70676.0,37469.0,71106.0,2929.0,777.0,8474.0,29407.0,4651.0,23841.0,29407.0,5441.0,71824.0,477.0,29.0,0.0,71154.0,4.237995538952064,53.01516780802535,4.119202317666582,9.16922350719849,15.815962185874112,18.50239738837692,0.0403764758298061,99.06716417910448,0.0
72099,21415.0,37095.0,17064.0,37243.0,1403.0,123.0,5272.0,13250.0,2139.0,10859.0,13250.0,1160.0,37402.0,121.0,49.0,0.0,37192.0,10.779498131340096,46.000808734330775,3.7671508739897432,2.3330804248861914,16.143396226415096,8.754716981132075,0.1310090369498957,99.43853269878616,0.0
72101,23010.0,28505.0,13879.0,28505.0,2273.0,488.0,4103.0,10026.0,2192.0,7582.0,10026.0,1273.0,28534.0,29.0,0.0,0.0,28505.0,12.510878267831655,48.68970356077881,7.974039642168041,11.893736290519133,21.86315579493317,12.696987831637742,0.0,99.89836686058736,0.0
72103,21416.0,23123.0,11099.0,23061.0,1425.0,98.0,2469.0,8217.0,1375.0,6709.0,8217.0,860.0,23205.0,111.0,105.0,0.0,22959.0,25.32284272641752,47.99982701206591,6.179263691947444,3.969218307006885,16.733601070950467,10.46610685164902,0.4524886877828054,98.939883645766,0.0
72105,21399.0,29033.0,14676.0,29181.0,1930.0,212.0,4189.0,8866.0,2714.0,5878.0,8866.0,1293.0,29246.0,0.0,0.0,0.0,29234.0,0.0,50.54937484930941,6.6138926013501935,5.060873716877537,30.611324159711256,14.583803293480711,0.0,99.95896874786295,0.0
72107,19062.0,21222.0,11147.0,21222.0,971.0,100.0,3127.0,6839.0,1807.0,4950.0,6839.0,995.0,21351.0,119.0,0.0,0.0,21202.0,39.49799384156014,52.52568089718217,4.575440580529639,3.197953309881676,26.42199151922796,14.548910659453137,0.0,99.30214041496886,0.0
72109,23422.0,15727.0,7513.0,15727.0,819.0,249.0,2481.0,6012.0,1227.0,4756.0,6012.0,800.0,15753.0,0.0,0.0,0.0,15753.0,27.55082890209572,47.77134863610352,5.207604756151841,10.03627569528416,20.409181636726547,13.30671989354624,0.0,100.0,0.0
72111,20959.0,20077.0,10240.0,20065.0,899.0,117.0,2791.0,6904.0,1262.0,5579.0,6904.0,734.0,20082.0,85.0,72.0,0.0,19925.0,24.18746016961616,51.00363600139463,4.480438574632444,4.192045861698316,18.279258400927,10.63151796060255,0.358530026889752,99.21820535803208,0.0
72113,18827.0,131427.0,66952.0,131365.0,6212.0,1030.0,17226.0,53587.0,8986.0,43780.0,53587.0,8838.0,134676.0,567.0,210.0,0.0,133695.0,6.364780240161174,50.94234822372877,4.7288090435047385,5.979333565540462,16.768992479519287,16.49280609102954,0.1559297870444622,99.27158513766372,0.0
72115,23624.0,23437.0,10559.0,23460.0,1055.0,71.0,3301.0,8167.0,2065.0,6024.0,8167.0,868.0,23486.0,277.0,22.0,0.0,23117.0,10.038920382435062,45.05269445748176,4.497016197783461,2.1508633747349286,25.284682257867026,10.628137627035631,0.0936728263646427,98.42885123052032,0.0
72117,25223.0,15252.0,6800.0,15252.0,848.0,276.0,2289.0,5585.0,1114.0,3411.0,5585.0,641.0,15276.0,585.0,0.0,0.0,14559.0,0.0658457891617831,44.584316810910046,5.559926567007605,12.057667103538662,19.94628469113697,11.477170993733214,0.0,95.30636292223096,0.0
72119,26745.0,46044.0,17042.0,46044.0,3537.0,487.0,6162.0,16396.0,2825.0,13414.0,16396.0,1914.0,46478.0,196.0,45.0,0.0,46120.0,5.091372715682108,37.01242289983494,7.681782642689601,7.903278156442713,17.22981214930471,11.673578921688216,0.0968200008606222,99.2297431042644,0.0
72121,20564.0,22432.0,9984.0,22442.0,1173.0,235.0,2864.0,7414.0,1956.0,3921.0,7414.0,828.0,22541.0,144.0,0.0,0.0,22369.0,13.106603898103744,44.50784593437946,5.226806879957223,8.205307262569832,26.382519557593746,11.168060426220665,0.0,99.2369460094938,0.0
72123,21611.0,25240.0,12122.0,25283.0,2038.0,151.0,3254.0,10030.0,2186.0,7617.0,10030.0,1353.0,25397.0,42.0,146.0,0.0,25178.0,21.19508317499709,48.026941362916006,8.060752284143495,4.640442532267978,21.79461615154536,13.489531405782651,0.5748710477615466,99.13769342835768,0.0
72125,17921.0,31190.0,16193.0,31396.0,1677.0,251.0,4130.0,11549.0,6027.0,5362.0,11549.0,1966.0,31514.0,259.0,12.0,0.0,31223.0,18.68000878321152,51.91728117986534,5.341444770034399,6.0774818401937045,52.18633647934886,17.023118884751927,0.0380783143999492,99.07660087580123,0.0
72127,26981.0,334672.0,132143.0,335435.0,30135.0,5230.0,45369.0,147795.0,38049.0,106064.0,147795.0,31885.0,338661.0,4778.0,573.0,0.0,331642.0,0.0055513514619045,39.48433092699718,8.98385678298329,11.52769512222002,25.74444331675632,21.573801549443488,0.1691957444169833,97.92742595102476,0.0
72129,21320.0,37375.0,16674.0,37412.0,2020.0,325.0,5534.0,13940.0,3033.0,10875.0,13940.0,2212.0,37515.0,6.0,16.0,0.0,37390.0,12.936088928978856,44.61270903010033,5.399337111087352,5.87278641127575,21.757532281205165,15.868005738880916,0.042649606823937,99.666799946688,0.0
72131,17834.0,38954.0,20408.0,38953.0,2057.0,303.0,5514.0,14238.0,3184.0,9890.0,14238.0,1432.0,39168.0,772.0,0.0,0.0,38191.0,17.75320879400178,52.38999845972173,5.2807229224963415,5.495103373231774,22.362691389240062,10.057592358477317,0.0,97.50561683006536,0.0
72133,23197.0,20046.0,9169.0,19997.0,1123.0,52.0,2357.0,7430.0,1326.0,6008.0,7430.0,871.0,20064.0,56.0,39.0,0.0,19938.0,18.24367634732015,45.73979846353387,5.615842376356453,2.206194314806958,17.84656796769852,11.722745625841185,0.194377990430622,99.372009569378,0.0
72135,33349.0,66300.0,22427.0,66216.0,4039.0,474.0,9279.0,23111.0,6365.0,16097.0,23111.0,1446.0,66536.0,366.0,63.0,0.0,66029.0,1.0964518638185845,33.82654600301659,6.099734203213725,5.108309085030714,27.540997793258622,6.256760849811778,0.0946855837441385,99.23800649272576,0.0
72137,29648.0,73604.0,24898.0,73495.0,4704.0,751.0,9700.0,28988.0,4808.0,23748.0,28988.0,2636.0,73987.0,383.0,63.0,25.0,73438.0,0.8805599458116956,33.8269659257649,6.400435403768964,7.742268041237113,16.58617358907134,9.09341796605492,0.085150093935421,99.25797775284848,0.0337897198156432
72139,38773.0,67005.0,18871.0,66934.0,3280.0,586.0,8949.0,26133.0,3589.0,22085.0,26133.0,2371.0,67329.0,364.0,119.0,0.0,66810.0,0.023619722468261,28.163569882844563,4.900349598111573,6.548217677952844,13.733593540733938,9.07281980637508,0.1767440478842697,99.2291583121686,0.0
72141,17624.0,27765.0,14852.0,27869.0,1432.0,453.0,4078.0,10541.0,2963.0,7108.0,10541.0,1529.0,27896.0,355.0,22.0,0.0,27371.0,53.96825396825397,53.4918062308662,5.138325738275503,11.108386463952918,28.10928754387629,14.505265155108624,0.0788643533123028,98.11800975050188,0.0
72143,25235.0,34875.0,14391.0,34890.0,1495.0,113.0,4627.0,13365.0,2435.0,10812.0,13365.0,1690.0,35114.0,94.0,75.0,0.0,34890.0,3.921457833027264,41.26451612903226,4.284895385497277,2.442187162308191,18.21922933034044,12.644968200523756,0.2135900210742154,99.362077803725,0.0
72145,23877.0,53745.0,22724.0,53896.0,5396.0,694.0,7449.0,20482.0,6664.0,13529.0,20482.0,2422.0,54058.0,780.0,40.0,0.0,53036.0,6.174881464329033,42.28114243185413,10.01187472168621,9.3166868035978,32.53588516746412,11.825017088174985,0.0739945983943172,98.1094380110252,0.0
72147,17531.0,8147.0,4850.0,8147.0,930.0,134.0,1293.0,2663.0,551.0,2083.0,2663.0,427.0,8147.0,199.0,38.0,0.0,7803.0,20.8388895623712,59.531115748128144,11.415244875414263,10.363495746326372,20.69095005632745,16.034547502816373,0.4664293605007978,95.77758684178224,0.0
72149,24882.0,21670.0,9065.0,21628.0,455.0,117.0,3231.0,7587.0,1435.0,6026.0,7587.0,923.0,21778.0,63.0,7.0,0.0,21700.0,17.78843977730503,41.832025842178126,2.103754392454226,3.62116991643454,18.913931725319625,12.165546329247396,0.0321425291578657,99.6418403893838,0.0
72151,21279.0,29821.0,14826.0,29810.0,1463.0,277.0,4450.0,11760.0,2647.0,9057.0,11760.0,1686.0,29868.0,119.0,6.0,0.0,29732.0,18.079931637415367,49.71664263438517,4.907749077490775,6.224719101123595,22.508503401360542,14.33673469387755,0.0200883889112093,99.54466318467924,0.0
72153,21918.0,33339.0,14855.0,33323.0,1645.0,443.0,4927.0,12565.0,2781.0,8209.0,12565.0,1401.0,33509.0,129.0,0.0,0.0,33243.0,17.815755589371417,44.55742523770959,4.9365303244005645,8.99127257966308,22.13290887385595,11.150019896538002,0.0,99.20618341341132,0.0
