county_fips,state_fips,county_name,state_name,lat,lon,pop2020
01001,01,Autauga,Alabama,32.500194,-86.487813,58805
01003,01,Baldwin,Alabama,30.537396,-87.761478,231767
01005,01,Barbour,Alabama,31.843981,-85.301306,25223
01007,01,Bibb,Alabama,33.032236,-87.136826,22293
01009,01,Blount,Alabama,33.954604,-86.592667,59134
01011,01,Bullock,Alabama,32.115838,-85.702354,10357
01013,01,Butler,Alabama,31.776019,-86.6524,19051
01015,01,Calhoun,Alabama,33.727215,-85.817974,116441
01017,01,Chambers,Alabama,32.85644,-85.25964,34772
01019,01,Cherokee,Alabama,34.180501,-85.629887,24971
01021,01,Chilton,Alabama,32.879146,-86.688861,45014
01023,01,Choctaw,Alabama,32.016121,-88.262482,12665
01025,01,Clarke,Alabama,31.683493,-87.815868,23087
01027,01,Clay,Alabama,33.274342,-85.817245,14236
01029,01,Cleburne,Alabama,33.625217,-85.495748,15056
01031,01,Coffee,Alabama,31.353217,-85.899556,53465
01033,01,Colbert,Alabama,34.724339,-87.681892,57227
01035,01,Conecuh,Alabama,31.41643,-86.997537,11597
01037,01,Coosa,Alabama,32.976884,-86.156212,10387
01039,01,Covington,Alabama,31.284146,-86.409203,37570
01041,01,Crenshaw,Alabama,31.747324,-86.296787,13194
01043,01,Cullman,Alabama,34.162652,-86.83269,87866
01045,01,Dale,Alabama,31.383858,-85.63771,49326
01047,01,Dallas,Alabama,32.411818,-87.035342,38462
01049,01,DeKalb,Alabama,34.452725,-85.817465,71608
01051,01,Elmore,Alabama,32.558527,-86.225332,87977
01053,01,Escambia,Alabama,31.085439,-87.280078,36757
01055,01,Etowah,Alabama,34.012182,-86.025892,103436
01057,01,Fayette,Alabama,33.726912,-87.76749,16321
01059,01,Franklin,Alabama,34.463509,-87.793592,32113
01061,01,Geneva,Alabama,31.094511,-85.781426,26659
01063,01,Greene,Alabama,32.833838,-87.924522,7730
01065,01,Hale,Alabama,32.783251,-87.627964,14785
01067,01,Henry,Alabama,31.469275,-85.271132,17146
01069,01,Houston,Alabama,31.204793,-85.39632,107202
01071,01,Jackson,Alabama,34.727289,-85.943552,52579
01073,01,Jefferson,Alabama,33.517206,-86.811606,674721
01075,01,Lamar,Alabama,33.761275,-88.108771,13972
01077,01,Lauderdale,Alabama,34.865524,-87.608858,93564
01079,01,Lawrence,Alabama,34.540863,-87.27158,33073
01081,01,Lee,Alabama,32.592265,-85.359778,174241
01083,01,Limestone,Alabama,34.803982,-86.922366,103570
01085,01,Lowndes,Alabama,32.164241,-86.615186,10311
01087,01,Macon,Alabama,32.429073,-85.711764,19532
01089,01,Madison,Alabama,34.742996,-86.61533,388153
01091,01,Marengo,Alabama,32.342372,-87.803475,19323
01093,01,Marion,Alabama,34.110448,-87.876476,29341
01095,01,Marshall,Alabama,34.311249,-86.291329,97612
01097,01,Mobile,Alabama,30.684049,-88.175178,414809
01099,01,Monroe,Alabama,31.4988,-87.364576,19772
01101,01,Montgomery,Alabama,32.346473,-86.233787,228954
01103,01,Morgan,Alabama,34.513887,-86.931981,123421
01105,01,Perry,Alabama,32.584881,-87.369738,8511
01107,01,Pickens,Alabama,33.284667,-88.074381,19123
01109,01,Pike,Alabama,31.786041,-85.946994,33009
01111,01,Randolph,Alabama,33.264692,-85.427378,21967
01113,01,Russell,Alabama,32.414904,-85.054594,59183
01115,01,St. Clair,Alabama,33.660943,-86.374875,91103
01117,01,Shelby,Alabama,33.290336,-86.73899,223024
01119,01,Sumter,Alabama,32.571003,-88.230925,12345
01121,01,Talladega,Alabama,33.376936,-86.165876,82149
01123,01,Tallapoosa,Alabama,32.851728,-85.864016,41311
01125,01,Tuscaloosa,Alabama,33.214817,-87.518474,227036
01127,01,Walker,Alabama,33.834217,-87.250515,65342
01129,01,Washington,Alabama,31.413666,-88.195263,15388
01131,01,Wilcox,Alabama,32.007448,-87.376912,10600
01133,01,Winston,Alabama,34.164369,-87.415624,23540
02013,02,Aleutians East,Alaska,54.672887,-163.763729,3420
02016,02,Aleutians West,Alaska,54.024627,-168.148047,5232
02020,02,Anchorage,Alaska,61.191547,-149.792287,291247
02050,02,Bethel,Alaska,60.667568,-162.178288,18666
02060,02,Bristol Bay,Alaska,58.733456,-156.833611,844
02063,02,Chugach,Alaska,60.881369,-146.199156,7102
02066,02,Copper River,Alaska,62.060769,-145.032939,2617
02068,02,Denali,Alaska,63.86431,-149.027498,1619
02070,02,Dillingham,Alaska,59.128804,-158.75132,4857
02090,02,Fairbanks North Star,Alaska,64.831239,-147.623249,95655
02100,02,Haines,Alaska,59.234185,-135.497336,2080
02105,02,Hoonah-Angoon,Alaska,58.123876,-135.423534,2365
02110,02,Juneau,Alaska,58.360173,-134.533023,32255
02122,02,Kenai Peninsula,Alaska,60.283998,-151.068103,58799
02130,02,Ketchikan Gateway,Alaska,55.369105,-131.678418,13948
02150,02,Kodiak Island,Alaska,57.774607,-152.454785,13101
02158,02,Kusilvak,Alaska,62.076819,-164.34049,8368
02164,02,Lake and Peninsula,Alaska,58.617154,-156.27339,1476
02170,02,Matanuska-Susitna,Alaska,61.607247,-149.432649,107081
02180,02,Nome,Alaska,64.431631,-165.269108,10046
02185,02,North Slope,Alaska,70.480816,-155.295377,11031
02188,02,Northwest Arctic,Alaska,66.897051,-161.582978,7793
02195,02,Petersburg,Alaska,56.79507,-132.943575,3398
02198,02,Prince of Wales-Hyder,Alaska,55.59077,-132.668824,5753
02220,02,Sitka,Alaska,57.062777,-135.335988,8458
02230,02,Skagway,Alaska,59.465893,-135.310551,1240
02240,02,Southeast Fairbanks,Alaska,63.861551,-144.698751,6808
02275,02,Wrangell,Alaska,56.426145,-132.355422,2127
02282,02,Yakutat,Alaska,59.545059,-139.714907,662
02290,02,Yukon-Koyukuk,Alaska,64.966051,-152.827744,5343
04001,04,Apache,Arizona,35.543654,-109.419015,66021
04003,04,Cochise,Arizona,31.603486,-110.072835,125447
04005,04,Coconino,Arizona,35.476113,-111.601825,145101
04007,04,Gila,Arizona,33.844439,-111.015003,53272
04009,04,Graham,Arizona,32.867145,-109.808107,38533
04011,04,Greenlee,Arizona,32.985155,-109.259546,9563
04012,04,La Paz,Arizona,33.954185,-114.183775,16557
04013,04,Maricopa,Arizona,33.490147,-112.044016,4420568
04015,04,Mohave,Arizona,35.034511,-114.262415,213267
04017,04,Navajo,Arizona,34.862151,-110.205157,106717
04019,04,Pima,Arizona,32.216427,-110.95803,1043433
04021,04,Pinal,Arizona,33.069323,-111.602135,425264
04023,04,Santa Cruz,Arizona,31.439234,-110.945948,47669
04025,04,Yavapai,Arizona,34.628734,-112.273841,236209
04027,04,Yuma,Arizona,32.641391,-114.605444,203881
05001,05,Arkansas,Arkansas,34.403488,-91.460834,17149
05003,05,Ashley,Arkansas,33.17959,-91.877908,19062
05005,05,Baxter,Arkansas,36.331791,-92.383935,41627
05007,05,Benton,Arkansas,36.335056,-94.230342,284333
05009,05,Boone,Arkansas,36.266608,-93.098769,37373
05011,05,Bradley,Arkansas,33.574422,-92.101277,10545
05013,05,Calhoun,Arkansas,33.585989,-92.500683,4739
05015,05,Carroll,Arkansas,36.375744,-93.574712,28260
05017,05,Chicot,Arkansas,33.325951,-91.318357,10208
05019,05,Clark,Arkansas,34.099325,-93.123962,21446
05021,05,Clay,Arkansas,36.370287,-90.366417,14552
05023,05,Cleburne,Arkansas,35.507218,-92.037753,24711
05025,05,Cleveland,Arkansas,33.912967,-92.136375,7550
05027,05,Columbia,Arkansas,33.258766,-93.247178,22801
05029,05,Conway,Arkansas,35.21299,-92.705923,20715
05031,05,Craighead,Arkansas,35.835762,-90.669235,111231
05033,05,Crawford,Arkansas,35.494096,-94.285922,60133
05035,05,Crittenden,Arkansas,35.176704,-90.213521,48163
05037,05,Cross,Arkansas,35.251667,-90.777424,16833
05039,05,Dallas,Arkansas,33.864882,-92.525216,6482
05041,05,Desha,Arkansas,33.768029,-91.415165,11395
05043,05,Drew,Arkansas,33.627329,-91.784085,17350
05045,05,Faulkner,Arkansas,35.105697,-92.406071,123498
05047,05,Franklin,Arkansas,35.442155,-93.891039,17097
05049,05,Fulton,Arkansas,36.375654,-91.766807,12075
05051,05,Garland,Arkansas,34.505767,-93.080729,100180
05053,05,Grant,Arkansas,34.311672,-92.412583,17958
05055,05,Greene,Arkansas,36.071536,-90.522562,45736
05057,05,Hempstead,Arkansas,33.698177,-93.620782,20065
05059,05,Hot Spring,Arkansas,34.353569,-92.895511,33040
05061,05,Howard,Arkansas,33.981466,-93.908938,12785
05063,05,Independence,Arkansas,35.750729,-91.607338,37938
05065,05,Izard,Arkansas,36.1215,-91.911716,13577
05067,05,Jackson,Arkansas,35.623062,-91.246504,16755
05069,05,Jefferson,Arkansas,34.234814,-92.045118,67260
05071,05,Johnson,Arkansas,35.476548,-93.473125,25749
05073,05,Lafayette,Arkansas,33.278875,-93.557713,6308
05075,05,Lawrence,Arkansas,36.070844,-91.064441,16216
05077,05,Lee,Arkansas,34.787429,-90.769631,8600
05079,05,Lincoln,Arkansas,33.973433,-91.745899,12941
05081,05,Little River,Arkansas,33.700349,-94.198663,12026
05083,05,Logan,Arkansas,35.227664,-93.768311,21131
05085,05,Lonoke,Arkansas,34.916983,-91.973917,74015
05087,05,Madison,Arkansas,36.062896,-93.757685,16521
05089,05,Marion,Arkansas,36.284395,-92.660219,16826
05091,05,Miller,Arkansas,33.402394,-93.987198,42600
05093,05,Mississippi,Arkansas,35.843368,-90.001606,40685
05095,05,Monroe,Arkansas,34.777063,-91.221516,6799
05097,05,Montgomery,Arkansas,34.514568,-93.622447,8484
05099,05,Nevada,Arkansas,33.725543,-93.359433,8310
05101,05,Newton,Arkansas,35.982591,-93.165658,7225
05103,05,Ouachita,Arkansas,33.573847,-92.838686,22650
05105,05,Perry,Arkansas,34.998711,-92.777667,10019
05107,05,Phillips,Arkansas,34.530919,-90.703802,16568
05109,05,Pike,Arkansas,34.186355,-93.626194,10171
05111,05,Poinsett,Arkansas,35.604751,-90.558401,22965
05113,05,Polk,Arkansas,34.522847,-94.25793,19221
05115,05,Pope,Arkansas,35.309054,-93.096833,63381
05117,05,Prairie,Arkansas,34.863817,-91.540516,8282
05119,05,Pulaski,Arkansas,34.775246,-92.315081,399125
05121,05,Randolph,Arkansas,36.302137,-90.989599,18571
05123,05,St. Francis,Arkansas,35.016355,-90.774948,23090
05125,05,Saline,Arkansas,34.596991,-92.546119,123416
05127,05,Scott,Arkansas,34.904224,-94.097007,9836
05129,05,Searcy,Arkansas,35.923072,-92.660663,7828
05131,05,Sebastian,Arkansas,35.318718,-94.354788,127799
05133,05,Sevier,Arkansas,34.015316,-94.30378,15839
05135,05,Sharp,Arkansas,36.178093,-91.51953,17271
05137,05,Stone,Arkansas,35.855715,-92.133812,12359
05139,05,Union,Arkansas,33.207421,-92.65198,39054
05141,05,Van Buren,Arkansas,35.568095,-92.42013,15796
05143,05,Washington,Arkansas,36.09592,-94.172336,245871
05145,05,White,Arkansas,35.239408,-91.773595,76822
05147,05,Woodruff,Arkansas,35.233161,-91.251021,6269
05149,05,Yell,Arkansas,35.127752,-93.28293,20263
06001,06,Alameda,California,37.706599,-122.098766,1682353
06003,06,Alpine,California,38.728485,-119.847822,1204
06005,06,Amador,California,38.395906,-120.778038,40474
06007,06,Butte,California,39.658926,-121.72651,211632
06009,06,Calaveras,California,38.157342,-120.645222,45292
06011,06,Colusa,California,39.153446,-122.083801,21839
06013,06,Contra Costa,California,37.93501,-122.024961,1165927
06015,06,Del Norte,California,41.790833,-124.164236,27743
06017,06,El Dorado,California,38.741021,-120.761446,191185
06019,06,Fresno,California,36.743848,-119.765291,1008654
06021,06,Glenn,California,39.665777,-122.179287,28917
06023,06,Humboldt,California,40.757636,-124.088127,136463
06025,06,Imperial,California,32.841599,-115.540049,179702
06027,06,Inyo,California,37.171422,-118.268567,19016
06029,06,Kern,California,35.369809,-118.941786,909235
06031,06,Kings,California,36.252657,-119.726922,152486
06033,06,Lake,California,38.976233,-122.732922,68163
06035,06,Lassen,California,40.393749,-120.584467,32730
06037,06,Los Angeles,California,34.067886,-118.24599,10014009
06039,06,Madera,California,37.037074,-120.009796,156255
06041,06,Marin,California,37.986474,-122.546657,262321
06043,06,Mariposa,California,37.532076,-119.971401,17131
06045,06,Mendocino,California,39.285646,-123.394154,91601
06047,06,Merced,California,37.274812,-120.628944,281202
06049,06,Modoc,California,41.521665,-120.631201,8700
06051,06,Mono,California,37.773016,-118.970627,13195
06053,06,Monterey,California,36.614681,-121.646692,439035
06055,06,Napa,California,38.325108,-122.319983,138019
06057,06,Nevada,California,39.220021,-120.915206,102241
06059,06,Orange,California,33.732683,-117.858773,3186989
06061,06,Placer,California,38.839708,-121.198379,404739
06063,06,Plumas,California,39.981152,-120.821957,19790
06065,06,Riverside,California,33.799274,-117.076969,2418185
06067,06,Sacramento,California,38.568337,-121.381235,1585055
06069,06,San Benito,California,36.843074,-121.402614,64209
06071,06,San Bernardino,California,34.190969,-117.359766,2181654
06073,06,San Diego,California,32.884418,-117.112348,3298634
06075,06,San Francisco,California,37.760569,-122.436499,873965
06077,06,San Joaquin,California,37.924541,-121.302289,779233
06079,06,San Luis Obispo,California,35.341822,-120.665804,282424
06081,06,San Mateo,California,37.563575,-122.339869,764442
06083,06,Santa Barbara,California,34.645128,-120.1029,448229
06085,06,Santa Clara,California,37.315518,-121.91109,1936259
06087,06,Santa Cruz,California,36.986338,-121.938739,270861
06089,06,Shasta,California,40.578348,-122.300147,182155
06091,06,Sierra,California,39.607184,-120.421856,3236
06093,06,Siskiyou,California,41.572743,-122.493725,44076
06095,06,Solano,California,38.236295,-122.067272,453491
06097,06,Sonoma,California,38.412281,-122.720368,488863
06099,06,Stanislaus,California,37.618447,-120.955882,552878
06101,06,Sutter,California,39.137197,-121.643973,99633
06103,06,Tehama,California,40.114795,-122.219057,65829
06105,06,Trinity,California,40.629982,-123.096608,16112
06107,06,Tulare,California,36.254134,-119.23454,473117
06109,06,Tuolumne,California,37.972006,-120.325224,55620
06111,06,Ventura,California,34.242809,-119.025486,843843
06113,06,Yolo,California,38.598163,-121.718874,216403
06115,06,Yuba,California,39.131905,-121.510607,81575
08001,08,Adams,Colorado,39.876949,-104.920943,519572
08003,08,Alamosa,Colorado,37.481888,-105.877629,16376
08005,08,Arapahoe,Colorado,39.646582,-104.838574,655070
08007,08,Archuleta,Colorado,37.240274,-107.089808,13359
08009,08,Baca,Colorado,37.368105,-102.53204,3506
08011,08,Bent,Colorado,38.072919,-103.166006,5650
08013,08,Boulder,Colorado,40.062992,-105.180215,330758
08014,08,Broomfield,Colorado,39.939871,-105.058131,74112
08015,08,Chaffee,Colorado,38.676811,-106.085131,19476
08017,08,Cheyenne,Colorado,38.817655,-102.470052,1748
08019,08,Clear Creek,Colorado,39.713458,-105.532527,9397
08021,08,Conejos,Colorado,37.199613,-105.987323,7461
08023,08,Costilla,Colorado,37.29223,-105.444296,3499
08025,08,Crowley,Colorado,38.193783,-103.856387,5922
08027,08,Custer,Colorado,38.133198,-105.382527,4704
08029,08,Delta,Colorado,38.798198,-107.913769,31196
08031,08,Denver,Colorado,39.72486,-104.950033,715522
08033,08,Dolores,Colorado,37.746934,-108.758724,2326
08035,08,Douglas,Colorado,39.482023,-104.87357,357978
08037,08,Eagle,Colorado,39.600516,-106.733421,55731
08039,08,Elbert,Colorado,39.388552,-104.52311,26062
08041,08,El Paso,Colorado,38.877314,-104.75212,730395
08043,08,Fremont,Colorado,38.426941,-105.214303,48939
08045,08,Garfield,Colorado,39.507103,-107.549019,61685
08047,08,Gilpin,Colorado,39.856062,-105.483217,5808
08049,08,Grand,Colorado,40.051143,-105.978501,15717
08051,08,Gunnison,Colorado,38.660002,-106.944384,16918
08053,08,Hinsdale,Colorado,38.002552,-107.29875,788
08055,08,Huerfano,Colorado,37.612538,-104.887584,6820
08057,08,Jackson,Colorado,40.690192,-106.295485,1379
08059,08,Jefferson,Colorado,39.72369,-105.130309,582910
08061,08,Kiowa,Colorado,38.470085,-102.700966,1446
08063,08,Kit Carson,Colorado,39.310418,-102.462031,7087
08065,08,Lake,Colorado,39.244814,-106.30747,7436
08067,08,La Plata,Colorado,37.266021,-107.803947,55638
08069,08,Larimer,Colorado,40.504402,-105.089155,359066
08071,08,Las Animas,Colorado,37.192053,-104.501324,14555
08073,08,Lincoln,Colorado,39.180049,-103.614219,5675
08075,08,Logan,Colorado,40.64034,-103.185977,21528
08077,08,Mesa,Colorado,39.092942,-108.546673,155703
08079,08,Mineral,Colorado,37.779142,-106.942063,865
08081,08,Moffat,Colorado,40.51606,-107.613977,13292
08083,08,Montezuma,Colorado,37.371913,-108.554458,25849
08085,08,Montrose,Colorado,38.481301,-107.922349,42679
08087,08,Morgan,Colorado,40.254229,-103.789071,29111
08089,08,Otero,Colorado,38.023236,-103.655776,18690
08091,08,Ouray,Colorado,38.146044,-107.751894,4874
08093,08,Park,Colorado,39.305737,-105.625362,17390
08095,08,Phillips,Colorado,40.599356,-102.385877,4530
08097,08,Pitkin,Colorado,39.231757,-106.908716,17358
08099,08,Prowers,Colorado,38.083029,-102.548624,11999
08101,08,Pueblo,Colorado,38.265773,-104.646976,168162
08103,08,Rio Blanco,Colorado,40.05108,-108.268744,6529
08105,08,Rio Grande,Colorado,37.61185,-106.242067,11539
08107,08,Routt,Colorado,40.455504,-106.89741,24829
08109,08,Saguache,Colorado,37.925349,-106.006105,6368
08111,08,San Juan,Colorado,37.801877,-107.673598,705
08113,08,San Miguel,Colorado,37.971818,-107.958108,8072
08115,08,Sedgwick,Colorado,40.962161,-102.325673,2404
08117,08,Summit,Colorado,39.572383,-106.055673,31055
08119,08,Teller,Colorado,38.944782,-105.139899,24710
08121,08,Washington,Colorado,40.098312,-103.157119,4817
08123,08,Weld,Colorado,40.322426,-104.807009,328981
08125,08,Yuma,Colorado,40.065848,-102.480825,9988
09001,09,Fairfield,Connecticut,41.206021,-73.367214,957419
09003,09,Hartford,Connecticut,41.761165,-72.717868,899498
09005,09,Litchfield,Connecticut,41.726958,-73.190432,185186
09007,09,Middlesex,Connecticut,41.479018,-72.571631,164245
09009,09,New Haven,Connecticut,41.396593,-72.942327,864835
09011,09,New London,Connecticut,41.443271,-72.097543,268555
09013,09,Tolland,Connecticut,41.842288,-72.372969,149788
09015,09,Windham,Connecticut,41.80508,-71.993508,116418
10001,10,Kent,Delaware,39.127081,-75.55913,181851
10003,10,New Castle,Delaware,39.678852,-75.63529,570719
10005,10,Sussex,Delaware,38.661794,-75.331473,237378
11001,11,District of Columbia,District of Columbia,38.910168,-77.013993,689545
12001,12,Alachua,Florida,29.664721,-82.391582,278468
12003,12,Baker,Florida,30.286374,-82.184536,28259
12005,12,Bay,Florida,30.21282,-85.670601,175216
12007,12,Bradford,Florida,29.949896,-82.128265,28303
12009,12,Brevard,Florida,28.225111,-80.690892,606612
12011,12,Broward,Florida,26.135399,-80.226976,1944375
12013,12,Calhoun,Florida,30.464333,-85.125841,13648
12015,12,Charlotte,Florida,26.953831,-82.117344,186847
12017,12,Citrus,Florida,28.865585,-82.455213,153843
12019,12,Clay,Florida,30.087758,-81.800487,218245
12021,12,Collier,Florida,26.203653,-81.69257,375752
12023,12,Columbia,Florida,30.122022,-82.664496,69698
12027,12,DeSoto,Florida,27.1868,-81.87051,33976
12029,12,Dixie,Florida,29.634593,-83.058664,16759
12031,12,Duval,Florida,30.298646,-81.620436,995567
12033,12,Escambia,Florida,30.485666,-87.277106,321905
12035,12,Flagler,Florida,29.521471,-81.222102,115378
12037,12,Franklin,Florida,29.785968,-84.813247,12451
12039,12,Gadsden,Florida,30.593632,-84.571737,43826
12041,12,Gilchrist,Florida,29.705263,-82.808104,17864
12043,12,Glades,Florida,26.897019,-81.189563,12126
12045,12,Gulf,Florida,29.955584,-85.259724,14192
12047,12,Hamilton,Florida,30.501436,-82.999025,14004
12049,12,Hardee,Florida,27.548142,-81.816969,25327
12051,12,Hendry,Florida,26.726562,-81.216144,39619
12053,12,Hernando,Florida,28.504446,-82.497025,194515
12055,12,Highlands,Florida,27.462632,-81.444816,101235
12057,12,Hillsborough,Florida,27.967264,-82.39857,1459762
12059,12,Holmes,Florida,30.847037,-85.754664,19653
12061,12,Indian River,Florida,27.671332,-80.440738,159788
12063,12,Jackson,Florida,30.797248,-85.218988,47319
12065,12,Jefferson,Florida,30.502892,-83.89133,14510
12067,12,Lafayette,Florida,30.063591,-83.176369,8226
12069,12,Lake,Florida,28.716853,-81.750668,383956
12071,12,Lee,Florida,26.576019,-81.851845,760822
12073,12,Leon,Florida,30.466102,-84.269682,292198
12075,12,Levy,Florida,29.380119,-82.662921,42915
12077,12,Liberty,Florida,30.399108,-84.907135,7974
12079,12,Madison,Florida,30.472359,-83.425943,17968
12081,12,Manatee,Florida,27.478313,-82.520478,399710
12083,12,Marion,Florida,29.135817,-82.126125,375908
12085,12,Martin,Florida,27.145869,-80.245706,158431
12086,12,Miami-Dade,Florida,25.769326,-80.30118,2701767
12087,12,Monroe,Florida,24.747427,-81.244796,82874
12089,12,Nassau,Florida,30.608318,-81.63434,90352
12091,12,Okaloosa,Florida,30.551645,-86.565567,211668
12093,12,Okeechobee,Florida,27.271934,-80.824315,39644
12095,12,Orange,Florida,28.526077,-81.388371,1429908
12097,12,Osceola,Florida,28.269056,-81.39037,388656
12099,12,Palm Beach,Florida,26.616523,-80.143701,1492191
12101,12,Pasco,Florida,28.258217,-82.51024,561891
12103,12,Pinellas,Florida,27.900189,-82.727015,959107
12105,12,Polk,Florida,28.042479,-81.786864,725046
12107,12,Putnam,Florida,29.60923,-81.721195,73321
12109,12,St. Johns,Florida,29.991793,-81.434924,273425
12111,12,St. Lucie,Florida,27.333592,-80.357144,329226
12113,12,Santa Rosa,Florida,30.547226,-87.035767,188000
12115,12,Sarasota,Florida,27.201139,-82.416033,434006
12117,12,Seminole,Florida,28.699171,-81.310073,470856
12119,12,Sumter,Florida,28.83348,-82.024754,129752
12121,12,Suwannee,Florida,30.213664,-82.985113,43474
12123,12,Taylor,Florida,30.056859,-83.590349,21796
12125,12,Union,Florida,30.011442,-82.35769,16147
12127,12,Volusia,Florida,29.072351,-81.126278,553543
12129,12,Wakulla,Florida,30.187394,-84.332906,33764
12131,12,Walton,Florida,30.543793,-86.19019,75305
12133,12,Washington,Florida,30.649403,-85.62387,25318
13001,13,Appling,Georgia,31.770708,-82.338755,18444
13003,13,Atkinson,Georgia,31.317495,-82.878111,8286
13005,13,Bacon,Georgia,31.547,-82.46609,11140
13007,13,Baker,Georgia,31.31096,-84.433608,2876
13009,13,Baldwin,Georgia,33.085482,-83.243621,43799
13011,13,Banks,Georgia,34.349158,-83.507471,18035
13013,13,Barrow,Georgia,33.992491,-83.728597,83505
13015,13,Bartow,Georgia,34.208535,-84.829148,108901
13017,13,Ben Hill,Georgia,31.727139,-83.24814,17194
13019,13,Berrien,Georgia,31.233472,-83.251763,18160
13021,13,Bibb,Georgia,32.834626,-83.690072,157346
13023,13,Bleckley,Georgia,32.401506,-83.332183,12583
13025,13,Brantley,Georgia,31.217234,-81.970017,18021
13027,13,Brooks,Georgia,30.841118,-83.54227,16301
13029,13,Bryan,Georgia,31.958731,-81.353407,44738
13031,13,Bulloch,Georgia,32.415313,-81.762378,81099
13033,13,Burke,Georgia,33.103215,-82.002339,24596
13035,13,Butts,Georgia,33.294854,-83.972919,25434
13037,13,Calhoun,Georgia,31.526143,-84.662951,5573
13039,13,Camden,Georgia,30.812543,-81.631375,54768
13043,13,Candler,Georgia,32.399154,-82.060428,10981
13045,13,Carroll,Georgia,33.623974,-85.043815,119148
13047,13,Catoosa,Georgia,34.928524,-85.172189,67872
13049,13,Charlton,Georgia,30.786554,-82.024244,12518
13051,13,Chatham,Georgia,32.043151,-81.136643,295291
13053,13,Chattahoochee,Georgia,32.342797,-84.896374,9565
13055,13,Chattooga,Georgia,34.496004,-85.344042,24965
13057,13,Cherokee,Georgia,34.170504,-84.494745,266620
13059,13,Clarke,Georgia,33.950374,-83.381417,128671
13061,13,Clay,Georgia,31.634951,-85.014589,2848
13063,13,Clayton,Georgia,33.551579,-84.361187,297595
13065,13,Clinch,Georgia,31.021262,-82.744401,6749
13067,13,Cobb,Georgia,33.941801,-84.557976,766149
13069,13,Coffee,Georgia,31.515718,-82.838428,43092
13071,13,Colquitt,Georgia,31.179661,-83.767871,45898
13073,13,Columbia,Georgia,33.514668,-82.175338,156010
13075,13,Cook,Georgia,31.148353,-83.423804,17229
13077,13,Coweta,Georgia,33.377998,-84.73346,146158
13079,13,Crawford,Georgia,32.706715,-83.930196,12130
13081,13,Crisp,Georgia,31.949314,-83.778048,20128
13083,13,Dade,Georgia,34.881193,-85.497925,16251
13085,13,Dawson,Georgia,34.400246,-84.102212,26798
13087,13,Decatur,Georgia,30.889772,-84.569999,29367
13089,13,DeKalb,Georgia,33.790223,-84.247613,764382
13091,13,Dodge,Georgia,32.212397,-83.173704,19925
13093,13,Dooly,Georgia,32.170176,-83.78074,11208
13095,13,Dougherty,Georgia,31.574147,-84.171202,85790
13097,13,Douglas,Georgia,33.724594,-84.735518,144237
13099,13,Early,Georgia,31.335623,-84.919905,10854
13101,13,Echols,Georgia,30.712259,-83.050326,3697
13103,13,Effingham,Georgia,32.287329,-81.299809,64769
13105,13,Elbert,Georgia,34.128394,-82.880506,19637
13107,13,Emanuel,Georgia,32.586625,-82.306411,22768
13109,13,Evans,Georgia,32.168708,-81.906627,10774
13111,13,Fannin,Georgia,34.902937,-84.312915,25319
13113,13,Fayette,Georgia,33.428121,-84.513188,119194
13115,13,Floyd,Georgia,34.256222,-85.183346,98584
13117,13,Forsyth,Georgia,34.190488,-84.150182,251283
13119,13,Franklin,Georgia,34.378121,-83.186359,23424
13121,13,Fulton,Georgia,33.832534,-84.396191,1066710
13123,13,Gilmer,Georgia,34.675112,-84.486082,31353
13125,13,Glascock,Georgia,33.236629,-82.60966,2884
13127,13,Glynn,Georgia,31.202596,-81.486211,84499
13129,13,Gordon,Georgia,34.498248,-84.907765,57544
13131,13,Grady,Georgia,30.881836,-84.212447,26236
13133,13,Greene,Georgia,33.535248,-83.179388,18915
13135,13,Gwinnett,Georgia,33.954137,-84.053177,957062
13137,13,Habersham,Georgia,34.565656,-83.541387,46031
13139,13,Hall,Georgia,34.26936,-83.847644,203136
13141,13,Hancock,Georgia,33.254841,-83.01325,8735
13143,13,Haralson,Georgia,33.760719,-85.184723,29919
13145,13,Harris,Georgia,32.69754,-84.894283,34668
13147,13,Hart,Georgia,34.355547,-82.964995,25828
13149,13,Heard,Georgia,33.307964,-85.116748,11412
13151,13,Henry,Georgia,33.470292,-84.174632,240712
13153,13,Houston,Georgia,32.565757,-83.663692,163633
13155,13,Irwin,Georgia,31.604345,-83.27986,9666
13157,13,Jackson,Georgia,34.129495,-83.599045,75907
13159,13,Jasper,Georgia,33.358288,-83.726512,14588
13161,13,Jeff Davis,Georgia,31.847814,-82.600257,14779
13163,13,Jefferson,Georgia,33.06898,-82.408116,15709
13165,13,Jenkins,Georgia,32.789871,-81.947165,8674
13167,13,Johnson,Georgia,32.699439,-82.684511,9189
13169,13,Jones,Georgia,32.961196,-83.550237,28347
13171,13,Lamar,Georgia,33.084155,-84.154394,18500
13173,13,Lanier,Georgia,31.037307,-83.097639,9877
13175,13,Laurens,Georgia,32.517494,-82.925405,49570
13177,13,Lee,Georgia,31.680634,-84.177116,33163
13179,13,Liberty,Georgia,31.828772,-81.5777,65256
13181,13,Lincoln,Georgia,33.780601,-82.445454,7690
13183,13,Long,Georgia,31.775868,-81.731661,16168
13185,13,Lowndes,Georgia,30.860299,-83.281437,118251
13187,13,Lumpkin,Georgia,34.524477,-83.988151,33488
13189,13,McDuffie,Georgia,33.459579,-82.468712,21632
13191,13,McIntosh,Georgia,31.480147,-81.405656,10975
13193,13,Macon,Georgia,32.324124,-84.039478,12082
13195,13,Madison,Georgia,34.101336,-83.240303,30120
13197,13,Marion,Georgia,32.382601,-84.524649,7498
13199,13,Meriwether,Georgia,33.016626,-84.675396,20613
13201,13,Miller,Georgia,31.160435,-84.738302,6000
13205,13,Mitchell,Georgia,31.218188,-84.171176,21755
13207,13,Monroe,Georgia,33.037037,-83.909101,27957
13209,13,Montgomery,Georgia,32.173336,-82.52948,8610
13211,13,Morgan,Georgia,33.600047,-83.485701,20097
13213,13,Murray,Georgia,34.781729,-84.79164,39973
13215,13,Muscogee,Georgia,32.495642,-84.928926,206922
13217,13,Newton,Georgia,33.570575,-83.898026,112483
13219,13,Oconee,Georgia,33.876988,-83.464103,41799
13221,13,Oglethorpe,Georgia,33.918851,-83.147433,14825
13223,13,Paulding,Georgia,33.913898,-84.814237,168661
13225,13,Peach,Georgia,32.589118,-83.822766,27981
13227,13,Pickens,Georgia,34.455831,-84.436004,33216
13229,13,Pierce,Georgia,31.313022,-82.242367,19716
13231,13,Pike,Georgia,33.10478,-84.366582,18889
13233,13,Polk,Georgia,34.010871,-85.174625,42853
13235,13,Pulaski,Georgia,32.273393,-83.478958,9855
13237,13,Putnam,Georgia,33.319719,-83.335457,22047
13239,13,Quitman,Georgia,31.859563,-85.078114,2235
13241,13,Rabun,Georgia,34.879707,-83.407047,16883
13243,13,Randolph,Georgia,31.758591,-84.758082,6425
13245,13,Richmond,Georgia,33.427932,-82.051886,206607
13247,13,Rockdale,Georgia,33.642136,-84.019225,93570
13249,13,Schley,Georgia,32.241832,-84.306635,4547
13251,13,Screven,Georgia,32.722235,-81.629825,14067
13253,13,Seminole,Georgia,30.967903,-84.866698,9147
13255,13,Spalding,Georgia,33.258944,-84.271569,67306
13257,13,Stephens,Georgia,34.558402,-83.289701,26784
13259,13,Stewart,Georgia,32.068608,-84.758019,5314
13261,13,Sumter,Georgia,32.061409,-84.222402,29616
13263,13,Talbot,Georgia,32.700716,-84.58298,5733
13265,13,Taliaferro,Georgia,33.568965,-82.886099,1559
13267,13,Tattnall,Georgia,32.036453,-82.058473,22842
13269,13,Taylor,Georgia,32.559079,-84.209743,7816
13271,13,Telfair,Georgia,32.019316,-82.894969,12477
13273,13,Terrell,Georgia,31.77202,-84.429026,9185
13275,13,Thomas,Georgia,30.86927,-83.947978,45798
13277,13,Tift,Georgia,31.455071,-83.513873,41344
13279,13,Toombs,Georgia,32.185481,-82.368674,27030
13281,13,Towns,Georgia,34.940026,-83.782885,12493
13283,13,Treutlen,Georgia,32.387282,-82.589236,6406
13285,13,Troup,Georgia,33.038124,-85.029721,69426
13287,13,Turner,Georgia,31.70277,-83.638274,9006
13289,13,Twiggs,Georgia,32.702269,-83.416707,8022
13291,13,Union,Georgia,34.87746,-84.004818,24632
13293,13,Upson,Georgia,32.90722,-84.325253,27700
13295,13,Walker,Georgia,34.838709,-85.293092,67654
13297,13,Walton,Georgia,33.795968,-83.785302,96673
13299,13,Ware,Georgia,31.226953,-82.383829,36251
13301,13,Warren,Georgia,33.406673,-82.661562,5215
13303,13,Washington,Georgia,32.964333,-82.775581,19988
13305,13,Wayne,Georgia,31.61057,-81.916558,30144
13307,13,Webster,Georgia,32.05245,-84.561824,2348
13309,13,Wheeler,Georgia,32.147523,-82.756158,7471
13311,13,White,Georgia,34.599638,-83.743731,28003
13313,13,Whitfield,Georgia,34.793647,-84.966305,102864
13315,13,Wilcox,Georgia,31.975538,-83.409194,8766
13317,13,Wilkes,Georgia,33.757224,-82.752748,9565
13319,13,Wilkinson,Georgia,32.843967,-83.239243,8877
13321,13,Worth,Georgia,31.545333,-83.85916,20784
15001,15,Hawaii,Hawaii,19.672735,-155.428067,200629
15003,15,Honolulu,Hawaii,21.371521,-157.917219,1016508
15005,15,Kalawao,Hawaii,21.189607,-156.982059,82
15007,15,Kauai,Hawaii,22.019834,-159.438951,73298
15009,15,Maui,Hawaii,20.862853,-156.491993,164754
16001,16,Ada,Idaho,43.612091,-116.313143,494967
16003,16,Adams,Idaho,44.843883,-116.383254,4379
16005,16,Bannock,Idaho,42.871117,-112.425092,87018
16007,16,Bear Lake,Idaho,42.307481,-111.34121,6372
16009,16,Benewah,Idaho,47.273057,-116.644633,9530
16011,16,Bingham,Idaho,43.223106,-112.346259,47992
16013,16,Blaine,Idaho,43.548124,-114.299016,24272
16015,16,Boise,Idaho,43.90651,-115.985316,7610
16017,16,Bonner,Idaho,48.23649,-116.630197,47110
16019,16,Bonneville,Idaho,43.494825,-111.994434,123964
16021,16,Boundary,Idaho,48.710599,-116.302645,12056
16023,16,Butte,Idaho,43.697316,-113.30219,2574
16025,16,Camas,Idaho,43.352907,-114.754454,1077
16027,16,Canyon,Idaho,43.612485,-116.625046,231105
16029,16,Caribou,Idaho,42.646162,-111.652123,7027
16031,16,Cassia,Idaho,42.487358,-113.747762,24655
16033,16,Clark,Idaho,44.194725,-112.262134,790
16035,16,Clearwater,Idaho,46.489093,-116.190755,8734
16037,16,Custer,Idaho,44.280306,-114.096283,4275
16039,16,Elmore,Idaho,43.117658,-115.685056,28666
16041,16,Franklin,Idaho,42.098212,-111.871828,14194
16043,16,Fremont,Idaho,44.012878,-111.616883,13388
16045,16,Gem,Idaho,43.883064,-116.507732,19123
16047,16,Gooding,Idaho,42.853491,-114.750399,15598
16049,16,Idaho,Idaho,45.972026,-116.105519,16541
16051,16,Jefferson,Idaho,43.68709,-111.959043,30891
16053,16,Jerome,Idaho,42.699506,-114.464966,24237
16055,16,Kootenai,Idaho,47.738595,-116.837402,171362
16057,16,Latah,Idaho,46.742589,-116.934836,39517
16059,16,Lemhi,Idaho,45.130443,-113.86099,7974
16061,16,Lewis,Idaho,46.237559,-116.264039,3533
16063,16,Lincoln,Idaho,42.971703,-114.333319,5127
16065,16,Madison,Idaho,43.819187,-111.793855,52913
16067,16,Minidoka,Idaho,42.611171,-113.712634,21613
16069,16,Nez Perce,Idaho,46.393945,-116.952097,42090
16071,16,Oneida,Idaho,42.18223,-112.295487,4564
16073,16,Owyhee,Idaho,43.393385,-116.704658,11913
16075,16,Payette,Idaho,44.019562,-116.893339,25386
16077,16,Power,Idaho,42.774583,-112.827325,7878
16079,16,Shoshone,Idaho,47.514916,-116.091781,13169
16081,16,Teton,Idaho,43.692414,-111.122065,11630
16083,16,Twin Falls,Idaho,42.56026,-114.499626,90046
16085,16,Valley,Idaho,44.766234,-116.074739,11746
16087,16,Washington,Idaho,44.29827,-116.92098,10500
17001,17,Adams,Illinois,39.943853,-91.327397,65737
17003,17,Alexander,Illinois,37.152943,-89.294878,5240
17005,17,Bond,Illinois,38.884765,-89.432041,16725
17007,17,Boone,Illinois,42.294302,-88.852137,53448
17009,17,Brown,Illinois,39.966021,-90.747509,6244
17011,17,Bureau,Illinois,41.382406,-89.420549,33244
17013,17,Calhoun,Illinois,39.122999,-90.638209,4437
17015,17,Carroll,Illinois,42.067256,-89.969163,15702
17017,17,Cass,Illinois,39.98041,-90.320947,13042
17019,17,Champaign,Illinois,40.126856,-88.23646,205865
17021,17,Christian,Illinois,39.525376,-89.254079,34032
17023,17,Clark,Illinois,39.351511,-87.796198,15455
17025,17,Clay,Illinois,38.715726,-88.49181,13288
17027,17,Clinton,Illinois,38.588708,-89.485747,36899
17029,17,Coles,Illinois,39.487996,-88.264625,46863
17031,17,Cook,Illinois,41.869515,-87.757998,5275541
17033,17,Crawford,Illinois,39.004797,-87.750005,18679
17035,17,Cumberland,Illinois,39.275024,-88.280686,10450
17037,17,DeKalb,Illinois,41.927566,-88.726804,100420
17039,17,De Witt,Illinois,40.170876,-88.911355,15516
17041,17,Douglas,Illinois,39.766979,-88.280371,19740
17043,17,DuPage,Illinois,41.848928,-88.071268,932877
17045,17,Edgar,Illinois,39.636396,-87.713766,16866
17047,17,Edwards,Illinois,38.401606,-88.041233,6245
17049,17,Effingham,Illinois,39.095854,-88.573292,34668
17051,17,Fayette,Illinois,38.995881,-89.033955,21488
17053,17,Ford,Illinois,40.521655,-88.219432,13534
17055,17,Franklin,Illinois,37.963987,-88.953694,37804
17057,17,Fulton,Illinois,40.524812,-90.116575,33609
17059,17,Gallatin,Illinois,37.772903,-88.239193,4946
17061,17,Greene,Illinois,39.368918,-90.371192,11985
17063,17,Grundy,Illinois,41.34999,-88.344624,52533
17065,17,Hamilton,Illinois,38.091614,-88.558979,7993
17067,17,Hancock,Illinois,40.425023,-91.202357,17620
17069,17,Hardin,Illinois,37.478271,-88.295955,3649
17071,17,Henderson,Illinois,40.824767,-90.944727,6387
17073,17,Henry,Illinois,41.350891,-90.1358,49284
17075,17,Iroquois,Illinois,40.762253,-87.838453,27077
17077,17,Jackson,Illinois,37.750199,-89.277101,52974
17079,17,Jasper,Illinois,39.003923,-88.162638,9287
17081,17,Jefferson,Illinois,38.311195,-88.911598,37113
17083,17,Jersey,Illinois,39.075249,-90.319327,21512
17085,17,Jo Daviess,Illinois,42.411305,-90.308466,22035
17087,17,Johnson,Illinois,37.470122,-88.876484,13308
17089,17,Kane,Illinois,41.928443,-88.33542,516522
17091,17,Kankakee,Illinois,41.150459,-87.851699,107502
17093,17,Kendall,Illinois,41.66076,-88.375603,131869
17095,17,Knox,Illinois,40.937986,-90.327754,49967
17097,17,Lake,Illinois,42.311645,-87.970527,714342
17099,17,LaSalle,Illinois,41.354304,-88.895139,109658
17101,17,Lawrence,Illinois,38.718154,-87.745966,15280
17103,17,Lee,Illinois,41.812143,-89.401894,34145
17105,17,Livingston,Illinois,40.90184,-88.576241,35815
17107,17,Logan,Illinois,40.141565,-89.361411,27987
17109,17,McDonough,Illinois,40.469965,-90.667814,27238
17111,17,McHenry,Illinois,42.270305,-88.351365,310229
17113,17,McLean,Illinois,40.493799,-88.953797,170954
17115,17,Macon,Illinois,39.850646,-88.946554,103998
17117,17,Macoupin,Illinois,39.191697,-89.877091,44967
17119,17,Madison,Illinois,38.801004,-90.012645,265859
17121,17,Marion,Illinois,38.590624,-89.016141,37729
17123,17,Marshall,Illinois,41.043266,-89.316199,11742
17125,17,Mason,Illinois,40.286175,-89.899393,13086
17127,17,Massac,Illinois,37.18088,-88.717761,14169
17129,17,Menard,Illinois,39.996935,-89.799159,12297
17131,17,Mercer,Illinois,41.214503,-90.686612,15699
17133,17,Monroe,Illinois,38.362245,-90.171982,34962
17135,17,Montgomery,Illinois,39.198374,-89.507428,28288
17137,17,Morgan,Illinois,39.717059,-90.22838,32915
17139,17,Moultrie,Illinois,39.631716,-88.612657,14526
17141,17,Ogle,Illinois,42.028664,-89.25403,51788
17143,17,Peoria,Illinois,40.746692,-89.639949,181830
17145,17,Perry,Illinois,38.057689,-89.3224,20945
17147,17,Piatt,Illinois,40.008986,-88.581901,16673
17149,17,Pike,Illinois,39.621897,-90.861323,14739
17151,17,Pope,Illinois,37.400771,-88.555783,3763
17153,17,Pulaski,Illinois,37.198544,-89.130564,5193
17155,17,Putnam,Illinois,41.230538,-89.2681,5637
17157,17,Randolph,Illinois,38.061445,-89.809741,30163
17159,17,Richland,Illinois,38.725443,-88.08785,15813
17161,17,Rock Island,Illinois,41.489119,-90.502512,144672
17163,17,St. Clair,Illinois,38.548186,-89.990225,257400
17165,17,Saline,Illinois,37.753419,-88.538134,23768
17167,17,Sangamon,Illinois,39.771106,-89.654882,196343
17169,17,Schuyler,Illinois,40.130099,-90.568789,6902
17171,17,Scott,Illinois,39.645952,-90.461992,4949
17173,17,Shelby,Illinois,39.399379,-88.800594,20990
17175,17,Stark,Illinois,41.098391,-89.791981,5400
17177,17,Stephenson,Illinois,42.324957,-89.643639,44630
17179,17,Tazewell,Illinois,40.605153,-89.530221,131343
17181,17,Union,Illinois,37.469028,-89.234288,17244
17183,17,Vermilion,Illinois,40.151056,-87.655499,74188
17185,17,Wabash,Illinois,38.431889,-87.788862,11361
17187,17,Warren,Illinois,40.890671,-90.636753,16835
17189,17,Washington,Illinois,38.360726,-89.395405,13761
17191,17,Wayne,Illinois,38.408213,-88.421765,16179
17193,17,White,Illinois,38.088921,-88.196465,13877
17195,17,Whiteside,Illinois,41.781958,-89.82525,55691
17197,17,Will,Illinois,41.565502,-88.058558,696355
17199,17,Williamson,Illinois,37.754392,-88.976636,67153
17201,17,Winnebago,Illinois,42.308321,-89.060442,285350
17203,17,Woodford,Illinois,40.76916,-89.29163,38467
18001,18,Adams,Indiana,40.749532,-84.934318,35809
18003,18,Allen,Indiana,41.100842,-85.125233,385410
18005,18,Bartholomew,Indiana,39.215015,-85.905294,82208
18007,18,Benton,Indiana,40.576258,-87.291866,8719
18009,18,Blackford,Indiana,40.468109,-85.345621,12112
18011,18,Boone,Indiana,40.004643,-86.383249,70812
18013,18,Brown,Indiana,39.236665,-86.208688,15475
18015,18,Carroll,Indiana,40.579184,-86.601213,20306
18017,18,Cass,Indiana,40.747129,-86.338974,37870
18019,18,Clark,Indiana,38.373412,-85.732548,121093
18021,18,Clay,Indiana,39.469332,-87.123964,26466
18023,18,Clinton,Indiana,40.297795,-86.513556,33190
18025,18,Crawford,Indiana,38.315739,-86.422116,10526
18027,18,Daviess,Indiana,38.697526,-87.096158,33381
18029,18,Dearborn,Indiana,39.14676,-84.920533,50679
18031,18,Decatur,Indiana,39.320693,-85.493081,26472
18033,18,DeKalb,Indiana,41.377157,-85.034535,43265
18035,18,Delaware,Indiana,40.20524,-85.402908,111903
18037,18,Dubois,Indiana,38.35868,-86.915674,43637
18039,18,Elkhart,Indiana,41.637245,-85.905688,207047
18041,18,Fayette,Indiana,39.64037,-85.147252,23398
18043,18,Floyd,Indiana,38.32223,-85.857888,80484
18045,18,Fountain,Indiana,40.14941,-87.274375,16479
18047,18,Franklin,Indiana,39.398519,-85.070967,22785
18049,18,Fulton,Indiana,41.059339,-86.217151,20480
18051,18,Gibson,Indiana,38.305848,-87.549447,33011
18053,18,Grant,Indiana,40.525256,-85.644184,66674
18055,18,Greene,Indiana,39.052523,-86.994152,30803
18057,18,Hamilton,Indiana,40.001506,-86.057612,347467
18059,18,Hancock,Indiana,39.815247,-85.829626,79840
18061,18,Harrison,Indiana,38.234174,-86.098168,39654
18063,18,Hendricks,Indiana,39.773147,-86.41108,174788
18065,18,Henry,Indiana,39.928844,-85.403738,48914
18067,18,Howard,Indiana,40.470296,-86.133562,83658
18069,18,Huntington,Indiana,40.869855,-85.486182,36662
18071,18,Jackson,Indiana,38.928711,-85.936294,46428
18073,18,Jasper,Indiana,41.082454,-87.150606,32918
18075,18,Jay,Indiana,40.430767,-85.028696,20478
18077,18,Jefferson,Indiana,38.758699,-85.433151,33147
18079,18,Jennings,Indiana,39.005508,-85.649705,27613
18081,18,Johnson,Indiana,39.555913,-86.115187,161765
18083,18,Knox,Indiana,38.699306,-87.454832,36282
18085,18,Kosciusko,Indiana,41.267835,-85.830509,80240
18087,18,LaGrange,Indiana,41.632874,-85.467264,40446
18089,18,Lake,Indiana,41.518998,-87.407505,498700
18091,18,LaPorte,Indiana,41.632279,-86.791226,112417
18093,18,Lawrence,Indiana,38.847818,-86.495942,45011
18095,18,Madison,Indiana,40.113496,-85.7088,130129
18097,18,Marion,Indiana,39.788896,-86.136268,977203
18099,18,Marshall,Indiana,41.347653,-86.272256,46095
18101,18,Martin,Indiana,38.679659,-86.850513,9812
18103,18,Miami,Indiana,40.729384,-86.076111,35962
18105,18,Monroe,Indiana,39.162275,-86.53857,139718
18107,18,Montgomery,Indiana,40.034526,-86.90058,37936
18109,18,Morgan,Indiana,39.512934,-86.399124,71780
18111,18,Newton,Indiana,40.999168,-87.38049,13830
18113,18,Noble,Indiana,41.415849,-85.388959,47457
18115,18,Ohio,Indiana,38.954376,-84.909987,5940
18117,18,Orange,Indiana,38.562253,-86.495955,19867
18119,18,Owen,Indiana,39.314578,-86.798175,21321
18121,18,Parke,Indiana,39.757908,-87.225163,16156
18123,18,Perry,Indiana,38.008616,-86.705505,19170
18125,18,Pike,Indiana,38.427019,-87.233088,12250
18127,18,Porter,Indiana,41.513979,-87.104333,173215
18129,18,Posey,Indiana,38.012717,-87.819868,25222
18131,18,Pulaski,Indiana,41.051366,-86.684796,12514
18133,18,Putnam,Indiana,39.646449,-86.834304,36726
18135,18,Randolph,Indiana,40.169491,-84.996903,24502
18137,18,Ripley,Indiana,39.160663,-85.219308,28995
18139,18,Rush,Indiana,39.62209,-85.475672,16752
18141,18,St. Joseph,Indiana,41.67642,-86.227079,272912
18143,18,Scott,Indiana,38.697942,-85.764092,24384
18145,18,Shelby,Indiana,39.535011,-85.790065,45055
18147,18,Spencer,Indiana,38.019216,-87.009078,19810
18149,18,Starke,Indiana,41.281734,-86.632742,23371
18151,18,Steuben,Indiana,41.650003,-85.010961,34435
18153,18,Sullivan,Indiana,39.103793,-87.393185,20817
18155,18,Switzerland,Indiana,38.816976,-85.023673,9737
18157,18,Tippecanoe,Indiana,40.418699,-86.886959,186251
18159,18,Tipton,Indiana,40.307543,-86.051278,15359
18161,18,Union,Indiana,39.618364,-84.919464,7087
18163,18,Vanderburgh,Indiana,37.998233,-87.549603,180136
18165,18,Vermillion,Indiana,39.759924,-87.439022,15439
18167,18,Vigo,Indiana,39.460456,-87.386916,106153
18169,18,Wabash,Indiana,40.855768,-85.80421,30976
18171,18,Warren,Indiana,40.312721,-87.325412,8440
18173,18,Warrick,Indiana,38.011051,-87.355616,63898
18175,18,Washington,Indiana,38.573362,-86.084553,28182
18177,18,Wayne,Indiana,39.843304,-84.948672,66553
18179,18,Wells,Indiana,40.770773,-85.192988,28180
18181,18,White,Indiana,40.753581,-86.809953,24688
18183,18,Whitley,Indiana,41.16305,-85.478007,34191
19001,19,Adair,Iowa,41.347726,-94.478337,7496
19003,19,Adams,Iowa,41.007205,-94.708824,3704
19005,19,Allamakee,Iowa,43.252971,-91.42476,14061
19007,19,Appanoose,Iowa,40.741265,-92.864741,12317
19009,19,Audubon,Iowa,41.675888,-94.925428,5674
19011,19,Benton,Iowa,42.063318,-92.013283,25575
19013,19,Black Hawk,Iowa,42.490207,-92.37179,131144
19015,19,Boone,Iowa,42.026222,-93.892211,26715
19017,19,Bremer,Iowa,42.740346,-92.380697,24988
19019,19,Buchanan,Iowa,42.48513,-91.901131,20565
19021,19,Buena Vista,Iowa,42.676707,-95.184296,20823
19023,19,Butler,Iowa,42.701602,-92.758281,14334
19025,19,Calhoun,Iowa,42.39777,-94.623179,9927
19027,19,Carroll,Iowa,42.039462,-94.867701,20760
19029,19,Cass,Iowa,41.366511,-94.977692,13127
19031,19,Cedar,Iowa,41.756011,-91.140408,18505
19033,19,Cerro Gordo,Iowa,43.135216,-93.246108,43127
19035,19,Cherokee,Iowa,42.751225,-95.591928,11658
19037,19,Chickasaw,Iowa,43.038731,-92.342847,12012
19039,19,Clarke,Iowa,41.034767,-93.783479,9748
19041,19,Clay,Iowa,43.127358,-95.159344,16384
19043,19,Clayton,Iowa,42.860684,-91.321147,17043
19045,19,Clinton,Iowa,41.852141,-90.341168,46460
19047,19,Crawford,Iowa,42.026692,-95.357436,16525
19049,19,Dallas,Iowa,41.630722,-93.900543,99678
19051,19,Davis,Iowa,40.762546,-92.418316,9110
19053,19,Decatur,Iowa,40.7123,-93.817156,7645
19055,19,Delaware,Iowa,42.48163,-91.383936,17488
19057,19,Des Moines,Iowa,40.83528,-91.143256,38910
19059,19,Dickinson,Iowa,43.38895,-95.134559,17703
19061,19,Dubuque,Iowa,42.493173,-90.762214,99266
19063,19,Emmet,Iowa,43.395995,-94.75827,9388
19065,19,Fayette,Iowa,42.821543,-91.855739,19509
19067,19,Floyd,Iowa,43.075228,-92.751434,15627
19069,19,Franklin,Iowa,42.754609,-93.239282,10019
19071,19,Fremont,Iowa,40.753741,-95.616798,6605
19073,19,Greene,Iowa,42.029106,-94.379863,8771
19075,19,Grundy,Iowa,42.38048,-92.747282,12329
19077,19,Guthrie,Iowa,41.665841,-94.427696,10623
19079,19,Hamilton,Iowa,42.406603,-93.767427,15039
19081,19,Hancock,Iowa,43.092315,-93.702667,10795
19083,19,Hardin,Iowa,42.436346,-93.217038,16878
19085,19,Harrison,Iowa,41.662599,-95.804583,14582
19087,19,Henry,Iowa,40.977985,-91.536884,20482
19089,19,Howard,Iowa,43.361965,-92.229351,9469
19091,19,Humboldt,Iowa,42.746569,-94.216619,9597
19093,19,Ida,Iowa,42.393275,-95.505465,7005
19095,19,Iowa,Iowa,41.701018,-92.039155,16662
19097,19,Jackson,Iowa,42.141479,-90.567662,19485
19099,19,Jasper,Iowa,41.678059,-93.07144,37813
19101,19,Jefferson,Iowa,41.012603,-91.965861,15663
19103,19,Johnson,Iowa,41.683586,-91.561276,152854
19105,19,Jones,Iowa,42.138136,-91.200472,20646
19107,19,Keokuk,Iowa,41.324433,-92.175248,10033
19109,19,Kossuth,Iowa,43.143301,-94.221432,14828
19111,19,Lee,Iowa,40.560697,-91.397062,33555
19113,19,Linn,Iowa,42.008474,-91.648394,230299
19115,19,Louisa,Iowa,41.225335,-91.262686,10837
19117,19,Lucas,Iowa,41.022123,-93.312466,8634
19119,19,Lyon,Iowa,43.385476,-96.227291,11934
19121,19,Madison,Iowa,41.348667,-93.98679,16548
19123,19,Mahaska,Iowa,41.311761,-92.642105,22190
19125,19,Marion,Iowa,41.357267,-93.041728,33414
19127,19,Marshall,Iowa,42.030436,-92.938199,40105
19129,19,Mills,Iowa,41.050907,-95.693715,14484
19131,19,Mitchell,Iowa,43.334549,-92.806056,10565
19133,19,Monona,Iowa,42.062617,-95.988925,8751
19135,19,Monroe,Iowa,41.03376,-92.825189,7577
19137,19,Montgomery,Iowa,41.009252,-95.169693,10330
19139,19,Muscatine,Iowa,41.465515,-91.077753,43235
19141,19,O'Brien,Iowa,43.129233,-95.69531,14182
19143,19,Osceola,Iowa,43.387203,-95.680981,6192
19145,19,Page,Iowa,40.746972,-95.18734,15211
19147,19,Palo Alto,Iowa,43.101085,-94.688525,8996
19149,19,Plymouth,Iowa,42.748026,-96.20304,25698
19151,19,Pocahontas,Iowa,42.744041,-94.706993,7078
19153,19,Polk,Iowa,41.630968,-93.640165,492401
19155,19,Pottawattamie,Iowa,41.278446,-95.79385,93667
19157,19,Poweshiek,Iowa,41.712451,-92.624939,18662
19159,19,Ringgold,Iowa,40.737978,-94.237097,4663
19161,19,Sac,Iowa,42.37525,-95.089609,9814
19163,19,Scott,Iowa,41.5647,-90.562678,174669
19165,19,Shelby,Iowa,41.662625,-95.32328,11746
19167,19,Sioux,Iowa,43.080798,-96.167993,35872
19169,19,Story,Iowa,42.025132,-93.604948,98537
19171,19,Tama,Iowa,42.062414,-92.544134,17135
19173,19,Taylor,Iowa,40.753586,-94.679839,5896
19175,19,Union,Iowa,41.054759,-94.318334,12138
19177,19,Van Buren,Iowa,40.744224,-91.942474,7203
19179,19,Wapello,Iowa,41.01642,-92.418899,35437
19181,19,Warren,Iowa,41.40685,-93.595647,52403
19183,19,Washington,Iowa,41.365129,-91.69418,22565
19185,19,Wayne,Iowa,40.733313,-93.304108,6497
19187,19,Webster,Iowa,42.481229,-94.179496,36999
19189,19,Winnebago,Iowa,43.341507,-93.663913,10679
19191,19,Winneshiek,Iowa,43.281109,-91.813207,20070
19193,19,Woodbury,Iowa,42.483312,-96.345995,105941
19195,19,Worth,Iowa,43.369396,-93.250437,7443
19197,19,Wright,Iowa,42.732976,-93.756305,12943
20001,20,Allen,Kansas,37.896944,-95.369306,12526
20003,20,Anderson,Kansas,38.251802,-95.263224,7836
20005,20,Atchison,Kansas,39.555375,-95.179193,16348
20007,20,Barber,Kansas,37.211912,-98.557723,4228
20009,20,Barton,Kansas,38.396456,-98.75829,25493
20011,20,Bourbon,Kansas,37.845974,-94.749672,14360
20013,20,Brown,Kansas,39.805025,-95.551801,9508
20015,20,Butler,Kansas,37.725409,-96.99849,67380
20017,20,Chase,Kansas,38.358225,-96.558338,2572
20019,20,Chautauqua,Kansas,37.115752,-96.228059,3379
20021,20,Cherokee,Kansas,37.114832,-94.751725,19362
20023,20,Cheyenne,Kansas,39.769323,-101.738091,2616
20025,20,Clark,Kansas,37.295814,-99.886429,1991
20027,20,Clay,Kansas,39.354338,-97.122448,8117
20029,20,Cloud,Kansas,39.53486,-97.635801,9032
20031,20,Coffey,Kansas,38.249077,-95.741609,8360
20033,20,Comanche,Kansas,37.233664,-99.373213,1689
20035,20,Cowley,Kansas,37.17461,-96.99836,34549
20037,20,Crawford,Kansas,37.438265,-94.729385,38972
20039,20,Decatur,Kansas,39.804239,-100.484373,2764
20041,20,Dickinson,Kansas,38.886002,-97.152074,18402
20043,20,Doniphan,Kansas,39.787452,-95.071424,7510
20045,20,Douglas,Kansas,38.942493,-95.254186,118785
20047,20,Edwards,Kansas,37.913198,-99.352782,2907
20049,20,Elk,Kansas,37.423675,-96.239085,2483
20051,20,Ellis,Kansas,38.882206,-99.330542,28934
20053,20,Ellsworth,Kansas,38.725437,-98.268058,6376
20055,20,Finney,Kansas,37.977246,-100.863047,38470
20057,20,Ford,Kansas,37.753005,-99.995523,34287
20059,20,Franklin,Kansas,38.603542,-95.260357,25996
20061,20,Geary,Kansas,39.040483,-96.838824,36739
20063,20,Gove,Kansas,39.047079,-100.377754,2718
20065,20,Graham,Kansas,39.358244,-99.855627,2415
20067,20,Grant,Kansas,37.580299,-101.351338,7352
20069,20,Gray,Kansas,37.724149,-100.412286,5653
20071,20,Greeley,Kansas,38.483553,-101.758084,1284
20073,20,Greenwood,Kansas,37.861919,-96.224613,6016
20075,20,Hamilton,Kansas,37.98058,-101.760582,2518
20077,20,Harper,Kansas,37.215327,-98.049879,5485
20079,20,Harvey,Kansas,38.046143,-97.385867,34024
20081,20,Haskell,Kansas,37.495004,-100.890211,3780
20083,20,Hodgeman,Kansas,38.085859,-99.860131,1723
20085,20,Jackson,Kansas,39.402317,-95.752834,13232
20087,20,Jefferson,Kansas,39.210953,-95.397523,18368
20089,20,Jewell,Kansas,39.777617,-98.198892,2932
20091,20,Johnson,Kansas,38.924919,-94.740299,609863
20093,20,Kearny,Kansas,37.951539,-101.24168,3983
20095,20,Kingman,Kansas,37.610273,-98.098011,7470
20097,20,Kiowa,Kansas,37.595999,-99.252339,2460
20099,20,Labette,Kansas,37.259841,-95.262384,20184
20101,20,Lane,Kansas,38.504038,-100.483419,1574
20103,20,Leavenworth,Kansas,39.23513,-94.959527,81881
20105,20,Lincoln,Kansas,39.035019,-98.186201,2939
20107,20,Linn,Kansas,38.239619,-94.800976,9591
20109,20,Logan,Kansas,39.095504,-100.926327,2762
20111,20,Lyon,Kansas,38.416221,-96.17907,32179
20113,20,McPherson,Kansas,38.382645,-97.646719,30223
20115,20,Marion,Kansas,38.324754,-97.127529,11823
20117,20,Marshall,Kansas,39.800328,-96.573926,10038
20119,20,Meade,Kansas,37.292243,-100.396872,4055
20121,20,Miami,Kansas,38.595195,-94.83105,34191
20123,20,Mitchell,Kansas,39.45426,-98.175033,5796
20125,20,Montgomery,Kansas,37.143443,-95.693873,31486
20127,20,Morris,Kansas,38.694354,-96.58085,5386
20129,20,Morton,Kansas,37.043232,-101.840026,2701
20131,20,Nemaha,Kansas,39.829395,-95.96626,10273
20133,20,Neosho,Kansas,37.623786,-95.396134,15904
20135,20,Ness,Kansas,38.488254,-99.897744,2687
20137,20,Norton,Kansas,39.82351,-99.876765,5459
20139,20,Osage,Kansas,38.699173,-95.713137,15766
20141,20,Osborne,Kansas,39.425897,-98.705316,3500
20143,20,Ottawa,Kansas,39.096393,-97.682422,5735
20145,20,Pawnee,Kansas,38.179763,-99.146958,6253
20147,20,Phillips,Kansas,39.759487,-99.348621,4981
20149,20,Pottawatomie,Kansas,39.251723,-96.332282,25348
20151,20,Pratt,Kansas,37.6448,-98.730599,9157
20153,20,Rawlins,Kansas,39.807173,-101.050348,2561
20155,20,Reno,Kansas,38.051646,-97.931942,61898
20157,20,Republic,Kansas,39.817924,-97.659071,4674
20159,20,Rice,Kansas,38.320405,-98.199874,9427
20161,20,Riley,Kansas,39.190165,-96.632706,71959
20163,20,Rooks,Kansas,39.321747,-99.314061,4919
20165,20,Rush,Kansas,38.527826,-99.281206,2956
20167,20,Russell,Kansas,38.904218,-98.830652,6691
20169,20,Saline,Kansas,38.814764,-97.605554,54303
20171,20,Scott,Kansas,38.481574,-100.913143,5151
20173,20,Sedgwick,Kansas,37.680269,-97.34439,523824
20175,20,Seward,Kansas,37.051086,-100.918735,21964
20177,20,Shawnee,Kansas,39.034789,-95.706417,178909
20179,20,Sheridan,Kansas,39.368138,-100.463405,2447
20181,20,Sherman,Kansas,39.350878,-101.726045,5927
20183,20,Smith,Kansas,39.770601,-98.805608,3570
20185,20,Stafford,Kansas,38.005058,-98.733831,4072
20187,20,Stanton,Kansas,37.565287,-101.757372,2084
20189,20,Stevens,Kansas,37.187133,-101.322543,5250
20191,20,Sumner,Kansas,37.303365,-97.406786,22382
20193,20,Thomas,Kansas,39.384656,-101.050191,7930
20195,20,Trego,Kansas,39.003748,-99.881416,2808
20197,20,Wabaunsee,Kansas,38.989695,-96.178582,6877
20199,20,Wallace,Kansas,38.885844,-101.761616,1512
20201,20,Washington,Kansas,39.779332,-97.048861,5530
20203,20,Wichita,Kansas,38.494575,-101.349645,2152
20205,20,Wilson,Kansas,37.511463,-95.739717,8624
20207,20,Woodson,Kansas,37.876071,-95.735035,3115
20209,20,Wyandotte,Kansas,39.106038,-94.712818,169245
21001,21,Adair,Kentucky,37.107461,-85.27965,18903
21003,21,Allen,Kentucky,36.750241,-86.210149,20588
21005,21,Anderson,Kentucky,38.02799,-84.925693,23852
21007,21,Ballard,Kentucky,37.043623,-88.976992,7728
21009,21,Barren,Kentucky,36.995285,-85.932182,44485
21011,21,Bath,Kentucky,38.138475,-83.7406,12750
21013,21,Bell,Kentucky,36.680825,-83.70439,24097
21015,21,Boone,Kentucky,38.984893,-84.678985,135968
21017,21,Bourbon,Kentucky,38.203999,-84.246703,20252
21019,21,Boyd,Kentucky,38.432179,-82.666251,48261
21021,21,Boyle,Kentucky,37.637853,-84.796823,30614
21023,21,Bracken,Kentucky,38.701217,-84.072685,8400
21025,21,Breathitt,Kentucky,37.518699,-83.377385,13718
21027,21,Breckinridge,Kentucky,37.769799,-86.408122,20432
21029,21,Bullitt,Kentucky,38.023787,-85.651771,82217
21031,21,Butler,Kentucky,37.217537,-86.677714,12371
21033,21,Caldwell,Kentucky,37.125484,-87.878812,12649
21035,21,Calloway,Kentucky,36.621007,-88.30609,37103
21037,21,Campbell,Kentucky,39.032376,-84.439251,93076
21039,21,Carlisle,Kentucky,36.855639,-88.946346,4826
21041,21,Carroll,Kentucky,38.669245,-85.140741,10810
21043,21,Carter,Kentucky,38.314087,-83.034886,26627
21045,21,Casey,Kentucky,37.301616,-84.925995,15941
21047,21,Christian,Kentucky,36.80904,-87.477832,72748
21049,21,Clark,Kentucky,37.986421,-84.182808,36972
21051,21,Clay,Kentucky,37.168974,-83.750091,20345
21053,21,Clinton,Kentucky,36.715915,-85.13447,9253
21055,21,Crittenden,Kentucky,37.33223,-88.095012,8990
21057,21,Cumberland,Kentucky,36.782421,-85.389733,5888
21059,21,Daviess,Kentucky,37.747426,-87.095079,103312
21061,21,Edmonson,Kentucky,37.192292,-86.253259,12126
21063,21,Elliott,Kentucky,38.122978,-83.108689,7354
21065,21,Estill,Kentucky,37.707053,-83.991846,14163
21067,21,Fayette,Kentucky,38.020293,-84.49441,322570
21069,21,Fleming,Kentucky,38.388852,-83.709683,15082
21071,21,Floyd,Kentucky,37.558551,-82.7396,35942
21073,21,Franklin,Kentucky,38.195361,-84.867165,51541
21075,21,Fulton,Kentucky,36.538105,-89.037115,6515
21077,21,Gallatin,Kentucky,38.764935,-84.841609,8690
21079,21,Garrard,Kentucky,37.650333,-84.575237,16953
21081,21,Grant,Kentucky,38.689224,-84.602905,24941
21083,21,Graves,Kentucky,36.742207,-88.650736,36649
21085,21,Grayson,Kentucky,37.471252,-86.30457,26420
21087,21,Green,Kentucky,37.265986,-85.538884,11107
21089,21,Greenup,Kentucky,38.55436,-82.809161,35962
21091,21,Hancock,Kentucky,37.868547,-86.805118,9095
21093,21,Hardin,Kentucky,37.743564,-85.915853,110702
21095,21,Harlan,Kentucky,36.866097,-83.2338,26831
21097,21,Harrison,Kentucky,38.414072,-84.314294,18692
21099,21,Hart,Kentucky,37.280435,-85.88777,19288
21101,21,Henderson,Kentucky,37.817983,-87.564508,44793
21103,21,Henry,Kentucky,38.4314,-85.180752,15678
21105,21,Hickman,Kentucky,36.664413,-88.956556,4521
21107,21,Hopkins,Kentucky,37.308856,-87.52201,45423
21109,21,Jackson,Kentucky,37.400575,-83.992381,12955
21111,21,Jefferson,Kentucky,38.201451,-85.686227,782969
21113,21,Jessamine,Kentucky,37.886869,-84.585371,52991
21115,21,Johnson,Kentucky,37.830575,-82.817074,22680
21117,21,Kenton,Kentucky,39.011065,-84.549073,169064
21119,21,Knott,Kentucky,37.328988,-82.942351,14251
21121,21,Knox,Kentucky,36.902733,-83.921054,30193
21123,21,Larue,Kentucky,37.542807,-85.723159,14867
21125,21,Laurel,Kentucky,37.091997,-84.087505,62613
21127,21,Lawrence,Kentucky,38.081027,-82.677508,16293
21129,21,Lee,Kentucky,37.590698,-83.702693,7395
21131,21,Leslie,Kentucky,37.115702,-83.376004,10513
21133,21,Letcher,Kentucky,37.146816,-82.807202,21548
21135,21,Lewis,Kentucky,38.564104,-83.350474,13080
21137,21,Lincoln,Kentucky,37.473364,-84.670402,24275
21139,21,Livingston,Kentucky,37.133064,-88.351386,8888
21141,21,Logan,Kentucky,36.859958,-86.862831,27432
21143,21,Lyon,Kentucky,37.065485,-88.079475,8680
21145,21,McCracken,Kentucky,37.0493,-88.649871,67875
21147,21,McCreary,Kentucky,36.713019,-84.447417,16888
21149,21,McLean,Kentucky,37.51554,-87.221398,9152
21151,21,Madison,Kentucky,37.70685,-84.286707,92701
21153,21,Magoffin,Kentucky,37.733397,-83.057067,11637
21155,21,Marion,Kentucky,37.570127,-85.28442,19581
21157,21,Marshall,Kentucky,36.897003,-88.34,31659
21159,21,Martin,Kentucky,37.835468,-82.516965,11287
21161,21,Mason,Kentucky,38.616511,-83.789096,17120
21163,21,Meade,Kentucky,37.934417,-86.134606,30003
21165,21,Menifee,Kentucky,37.945275,-83.595979,6113
21167,21,Mercer,Kentucky,37.785035,-84.84891,22641
21169,21,Metcalfe,Kentucky,36.990976,-85.64095,10286
21171,21,Monroe,Kentucky,36.707799,-85.723364,11338
21173,21,Montgomery,Kentucky,38.037988,-83.918227,28114
21175,21,Morgan,Kentucky,37.914473,-83.268972,13726
21177,21,Muhlenberg,Kentucky,37.238076,-87.146244,30928
21179,21,Nelson,Kentucky,37.820783,-85.4595,46738
21181,21,Nicholas,Kentucky,38.324558,-84.022987,7537
21183,21,Ohio,Kentucky,37.464465,-86.864757,23772
21185,21,Oldham,Kentucky,38.372614,-85.459227,67607
21187,21,Owen,Kentucky,38.530989,-84.831041,11278
21189,21,Owsley,Kentucky,37.45244,-83.68482,4051
21191,21,Pendleton,Kentucky,38.715312,-84.359242,14644
21193,21,Perry,Kentucky,37.258818,-83.200329,28473
21195,21,Pike,Kentucky,37.463914,-82.427235,58669
21197,21,Powell,Kentucky,37.850736,-83.880539,13129
21199,21,Pulaski,Kentucky,37.092197,-84.614379,65034
21201,21,Robertson,Kentucky,38.520923,-84.051005,2193
21203,21,Rockcastle,Kentucky,37.380897,-84.351176,16037
21205,21,Rowan,Kentucky,38.194754,-83.444323,24662
21207,21,Russell,Kentucky,37.030799,-85.058512,17991
21209,21,Scott,Kentucky,38.230636,-84.568282,57155
21211,21,Shelby,Kentucky,38.212966,-85.232221,48065
21213,21,Simpson,Kentucky,36.732484,-86.571947,19594
21215,21,Spencer,Kentucky,38.06313,-85.350311,19490
21217,21,Taylor,Kentucky,37.350286,-85.342524,26023
21219,21,Todd,Kentucky,36.812095,-87.173233,12243
21221,21,Trigg,Kentucky,36.845549,-87.834907,14061
21223,21,Trimble,Kentucky,38.61932,-85.33207,8474
21225,21,Union,Kentucky,37.652277,-87.929907,13668
21227,21,Warren,Kentucky,36.966984,-86.435814,134554
21229,21,Washington,Kentucky,37.738166,-85.192752,12027
21231,21,Wayne,Kentucky,36.838184,-84.845965,19555
21233,21,Webster,Kentucky,37.502386,-87.68192,13017
21235,21,Whitley,Kentucky,36.814087,-84.141533,36712
21237,21,Wolfe,Kentucky,37.739826,-83.509721,6562
21239,21,Woodford,Kentucky,38.048373,-84.726705,26871
22001,22,Acadia,Louisiana,30.281563,-92.350979,57576
22003,22,Allen,Louisiana,30.669442,-92.779523,22750
22005,22,Ascension,Louisiana,30.254386,-90.934071,126500
22007,22,Assumption,Louisiana,29.921462,-91.065832,21039
22009,22,Avoyelles,Louisiana,31.057263,-92.067528,39693
22011,22,Beauregard,Louisiana,30.723548,-93.282544,36549
22013,22,Bienville,Louisiana,32.384335,-93.079008,12981
22015,22,Bossier,Louisiana,32.560816,-93.659046,128746
22017,22,Caddo,Louisiana,32.468933,-93.799166,237848
22019,22,Calcasieu,Louisiana,30.225067,-93.257749,216785
22021,22,Caldwell,Louisiana,32.073032,-92.104629,9645
22023,22,Cameron,Louisiana,29.957136,-93.210852,5617
22025,22,Catahoula,Louisiana,31.694978,-91.820047,8906
22027,22,Claiborne,Louisiana,32.826371,-93.033201,14170
22029,22,Concordia,Louisiana,31.592181,-91.54632,18687
22031,22,De Soto,Louisiana,32.121308,-93.778274,26812
22033,22,East Baton Rouge,Louisiana,30.460289,-91.100064,456781
22035,22,East Carroll,Louisiana,32.761788,-91.184557,7459
22037,22,East Feliciana,Louisiana,30.820502,-91.090607,19539
22039,22,Evangeline,Louisiana,30.690294,-92.361575,32350
22041,22,Franklin,Louisiana,32.147658,-91.695666,19774
22043,22,Grant,Louisiana,31.530198,-92.538082,22169
22045,22,Iberia,Louisiana,29.994242,-91.80964,69929
22047,22,Iberville,Louisiana,30.271035,-91.232013,30241
22049,22,Jackson,Louisiana,32.283184,-92.643112,15031
22051,22,Jefferson,Louisiana,29.945816,-90.152287,440781
22053,22,Jefferson Davis,Louisiana,30.241059,-92.746247,32250
22055,22,Lafayette,Louisiana,30.198103,-92.042199,241753
22057,22,Lafourche,Louisiana,29.690273,-90.63396,97557
22059,22,LaSalle,Louisiana,31.726006,-92.16954,14791
22061,22,Lincoln,Louisiana,32.54964,-92.645045,48396
22063,22,Livingston,Louisiana,30.48237,-90.843081,142282
22065,22,Madison,Louisiana,32.397655,-91.197847,10017
22067,22,Morehouse,Louisiana,32.785896,-91.8883,25629
22069,22,Natchitoches,Louisiana,31.757091,-93.097411,37515
22071,22,Orleans,Louisiana,29.975765,-90.05295,383997
22073,22,Ouachita,Louisiana,32.516411,-92.131922,160368
22075,22,Plaquemines,Louisiana,29.725872,-89.903288,23515
22077,22,Pointe Coupee,Louisiana,30.664814,-91.4947,20758
22079,22,Rapides,Louisiana,31.286365,-92.455373,130023
22081,22,Red River,Louisiana,32.054844,-93.305191,7620
22083,22,Richland,Louisiana,32.440206,-91.718715,20043
22085,22,Sabine,Louisiana,31.578134,-93.564477,22155
22087,22,St. Bernard,Louisiana,29.930597,-89.937239,43764
22089,22,St. Charles,Louisiana,29.938265,-90.376212,52549
22091,22,St. Helena,Louisiana,30.786666,-90.693517,10920
22093,22,St. James,Louisiana,30.020844,-90.736618,20192
22095,22,St. John the Baptist,Louisiana,30.072182,-90.511201,42477
22097,22,St. Landry,Louisiana,30.510054,-92.112737,82540
22099,22,St. Martin,Louisiana,30.231079,-91.83735,51767
22101,22,St. Mary,Louisiana,29.738031,-91.339006,49406
22103,22,St. Tammany,Louisiana,30.386943,-89.961836,264570
22105,22,Tangipahoa,Louisiana,30.561076,-90.449002,133157
22107,22,Tensas,Louisiana,31.960595,-91.298951,4147
22109,22,Terrebonne,Louisiana,29.596256,-90.725647,109580
22111,22,Union,Louisiana,32.788831,-92.398543,21107
22113,22,Vermilion,Louisiana,29.998731,-92.161801,57359
22115,22,Vernon,Louisiana,31.09456,-93.24714,48750
22117,22,Washington,Louisiana,30.839568,-90.004103,45463
22119,22,Webster,Louisiana,32.699031,-93.338052,36967
22121,22,West Baton Rouge,Louisiana,30.436753,-91.266575,27199
22123,22,West Carroll,Louisiana,32.827035,-91.427421,9751
22125,22,West Feliciana,Louisiana,30.888343,-91.442588,15310
22127,22,Winn,Louisiana,31.930579,-92.67791,13755
23001,23,Androscoggin,Maine,44.117226,-70.202081,111139
23003,23,Aroostook,Maine,46.701279,-68.088411,67105
23005,23,Cumberland,Maine,43.746359,-70.305033,303069
23007,23,Franklin,Maine,44.707406,-70.225872,29456
23009,23,Hancock,Maine,44.471045,-68.468176,55478
23011,23,Kennebec,Maine,44.395615,-69.748924,123642
23013,23,Knox,Maine,44.132937,-69.161632,40607
23015,23,Lincoln,Maine,44.034295,-69.553445,35237
23017,23,Oxford,Maine,44.279251,-70.614092,57777
23019,23,Penobscot,Maine,44.944506,-68.797457,152199
23021,23,Piscataquis,Maine,45.242664,-69.256031,16800
23023,23,Sagadahoc,Maine,43.956844,-69.871506,36699
23025,23,Somerset,Maine,44.820189,-69.685098,50477
23027,23,Waldo,Maine,44.490051,-69.086158,39607
23029,23,Washington,Maine,44.861852,-67.46595,31095
23031,23,York,Maine,43.422532,-70.64015,211972
24001,24,Allegany,Maryland,39.628458,-78.820665,68106
24003,24,Anne Arundel,Maryland,39.071038,-76.604417,588261
24005,24,Baltimore,Maryland,39.368834,-76.620325,854535
24009,24,Calvert,Maryland,38.551108,-76.54407,92783
24011,24,Caroline,Maryland,38.873476,-75.830203,33293
24013,24,Carroll,Maryland,39.526206,-76.993056,172891
24015,24,Cecil,Maryland,39.614177,-75.936285,103725
24017,24,Charles,Maryland,38.58147,-76.951519,166617
24019,24,Dorchester,Maryland,38.571271,-76.011658,32531
24021,24,Frederick,Maryland,39.427679,-77.400605,271717
24023,24,Garrett,Maryland,39.51324,-79.305826,28806
24025,24,Harford,Maryland,39.520613,-76.309261,260924
24027,24,Howard,Maryland,39.217658,-76.854298,332317
24029,24,Kent,Maryland,39.244676,-76.05767,19198
24031,24,Montgomery,Maryland,39.087069,-77.124126,1062061
24033,24,Prince George's,Maryland,38.909313,-76.888689,967201
24035,24,Queen Anne's,Maryland,39.021381,-76.149985,49874
24037,24,St. Mary's,Maryland,38.307223,-76.577954,113777
24039,24,Somerset,Maryland,38.13306,-75.742151,24620
24041,24,Talbot,Maryland,38.7685,-76.098027,37526
24043,24,Washington,Maryland,39.618688,-77.73148,154705
24045,24,Wicomico,Maryland,38.372255,-75.593756,103588
24047,24,Worcester,Maryland,38.30361,-75.234513,52460
24510,24,Baltimore,Maryland,39.314378,-76.618104,585708
25001,25,Barnstable,Massachusetts,41.692343,-70.328659,228996
25003,25,Berkshire,Massachusetts,42.456888,-73.218336,129026
25005,25,Bristol,Massachusetts,41.794278,-71.109451,579200
25007,25,Dukes,Massachusetts,41.419712,-70.60331,20600
25009,25,Essex,Massachusetts,42.625306,-70.991432,809829
25011,25,Franklin,Massachusetts,42.578152,-72.559152,71029
25013,25,Hampden,Massachusetts,42.125554,-72.574333,465825
25015,25,Hampshire,Massachusetts,42.312741,-72.572165,162308
25017,25,Middlesex,Massachusetts,42.447845,-71.254598,1632002
25019,25,Nantucket,Massachusetts,41.267216,-70.089225,14255
25021,25,Norfolk,Massachusetts,42.202442,-71.146359,725981
25023,25,Plymouth,Massachusetts,42.023677,-70.855576,530819
25025,25,Suffolk,Massachusetts,42.336102,-71.077148,797936
25027,25,Worcester,Massachusetts,42.303377,-71.802715,862111
26001,26,Alcona,Michigan,44.668106,-83.46556,10167
26003,26,Alger,Michigan,46.384467,-86.711752,8842
26005,26,Allegan,Michigan,42.608445,-85.871027,120502
26007,26,Alpena,Michigan,45.050588,-83.502895,28907
26009,26,Antrim,Michigan,44.978317,-85.198554,23431
26011,26,Arenac,Michigan,44.044452,-83.884489,15002
26013,26,Baraga,Michigan,46.766517,-88.450012,8158
26015,26,Barry,Michigan,42.618511,-85.349392,62423
26017,26,Bay,Michigan,43.629992,-83.929196,103856
26019,26,Benzie,Michigan,44.651834,-86.011382,17970
26021,26,Berrien,Michigan,41.985704,-86.406377,154316
26023,26,Branch,Michigan,41.929177,-85.030705,44862
26025,26,Calhoun,Michigan,42.289631,-85.106049,134310
26027,26,Cass,Michigan,41.892277,-86.040504,51589
26029,26,Charlevoix,Michigan,45.244536,-85.11101,26054
26031,26,Cheboygan,Michigan,45.511041,-84.52108,25579
26033,26,Chippewa,Michigan,46.365585,-84.396326,36785
26035,26,Clare,Michigan,43.944384,-84.825685,30856
26037,26,Clinton,Michigan,42.886259,-84.55428,79128
26039,26,Crawford,Michigan,44.657052,-84.668957,12988
26041,26,Delta,Michigan,45.801912,-87.065752,36903
26043,26,Dickinson,Michigan,45.832994,-88.014029,25947
26045,26,Eaton,Michigan,42.645094,-84.739621,109175
26047,26,Emmet,Michigan,45.432042,-84.910442,34112
26049,26,Genesee,Michigan,43.002399,-83.693809,406211
26051,26,Gladwin,Michigan,43.968003,-84.439806,25386
26053,26,Gogebic,Michigan,46.446365,-89.992958,14380
26055,26,Grand Traverse,Michigan,44.713441,-85.613028,95238
26057,26,Gratiot,Michigan,43.34413,-84.631259,41761
26059,26,Hillsdale,Michigan,41.916883,-84.605231,45746
26061,26,Houghton,Michigan,47.127331,-88.54177,37361
26063,26,Huron,Michigan,43.832366,-83.063027,31407
26065,26,Ingham,Michigan,42.688382,-84.486253,284900
26067,26,Ionia,Michigan,42.957003,-85.086727,66804
26069,26,Iosco,Michigan,44.357042,-83.532361,25237
26071,26,Iron,Michigan,46.099565,-88.53764,11631
26073,26,Isabella,Michigan,43.608534,-84.80345,64394
26075,26,Jackson,Michigan,42.241802,-84.406618,160366
26077,26,Kalamazoo,Michigan,42.262549,-85.586372,261670
26079,26,Kalkaska,Michigan,44.720582,-85.164963,17939
26081,26,Kent,Michigan,42.961776,-85.625638,657974
26083,26,Keweenaw,Michigan,47.336126,-88.289269,2046
26085,26,Lake,Michigan,43.95721,-85.799431,12096
26087,26,Lapeer,Michigan,43.058194,-83.249396,88619
26089,26,Leelanau,Michigan,44.906992,-85.730072,22301
26091,26,Lenawee,Michigan,41.926112,-84.052777,99423
26093,26,Livingston,Michigan,42.575026,-83.856466,193866
26095,26,Luce,Michigan,46.335663,-85.56135,5339
26097,26,Mackinac,Michigan,45.997314,-84.881331,10834
26099,26,Macomb,Michigan,42.589118,-82.957895,881217
26101,26,Manistee,Michigan,44.306321,-86.185294,25032
26103,26,Marquette,Michigan,46.486717,-87.492759,66017
26105,26,Mason,Michigan,43.97455,-86.346719,29052
26107,26,Mecosta,Michigan,43.650863,-85.382191,39714
26109,26,Menominee,Michigan,45.342064,-87.579801,23502
26111,26,Midland,Michigan,43.643318,-84.296349,83494
26113,26,Missaukee,Michigan,44.307677,-85.179858,15052
26115,26,Monroe,Michigan,41.901664,-83.486421,154809
26117,26,Montcalm,Michigan,43.283564,-85.172737,66614
26119,26,Montmorency,Michigan,44.997449,-84.12591,9153
26121,26,Muskegon,Michigan,43.243847,-86.214941,175824
26123,26,Newaygo,Michigan,43.466224,-85.811272,49978
26125,26,Oakland,Michigan,42.586862,-83.314039,1274395
26127,26,Oceana,Michigan,43.632662,-86.305778,26659
26129,26,Ogemaw,Michigan,44.286618,-84.127345,20770
26131,26,Ontonagon,Michigan,46.718929,-89.288199,5816
26133,26,Osceola,Michigan,43.965434,-85.357843,22891
26135,26,Oscoda,Michigan,44.701471,-84.14837,8219
26137,26,Otsego,Michigan,45.006949,-84.666769,25091
26139,26,Ottawa,Michigan,42.911054,-86.015862,296200
26141,26,Presque Isle,Michigan,45.356976,-83.868249,12982
26143,26,Roscommon,Michigan,44.364342,-84.650133,23459
26145,26,Saginaw,Michigan,43.399088,-83.996446,190124
26147,26,St. Clair,Michigan,42.912215,-82.563457,160383
26149,26,St. Joseph,Michigan,41.887521,-85.526887,60939
26151,26,Sanilac,Michigan,43.365189,-82.782963,40611
26153,26,Schoolcraft,Michigan,46.006087,-86.226826,8047
26155,26,Shiawassee,Michigan,42.942704,-84.147876,68094
26157,26,Tuscola,Michigan,43.429916,-83.433939,53323
26159,26,Van Buren,Michigan,42.260186,-86.001338,75587
26161,26,Washtenaw,Michigan,42.257602,-83.726939,372258
26163,26,Wayne,Michigan,42.329477,-83.226321,1793561
26165,26,Wexford,Michigan,44.309686,-85.486553,33673
27001,27,Aitkin,Minnesota,46.570797,-93.52998,15697
27003,27,Anoka,Minnesota,45.195033,-93.269315,363887
27005,27,Becker,Minnesota,46.846984,-95.781108,35183
27007,27,Beltrami,Minnesota,47.585267,-94.86333,46228
27009,27,Benton,Minnesota,45.634664,-94.10435,41379
27011,27,Big Stone,Minnesota,45.395362,-96.446286,5166
27013,27,Blue Earth,Minnesota,44.133623,-93.994417,69112
27015,27,Brown,Minnesota,44.285144,-94.59176,25912
27017,27,Carlton,Minnesota,46.644206,-92.532283,36207
27019,27,Carver,Minnesota,44.836919,-93.679267,106922
27021,27,Cass,Minnesota,46.817725,-94.417932,30066
27023,27,Chippewa,Minnesota,44.961846,-95.618298,12598
27025,27,Chisago,Minnesota,45.452093,-92.924032,56621
27027,27,Clay,Minnesota,46.855003,-96.673903,65318
27029,27,Clearwater,Minnesota,47.559971,-95.388788,8524
27031,27,Cook,Minnesota,47.790102,-90.339448,5600
27033,27,Cottonwood,Minnesota,43.938574,-95.120928,11517
27035,27,Crow Wing,Minnesota,46.430863,-94.162322,66123
27037,27,Dakota,Minnesota,44.763244,-93.154642,439882
27039,27,Dodge,Minnesota,44.030082,-92.805954,20867
27041,27,Douglas,Minnesota,45.907933,-95.389465,39006
27043,27,Faribault,Minnesota,43.682751,-93.954993,13921
27045,27,Fillmore,Minnesota,43.696271,-92.081754,21228
27047,27,Freeborn,Minnesota,43.662772,-93.361666,30895
27049,27,Goodhue,Minnesota,44.446353,-92.66657,47582
27051,27,Grant,Minnesota,45.948536,-95.931474,6074
27053,27,Hennepin,Minnesota,44.976697,-93.361233,1281565
27055,27,Houston,Minnesota,43.720423,-91.438661,18843
27057,27,Hubbard,Minnesota,47.058441,-94.933356,21344
27059,27,Isanti,Minnesota,45.542718,-93.259775,41135
27061,27,Itasca,Minnesota,47.315009,-93.521135,45014
27063,27,Jackson,Minnesota,43.66536,-95.109576,9989
27065,27,Kanabec,Minnesota,45.885216,-93.297994,16032
27067,27,Kandiyohi,Minnesota,45.154628,-95.017492,43732
27069,27,Kittson,Minnesota,48.729252,-96.77663,4207
27071,27,Koochiching,Minnesota,48.510977,-93.489801,12062
27073,27,Lac qui Parle,Minnesota,44.982404,-96.130868,6719
27075,27,Lake,Minnesota,47.186485,-91.560751,10905
27077,27,Lake of the Woods,Minnesota,48.769541,-94.744612,3763
27079,27,Le Sueur,Minnesota,44.39681,-93.716142,28674
27081,27,Lincoln,Minnesota,44.373948,-96.252306,5640
27083,27,Lyon,Minnesota,44.428528,-95.796682,25269
27085,27,McLeod,Minnesota,44.85967,-94.264775,36771
27087,27,Mahnomen,Minnesota,47.300158,-95.837513,5411
27089,27,Marshall,Minnesota,48.306927,-96.530084,9040
27091,27,Martin,Minnesota,43.665559,-94.50935,20025
27093,27,Meeker,Minnesota,45.136287,-94.481246,23400
27095,27,Mille Lacs,Minnesota,45.790781,-93.623033,26459
27097,27,Morrison,Minnesota,45.984633,-94.329081,34010
27099,27,Mower,Minnesota,43.665401,-92.901937,40029
27101,27,Murray,Minnesota,43.982392,-95.740801,8179
27103,27,Nicollet,Minnesota,44.265352,-94.058378,34454
27105,27,Nobles,Minnesota,43.635008,-95.663888,22290
27107,27,Norman,Minnesota,47.308519,-96.484363,6441
27109,27,Olmsted,Minnesota,44.024514,-92.476238,162847
27111,27,Otter Tail,Minnesota,46.408729,-95.789225,60081
27113,27,Pennington,Minnesota,48.102851,-96.147968,13992
27115,27,Pine,Minnesota,46.030418,-92.894181,28876
27117,27,Pipestone,Minnesota,43.980739,-96.268335,9424
27119,27,Polk,Minnesota,47.783873,-96.562798,31192
27121,27,Pope,Minnesota,45.630228,-95.439435,11308
27123,27,Ramsey,Minnesota,44.99291,-93.10565,552352
27125,27,Red Lake,Minnesota,47.875652,-96.132058,3935
27127,27,Redwood,Minnesota,44.440045,-95.189914,15425
27129,27,Renville,Minnesota,44.721227,-94.942285,14723
27131,27,Rice,Minnesota,44.372673,-93.26165,67097
27133,27,Rock,Minnesota,43.648084,-96.237081,9704
27135,27,Roseau,Minnesota,48.82443,-95.646717,15331
27137,27,St. Louis,Minnesota,47.078425,-92.307366,200231
27139,27,Scott,Minnesota,44.714553,-93.466447,150928
27141,27,Sherburne,Minnesota,45.402446,-93.718866,97183
27143,27,Sibley,Minnesota,44.58252,-94.165538,14836
27145,27,Stearns,Minnesota,45.559158,-94.355044,158292
27147,27,Steele,Minnesota,44.06586,-93.214616,37406
27149,27,Stevens,Minnesota,45.577955,-95.921798,9671
27151,27,Swift,Minnesota,45.272889,-95.637582,9838
27153,27,Todd,Minnesota,46.065805,-94.889142,25262
27155,27,Traverse,Minnesota,45.751962,-96.547312,3360
27157,27,Wabasha,Minnesota,44.298281,-92.21876,21387
27159,27,Wadena,Minnesota,46.52738,-95.044753,14065
27161,27,Waseca,Minnesota,44.062525,-93.551329,18968
27163,27,Washington,Minnesota,44.985726,-92.921431,267568
27165,27,Watonwan,Minnesota,43.992768,-94.58359,11253
27167,27,Wilkin,Minnesota,46.316429,-96.525623,6506
27169,27,Winona,Minnesota,44.023673,-91.718459,49671
27171,27,Wright,Minnesota,45.199091,-93.818147,141337
27173,27,Yellow Medicine,Minnesota,44.737396,-95.830115,9528
28001,28,Adams,Mississippi,31.545814,-91.35434,29538
28003,28,Alcorn,Mississippi,34.909527,-88.529805,34740
28005,28,Amite,Mississippi,31.187109,-90.807611,12720
28007,28,Attala,Mississippi,33.065276,-89.589172,17889
28009,28,Benton,Mississippi,34.813848,-89.203932,7646
28011,28,Bolivar,Mississippi,33.771865,-90.768825,30985
28013,28,Calhoun,Mississippi,33.930069,-89.309537,13266
28015,28,Carroll,Mississippi,33.46177,-89.919301,9998
28017,28,Chickasaw,Mississippi,33.93085,-88.93891,17106
28019,28,Choctaw,Mississippi,33.339222,-89.234179,8246
28021,28,Claiborne,Mississippi,31.931505,-90.950731,9135
28023,28,Clarke,Mississippi,32.067249,-88.731696,15615
28025,28,Clay,Mississippi,33.624883,-88.693,18636
28027,28,Coahoma,Mississippi,34.220105,-90.57036,21390
28029,28,Copiah,Mississippi,31.893381,-90.378623,28368
28031,28,Covington,Mississippi,31.634654,-89.546964,18340
28033,28,DeSoto,Mississippi,34.927389,-89.949653,185314
28035,28,Forrest,Mississippi,31.309279,-89.287954,78158
28037,28,Franklin,Mississippi,31.471678,-90.866734,7675
28039,28,George,Mississippi,30.868417,-88.590917,24350
28041,28,Greene,Mississippi,31.195402,-88.629422,13530
28043,28,Grenada,Mississippi,33.76756,-89.803438,21629
28045,28,Hancock,Mississippi,30.379142,-89.404092,46053
28047,28,Harrison,Mississippi,30.434161,-89.063779,208621
28049,28,Hinds,Mississippi,32.304046,-90.257,227742
28051,28,Holmes,Mississippi,33.089593,-90.028731,17000
28053,28,Humphreys,Mississippi,33.164116,-90.518897,7785
28055,28,Issaquena,Mississippi,32.889296,-91.018573,1338
28057,28,Itawamba,Mississippi,34.289689,-88.404342,23863
28059,28,Jackson,Mississippi,30.443696,-88.66863,143252
28061,28,Jasper,Mississippi,31.961091,-89.144805,16367
28063,28,Jefferson,Mississippi,31.714009,-91.057536,7260
28065,28,Jefferson Davis,Mississippi,31.575445,-89.816038,11321
28067,28,Jones,Mississippi,31.667175,-89.167194,67246
28069,28,Kemper,Mississippi,32.763776,-88.672958,8988
28071,28,Lafayette,Mississippi,34.359415,-89.52675,55813
28073,28,Lamar,Mississippi,31.273921,-89.439932,64222
28075,28,Lauderdale,Mississippi,32.401267,-88.692876,72984
28077,28,Lawrence,Mississippi,31.553787,-90.110558,12016
28079,28,Leake,Mississippi,32.733654,-89.510973,21275
28081,28,Lee,Mississippi,34.278226,-88.703819,83343
28083,28,Leflore,Mississippi,33.513518,-90.203416,28339
28085,28,Lincoln,Mississippi,31.54927,-90.457896,34907
28087,28,Lowndes,Mississippi,33.520258,-88.389424,58879
28089,28,Madison,Mississippi,32.509875,-90.104845,109145
28091,28,Marion,Mississippi,31.245825,-89.830527,24441
28093,28,Marshall,Mississippi,34.816554,-89.544076,33752
28095,28,Monroe,Mississippi,33.926461,-88.499061,34180
28097,28,Montgomery,Mississippi,33.496327,-89.682458,9822
28099,28,Neshoba,Mississippi,32.755039,-89.120008,29087
28101,28,Newton,Mississippi,32.415269,-89.129364,21291
28103,28,Noxubee,Mississippi,33.13285,-88.549668,10285
28105,28,Oktibbeha,Mississippi,33.448413,-88.825442,51788
28107,28,Panola,Mississippi,34.345346,-89.934868,33208
28109,28,Pearl River,Mississippi,30.640759,-89.631685,56145
28111,28,Perry,Mississippi,31.262146,-88.992608,11511
28113,28,Pike,Mississippi,31.219047,-90.435044,40324
28115,28,Pontotoc,Mississippi,34.253564,-89.015136,31184
28117,28,Prentiss,Mississippi,34.632609,-88.552077,25008
28119,28,Quitman,Mississippi,34.267733,-90.26323,6176
28121,28,Rankin,Mississippi,32.281333,-90.030487,157031
28123,28,Scott,Mississippi,32.40164,-89.529579,27990
28125,28,Sharkey,Mississippi,32.921684,-90.862626,3800
28127,28,Simpson,Mississippi,31.915898,-89.855744,25949
28129,28,Smith,Mississippi,31.970107,-89.504515,14209
28131,28,Stone,Mississippi,30.806397,-89.135849,18333
28133,28,Sunflower,Mississippi,33.593307,-90.584134,25971
28135,28,Tallahatchie,Mississippi,33.984159,-90.182077,12715
28137,28,Tate,Mississippi,34.644191,-89.948269,28064
28139,28,Tippah,Mississippi,34.765765,-88.924324,21815
28141,28,Tishomingo,Mississippi,34.730586,-88.228294,18850
28143,28,Tunica,Mississippi,34.720692,-90.341396,9782
28145,28,Union,Mississippi,34.483103,-89.010519,27777
28147,28,Walthall,Mississippi,31.150842,-90.122962,13884
28149,28,Warren,Mississippi,32.324815,-90.843777,44722
28151,28,Washington,Mississippi,33.369011,-91.01078,44922
28153,28,Wayne,Mississippi,31.650518,-88.662531,19779
28155,28,Webster,Mississippi,33.582804,-89.220716,9926
28157,28,Wilkinson,Mississippi,31.123212,-91.245215,8587
28159,28,Winston,Mississippi,33.084971,-89.042025,17714
28161,28,Yalobusha,Mississippi,34.081548,-89.694995,12481
28163,28,Yazoo,Mississippi,32.829241,-90.38218,26743
29001,29,Adair,Missouri,40.195278,-92.581512,25314
29003,29,Andrew,Missouri,39.919858,-94.8166,18135
29005,29,Atchison,Missouri,40.420914,-95.436109,5305
29007,29,Audrain,Missouri,39.203899,-91.826614,24962
29009,29,Barry,Missouri,36.737459,-93.865725,34534
29011,29,Barton,Missouri,37.495949,-94.305362,11637
29013,29,Bates,Missouri,38.280773,-94.362779,16042
29015,29,Benton,Missouri,38.301006,-93.310017,19394
29017,29,Bollinger,Missouri,37.340708,-89.999696,10567
29019,29,Boone,Missouri,38.956712,-92.321624,183610
29021,29,Buchanan,Missouri,39.750709,-94.819825,84793
29023,29,Butler,Missouri,36.756985,-90.417972,42130
29025,29,Caldwell,Missouri,39.663863,-93.998899,8815
29027,29,Callaway,Missouri,38.797548,-91.997518,44283
29029,29,Camden,Missouri,38.073064,-92.746042,42745
29031,29,Cape Girardeau,Missouri,37.355235,-89.607695,81710
29033,29,Carroll,Missouri,39.408302,-93.496539,8495
29035,29,Carter,Missouri,36.947475,-90.885719,5202
29037,29,Cass,Missouri,38.751052,-94.424307,107824
29039,29,Cedar,Missouri,37.765491,-93.895266,14188
29041,29,Chariton,Missouri,39.486142,-92.931479,7408
29043,29,Christian,Missouri,37.027878,-93.264355,88842
29045,29,Clark,Missouri,40.412112,-91.708614,6634
29047,29,Clay,Missouri,39.252956,-94.497328,253335
29049,29,Clinton,Missouri,39.602433,-94.367454,21184
29051,29,Cole,Missouri,38.55255,-92.220619,77279
29053,29,Cooper,Missouri,38.91006,-92.772757,17103
29055,29,Crawford,Missouri,38.061879,-91.321648,23056
29057,29,Dade,Missouri,37.415382,-93.824927,7569
29059,29,Dallas,Missouri,37.643751,-93.066641,17071
29061,29,Daviess,Missouri,39.938229,-93.980672,8430
29063,29,DeKalb,Missouri,39.825582,-94.354573,11029
29065,29,Dent,Missouri,37.631372,-91.545105,14421
29067,29,Douglas,Missouri,36.940662,-92.603414,11578
29069,29,Dunklin,Missouri,36.324914,-90.058119,28283
29071,29,Franklin,Missouri,38.436356,-90.998977,104682
29073,29,Gasconade,Missouri,38.446364,-91.490137,14794
29075,29,Gentry,Missouri,40.203737,-94.432825,6162
29077,29,Greene,Missouri,37.192242,-93.309507,298915
29079,29,Grundy,Missouri,40.093264,-93.59577,9808
29081,29,Harrison,Missouri,40.315594,-94.001268,8157
29083,29,Henry,Missouri,38.394287,-93.73769,21946
29085,29,Hickory,Missouri,37.91105,-93.329051,8279
29087,29,Holt,Missouri,40.084331,-95.185877,4223
29089,29,Howard,Missouri,39.140559,-92.70446,10151
29091,29,Howell,Missouri,36.792561,-91.873718,39750
29093,29,Iron,Missouri,37.578019,-90.713802,9537
29095,29,Jackson,Missouri,39.00998,-94.444287,717204
29097,29,Jasper,Missouri,37.129578,-94.444125,122761
29099,29,Jefferson,Missouri,38.340859,-90.475056,226739
29101,29,Johnson,Missouri,38.758577,-93.770288,54013
29103,29,Knox,Missouri,40.155205,-92.154081,3744
29105,29,Laclede,Missouri,37.669688,-92.653795,36039
29107,29,Lafayette,Missouri,39.055172,-93.842193,32984
29109,29,Lawrence,Missouri,37.034976,-93.799734,38001
29111,29,Lewis,Missouri,40.08916,-91.641748,10032
29113,29,Lincoln,Missouri,38.996776,-90.929751,59574
29115,29,Linn,Missouri,39.797177,-93.066695,11874
29117,29,Livingston,Missouri,39.79808,-93.553067,14557
29119,29,McDonald,Missouri,36.615343,-94.399016,23303
29121,29,Macon,Missouri,39.796483,-92.50812,15209
29123,29,Madison,Missouri,37.539522,-90.299752,12626
29125,29,Maries,Missouri,38.170013,-91.878849,8432
29127,29,Marion,Missouri,39.741435,-91.457393,28525
29129,29,Mercer,Missouri,40.415018,-93.579508,3538
29131,29,Miller,Missouri,38.246362,-92.50897,24722
29133,29,Mississippi,Missouri,36.856032,-89.368458,12577
29135,29,Moniteau,Missouri,38.627456,-92.611037,15473
29137,29,Monroe,Missouri,39.524752,-91.966322,8666
29139,29,Montgomery,Missouri,38.948967,-91.467436,11322
29141,29,Morgan,Missouri,38.383773,-92.85098,21006
29143,29,New Madrid,Missouri,36.612845,-89.651942,16434
29145,29,Newton,Missouri,36.921726,-94.414367,58648
29147,29,Nodaway,Missouri,40.352259,-94.868321,21241
29149,29,Oregon,Missouri,36.614979,-91.47387,8635
29151,29,Osage,Missouri,38.455126,-91.884527,13274
29153,29,Ozark,Missouri,36.623314,-92.421851,8553
29155,29,Pemiscot,Missouri,36.179974,-89.744692,15661
29157,29,Perry,Missouri,37.713861,-89.85786,18956
29159,29,Pettis,Missouri,38.701441,-93.247496,42980
29161,29,Phelps,Missouri,37.943357,-91.747022,44638
29163,29,Pike,Missouri,39.362999,-91.160041,17587
29165,29,Platte,Missouri,39.260346,-94.683735,106718
29167,29,Polk,Missouri,37.602027,-93.404435,31519
29169,29,Pulaski,Missouri,37.822042,-92.175732,53955
29171,29,Putnam,Missouri,40.483035,-92.984514,4681
29173,29,Ralls,Missouri,39.579823,-91.469172,10355
29175,29,Randolph,Missouri,39.413737,-92.451801,24716
29177,29,Ray,Missouri,39.336637,-94.062098,23158
29179,29,Reynolds,Missouri,37.329,-90.970144,6096
29181,29,Ripley,Missouri,36.626945,-90.790679,10679
29183,29,St. Charles,Missouri,38.778572,-90.671284,405262
29185,29,St. Clair,Missouri,38.057169,-93.763876,9284
29186,29,Ste. Genevieve,Missouri,37.94083,-90.165655,18479
29187,29,St. Francois,Missouri,37.834497,-90.488054,66922
29189,29,St. Louis,Missouri,38.644521,-90.389519,1004125
29195,29,Saline,Missouri,39.111399,-93.202654,23333
29197,29,Schuyler,Missouri,40.461863,-92.520354,4032
29199,29,Scotland,Missouri,40.44806,-92.151796,4716
29201,29,Scott,Missouri,37.015235,-89.577539,38059
29203,29,Shannon,Missouri,37.068998,-91.432915,7031
29205,29,Shelby,Missouri,39.761716,-92.07725,6103
29207,29,Stoddard,Missouri,36.847864,-89.970872,28672
29209,29,Stone,Missouri,36.723445,-93.437769,31076
29211,29,Sullivan,Missouri,40.21493,-93.101593,5999
29213,29,Taney,Missouri,36.657085,-93.195143,56066
29215,29,Texas,Missouri,37.330114,-91.966146,24487
29217,29,Vernon,Missouri,37.836794,-94.33739,19707
29219,29,Warren,Missouri,38.790363,-91.098557,35532
29221,29,Washington,Missouri,37.953782,-90.785794,23514
29223,29,Wayne,Missouri,37.109113,-90.523545,10974
29225,29,Webster,Missouri,37.26294,-92.906843,39085
29227,29,Worth,Missouri,40.481643,-94.437082,1973
29229,29,Wright,Missouri,37.193283,-92.433272,18188
29510,29,St. Louis,Missouri,38.620558,-90.253332,301578
30001,30,Beaverhead,Montana,45.225028,-112.693549,9371
30003,30,Big Horn,Montana,45.568552,-107.499673,13124
30005,30,Blaine,Montana,48.432419,-108.871588,7044
30007,30,Broadwater,Montana,46.281619,-111.543362,6774
30009,30,Carbon,Montana,45.322269,-109.084845,10473
30011,30,Carter,Montana,45.687353,-104.525341,1415
30013,30,Cascade,Montana,47.491558,-111.306586,84414
30015,30,Chouteau,Montana,47.962552,-110.386252,5895
30017,30,Custer,Montana,46.401678,-105.814642,11867
30019,30,Daniels,Montana,48.783637,-105.431739,1661
30021,30,Dawson,Montana,47.137216,-104.748806,8940
30023,30,Deer Lodge,Montana,46.135851,-112.955566,9421
30025,30,Fallon,Montana,46.360506,-104.316077,3049
30027,30,Fergus,Montana,47.092022,-109.4146,11446
30029,30,Flathead,Montana,48.24738,-114.28093,104357
30031,30,Gallatin,Montana,45.682956,-111.128767,118960
30033,30,Garfield,Montana,47.309975,-106.946674,1173
30035,30,Glacier,Montana,48.601084,-112.803122,13778
30037,30,Golden Valley,Montana,46.297881,-109.120778,823
30039,30,Granite,Montana,46.445392,-113.319927,3309
30041,30,Hill,Montana,48.511678,-109.767061,16309
30043,30,Jefferson,Montana,46.268426,-112.045462,12085
30045,30,Judith Basin,Montana,47.094038,-110.171269,2023
30047,30,Lake,Montana,47.608393,-114.123168,31134
30049,30,Lewis and Clark,Montana,46.646621,-112.019644,70973
30051,30,Liberty,Montana,48.538044,-110.985198,1959
30053,30,Lincoln,Montana,48.553306,-115.42649,19677
30055,30,McCone,Montana,47.569721,-105.638886,1729
30057,30,Madison,Montana,45.419014,-111.922649,8623
30059,30,Meagher,Montana,46.529828,-110.881517,1927
30061,30,Mineral,Montana,47.182752,-114.894335,4535
30063,30,Missoula,Montana,46.875546,-114.021512,117922
30065,30,Musselshell,Montana,46.420108,-108.483111,4730
30067,30,Park,Montana,45.604896,-110.596931,17191
30069,30,Petroleum,Montana,47.012154,-108.317862,496
30071,30,Phillips,Montana,48.367246,-107.86655,4217
30073,30,Pondera,Montana,48.211424,-112.157767,5898
30075,30,Powder River,Montana,45.438494,-105.544609,1694
30077,30,Powell,Montana,46.450646,-112.757979,6946
30079,30,Prairie,Montana,46.809714,-105.276222,1088
30081,30,Ravalli,Montana,46.358548,-114.111357,44174
30083,30,Richland,Montana,47.72072,-104.204227,11491
30085,30,Roosevelt,Montana,48.134392,-105.212553,10794
30087,30,Rosebud,Montana,45.902894,-106.612238,8329
30089,30,Sanders,Montana,47.635009,-115.175789,12400
30091,30,Sheridan,Montana,48.734101,-104.49367,3539
30093,30,Silver Bow,Montana,45.98746,-112.525517,35133
30095,30,Stillwater,Montana,45.615383,-109.238178,8963
30097,30,Sweet Grass,Montana,45.829391,-109.91651,3678
30099,30,Teton,Montana,47.762524,-112.039341,6226
30101,30,Toole,Montana,48.578065,-111.850473,4971
30103,30,Treasure,Montana,46.247085,-107.247111,762
30105,30,Valley,Montana,48.236249,-106.541586,7578
30107,30,Wheatland,Montana,46.454552,-109.845461,2069
30109,30,Wibaux,Montana,46.969955,-104.191241,937
30111,30,Yellowstone,Montana,45.789945,-108.546051,164731
31001,31,Adams,Nebraska,40.585501,-98.41518,31205
31003,31,Antelope,Nebraska,42.147054,-98.057377,6295
31005,31,Arthur,Nebraska,41.569368,-101.678874,434
31007,31,Banner,Nebraska,41.558824,-103.721644,674
31009,31,Blaine,Nebraska,41.906138,-100.013369,431
31011,31,Boone,Nebraska,41.677314,-98.014023,5379
31013,31,Box Butte,Nebraska,42.136678,-102.905215,10842
31015,31,Boyd,Nebraska,42.893569,-98.74483,1810
31017,31,Brown,Nebraska,42.543087,-99.849627,2903
31019,31,Buffalo,Nebraska,40.737756,-99.072828,50084
31021,31,Burt,Nebraska,41.845218,-96.347791,6722
31023,31,Butler,Nebraska,41.247435,-97.141745,8369
31025,31,Cass,Nebraska,40.949471,-96.063719,26598
31027,31,Cedar,Nebraska,42.576739,-97.250958,8380
31029,31,Chase,Nebraska,40.501955,-101.625629,3893
31031,31,Cherry,Nebraska,42.788407,-100.749694,5455
31033,31,Cheyenne,Nebraska,41.164852,-102.982567,9468
31035,31,Clay,Nebraska,40.547589,-98.027882,6104
31037,31,Colfax,Nebraska,41.515594,-97.076357,10582
31039,31,Cuming,Nebraska,41.896856,-96.758441,9013
31041,31,Custer,Nebraska,41.400577,-99.673936,10545
31043,31,Dakota,Nebraska,42.446864,-96.438647,21582
31045,31,Dawes,Nebraska,42.786274,-103.066332,8199
31047,31,Dawson,Nebraska,40.827351,-99.856676,24111
31049,31,Deuel,Nebraska,41.090929,-102.33652,1838
31051,31,Dixon,Nebraska,42.436803,-96.826061,5606
31053,31,Dodge,Nebraska,41.471288,-96.528637,37167
31055,31,Douglas,Nebraska,41.26173,-96.069741,584526
31057,31,Dundy,Nebraska,40.089487,-101.59927,1654
31059,31,Fillmore,Nebraska,40.541248,-97.580053,5551
31061,31,Franklin,Nebraska,40.185987,-98.95454,2889
31063,31,Frontier,Nebraska,40.609996,-100.398828,2519
31065,31,Furnas,Nebraska,40.250813,-99.934116,4636
31067,31,Gage,Nebraska,40.280866,-96.713556,21704
31069,31,Garden,Nebraska,41.429505,-102.323863,1874
31071,31,Garfield,Nebraska,41.803658,-99.104124,1813
31073,31,Gosper,Nebraska,40.59443,-99.826842,1893
31075,31,Grant,Nebraska,41.969597,-101.734576,611
31077,31,Greeley,Nebraska,41.555312,-98.49942,2188
31079,31,Hall,Nebraska,40.91634,-98.377793,62895
31081,31,Hamilton,Nebraska,40.879505,-98.023002,9429
31083,31,Harlan,Nebraska,40.145347,-99.406335,3073
31085,31,Hayes,Nebraska,40.500842,-101.049757,856
31087,31,Hitchcock,Nebraska,40.21095,-101.004675,2616
31089,31,Holt,Nebraska,42.460461,-98.743792,10127
31091,31,Hooker,Nebraska,42.010663,-101.050551,711
31093,31,Howard,Nebraska,41.18917,-98.489627,6475
31095,31,Jefferson,Nebraska,40.164225,-97.141688,7240
31097,31,Johnson,Nebraska,40.401098,-96.227732,5290
31099,31,Kearney,Nebraska,40.507252,-98.99218,6688
31101,31,Keith,Nebraska,41.141819,-101.6998,8335
31103,31,Keya Paha,Nebraska,42.868932,-99.717406,769
31105,31,Kimball,Nebraska,41.231296,-103.66158,3434
31107,31,Knox,Nebraska,42.62421,-97.782589,8391
31109,31,Lancaster,Nebraska,40.799269,-96.671536,322608
31111,31,Lincoln,Nebraska,41.119294,-100.789525,34676
31113,31,Logan,Nebraska,41.499176,-100.507661,716
31115,31,Loup,Nebraska,41.832646,-99.416371,607
31117,31,McPherson,Nebraska,41.560427,-101.004858,399
31119,31,Madison,Nebraska,42.00636,-97.461443,35585
31121,31,Merrick,Nebraska,41.130786,-98.037243,7668
31123,31,Morrill,Nebraska,41.708586,-103.162925,4555
31125,31,Nance,Nebraska,41.404591,-97.896242,3380
31127,31,Nemaha,Nebraska,40.401975,-95.839188,7074
31129,31,Nuckolls,Nebraska,40.114628,-98.0618,4095
31131,31,Otoe,Nebraska,40.670824,-96.03688,15912
31133,31,Pawnee,Nebraska,40.133204,-96.177346,2544
31135,31,Perkins,Nebraska,40.844891,-101.675458,2858
31137,31,Phelps,Nebraska,40.466361,-99.40454,8968
31139,31,Pierce,Nebraska,42.259529,-97.591612,7317
31141,31,Platte,Nebraska,41.46697,-97.385528,34296
31143,31,Polk,Nebraska,41.173605,-97.55672,5214
31145,31,Red Willow,Nebraska,40.206742,-100.592097,10702
31147,31,Richardson,Nebraska,40.099879,-95.669705,7871
31149,31,Rock,Nebraska,42.536738,-99.499863,1262
31151,31,Saline,Nebraska,40.579217,-97.016896,14292
31153,31,Sarpy,Nebraska,41.152889,-96.0437,190604
31155,31,Saunders,Nebraska,41.195383,-96.560061,22278
31157,31,Scotts Bluff,Nebraska,41.865094,-103.680393,36084
31159,31,Seward,Nebraska,40.875087,-97.102308,17609
31161,31,Sheridan,Nebraska,42.704794,-102.404074,5127
31163,31,Sherman,Nebraska,41.228647,-98.968633,2959
31165,31,Sioux,Nebraska,42.408762,-103.833171,1135
31167,31,Stanton,Nebraska,41.985101,-97.255038,5842
31169,31,Thayer,Nebraska,40.178256,-97.628078,5034
31171,31,Thomas,Nebraska,41.967138,-100.565595,669
31173,31,Thurston,Nebraska,42.161934,-96.522459,6773
31175,31,Valley,Nebraska,41.573672,-98.948914,4059
31177,31,Washington,Nebraska,41.504682,-96.156611,20865
31179,31,Wayne,Nebraska,42.223628,-97.056303,9697
31181,31,Webster,Nebraska,40.195862,-98.486606,3395
31183,31,Wheeler,Nebraska,41.885209,-98.545473,774
31185,31,York,Nebraska,40.863485,-97.605023,14125
32001,32,Churchill,Nevada,39.474469,-118.796052,25516
32003,32,Clark,Nevada,36.141141,-115.152976,2265461
32005,32,Douglas,Nevada,38.957468,-119.756218,49488
32007,32,Elko,Nevada,40.856303,-115.534273,53702
32009,32,Esmeralda,Nevada,37.704407,-117.670635,729
32011,32,Eureka,Nevada,39.946993,-116.209128,1855
32013,32,Humboldt,Nevada,41.017558,-117.744296,17285
32015,32,Lander,Nevada,40.49846,-116.949528,5734
32017,32,Lincoln,Nevada,37.710093,-114.626444,4499
32019,32,Lyon,Nevada,39.355756,-119.327152,59235
32021,32,Mineral,Nevada,38.601613,-118.643399,4554
32023,32,Nye,Nevada,36.414296,-116.125667,51591
32027,32,Pershing,Nevada,40.334654,-118.294224,6650
32029,32,Storey,Nevada,39.389828,-119.622432,4104
32031,32,Washoe,Nevada,39.534488,-119.793527,486492
32033,32,White Pine,Nevada,39.278317,-114.875458,9080
32510,32,Carson City,Nevada,39.166096,-119.75408,58639
33001,33,Belknap,New Hampshire,43.518179,-71.439516,63705
33003,33,Carroll,New Hampshire,43.810093,-71.170079,50107
33005,33,Cheshire,New Hampshire,42.897949,-72.260597,76458
33007,33,Coos,New Hampshire,44.544534,-71.3636,31268
33009,33,Grafton,New Hampshire,43.83744,-71.957176,91118
33011,33,Hillsborough,New Hampshire,42.879412,-71.531546,422937
33013,33,Merrimack,New Hampshire,43.244048,-71.586768,153808
33015,33,Rockingham,New Hampshire,42.937487,-71.105861,314176
33017,33,Strafford,New Hampshire,43.246137,-70.954351,130889
33019,33,Sullivan,New Hampshire,43.370229,-72.256473,43063
34001,34,Atlantic,New Jersey,39.428157,-74.584723,274534
34003,34,Bergen,New Jersey,40.916918,-74.056816,955732
34005,34,Burlington,New Jersey,39.983738,-74.836627,461860
34007,34,Camden,New Jersey,39.863128,-75.026364,523485
34009,34,Cape May,New Jersey,39.096879,-74.806953,95263
34011,34,Cumberland,New Jersey,39.431713,-75.0896,154152
34013,34,Essex,New Jersey,40.767919,-74.216055,863728
34015,34,Gloucester,New Jersey,39.748752,-75.130305,302294
34017,34,Hudson,New Jersey,40.741644,-74.061448,724854
34019,34,Hunterdon,New Jersey,40.572604,-74.895969,128947
34021,34,Mercer,New Jersey,40.255387,-74.69945,387340
34023,34,Middlesex,New Jersey,40.484409,-74.388583,863162
34025,34,Monmouth,New Jersey,40.29118,-74.14859,643615
34027,34,Morris,New Jersey,40.859148,-74.50031,509285
34029,34,Ocean,New Jersey,39.978586,-74.215904,637229
34031,34,Passaic,New Jersey,40.923998,-74.189868,524118
34033,34,Salem,New Jersey,39.627242,-75.378171,64837
34035,34,Somerset,New Jersey,40.559937,-74.578391,345361
34037,34,Sussex,New Jersey,41.090477,-74.655456,144221
34039,34,Union,New Jersey,40.659355,-74.293688,575345
34041,34,Warren,New Jersey,40.794655,-75.014893,109632
35001,35,Bernalillo,New Mexico,35.109462,-106.617779,676444
35003,35,Catron,New Mexico,33.958709,-108.531494,3579
35005,35,Chaves,New Mexico,33.365668,-104.514733,65157
35006,35,Cibola,New Mexico,35.107009,-107.818849,27172
35007,35,Colfax,New Mexico,36.698075,-104.656615,12387
35009,35,Curry,New Mexico,34.421082,-103.213229,48430
35011,35,De Baca,New Mexico,34.460693,-104.247994,1698
35013,35,Doña Ana,New Mexico,32.24837,-106.728836,219561
35015,35,Eddy,New Mexico,32.538156,-104.288595,62314
35017,35,Grant,New Mexico,32.781053,-108.24321,28185
35019,35,Guadalupe,New Mexico,34.932588,-104.764455,4452
35021,35,Harding,New Mexico,35.853043,-103.978557,657
35023,35,Hidalgo,New Mexico,32.286524,-108.771223,4178
35025,35,Lea,New Mexico,32.75172,-103.190527,74455
35027,35,Lincoln,New Mexico,33.419573,-105.631108,20269
35028,35,Los Alamos,New Mexico,35.869176,-106.272314,19419
35029,35,Luna,New Mexico,32.223031,-107.741875,25427
35031,35,McKinley,New Mexico,35.513228,-108.634281,72902
35033,35,Mora,New Mexico,36.00418,-105.23707,4189
35035,35,Otero,New Mexico,32.778517,-106.000317,67839
35037,35,Quay,New Mexico,35.178327,-103.662364,8746
35039,35,Rio Arriba,New Mexico,36.203984,-106.205155,40363
35041,35,Roosevelt,New Mexico,34.168551,-103.347539,19191
35043,35,Sandoval,New Mexico,35.319674,-106.649224,148834
35045,35,San Juan,New Mexico,36.723982,-108.220154,121661
35047,35,San Miguel,New Mexico,35.576344,-105.307874,27201
35049,35,Santa Fe,New Mexico,35.632632,-106.004765,154823
35051,35,Sierra,New Mexico,33.106952,-107.281723,11576
35053,35,Socorro,New Mexico,34.154884,-106.960356,16595
35055,35,Taos,New Mexico,36.435099,-105.60791,34489
35057,35,Torrance,New Mexico,34.870562,-106.1027,15045
35059,35,Union,New Mexico,36.468186,-103.265891,4079
35061,35,Valencia,New Mexico,34.755709,-106.722815,76205
36001,36,Albany,New York,42.680589,-73.811637,314848
36003,36,Allegany,New York,42.228676,-78.020786,46456
36005,36,Bronx,New York,40.849395,-73.882271,1472654
36007,36,Broome,New York,42.120758,-75.936264,198683
36009,36,Cattaraugus,New York,42.223696,-78.608393,77042
36011,36,Cayuga,New York,42.938915,-76.560652,76248
36013,36,Chautauqua,New York,42.245031,-79.314802,127657
36015,36,Chemung,New York,42.120553,-76.813813,84148
36017,36,Chenango,New York,42.480979,-75.568857,47220
36019,36,Clinton,New York,44.72994,-73.542837,79843
36021,36,Columbia,New York,42.274439,-73.680411,61570
36023,36,Cortland,New York,42.595471,-76.146202,46809
36025,36,Delaware,New York,42.248721,-74.996335,44308
36027,36,Dutchess,New York,41.678068,-73.84154,295911
36029,36,Erie,New York,42.891147,-78.792727,954236
36031,36,Essex,New York,44.168428,-73.676357,37381
36033,36,Franklin,New York,44.717734,-74.351416,47555
36035,36,Fulton,New York,43.058597,-74.329857,53324
36037,36,Genesee,New York,42.998899,-78.171041,58388
36039,36,Greene,New York,42.298257,-73.978824,47931
36041,36,Hamilton,New York,43.612735,-74.385492,5107
36043,36,Herkimer,New York,43.071299,-74.994925,60139
36045,36,Jefferson,New York,44.019862,-75.89504,116721
36047,36,Kings,New York,40.651666,-73.954985,2736074
36049,36,Lewis,New York,43.788692,-75.449227,26582
36051,36,Livingston,New York,42.769037,-77.762787,61834
36053,36,Madison,New York,42.98686,-75.719961,68016
36055,36,Monroe,New York,43.160725,-77.618985,759443
36057,36,Montgomery,New York,42.93271,-74.344144,49532
36059,36,Nassau,New York,40.716432,-73.603664,1395774
36061,36,New York,New York,40.776422,-73.967437,1694251
36063,36,Niagara,New York,43.134406,-78.851139,212666
36065,36,Oneida,New York,43.146277,-75.355941,232125
36067,36,Onondaga,New York,43.067977,-76.167376,476516
36069,36,Ontario,New York,42.902312,-77.266946,112458
36071,36,Orange,New York,41.41957,-74.239375,401310
36073,36,Orleans,New York,43.249285,-78.224364,40343
36075,36,Oswego,New York,43.392222,-76.31179,117525
36077,36,Otsego,New York,42.564145,-75.060236,58524
36079,36,Putnam,New York,41.410932,-73.718558,97668
36081,36,Queens,New York,40.721204,-73.834008,2405464
36083,36,Rensselaer,New York,42.699563,-73.631993,161130
36085,36,Richmond,New York,40.589259,-74.136701,495747
36087,36,Rockland,New York,41.127445,-74.02214,338329
36089,36,St. Lawrence,New York,44.652827,-75.147873,108505
36091,36,Saratoga,New York,43.007918,-73.784353,235509
36093,36,Schenectady,New York,42.809147,-73.945253,158061
36095,36,Schoharie,New York,42.64398,-74.435708,29714
36097,36,Schuyler,New York,42.389251,-76.869139,17898
36099,36,Seneca,New York,42.82851,-76.827711,33814
36101,36,Steuben,New York,42.264824,-77.31968,93584
36103,36,Suffolk,New York,40.823365,-73.103278,1525920
36105,36,Sullivan,New York,41.698542,-74.698587,78624
36107,36,Tioga,New York,42.121424,-76.298893,48455
36109,36,Tompkins,New York,42.459082,-76.478989,105740
36111,36,Ulster,New York,41.841749,-74.098362,181851
36113,36,Warren,New York,43.392942,-73.711242,65737
36115,36,Washington,New York,43.289043,-73.460751,61302
36117,36,Wayne,New York,43.143635,-77.130245,91283
36119,36,Westchester,New York,41.038581,-73.80547,1004457
36121,36,Wyoming,New York,42.722711,-78.209554,40531
36123,36,Yates,New York,42.634707,-77.078135,24774
37001,37,Alamance,North Carolina,36.071544,-79.413154,171415
37003,37,Alexander,North Carolina,35.889332,-81.193451,36444
37005,37,Alleghany,North Carolina,36.497597,-81.10603,10888
37007,37,Anson,North Carolina,34.974145,-80.110797,22055
37009,37,Ashe,North Carolina,36.41363,-81.487979,26577
37011,37,Avery,North Carolina,36.07601,-81.939525,17806
37013,37,Beaufort,North Carolina,35.521622,-76.961773,44652
37015,37,Bertie,North Carolina,36.081687,-76.962721,17934
37017,37,Bladen,North Carolina,34.60917,-78.643311,29606
37019,37,Brunswick,North Carolina,34.041766,-78.216619,136693
37021,37,Buncombe,North Carolina,35.585308,-82.551811,269452
37023,37,Burke,North Carolina,35.73127,-81.641243,87570
37025,37,Cabarrus,North Carolina,35.395655,-80.621106,225804
37027,37,Caldwell,North Carolina,35.873003,-81.502542,80652
37029,37,Camden,North Carolina,36.369324,-76.197747,10355
37031,37,Carteret,North Carolina,34.744126,-76.818665,67686
37033,37,Caswell,North Carolina,36.399939,-79.361345,22736
37035,37,Catawba,North Carolina,35.695474,-81.245331,160610
37037,37,Chatham,North Carolina,35.756012,-79.208387,76285
37039,37,Cherokee,North Carolina,35.101433,-84.022596,28774
37041,37,Chowan,North Carolina,36.117035,-76.626616,13708
37043,37,Clay,North Carolina,35.036306,-83.805739,11089
37045,37,Cleveland,North Carolina,35.291366,-81.515786,99519
37047,37,Columbus,North Carolina,34.280555,-78.706901,50623
37049,37,Craven,North Carolina,35.069158,-77.04141,100720
37051,37,Cumberland,North Carolina,35.054571,-78.937283,334728
37053,37,Currituck,North Carolina,36.403222,-76.016801,28100
37055,37,Dare,North Carolina,35.920369,-75.676005,36915
37057,37,Davidson,North Carolina,35.857903,-80.200515,168930
37059,37,Davie,North Carolina,35.931411,-80.52037,42712
37061,37,Duplin,North Carolina,34.92845,-77.940295,48715
37063,37,Durham,North Carolina,35.986154,-78.901717,324833
37065,37,Edgecombe,North Carolina,35.902358,-77.656133,48900
37067,37,Forsyth,North Carolina,36.104617,-80.258522,382590
37069,37,Franklin,North Carolina,36.044193,-78.354026,68573
37071,37,Gaston,North Carolina,35.273689,-81.150823,227943
37073,37,Gates,North Carolina,36.464578,-76.706981,10478
37075,37,Graham,North Carolina,35.332126,-83.787137,8030
37077,37,Granville,North Carolina,36.216579,-78.649713,60992
37079,37,Greene,North Carolina,35.466704,-77.665166,20451
37081,37,Guilford,North Carolina,36.066734,-79.847354,541299
37083,37,Halifax,North Carolina,36.36143,-77.67408,48622
37085,37,Harnett,North Carolina,35.354081,-78.867419,133568
37087,37,Haywood,North Carolina,35.518934,-82.943122,62089
37089,37,Henderson,North Carolina,35.341636,-82.471646,116281
37091,37,Hertford,North Carolina,36.352235,-77.011325,21552
37093,37,Hoke,North Carolina,34.992582,-79.170107,52082
37095,37,Hyde,North Carolina,35.430458,-76.205134,4589
37097,37,Iredell,North Carolina,35.694772,-80.866837,186693
37099,37,Jackson,North Carolina,35.332904,-83.199035,43109
37101,37,Johnston,North Carolina,35.570579,-78.419098,215999
37103,37,Jones,North Carolina,35.030718,-77.354076,9172
37105,37,Lee,North Carolina,35.453843,-79.173582,63285
37107,37,Lenoir,North Carolina,35.260621,-77.633969,55122
37109,37,Lincoln,North Carolina,35.485544,-81.162521,86810
37111,37,McDowell,North Carolina,35.667381,-82.019915,44578
37113,37,Macon,North Carolina,35.156852,-83.377321,37014
37115,37,Madison,North Carolina,35.839031,-82.636142,21193
37117,37,Martin,North Carolina,35.830325,-77.097262,22031
37119,37,Mecklenburg,North Carolina,35.225341,-80.819873,1115482
37121,37,Mitchell,North Carolina,35.960065,-82.113979,14903
37123,37,Montgomery,North Carolina,35.340612,-79.892912,25751
37125,37,Moore,North Carolina,35.23777,-79.439212,99727
37127,37,Nash,North Carolina,35.945971,-77.925858,94970
37129,37,New Hanover,North Carolina,34.210212,-77.878389,225702
37131,37,Northampton,North Carolina,36.44074,-77.450044,17471
37133,37,Onslow,North Carolina,34.734255,-77.405266,204576
37135,37,Orange,North Carolina,35.980115,-79.082329,148696
37137,37,Pamlico,North Carolina,35.102112,-76.782234,12276
37139,37,Pasquotank,North Carolina,36.294076,-76.247331,40568
37141,37,Pender,North Carolina,34.453784,-77.806662,60203
37143,37,Perquimans,North Carolina,36.180608,-76.422879,13005
37145,37,Person,North Carolina,36.37201,-78.97044,39097
37147,37,Pitt,North Carolina,35.576487,-77.383372,170243
37149,37,Polk,North Carolina,35.258428,-82.17688,19328
37151,37,Randolph,North Carolina,35.766153,-79.829145,144171
37153,37,Richmond,North Carolina,34.942668,-79.735374,42946
37155,37,Robeson,North Carolina,34.677173,-79.091794,116530
37157,37,Rockingham,North Carolina,36.40032,-79.773426,91096
37159,37,Rowan,North Carolina,35.620923,-80.522841,146875
37161,37,Rutherford,North Carolina,35.350767,-81.897864,64444
37163,37,Sampson,North Carolina,35.036714,-78.397561,59036
37165,37,Scotland,North Carolina,34.785743,-79.473966,34174
37167,37,Stanly,North Carolina,35.320568,-80.251909,62504
37169,37,Stokes,North Carolina,36.349476,-80.275236,44520
37171,37,Surry,North Carolina,36.431129,-80.657197,71359
37173,37,Swain,North Carolina,35.437811,-83.411997,14117
37175,37,Transylvania,North Carolina,35.210116,-82.743077,32986
37177,37,Tyrrell,North Carolina,35.895302,-76.242529,3245
37179,37,Union,North Carolina,35.01249,-80.631967,238267
37181,37,Vance,North Carolina,36.332774,-78.402975,42578
37183,37,Wake,North Carolina,35.795346,-78.679962,1129410
37185,37,Warren,North Carolina,36.4113,-78.134476,18642
37187,37,Washington,North Carolina,35.863224,-76.651708,11003
37189,37,Watauga,North Carolina,36.218213,-81.686035,54086
37191,37,Wayne,North Carolina,35.372889,-77.986675,117333
37193,37,Wilkes,North Carolina,36.191877,-81.133714,65969
37195,37,Wilson,North Carolina,35.727699,-77.93379,78784
37197,37,Yadkin,North Carolina,36.164018,-80.673979,37214
37199,37,Yancey,North Carolina,35.910934,-82.294631,18470
38001,38,Adams,North Dakota,46.035876,-102.621818,2200
38003,38,Barnes,North Dakota,46.926891,-98.030382,10853
38005,38,Benson,North Dakota,48.022233,-99.148961,5964
38007,38,Billings,North Dakota,47.00341,-103.306329,945
38009,38,Bottineau,North Dakota,48.818996,-100.635057,6379
38011,38,Bowman,North Dakota,46.17101,-103.389737,2993
38013,38,Burke,North Dakota,48.760535,-102.539257,2201
38015,38,Burleigh,North Dakota,46.823125,-100.761269,98458
38017,38,Cass,North Dakota,46.853248,-96.866085,184525
38019,38,Cavalier,North Dakota,48.756287,-98.408736,3704
38021,38,Dickey,North Dakota,46.090319,-98.316828,4999
38023,38,Divide,North Dakota,48.873168,-103.340573,2195
38025,38,Dunn,North Dakota,47.337232,-102.638185,4095
38027,38,Eddy,North Dakota,47.705809,-99.056923,2347
38029,38,Emmons,North Dakota,46.26697,-100.221494,3301
38031,38,Foster,North Dakota,47.460553,-99.032312,3397
38033,38,Golden Valley,North Dakota,46.891037,-103.959283,1736
38035,38,Grand Forks,North Dakota,47.904107,-97.114067,73170
38037,38,Grant,North Dakota,46.39358,-101.709905,2301
38039,38,Griggs,North Dakota,47.45152,-98.184378,2306
38041,38,Hettinger,North Dakota,46.452752,-102.563748,2489
38043,38,Kidder,North Dakota,46.913782,-99.803211,2394
38045,38,LaMoure,North Dakota,46.405038,-98.531088,4093
38047,38,Logan,North Dakota,46.497157,-99.553732,1876
38049,38,McHenry,North Dakota,48.179669,-100.700743,5345
38051,38,McIntosh,North Dakota,46.146072,-99.492968,2530
38053,38,McKenzie,North Dakota,47.815379,-103.249949,14704
38055,38,McLean,North Dakota,47.524037,-101.227016,9771
38057,38,Mercer,North Dakota,47.300979,-101.712049,8350
38059,38,Morton,North Dakota,46.82084,-100.987436,33291
38061,38,Mountrail,North Dakota,48.134813,-102.385064,9809
38063,38,Nelson,North Dakota,47.914125,-98.211495,3015
38065,38,Oliver,North Dakota,47.120347,-101.30705,1877
38067,38,Pembina,North Dakota,48.786353,-97.583136,6844
38069,38,Pierce,North Dakota,48.327982,-99.985438,3990
38071,38,Ramsey,North Dakota,48.129972,-98.834617,11605
38073,38,Ransom,North Dakota,46.473332,-97.654107,5703
38075,38,Renville,North Dakota,48.71223,-101.513019,2282
38077,38,Richland,North Dakota,46.265439,-96.76508,16529
38079,38,Rolette,North Dakota,48.837585,-99.815657,12187
38081,38,Sargent,North Dakota,46.166223,-97.587859,3862
38083,38,Sheridan,North Dakota,47.581765,-100.333635,1265
38085,38,Sioux,North Dakota,46.166774,-100.727458,3898
38087,38,Slope,North Dakota,46.418394,-103.416249,706
38089,38,Stark,North Dakota,46.883324,-102.784958,33646
38091,38,Steele,North Dakota,47.459852,-97.75048,1798
38093,38,Stutsman,North Dakota,46.917429,-98.73948,21593
38095,38,Towner,North Dakota,48.575593,-99.232995,2162
38097,38,Traill,North Dakota,47.489414,-97.221419,7997
38099,38,Walsh,North Dakota,48.392384,-97.55615,10563
38101,38,Ward,North Dakota,48.251003,-101.324255,69919
38103,38,Wells,North Dakota,47.673531,-99.776162,3982
38105,38,Williams,North Dakota,48.198161,-103.581969,40950
39001,39,Adams,Ohio,38.851155,-83.519185,27477
39003,39,Allen,Ohio,40.757218,-84.123687,102206
39005,39,Ashland,Ohio,40.854406,-82.284305,52447
39007,39,Ashtabula,Ohio,41.792138,-80.769023,97574
39009,39,Athens,Ohio,39.342729,-82.09958,62431
39011,39,Auglaize,Ohio,40.543994,-84.27252,46422
39013,39,Belmont,Ohio,40.042452,-80.892944,66497
39015,39,Brown,Ohio,38.952078,-83.892764,43676
39017,39,Butler,Ohio,39.41063,-84.498421,390357
39019,39,Carroll,Ohio,40.608768,-81.114233,26721
39021,39,Champaign,Ohio,40.121157,-83.756495,38714
39023,39,Clark,Ohio,39.927551,-83.83172,136001
39025,39,Clermont,Ohio,39.104936,-84.213831,208601
39027,39,Clinton,Ohio,39.411451,-83.84298,42018
39029,39,Columbiana,Ohio,40.780285,-80.730613,101877
39031,39,Coshocton,Ohio,40.291486,-81.863132,36612
39033,39,Crawford,Ohio,40.796314,-82.873456,42025
39035,39,Cuyahoga,Ohio,41.448408,-81.677451,1264817
39037,39,Darke,Ohio,40.116114,-84.606299,51881
39039,39,Defiance,Ohio,41.29476,-84.448702,38286
39041,39,Delaware,Ohio,40.213434,-83.012316,214124
39043,39,Erie,Ohio,41.40534,-82.62729,75622
39045,39,Fairfield,Ohio,39.799356,-82.672891,158921
39047,39,Fayette,Ohio,39.548507,-83.443856,28951
39049,39,Franklin,Ohio,40.001224,-82.992171,1323807
39051,39,Fulton,Ohio,41.57813,-84.095238,42713
39053,39,Gallia,Ohio,38.83179,-82.275222,29220
39055,39,Geauga,Ohio,41.487507,-81.223418,95397
39057,39,Greene,Ohio,39.725798,-83.997172,167966
39059,39,Guernsey,Ohio,40.017747,-81.541964,38438
39061,39,Hamilton,Ohio,39.181054,-84.509096,830639
39063,39,Hancock,Ohio,41.038819,-83.642078,74920
39065,39,Hardin,Ohio,40.687272,-83.673001,30696
39067,39,Harrison,Ohio,40.308308,-81.052878,14483
39069,39,Henry,Ohio,41.360177,-84.078123,27662
39071,39,Highland,Ohio,39.21912,-83.582063,43317
39073,39,Hocking,Ohio,39.524899,-82.449693,28050
39075,39,Holmes,Ohio,40.568212,-81.869548,44223
39077,39,Huron,Ohio,41.176384,-82.613754,58565
39079,39,Jackson,Ohio,39.035842,-82.610925,32653
39081,39,Jefferson,Ohio,40.365484,-80.692361,65249
39083,39,Knox,Ohio,40.400283,-82.454323,62721
39085,39,Lake,Ohio,41.685007,-81.319872,232603
39087,39,Lawrence,Ohio,38.50139,-82.538753,58240
39089,39,Licking,Ohio,40.051058,-82.52159,178519
39091,39,Logan,Ohio,40.382633,-83.776776,46150
39093,39,Lorain,Ohio,41.391668,-82.110224,312964
39095,39,Lucas,Ohio,41.651951,-83.620346,431279
39097,39,Madison,Ohio,39.923532,-83.378429,43824
39099,39,Mahoning,Ohio,41.048246,-80.697024,228614
39101,39,Marion,Ohio,40.582108,-83.127065,65359
39103,39,Medina,Ohio,41.14417,-81.837739,182470
39105,39,Meigs,Ohio,39.061474,-82.011139,22210
39107,39,Mercer,Ohio,40.515597,-84.606448,42528
39109,39,Miami,Ohio,40.039896,-84.229494,108774
39111,39,Monroe,Ohio,39.743928,-81.066658,13385
39113,39,Montgomery,Ohio,39.744183,-84.206384,537309
39115,39,Morgan,Ohio,39.615975,-81.865949,13802
39117,39,Morrow,Ohio,40.51851,-82.793839,34950
39119,39,Muskingum,Ohio,39.963489,-81.996844,86410
39121,39,Noble,Ohio,39.77294,-81.487122,14115
39123,39,Ottawa,Ohio,41.532537,-83.080376,40364
39125,39,Paulding,Ohio,41.132652,-84.588497,18806
39127,39,Perry,Ohio,39.758487,-82.237977,35408
39129,39,Pickaway,Ohio,39.671077,-82.992679,58539
39131,39,Pike,Ohio,39.084195,-83.036586,27088
39133,39,Portage,Ohio,41.18075,-81.276935,161791
39135,39,Preble,Ohio,39.743238,-84.625367,40999
39137,39,Putnam,Ohio,41.008256,-84.115516,34451
39139,39,Richland,Ohio,40.761551,-82.54039,124936
39141,39,Ross,Ohio,39.341679,-83.023023,77093
39143,39,Sandusky,Ohio,41.340365,-83.100451,58896
39145,39,Scioto,Ohio,38.780894,-82.944686,74008
39147,39,Seneca,Ohio,41.127755,-83.202108,55069
39149,39,Shelby,Ohio,40.319534,-84.194302,48230
39151,39,Stark,Ohio,40.837592,-81.38898,374853
39153,39,Summit,Ohio,41.11615,-81.511871,540428
39155,39,Trumbull,Ohio,41.240483,-80.759943,201977
39157,39,Tuscarawas,Ohio,40.481355,-81.467009,93263
39159,39,Union,Ohio,40.241874,-83.334873,62784
39161,39,Van Wert,Ohio,40.856227,-84.565846,28931
39163,39,Vinton,Ohio,39.241186,-82.504249,12800
39165,39,Warren,Ohio,39.423255,-84.24395,242337
39167,39,Washington,Ohio,39.409803,-81.517688,59771
39169,39,Wayne,Ohio,40.836466,-81.864476,116894
39171,39,Williams,Ohio,41.532546,-84.57175,37102
39173,39,Wood,Ohio,41.453257,-83.602769,132248
39175,39,Wyandot,Ohio,40.865997,-83.299297,21900
40001,40,Adair,Oklahoma,35.887468,-94.635683,19495
40003,40,Alfalfa,Oklahoma,36.658546,-98.317631,5699
40005,40,Atoka,Oklahoma,34.329959,-96.097526,14143
40007,40,Beaver,Oklahoma,36.829383,-100.638158,5049
40009,40,Beckham,Oklahoma,35.361158,-99.511022,22410
40011,40,Blaine,Oklahoma,35.885203,-98.428177,8735
40013,40,Bryan,Oklahoma,33.980731,-96.386125,46067
40015,40,Caddo,Oklahoma,35.175959,-98.339383,26945
40017,40,Canadian,Oklahoma,35.493359,-97.766177,154405
40019,40,Carter,Oklahoma,34.189514,-97.19745,48003
40021,40,Cherokee,Oklahoma,35.902314,-94.995607,47078
40023,40,Choctaw,Oklahoma,34.019064,-95.528308,14204
40025,40,Cimarron,Oklahoma,36.734437,-102.496037,2296
40027,40,Cleveland,Oklahoma,35.269308,-97.450434,295528
40029,40,Coal,Oklahoma,34.548037,-96.278199,5266
40031,40,Comanche,Oklahoma,34.633044,-98.419449,121125
40033,40,Cotton,Oklahoma,34.31257,-98.331491,5527
40035,40,Craig,Oklahoma,36.679216,-95.154588,14107
40037,40,Creek,Oklahoma,35.9754,-96.226043,71754
40039,40,Custer,Oklahoma,35.547694,-98.828737,28513
40041,40,Delaware,Oklahoma,36.468532,-94.793251,40397
40043,40,Dewey,Oklahoma,36.057055,-99.074156,4484
40045,40,Ellis,Oklahoma,36.262513,-99.786963,3749
40047,40,Garfield,Oklahoma,36.398481,-97.885455,62846
40049,40,Garvin,Oklahoma,34.737491,-97.28949,25656
40051,40,Grady,Oklahoma,35.112409,-97.850428,54795
40053,40,Grant,Oklahoma,36.761056,-97.779663,4169
40055,40,Greer,Oklahoma,34.912036,-99.464241,5491
40057,40,Harmon,Oklahoma,34.694548,-99.897391,2488
40059,40,Harper,Oklahoma,36.768589,-99.761804,3272
40061,40,Haskell,Oklahoma,35.239002,-95.124795,11561
40063,40,Hughes,Oklahoma,35.079245,-96.326231,13367
40065,40,Jackson,Oklahoma,34.657239,-99.331416,24785
40067,40,Jefferson,Oklahoma,34.132097,-97.871654,5337
40069,40,Johnston,Oklahoma,34.262325,-96.650068,10272
40071,40,Kay,Oklahoma,36.744254,-97.125201,43700
40073,40,Kingfisher,Oklahoma,35.913869,-97.91096,15184
40075,40,Kiowa,Oklahoma,34.936853,-99.017988,8509
40077,40,Latimer,Oklahoma,34.88202,-95.255214,9444
40079,40,Le Flore,Oklahoma,35.065249,-94.639064,48129
40081,40,Lincoln,Oklahoma,35.656322,-96.882274,33458
40083,40,Logan,Oklahoma,35.822271,-97.442909,49555
40085,40,Love,Oklahoma,33.922696,-97.170128,10146
40087,40,McClain,Oklahoma,35.106328,-97.527577,41662
40089,40,McCurtain,Oklahoma,33.999674,-94.814678,30814
40091,40,McIntosh,Oklahoma,35.385902,-95.581367,18941
40093,40,Major,Oklahoma,36.298864,-98.432369,7782
40095,40,Marshall,Oklahoma,34.01809,-96.749333,15312
40097,40,Mayes,Oklahoma,36.292233,-95.243222,39046
40099,40,Murray,Oklahoma,34.507083,-97.027691,13904
40101,40,Muskogee,Oklahoma,35.71185,-95.366561,66339
40103,40,Noble,Oklahoma,36.324096,-97.233088,10924
40105,40,Nowata,Oklahoma,36.774995,-95.635237,9320
40107,40,Okfuskee,Oklahoma,35.451094,-96.337952,11310
40109,40,Oklahoma,Oklahoma,35.52553,-97.512375,796292
40111,40,Okmulgee,Oklahoma,35.617922,-95.969216,36706
40113,40,Osage,Oklahoma,36.415208,-96.228583,45818
40115,40,Ottawa,Oklahoma,36.857439,-94.834841,30285
40117,40,Pawnee,Oklahoma,36.270375,-96.539216,15553
40119,40,Payne,Oklahoma,36.0913,-97.007049,81646
40121,40,Pittsburg,Oklahoma,34.956346,-95.721263,43773
40123,40,Pontotoc,Oklahoma,34.774213,-96.67319,38065
40125,40,Pottawatomie,Oklahoma,35.321377,-96.952883,72454
40127,40,Pushmataha,Oklahoma,34.327826,-95.482036,10812
40129,40,Roger Mills,Oklahoma,35.628485,-99.659405,3442
40131,40,Rogers,Oklahoma,36.31533,-95.650597,95240
40133,40,Seminole,Oklahoma,35.186227,-96.631163,23556
40135,40,Sequoyah,Oklahoma,35.466206,-94.729702,39281
40137,40,Stephens,Oklahoma,34.518536,-97.946619,42848
40139,40,Texas,Oklahoma,36.712185,-101.448408,21384
40141,40,Tillman,Oklahoma,34.382478,-98.971119,6968
40143,40,Tulsa,Oklahoma,36.1027,-95.91151,669279
40145,40,Wagoner,Oklahoma,36.015963,-95.627565,80981
40147,40,Washington,Oklahoma,36.728457,-95.937432,52455
40149,40,Washita,Oklahoma,35.314336,-99.05353,10924
40151,40,Woods,Oklahoma,36.767497,-98.708062,8624
40153,40,Woodward,Oklahoma,36.423748,-99.383574,20470
41001,41,Baker,Oregon,44.780021,-117.762087,16668
41003,41,Benton,Oregon,44.573123,-123.275062,95184
41005,41,Clackamas,Oregon,45.363411,-122.575016,421401
41007,41,Clatsop,Oregon,46.098894,-123.841041,41072
41009,41,Columbia,Oregon,45.889969,-122.929381,52589
41011,41,Coos,Oregon,43.305461,-124.232445,64929
41013,41,Crook,Oregon,44.283564,-120.843605,24738
41015,41,Curry,Oregon,42.251867,-124.327962,23446
41017,41,Deschutes,Oregon,44.090954,-121.306213,198253
41019,41,Douglas,Oregon,43.239963,-123.388771,111201
41021,41,Gilliam,Oregon,45.449592,-120.197022,1995
41023,41,Grant,Oregon,44.451525,-119.003559,7233
41025,41,Harney,Oregon,43.521602,-118.986891,7495
41027,41,Hood River,Oregon,45.658959,-121.565661,23977
41029,41,Jackson,Oregon,42.347769,-122.858631,223259
41031,41,Jefferson,Oregon,44.591478,-121.190361,24502
41033,41,Josephine,Oregon,42.404433,-123.38517,88090
41035,41,Klamath,Oregon,42.285893,-121.726802,69413
41037,41,Lake,Oregon,42.478434,-120.476422,8160
41039,41,Lane,Oregon,44.039563,-123.119235,382971
41041,41,Lincoln,Oregon,44.713731,-124.002001,50395
41043,41,Linn,Oregon,44.556336,-122.959471,128610
41045,41,Malheur,Oregon,43.975358,-117.06114,31571
41047,41,Marion,Oregon,44.960149,-122.955907,345920
41049,41,Morrow,Oregon,45.739056,-119.617276,12186
41051,41,Multnomah,Oregon,45.517904,-122.591156,815428
41053,41,Polk,Oregon,44.920857,-123.20811,87433
41055,41,Sherman,Oregon,45.518367,-120.72146,1870
41057,41,Tillamook,Oregon,45.469525,-123.858484,27390
41059,41,Umatilla,Oregon,45.801243,-118.967455,80075
41061,41,Union,Oregon,45.341591,-118.018208,26196
41063,41,Wallowa,Oregon,45.443336,-117.305634,7391
41065,41,Wasco,Oregon,45.541482,-121.204066,26670
41067,41,Washington,Oregon,45.486067,-122.87092,600372
41069,41,Wheeler,Oregon,44.837096,-120.088844,1451
41071,41,Yamhill,Oregon,45.239528,-123.136974,107722
42001,42,Adams,Pennsylvania,39.851137,-77.157037,103852
42003,42,Allegheny,Pennsylvania,40.447811,-79.971635,1250578
42005,42,Armstrong,Pennsylvania,40.769635,-79.51099,65558
42007,42,Beaver,Pennsylvania,40.684267,-80.302021,168215
42009,42,Bedford,Pennsylvania,40.054295,-78.476925,47577
42011,42,Berks,Pennsylvania,40.362681,-75.909878,428849
42013,42,Blair,Pennsylvania,40.487156,-78.376585,122822
42015,42,Bradford,Pennsylvania,41.833895,-76.527899,59967
42017,42,Bucks,Pennsylvania,40.239408,-75.026366,646538
42019,42,Butler,Pennsylvania,40.821598,-79.966512,193763
42021,42,Cambria,Pennsylvania,40.408084,-78.800185,133472
42023,42,Cameron,Pennsylvania,41.502354,-78.23879,4547
42025,42,Carbon,Pennsylvania,40.871955,-75.708895,64749
42027,42,Centre,Pennsylvania,40.839811,-77.836167,158172
42029,42,Chester,Pennsylvania,39.993381,-75.678116,534413
42031,42,Clarion,Pennsylvania,41.182373,-79.429465,37241
42033,42,Clearfield,Pennsylvania,40.991528,-78.499291,80562
42035,42,Clinton,Pennsylvania,41.140123,-77.448809,37450
42037,42,Columbia,Pennsylvania,41.038653,-76.389553,64727
42039,42,Crawford,Pennsylvania,41.666386,-80.098406,83938
42041,42,Cumberland,Pennsylvania,40.205907,-77.092609,259469
42043,42,Dauphin,Pennsylvania,40.304616,-76.796486,286401
42045,42,Delaware,Pennsylvania,39.922639,-75.348866,576830
42047,42,Elk,Pennsylvania,41.419129,-78.619743,30990
42049,42,Erie,Pennsylvania,42.068563,-80.07268,270876
42051,42,Fayette,Pennsylvania,39.949204,-79.71596,128804
42053,42,Forest,Pennsylvania,41.487078,-79.223165,6973
42055,42,Franklin,Pennsylvania,39.883461,-77.654852,155932
42057,42,Fulton,Pennsylvania,39.918305,-78.08615,14556
42059,42,Greene,Pennsylvania,39.876907,-80.113513,35954
42061,42,Huntingdon,Pennsylvania,40.428603,-78.002926,44092
42063,42,Indiana,Pennsylvania,40.617473,-79.1305,83246
42065,42,Jefferson,Pennsylvania,41.085869,-78.964273,44492
42067,42,Juniata,Pennsylvania,40.573028,-77.327685,23509
42069,42,Lackawanna,Pennsylvania,41.441461,-75.636396,215896
42071,42,Lancaster,Pennsylvania,40.07391,-76.29248,552984
42073,42,Lawrence,Pennsylvania,40.986789,-80.336455,86070
42075,42,Lebanon,Pennsylvania,40.340342,-76.443132,143257
42077,42,Lehigh,Pennsylvania,40.597849,-75.509406,374557
42079,42,Luzerne,Pennsylvania,41.195284,-75.928422,325594
42081,42,Lycoming,Pennsylvania,41.24927,-76.981292,114188
42083,42,McKean,Pennsylvania,41.865244,-78.58325,40432
42085,42,Mercer,Pennsylvania,41.263855,-80.336703,110652
42087,42,Mifflin,Pennsylvania,40.60427,-77.615882,46143
42089,42,Monroe,Pennsylvania,41.038639,-75.305852,168327
42091,42,Montgomery,Pennsylvania,40.169483,-75.314499,856553
42093,42,Montour,Pennsylvania,40.996765,-76.630209,18136
42095,42,Northampton,Pennsylvania,40.699145,-75.320858,312951
42097,42,Northumberland,Pennsylvania,40.874558,-76.684501,91647
42099,42,Perry,Pennsylvania,40.410783,-77.154446,45842
42101,42,Philadelphia,Pennsylvania,40.003523,-75.139476,1603797
42103,42,Pike,Pennsylvania,41.302389,-74.983463,58535
42105,42,Potter,Pennsylvania,41.823262,-77.935838,16396
42107,42,Schuylkill,Pennsylvania,40.712667,-76.195872,143049
42109,42,Snyder,Pennsylvania,40.787382,-76.980927,39736
42111,42,Somerset,Pennsylvania,40.029001,-79.012353,74129
42113,42,Sullivan,Pennsylvania,41.469615,-76.492908,5840
42115,42,Susquehanna,Pennsylvania,41.823092,-75.76923,38434
42117,42,Tioga,Pennsylvania,41.814804,-77.211057,41045
42119,42,Union,Pennsylvania,40.970242,-76.959238,42681
42121,42,Venango,Pennsylvania,41.404235,-79.765355,50454
42123,42,Warren,Pennsylvania,41.853111,-79.233295,38587
42125,42,Washington,Pennsylvania,40.20836,-80.146146,209349
42127,42,Wayne,Pennsylvania,41.539728,-75.307606,51155
42129,42,Westmoreland,Pennsylvania,40.340199,-79.594629,354663
42131,42,Wyoming,Pennsylvania,41.538722,-75.938649,26069
42133,42,York,Pennsylvania,39.941929,-76.75372,456438
44001,44,Bristol,Rhode Island,41.712608,-71.284716,50793
44003,44,Kent,Rhode Island,41.698511,-71.488956,170363
44005,44,Newport,Rhode Island,41.548629,-71.266556,85643
44007,44,Providence,Rhode Island,41.857227,-71.449675,660741
44009,44,Washington,Rhode Island,41.467323,-71.590046,129839
45001,45,Abbeville,South Carolina,34.241575,-82.422103,24295
45003,45,Aiken,South Carolina,33.535704,-81.774519,168808
45005,45,Allendale,South Carolina,32.997052,-81.291327,8039
45007,45,Anderson,South Carolina,34.564685,-82.61662,203718
45009,45,Bamberg,South Carolina,33.267569,-81.072226,13311
45011,45,Barnwell,South Carolina,33.294536,-81.356749,20589
45013,45,Beaufort,South Carolina,32.317957,-80.786927,187117
45015,45,Berkeley,South Carolina,33.059268,-80.035006,229861
45017,45,Calhoun,South Carolina,33.677921,-80.822118,14119
45019,45,Charleston,South Carolina,32.825793,-79.978136,408235
45021,45,Cherokee,South Carolina,35.080959,-81.648305,56216
45023,45,Chester,South Carolina,34.704401,-81.118573,32294
45025,45,Chesterfield,South Carolina,34.681114,-80.149834,43273
45027,45,Clarendon,South Carolina,33.686186,-80.207955,31144
45029,45,Colleton,South Carolina,32.90881,-80.646921,38604
45031,45,Darlington,South Carolina,34.326094,-79.985464,62905
45033,45,Dillon,South Carolina,34.39479,-79.361598,28292
45035,45,Dorchester,South Carolina,32.995941,-80.212663,161540
45037,45,Edgefield,South Carolina,33.713128,-81.923002,25657
45039,45,Fairfield,South Carolina,34.361268,-81.069334,20948
45041,45,Florence,South Carolina,34.106046,-79.764677,137059
45043,45,Georgetown,South Carolina,33.457552,-79.250947,63404
45045,45,Greenville,South Carolina,34.844659,-82.331257,525534
45047,45,Greenwood,South Carolina,34.205171,-82.147907,69351
45049,45,Hampton,South Carolina,32.801597,-81.116415,18561
45051,45,Horry,South Carolina,33.780221,-78.937681,351029
45053,45,Jasper,South Carolina,32.407305,-81.002142,28791
45055,45,Kershaw,South Carolina,34.257249,-80.650865,65403
45057,45,Lancaster,South Carolina,34.804751,-80.771843,96016
45059,45,Laurens,South Carolina,34.509505,-82.032019,67539
45061,45,Lee,South Carolina,34.183585,-80.266874,16531
45063,45,Lexington,South Carolina,33.962205,-81.218934,293991
45065,45,McCormick,South Carolina,33.879301,-82.297749,9526
45067,45,Marion,South Carolina,34.166085,-79.340476,29183
45069,45,Marlboro,South Carolina,34.637958,-79.671661,26667
45071,45,Newberry,South Carolina,34.264651,-81.573551,37719
45073,45,Oconee,South Carolina,34.707527,-83.002043,78607
45075,45,Orangeburg,South Carolina,33.47176,-80.798783,84223
45077,45,Pickens,South Carolina,34.805302,-82.689713,131404
45079,45,Richland,South Carolina,34.067968,-80.988835,416147
45081,45,Saluda,South Carolina,33.99882,-81.702809,18862
45083,45,Spartanburg,South Carolina,34.963891,-82.007751,327997
45085,45,Sumter,South Carolina,33.929496,-80.389604,105556
45087,45,Union,South Carolina,34.733128,-81.627678,27244
45089,45,Williamsburg,South Carolina,33.651948,-79.733224,31026
45091,45,York,South Carolina,34.998556,-81.051363,282090
46003,46,Aurora,South Dakota,43.693726,-98.529708,2747
46005,46,Beadle,South Dakota,44.367306,-98.2277,19149
46007,46,Bennett,South Dakota,43.210572,-101.785879,3381
46009,46,Bon Homme,South Dakota,42.966147,-97.859901,7003
46011,46,Brookings,South Dakota,44.31091,-96.785884,34375
46013,46,Brown,South Dakota,45.475353,-98.451669,38301
46015,46,Brule,South Dakota,43.762674,-99.191362,5247
46017,46,Buffalo,South Dakota,44.059088,-99.371007,1948
46019,46,Butte,South Dakota,44.669688,-103.766262,10243
46021,46,Campbell,South Dakota,45.801272,-100.100553,1377
46023,46,Charles Mix,South Dakota,43.175337,-98.527816,9373
46025,46,Clark,South Dakota,44.825614,-97.709207,3837
46027,46,Clay,South Dakota,42.808955,-96.936772,14967
46029,46,Codington,South Dakota,44.91407,-97.129856,28325
46031,46,Corson,South Dakota,45.758065,-100.912373,3902
46033,46,Custer,South Dakota,43.740721,-103.514861,8318
46035,46,Davison,South Dakota,43.706382,-98.040431,19956
46037,46,Day,South Dakota,45.369062,-97.519215,5449
46039,46,Deuel,South Dakota,44.738673,-96.660949,4295
46041,46,Dewey,South Dakota,45.116562,-101.110107,5239
46043,46,Douglas,South Dakota,43.377636,-98.369735,2835
46045,46,Edmunds,South Dakota,45.453421,-99.148719,3986
46047,46,Fall River,South Dakota,43.387361,-103.513072,6973
46049,46,Faulk,South Dakota,45.061037,-99.099318,2125
46051,46,Grant,South Dakota,45.206943,-96.658721,7556
46053,46,Gregory,South Dakota,43.183504,-99.27955,3994
46055,46,Haakon,South Dakota,44.133291,-101.572693,1872
46057,46,Hamlin,South Dakota,44.646162,-97.148245,6164
46059,46,Hand,South Dakota,44.525472,-98.991594,3145
46061,46,Hanson,South Dakota,43.656069,-97.771709,3461
46063,46,Harding,South Dakota,45.605864,-103.520304,1311
46065,46,Hughes,South Dakota,44.38283,-100.305301,17765
46067,46,Hutchinson,South Dakota,43.336978,-97.745451,7427
46069,46,Hyde,South Dakota,44.519687,-99.455271,1262
46071,46,Jackson,South Dakota,43.649678,-101.665063,2806
46073,46,Jerauld,South Dakota,44.09101,-98.537954,1663
46075,46,Jones,South Dakota,43.89534,-100.695148,917
46077,46,Kingsbury,South Dakota,44.377105,-97.408777,5187
46079,46,Lake,South Dakota,44.001466,-97.095038,11059
46081,46,Lawrence,South Dakota,44.453405,-103.805876,25768
46083,46,Lincoln,South Dakota,43.441142,-96.744487,65161
46085,46,Lyman,South Dakota,43.953669,-99.716961,3718
46087,46,McCook,South Dakota,43.661486,-97.348311,5682
46089,46,McPherson,South Dakota,45.766155,-99.243067,2411
46091,46,Marshall,South Dakota,45.757886,-97.628902,4306
46093,46,Meade,South Dakota,44.281372,-103.280064,29852
46095,46,Mellette,South Dakota,43.54937,-100.809211,1918
46097,46,Miner,South Dakota,44.01131,-97.551535,2298
46099,46,Minnehaha,South Dakota,43.558266,-96.731507,197214
46101,46,Moody,South Dakota,44.018445,-96.663373,6336
46102,46,Oglala Lakota,South Dakota,43.183372,-102.47964,13672
46103,46,Pennington,South Dakota,44.064853,-103.210935,109222
46105,46,Perkins,South Dakota,45.70961,-102.331006,2835
46107,46,Potter,South Dakota,45.070399,-99.951949,2472
46109,46,Roberts,South Dakota,45.611156,-96.959096,10280
46111,46,Sanborn,South Dakota,44.005619,-98.14513,2330
46115,46,Spink,South Dakota,44.904738,-98.412881,6361
46117,46,Stanley,South Dakota,44.372239,-100.448102,2980
46119,46,Sully,South Dakota,44.703108,-100.135851,1446
46121,46,Todd,South Dakota,43.24927,-100.780183,9319
46123,46,Tripp,South Dakota,43.350237,-99.846955,5624
46125,46,Turner,South Dakota,43.304408,-97.112768,8673
46127,46,Union,South Dakota,42.681007,-96.592222,16811
46129,46,Walworth,South Dakota,45.518483,-100.311806,5315
46135,46,Yankton,South Dakota,42.90126,-97.396931,23310
46137,46,Ziebach,South Dakota,44.929817,-101.530161,2413
47001,47,Anderson,Tennessee,36.081238,-84.178765,77123
47003,47,Bedford,Tennessee,35.512233,-86.465018,50237
47005,47,Benton,Tennessee,36.070898,-88.090044,15864
47007,47,Bledsoe,Tennessee,35.621511,-85.200314,14913
47009,47,Blount,Tennessee,35.753197,-83.973461,135280
47011,47,Bradley,Tennessee,35.167425,-84.859688,108620
47013,47,Campbell,Tennessee,36.381486,-84.125957,39272
47015,47,Cannon,Tennessee,35.799353,-86.063976,14506
47017,47,Carroll,Tennessee,36.018877,-88.464218,28440
47019,47,Carter,Tennessee,36.31899,-82.203404,56356
47021,47,Cheatham,Tennessee,36.272282,-87.063519,41072
47023,47,Chester,Tennessee,35.438266,-88.62251,17341
47025,47,Claiborne,Tennessee,36.4887,-83.639849,32043
47027,47,Clay,Tennessee,36.552828,-85.562901,7581
47029,47,Cocke,Tennessee,35.947274,-83.174047,35999
47031,47,Coffee,Tennessee,35.454229,-86.124582,57889
47033,47,Crockett,Tennessee,35.787543,-89.120017,13911
47035,47,Cumberland,Tennessee,35.955637,-85.017779,61145
47037,47,Davidson,Tennessee,36.137771,-86.744752,715884
47039,47,Decatur,Tennessee,35.606176,-88.123327,11435
47041,47,DeKalb,Tennessee,35.967047,-85.836916,20080
47043,47,Dickson,Tennessee,36.104233,-87.343938,54315
47045,47,Dyer,Tennessee,36.059417,-89.358361,36801
47047,47,Fayette,Tennessee,35.201116,-89.479763,41990
47049,47,Fentress,Tennessee,36.363232,-84.936669,18489
47051,47,Franklin,Tennessee,35.208173,-86.116159,42774
47053,47,Gibson,Tennessee,35.932264,-88.870969,50429
47055,47,Giles,Tennessee,35.192203,-87.030448,30346
47057,47,Grainger,Tennessee,36.266188,-83.48663,23527
47059,47,Greene,Tennessee,36.17748,-82.832594,70152
47061,47,Grundy,Tennessee,35.343196,-85.722272,13529
47063,47,Hamblen,Tennessee,36.215549,-83.297502,64499
47065,47,Hamilton,Tennessee,35.093764,-85.201806,366207
47067,47,Hancock,Tennessee,36.517225,-83.231102,6662
47069,47,Hardeman,Tennessee,35.222929,-89.018519,25462
47071,47,Hardin,Tennessee,35.198544,-88.225953,26831
47073,47,Hawkins,Tennessee,36.463,-82.874023,56721
47075,47,Haywood,Tennessee,35.586198,-89.267733,17864
47077,47,Henderson,Tennessee,35.647965,-88.402891,27842
47079,47,Henry,Tennessee,36.319829,-88.291369,32199
47081,47,Hickman,Tennessee,35.85471,-87.405499,24925
47083,47,Houston,Tennessee,36.304161,-87.704274,8283
47085,47,Humphreys,Tennessee,36.071211,-87.77509,18990
47087,47,Jackson,Tennessee,36.327984,-85.629403,11617
47089,47,Jefferson,Tennessee,36.064823,-83.453077,54683
47091,47,Johnson,Tennessee,36.450066,-81.844689,17948
47093,47,Knox,Tennessee,35.971886,-83.991621,478971
47095,47,Lake,Tennessee,36.356402,-89.467221,7005
47097,47,Lauderdale,Tennessee,35.765131,-89.537383,25143
47099,47,Lawrence,Tennessee,35.237607,-87.353601,44159
47101,47,Lewis,Tennessee,35.533225,-87.521716,12582
47103,47,Lincoln,Tennessee,35.105199,-86.57174,35319
47105,47,Loudon,Tennessee,35.760641,-84.284282,54886
47107,47,McMinn,Tennessee,35.426045,-84.598722,53276
47109,47,McNairy,Tennessee,35.176963,-88.537496,25866
47111,47,Macon,Tennessee,36.535265,-86.025628,25216
47113,47,Madison,Tennessee,35.653504,-88.824487,98823
47115,47,Marion,Tennessee,35.10952,-85.608797,28837
47117,47,Marshall,Tennessee,35.496732,-86.770825,34318
47119,47,Maury,Tennessee,35.635591,-87.029196,100974
47121,47,Meigs,Tennessee,35.502098,-84.816211,12758
47123,47,Monroe,Tennessee,35.518372,-84.354235,46250
47125,47,Montgomery,Tennessee,36.557126,-87.345978,220069
47127,47,Moore,Tennessee,35.296438,-86.340442,6461
47129,47,Morgan,Tennessee,36.098366,-84.593205,21035
47131,47,Obion,Tennessee,36.397163,-89.07991,30787
47133,47,Overton,Tennessee,36.344912,-85.324939,22511
47135,47,Perry,Tennessee,35.653842,-87.859297,8366
47137,47,Pickett,Tennessee,36.565622,-85.141318,5001
47139,47,Polk,Tennessee,35.125195,-84.568406,17544
47141,47,Putnam,Tennessee,36.163157,-85.503795,79854
47143,47,Rhea,Tennessee,35.556758,-84.954393,32870
47145,47,Roane,Tennessee,35.881148,-84.52216,53404
47147,47,Robertson,Tennessee,36.48456,-86.830273,72803
47149,47,Rutherford,Tennessee,35.888267,-86.450266,341486
47151,47,Scott,Tennessee,36.45447,-84.508258,21850
47153,47,Sequatchie,Tennessee,35.355415,-85.391417,15826
47155,47,Sevier,Tennessee,35.864247,-83.58249,98380
47157,47,Shelby,Tennessee,35.131029,-89.886356,929744
47159,47,Smith,Tennessee,36.241313,-85.968175,19904
47161,47,Stewart,Tennessee,36.493716,-87.800108,13657
47163,47,Sullivan,Tennessee,36.529913,-82.397127,158163
47165,47,Sumner,Tennessee,36.396228,-86.536038,196281
47167,47,Tipton,Tennessee,35.47587,-89.750299,60970
47169,47,Trousdale,Tennessee,36.386235,-86.153351,11615
47171,47,Unicoi,Tennessee,36.151274,-82.394706,17928
47173,47,Union,Tennessee,36.245311,-83.815954,19802
47175,47,Van Buren,Tennessee,35.711516,-85.454611,6168
47177,47,Warren,Tennessee,35.695188,-85.794787,40953
47179,47,Washington,Tennessee,36.325615,-82.433815,133001
47181,47,Wayne,Tennessee,35.258132,-87.790328,16232
47183,47,Weakley,Tennessee,36.292493,-88.773817,32902
47185,47,White,Tennessee,35.941573,-85.488902,27351
47187,47,Williamson,Tennessee,35.912269,-86.846241,247726
47189,47,Wilson,Tennessee,36.200347,-86.409498,147737
48001,48,Anderson,Texas,31.775312,-95.683934,57922
48003,48,Andrews,Texas,32.321401,-102.539607,18610
48005,48,Angelina,Texas,31.313526,-94.716132,86395
48007,48,Aransas,Texas,28.030687,-97.072506,23830
48009,48,Archer,Texas,33.712813,-98.607348,8560
48011,48,Armstrong,Texas,35.092208,-101.392108,1848
48013,48,Atascosa,Texas,29.041628,-98.578427,48981
48015,48,Austin,Texas,29.850973,-96.219899,30167
48017,48,Bailey,Texas,34.218733,-102.744103,6904
48019,48,Bandera,Texas,29.703518,-99.031596,20851
48021,48,Bastrop,Texas,30.142585,-97.366668,97216
48023,48,Baylor,Texas,33.591163,-99.264553,3465
48025,48,Bee,Texas,28.395559,-97.733787,31047
48027,48,Bell,Texas,31.08149,-97.591674,370647
48029,48,Bexar,Texas,29.484685,-98.532945,2009324
48031,48,Blanco,Texas,30.177148,-98.39208,11374
48033,48,Borden,Texas,32.757641,-101.436493,631
48035,48,Bosque,Texas,31.862115,-97.570902,18235
48037,48,Bowie,Texas,33.436613,-94.20082,92893
48039,48,Brazoria,Texas,29.355331,-95.385044,372031
48041,48,Brazos,Texas,30.624157,-96.328757,233849
48043,48,Brewster,Texas,30.222448,-103.620129,9546
48045,48,Briscoe,Texas,34.443465,-101.234309,1435
48047,48,Brooks,Texas,27.208714,-98.144842,7076
48049,48,Brown,Texas,31.731619,-98.989268,38095
48051,48,Burleson,Texas,30.475618,-96.644593,17642
48053,48,Burnet,Texas,30.672177,-98.241706,49130
48055,48,Caldwell,Texas,29.865312,-97.674628,45883
48057,48,Calhoun,Texas,28.589157,-96.625881,20106
48059,48,Callahan,Texas,32.351779,-99.452875,13708
48061,48,Cameron,Texas,26.047418,-97.561196,421017
48063,48,Camp,Texas,32.990171,-94.985027,12464
48065,48,Carson,Texas,35.382121,-101.328264,5807
48067,48,Cass,Texas,33.080612,-94.297274,28454
48069,48,Castro,Texas,34.525081,-102.272214,7371
48071,48,Chambers,Texas,29.805419,-94.768972,46571
48073,48,Cherokee,Texas,31.913488,-95.216202,50412
48075,48,Childress,Texas,34.428092,-100.223958,6664
48077,48,Clay,Texas,33.825391,-98.244798,10218
48079,48,Cochran,Texas,33.689389,-102.741038,2547
48081,48,Coke,Texas,31.904116,-100.416634,3285
48083,48,Coleman,Texas,31.808131,-99.425034,7684
48085,48,Collin,Texas,33.112899,-96.690642,1064465
48087,48,Collingsworth,Texas,34.861822,-100.221748,2652
48089,48,Colorado,Texas,29.664806,-96.538931,20557
48091,48,Comal,Texas,29.764473,-98.22166,161501
48093,48,Comanche,Texas,31.972232,-98.559029,13594
48095,48,Concho,Texas,31.291192,-99.857069,3303
48097,48,Cooke,Texas,33.607384,-97.13379,41668
48099,48,Coryell,Texas,31.236375,-97.83252,83093
48101,48,Cottle,Texas,34.02779,-100.30428,1380
48103,48,Crane,Texas,31.402296,-102.352663,4675
48105,48,Crockett,Texas,30.704747,-101.216615,3098
48107,48,Crosby,Texas,33.660414,-101.357576,5133
48109,48,Culberson,Texas,31.064217,-104.819502,2188
48111,48,Dallam,Texas,36.104995,-102.568672,7115
48113,48,Dallas,Texas,32.809819,-96.787649,2613539
48115,48,Dawson,Texas,32.734655,-101.949301,12456
48117,48,Deaf Smith,Texas,34.835619,-102.402802,18583
48119,48,Delta,Texas,33.374802,-95.70459,5230
48121,48,Denton,Texas,33.116408,-97.014655,906422
48123,48,DeWitt,Texas,29.099569,-97.31152,19824
48125,48,Dickens,Texas,33.5467,-100.855931,1770
48127,48,Dimmit,Texas,28.520685,-99.826991,8615
48129,48,Donley,Texas,34.943929,-100.862317,3258
48131,48,Duval,Texas,27.742533,-98.391035,9831
48133,48,Eastland,Texas,32.357306,-98.845399,17725
48135,48,Ector,Texas,31.866684,-102.389586,165171
48137,48,Edwards,Texas,29.985934,-100.202797,1422
48139,48,Ellis,Texas,32.429032,-96.828008,192455
48141,48,El Paso,Texas,31.783025,-106.365548,865657
48143,48,Erath,Texas,32.21206,-98.225168,42545
48145,48,Falls,Texas,31.260935,-96.951052,16968
48147,48,Fannin,Texas,33.556926,-96.181312,35662
48149,48,Fayette,Texas,29.856137,-96.901177,24435
48151,48,Fisher,Texas,32.770889,-100.413975,3672
48153,48,Floyd,Texas,34.039808,-101.374427,5402
48155,48,Foard,Texas,33.99161,-99.705226,1095
48157,48,Fort Bend,Texas,29.620209,-95.681282,822779
48159,48,Franklin,Texas,33.122067,-95.223923,10359
48161,48,Freestone,Texas,31.700054,-96.20929,19435
48163,48,Frio,Texas,28.839468,-99.108503,18385
48165,48,Gaines,Texas,32.751995,-102.658045,21598
48167,48,Galveston,Texas,29.428137,-95.019324,350682
48169,48,Garza,Texas,33.197542,-101.380565,5816
48171,48,Gillespie,Texas,30.273641,-98.908076,26725
48173,48,Glasscock,Texas,31.8426,-101.525278,1116
48175,48,Goliad,Texas,28.710579,-97.362276,7012
48177,48,Gonzales,Texas,29.477178,-97.504312,19653
48179,48,Gray,Texas,35.530415,-100.939889,21227
48181,48,Grayson,Texas,33.644861,-96.626605,135543
48183,48,Gregg,Texas,32.49989,-94.790846,124239
48185,48,Grimes,Texas,30.439295,-96.007289,29268
48187,48,Guadalupe,Texas,29.601993,-98.107377,172706
48189,48,Hale,Texas,34.143518,-101.742413,32522
48191,48,Hall,Texas,34.664744,-100.592641,2825
48193,48,Hamilton,Texas,31.763001,-98.095686,8222
48195,48,Hansford,Texas,36.213672,-101.271246,5285
48197,48,Hardeman,Texas,34.285182,-99.701429,3549
48199,48,Hardin,Texas,30.29938,-94.25717,56231
48201,48,Harris,Texas,29.816889,-95.425716,4731145
48203,48,Harrison,Texas,32.534326,-94.427274,68839
48205,48,Hartley,Texas,35.994603,-102.50231,5382
48207,48,Haskell,Texas,33.177505,-99.764733,5416
48209,48,Hays,Texas,30.009405,-97.925385,241067
48211,48,Hemphill,Texas,35.893039,-100.360755,3382
48213,48,Henderson,Texas,32.241331,-95.889359,82150
48215,48,Hidalgo,Texas,26.235916,-98.184508,870781
48217,48,Hill,Texas,31.998194,-97.17713,35874
48219,48,Hockley,Texas,33.583536,-102.333262,21537
48221,48,Hood,Texas,32.434349,-97.76226,61598
48223,48,Hopkins,Texas,33.124495,-95.589265,36787
48225,48,Houston,Texas,31.297879,-95.466359,22066
48227,48,Howard,Texas,32.241408,-101.463071,34860
48229,48,Hudspeth,Texas,31.368286,-105.546009,3202
48231,48,Hunt,Texas,33.082058,-96.104497,99956
48233,48,Hutchinson,Texas,35.679194,-101.44712,20617
48235,48,Irion,Texas,31.270407,-100.834684,1513
48237,48,Jack,Texas,33.200241,-98.168766,8472
48239,48,Jackson,Texas,28.959201,-96.594369,14988
48241,48,Jasper,Texas,30.731569,-93.993279,32980
48243,48,Jeff Davis,Texas,30.608875,-103.99692,1996
48245,48,Jefferson,Texas,30.01146,-94.067627,256526
48247,48,Jim Hogg,Texas,27.303139,-98.685247,4838
48249,48,Jim Wells,Texas,27.755632,-98.062817,38891
48251,48,Johnson,Texas,32.441328,-97.322751,179927
48253,48,Jones,Texas,32.706551,-99.80506,19663
48255,48,Karnes,Texas,28.85811,-97.870329,14710
48257,48,Kaufman,Texas,32.671244,-96.358092,145310
48259,48,Kendall,Texas,29.831401,-98.717572,44279
48261,48,Kenedy,Texas,27.104123,-97.788911,350
48263,48,Kent,Texas,33.25047,-100.625144,753
48265,48,Kerr,Texas,30.040273,-99.159357,52598
48267,48,Kimble,Texas,30.486259,-99.727741,4286
48269,48,King,Texas,33.644368,-100.29575,265
48271,48,Kinney,Texas,29.303419,-100.41821,3129
48273,48,Kleberg,Texas,27.491433,-97.856967,31040
48275,48,Knox,Texas,33.459835,-99.703999,3353
48277,48,Lamar,Texas,33.675491,-95.534041,50088
48279,48,Lamb,Texas,34.028312,-102.324682,13045
48281,48,Lampasas,Texas,31.095229,-98.1132,21627
48283,48,La Salle,Texas,28.353424,-99.246365,6664
48285,48,Lavaca,Texas,29.407088,-97.04381,20337
48287,48,Lee,Texas,30.274826,-96.971427,17478
48289,48,Leon,Texas,31.291285,-96.04831,15719
48291,48,Liberty,Texas,30.159245,-94.925523,91628
48293,48,Limestone,Texas,31.59043,-96.519096,22146
48295,48,Lipscomb,Texas,36.386639,-100.363063,3059
48297,48,Live Oak,Texas,28.336604,-98.108137,11335
48299,48,Llano,Texas,30.680229,-98.508665,21243
48301,48,Loving,Texas,31.777896,-103.608978,64
48303,48,Lubbock,Texas,33.552551,-101.894337,310639
48305,48,Lynn,Texas,33.199122,-101.817174,5596
48307,48,McCulloch,Texas,31.148033,-99.338842,7630
48309,48,McLennan,Texas,31.53998,-97.174773,260579
48311,48,McMullen,Texas,28.438706,-98.523036,600
48313,48,Madison,Texas,30.955832,-95.899678,13455
48315,48,Marion,Texas,32.789481,-94.423174,9725
48317,48,Martin,Texas,32.173602,-101.8275,5237
48319,48,Mason,Texas,30.754424,-99.220235,3953
48321,48,Matagorda,Texas,28.918149,-95.998903,36255
48323,48,Maverick,Texas,28.706412,-100.478172,57887
48325,48,Medina,Texas,29.313933,-98.953359,50748
48327,48,Menard,Texas,30.901087,-99.776701,1962
48329,48,Midland,Texas,32.003156,-102.10655,169983
48331,48,Milam,Texas,30.744263,-97.008624,24754
48333,48,Mills,Texas,31.483977,-98.578378,4456
48335,48,Mitchell,Texas,32.392285,-100.864009,8990
48337,48,Montague,Texas,33.632783,-97.760712,19965
48339,48,Montgomery,Texas,30.228848,-95.462136,620443
48341,48,Moore,Texas,35.902872,-101.956502,21358
48343,48,Morris,Texas,33.073156,-94.72288,11973
48345,48,Motley,Texas,34.013578,-100.842931,1063
48347,48,Nacogdoches,Texas,31.625667,-94.644584,64653
48349,48,Navarro,Texas,32.081317,-96.485996,52624
48351,48,Newton,Texas,30.685761,-93.754831,12217
48353,48,Nolan,Texas,32.451081,-100.411741,14738
48355,48,Nueces,Texas,27.728576,-97.428318,353178
48357,48,Ochiltree,Texas,36.381051,-100.810093,10015
48359,48,Oldham,Texas,35.291939,-102.40757,1758
48361,48,Orange,Texas,30.120218,-93.865826,84808
48363,48,Palo Pinto,Texas,32.779308,-98.163963,28409
48365,48,Panola,Texas,32.163354,-94.335132,22491
48367,48,Parker,Texas,32.789424,-97.727364,148222
48369,48,Parmer,Texas,34.540661,-102.815696,9869
48371,48,Pecos,Texas,30.89706,-102.79926,15193
48373,48,Polk,Texas,30.736484,-94.936813,50123
48375,48,Potter,Texas,35.221526,-101.839818,118525
48377,48,Presidio,Texas,29.838522,-104.249357,6131
48379,48,Rains,Texas,32.885663,-95.795059,12164
48381,48,Randall,Texas,35.119788,-101.891409,140753
48383,48,Reagan,Texas,31.214335,-101.466333,3385
48385,48,Real,Texas,29.723692,-99.823692,2758
48387,48,Red River,Texas,33.591924,-95.078313,11587
48389,48,Reeves,Texas,31.387128,-103.526322,14748
48391,48,Refugio,Texas,28.290523,-97.247591,6741
48393,48,Roberts,Texas,35.716278,-100.695549,827
48395,48,Robertson,Texas,30.966033,-96.543247,16757
48397,48,Rockwall,Texas,32.916866,-96.427986,107819
48399,48,Runnels,Texas,31.79918,-99.99361,9900
48401,48,Rusk,Texas,32.194387,-94.798485,52214
48403,48,Sabine,Texas,31.339019,-93.84941,9894
48405,48,San Augustine,Texas,31.441095,-94.152849,7918
48407,48,San Jacinto,Texas,30.549124,-95.13469,27402
48409,48,San Patricio,Texas,27.942669,-97.39104,68755
48411,48,San Saba,Texas,31.188156,-98.760354,5730
48413,48,Schleicher,Texas,30.869698,-100.592817,2451
48415,48,Scurry,Texas,32.704112,-100.909103,16932
48417,48,Shackelford,Texas,32.690986,-99.306244,3105
48419,48,Shelby,Texas,31.823503,-94.181492,24022
48421,48,Sherman,Texas,36.33275,-102.008261,2782
48423,48,Smith,Texas,32.326145,-95.300981,233479
48425,48,Somervell,Texas,32.234974,-97.752235,9205
48427,48,Starr,Texas,26.387766,-98.843415,65920
48429,48,Stephens,Texas,32.75621,-98.902179,9101
48431,48,Sterling,Texas,31.83476,-100.993285,1372
48433,48,Stonewall,Texas,33.144536,-100.232471,1245
48435,48,Sutton,Texas,30.563302,-100.627673,3372
48437,48,Swisher,Texas,34.532201,-101.771575,6971
48439,48,Tarrant,Texas,32.764453,-97.247663,2110640
48441,48,Taylor,Texas,32.417775,-99.767126,143208
48443,48,Terrell,Texas,30.160108,-102.352197,760
48445,48,Terry,Texas,33.182705,-102.271846,11831
48447,48,Throckmorton,Texas,33.141356,-99.139569,1440
48449,48,Titus,Texas,33.175862,-94.966537,31247
48451,48,Tom Green,Texas,31.451021,-100.461171,120003
48453,48,Travis,Texas,30.314282,-97.748216,1290188
48455,48,Trinity,Texas,30.998905,-95.244685,13602
48457,48,Tyler,Texas,30.738682,-94.367741,19798
48459,48,Upshur,Texas,32.697929,-94.92227,40892
48461,48,Upton,Texas,31.180959,-102.124982,3308
48463,48,Uvalde,Texas,29.243318,-99.757846,24564
48465,48,Val Verde,Texas,29.380944,-100.898072,47586
48467,48,Van Zandt,Texas,32.577505,-95.837646,59541
48469,48,Victoria,Texas,28.825017,-96.991571,91319
48471,48,Walker,Texas,30.725832,-95.538696,76400
48473,48,Waller,Texas,29.996824,-95.953615,56794
48475,48,Ward,Texas,31.56929,-102.912603,11644
48477,48,Washington,Texas,30.181502,-96.397834,35805
48479,48,Webb,Texas,27.522979,-99.475549,267114
48481,48,Wharton,Texas,29.276712,-96.175435,41570
48483,48,Wheeler,Texas,35.352532,-100.263458,4990
48485,48,Wichita,Texas,33.920901,-98.552501,129350
48487,48,Wilbarger,Texas,34.144872,-99.296953,12887
48489,48,Willacy,Texas,26.452376,-97.777449,20164
48491,48,Williamson,Texas,30.560987,-97.716991,609017
48493,48,Wilson,Texas,29.231356,-98.142982,49753
48495,48,Winkler,Texas,31.842332,-103.0992,7791
48497,48,Wise,Texas,33.161791,-97.629879,68632
48499,48,Wood,Texas,32.776047,-95.400092,44843
48501,48,Yoakum,Texas,33.022609,-102.833127,7694
48503,48,Young,Texas,33.164283,-98.624184,17867
48505,48,Zapata,Texas,26.903441,-99.266007,13889
48507,48,Zavala,Texas,28.74941,-99.810168,9670
49001,49,Beaver,Utah,38.29808,-112.762542,7072
49003,49,Box Elder,Utah,41.592632,-112.09841,57666
49005,49,Cache,Utah,41.745425,-111.839724,133154
49007,49,Carbon,Utah,39.602446,-110.777569,20412
49009,49,Daggett,Utah,40.967095,-109.647096,935
49011,49,Davis,Utah,41.019939,-111.960883,362679
49013,49,Duchesne,Utah,40.289458,-110.162356,19596
49015,49,Emery,Utah,39.217578,-110.929942,9825
49017,49,Garfield,Utah,37.765439,-112.100464,5083
49019,49,Grand,Utah,38.569056,-109.528693,9669
49021,49,Iron,Utah,37.708874,-113.076161,57289
49023,49,Juab,Utah,39.748396,-111.878638,11786
49025,49,Kane,Utah,37.112169,-112.452998,7667
49027,49,Millard,Utah,39.209257,-112.485634,12975
49029,49,Morgan,Utah,41.083677,-111.724978,12295
49031,49,Piute,Utah,38.277169,-112.21441,1438
49033,49,Rich,Utah,41.776494,-111.285765,2510
49035,49,Salt Lake,Utah,40.638514,-111.927686,1185238
49037,49,San Juan,Utah,37.52052,-109.545503,14518
49039,49,Sanpete,Utah,39.384535,-111.605199,28437
49041,49,Sevier,Utah,38.771786,-112.044688,21522
49043,49,Summit,Utah,40.726848,-111.470958,42357
49045,49,Tooele,Utah,40.568237,-112.363002,72698
49047,49,Uintah,Utah,40.426449,-109.59027,35620
49049,49,Utah,Utah,40.278299,-111.74994,659399
49051,49,Wasatch,Utah,40.511436,-111.412185,34788
49053,49,Washington,Utah,37.13018,-113.524041,180279
49055,49,Wayne,Utah,38.361712,-111.473883,2486
49057,49,Weber,Utah,41.227609,-111.992699,262223
50001,50,Addison,Vermont,44.060543,-73.165381,37363
50003,50,Bennington,Vermont,42.980347,-73.148622,37347
50005,50,Caledonia,Vermont,44.466488,-72.076449,30233
50007,50,Chittenden,Vermont,44.480291,-73.149824,168323
50009,50,Essex,Vermont,44.663681,-71.741708,5920
50011,50,Franklin,Vermont,44.836315,-72.997625,49946
50013,50,Grand Isle,Vermont,44.796249,-73.298725,7293
50015,50,Lamoille,Vermont,44.583725,-72.655635,25945
50017,50,Orange,Vermont,43.996141,-72.392814,29277
50019,50,Orleans,Vermont,44.862555,-72.225524,27393
50021,50,Rutland,Vermont,43.602602,-73.041302,60572
50023,50,Washington,Vermont,44.243309,-72.587175,59807
50025,50,Windham,Vermont,42.952898,-72.627862,45905
50027,50,Windsor,Vermont,43.547294,-72.490571,57753
51001,51,Accomack,Virginia,37.789059,-75.629449,33413
51003,51,Albemarle,Virginia,38.052435,-78.519241,112395
51005,51,Alleghany,Virginia,37.802458,-79.929858,15223
51007,51,Amelia,Virginia,37.34151,-77.973985,13265
51009,51,Amherst,Virginia,37.518911,-79.1035,31307
51011,51,Appomattox,Virginia,37.36019,-78.83702,16119
51013,51,Arlington,Virginia,38.874744,-77.099874,238643
51015,51,Augusta,Virginia,38.127146,-79.03105,77487
51017,51,Bath,Virginia,38.018911,-79.758923,4209
51019,51,Bedford,Virginia,37.320204,-79.485385,79462
51021,51,Bland,Virginia,37.150078,-81.087264,6270
51023,51,Botetourt,Virginia,37.446422,-79.853138,33596
51025,51,Brunswick,Virginia,36.758266,-77.863297,15849
51027,51,Buchanan,Virginia,37.264124,-82.059132,20355
51029,51,Buckingham,Virginia,37.580161,-78.485095,16824
51031,51,Campbell,Virginia,37.261518,-79.169047,55696
51033,51,Caroline,Virginia,38.0087,-77.438652,30887
51035,51,Carroll,Virginia,36.713036,-80.762136,29155
51036,51,Charles City,Virginia,37.383394,-77.101446,6773
51037,51,Charlotte,Virginia,37.02206,-78.630278,11529
51041,51,Chesterfield,Virginia,37.418312,-77.556155,364548
51043,51,Clarke,Virginia,39.129417,-77.987382,14783
51045,51,Craig,Virginia,37.47542,-80.173756,4892
51047,51,Culpeper,Virginia,38.498243,-77.999051,52552
51049,51,Cumberland,Virginia,37.481359,-78.258673,9675
51051,51,Dickenson,Virginia,37.143369,-82.378751,14124
51053,51,Dinwiddie,Virginia,37.135652,-77.56051,27947
51057,51,Essex,Virginia,37.908781,-76.901329,10599
51059,51,Fairfax,Virginia,38.844726,-77.25911,1150309
51061,51,Fauquier,Virginia,38.695515,-77.774094,72972
51063,51,Floyd,Virginia,36.943205,-80.342366,15476
51065,51,Fluvanna,Virginia,37.888642,-78.301835,27249
51067,51,Franklin,Virginia,37.02094,-79.857581,54477
51069,51,Frederick,Virginia,39.166263,-78.188362,91419
51071,51,Giles,Virginia,37.318524,-80.717789,16787
51073,51,Gloucester,Virginia,37.37631,-76.529483,38711
51075,51,Goochland,Virginia,37.70005,-77.83757,24727
51077,51,Grayson,Virginia,36.645604,-81.114627,15333
51079,51,Greene,Virginia,38.250643,-78.419667,20552
51081,51,Greensville,Virginia,36.723794,-77.536797,11391
51083,51,Halifax,Virginia,36.748512,-78.926925,34022
51085,51,Hanover,Virginia,37.686944,-77.418063,109979
51087,51,Henrico,Virginia,37.604639,-77.498572,334389
51089,51,Henry,Virginia,36.6901,-79.902329,50948
51091,51,Highland,Virginia,38.386566,-79.570507,2232
51093,51,Isle of Wight,Virginia,36.92455,-76.644703,38606
51095,51,James City,Virginia,37.297936,-76.75988,78254
51097,51,King and Queen,Virginia,37.69798,-76.891199,6608
51099,51,King George,Virginia,38.290179,-77.163647,26723
51101,51,King William,Virginia,37.705655,-77.062634,17810
51103,51,Lancaster,Virginia,37.703954,-76.435886,10919
51105,51,Lee,Virginia,36.714437,-83.102612,22173
51107,51,Loudoun,Virginia,39.034341,-77.51754,420959
51109,51,Louisa,Virginia,37.982264,-77.971413,37596
51111,51,Lunenburg,Virginia,36.970037,-78.216617,11936
51113,51,Madison,Virginia,38.376095,-78.234462,13837
51115,51,Mathews,Virginia,37.445239,-76.342339,8533
51117,51,Mecklenburg,Virginia,36.690417,-78.318472,30319
51119,51,Middlesex,Virginia,37.601288,-76.503852,10625
51121,51,Montgomery,Virginia,37.189478,-80.413551,99721
51125,51,Nelson,Virginia,37.812328,-78.87302,14775
51127,51,New Kent,Virginia,37.497961,-77.041127,22945
51131,51,Northampton,Virginia,37.388365,-75.919193,12282
51133,51,Northumberland,Virginia,37.888285,-76.408327,11839
51135,51,Nottoway,Virginia,37.1463,-78.078841,15642
51137,51,Orange,Virginia,38.271901,-77.954737,36254
51139,51,Page,Virginia,38.60454,-78.500572,23709
51141,51,Patrick,Virginia,36.654401,-80.284499,17608
51143,51,Pittsylvania,Virginia,36.76981,-79.411183,60501
51145,51,Powhatan,Virginia,37.54288,-77.875784,30333
51147,51,Prince Edward,Virginia,37.257792,-78.422205,21849
51149,51,Prince George,Virginia,37.219071,-77.300134,43010
51153,51,Prince William,Virginia,38.691881,-77.411563,482204
51155,51,Pulaski,Virginia,37.082088,-80.703764,33800
51157,51,Rappahannock,Virginia,38.695715,-78.123809,7348
51159,51,Richmond,Virginia,37.947361,-76.716497,8923
51161,51,Roanoke,Virginia,37.270592,-79.990218,96929
51163,51,Rockbridge,Virginia,37.787711,-79.427154,22650
51165,51,Rockingham,Virginia,38.452246,-78.83815,83757
51167,51,Russell,Virginia,36.935321,-82.086825,25781
51169,51,Scott,Virginia,36.683147,-82.596616,21576
51171,51,Shenandoah,Virginia,38.870724,-78.526715,44186
51173,51,Smyth,Virginia,36.828217,-81.574516,29800
51175,51,Southampton,Virginia,36.717292,-77.067406,17996
51177,51,Spotsylvania,Virginia,38.238583,-77.569152,140032
51179,51,Stafford,Virginia,38.415146,-77.45027,156927
51181,51,Surry,Virginia,37.116405,-76.868309,6561
51183,51,Sussex,Virginia,36.973226,-77.212078,10829
51185,51,Tazewell,Virginia,37.146681,-81.564501,40429
51187,51,Warren,Virginia,38.927717,-78.178302,40727
51191,51,Washington,Virginia,36.702853,-81.972673,53935
51193,51,Westmoreland,Virginia,38.160791,-76.854228,18477
51195,51,Wise,Virginia,36.951164,-82.612989,36130
51197,51,Wythe,Virginia,36.919638,-81.06853,28290
51199,51,York,Virginia,37.174598,-76.495318,70045
51510,51,Alexandria,Virginia,38.819775,-77.091035,159467
51520,51,Bristol,Virginia,36.610521,-82.169169,17219
51530,51,Buena Vista,Virginia,37.733971,-79.352679,6641
51540,51,Charlottesville,Virginia,38.033197,-78.490351,46553
51550,51,Chesapeake,Virginia,36.755679,-76.282736,249422
51570,51,Colonial Heights,Virginia,37.264114,-77.401819,18170
51580,51,Covington,Virginia,37.781159,-79.989386,5737
51590,51,Danville,Virginia,36.591483,-79.409217,42590
51595,51,Emporia,Virginia,36.692193,-77.541334,5766
51600,51,Fairfax,Virginia,38.851844,-77.302407,24146
51610,51,Falls Church,Virginia,38.883587,-77.174338,14658
51620,51,Franklin,Virginia,36.679019,-76.937037,8180
51630,51,Fredericksburg,Virginia,38.299101,-77.483494,27982
51640,51,Galax,Virginia,36.666194,-80.918852,6720
51650,51,Hampton,Virginia,37.043069,-76.367924,137148
51660,51,Harrisonburg,Virginia,38.4408,-78.868276,51814
51670,51,Hopewell,Virginia,37.289394,-77.305511,23033
51678,51,Lexington,Virginia,37.784392,-79.443722,7320
51680,51,Lynchburg,Virginia,37.39283,-79.190579,79009
51683,51,Manassas,Virginia,38.75274,-77.475101,42772
51685,51,Manassas Park,Virginia,38.772165,-77.448688,17219
51690,51,Martinsville,Virginia,36.682806,-79.863773,13485
51700,51,Newport News,Virginia,37.090511,-76.496261,186247
51710,51,Norfolk,Virginia,36.896214,-76.260623,238005
51720,51,Norton,Virginia,36.937981,-82.623258,3687
51730,51,Petersburg,Virginia,37.209954,-77.395423,33458
51735,51,Poquoson,Virginia,37.131572,-76.381528,12460
51740,51,Portsmouth,Virginia,36.833211,-76.35284,97915
51750,51,Radford,Virginia,37.128256,-80.559565,16070
51760,51,Richmond,Virginia,37.535453,-77.466456,226610
51770,51,Roanoke,Virginia,37.27853,-79.96024,100011
51775,51,Salem,Virginia,37.286907,-80.056262,25346
51790,51,Staunton,Virginia,38.157632,-79.07724,25750
51800,51,Suffolk,Virginia,36.781867,-76.551079,94324
51810,51,Virginia Beach,Virginia,36.821388,-76.100566,459470
51820,51,Waynesboro,Virginia,38.072102,-78.898326,22196
51830,51,Williamsburg,Virginia,37.275238,-76.710426,15425
51840,51,Winchester,Virginia,39.174971,-78.170677,28120
53001,53,Adams,Washington,46.864934,-119.031492,20613
53003,53,Asotin,Washington,46.388404,-117.06785,22285
53005,53,Benton,Washington,46.229857,-119.276673,206873
53007,53,Chelan,Washington,47.530181,-120.344656,79074
53009,53,Clallam,Washington,48.094969,-123.436581,77155
53011,53,Clark,Washington,45.680599,-122.56244,503311
53013,53,Columbia,Washington,46.323102,-117.976206,3952
53015,53,Cowlitz,Washington,46.135463,-122.894833,110730
53017,53,Douglas,Washington,47.504279,-120.178914,42938
53019,53,Ferry,Washington,48.617553,-118.520753,7178
53021,53,Franklin,Washington,46.303471,-119.125303,96749
53023,53,Garfield,Washington,46.472066,-117.577877,2286
53025,53,Grant,Washington,47.14473,-119.466088,99123
53027,53,Grays Harbor,Washington,46.991256,-123.767517,75636
53029,53,Island,Washington,48.2063,-122.576951,86857
53031,53,Jefferson,Washington,48.010517,-122.820477,32977
53033,53,King,Washington,47.550488,-122.230405,2269675
53035,53,Kitsap,Washington,47.612218,-122.63287,275611
53037,53,Kittitas,Washington,47.051833,-120.630456,44337
53039,53,Klickitat,Washington,45.79839,-121.146148,22735
53041,53,Lewis,Washington,46.61892,-122.839231,82149
53043,53,Lincoln,Washington,47.638472,-118.324539,10876
53045,53,Mason,Washington,47.288559,-123.034441,65726
53047,53,Okanogan,Washington,48.446072,-119.591995,42104
53049,53,Pacific,Washington,46.524578,-123.904809,23365
53051,53,Pend Oreille,Washington,48.281535,-117.224181,13401
53053,53,Pierce,Washington,47.177735,-122.407463,921130
53055,53,San Juan,Washington,48.575232,-122.979166,17788
53057,53,Skagit,Washington,48.4668,-122.33534,129523
53059,53,Skamania,Washington,45.688621,-121.93421,12036
53061,53,Snohomish,Washington,47.927544,-122.188806,827957
53063,53,Spokane,Washington,47.680212,-117.368939,539339
53065,53,Stevens,Washington,48.277695,-117.812987,46445
53067,53,Thurston,Washington,47.00087,-122.836576,294793
53069,53,Wahkiakum,Washington,46.236473,-123.426151,4422
53071,53,Walla Walla,Washington,46.077907,-118.391181,62584
53073,53,Whatcom,Washington,48.82321,-122.487638,226847
53075,53,Whitman,Washington,46.793601,-117.21808,47973
53077,53,Yakima,Washington,46.519342,-120.42159,256728
54001,54,Barbour,West Virginia,39.110076,-80.004391,15465
54003,54,Berkeley,West Virginia,39.458843,-77.98117,122076
54005,54,Boone,West Virginia,38.05644,-81.757507,21809
54007,54,Braxton,West Virginia,38.691905,-80.723592,12447
54009,54,Brooke,West Virginia,40.309452,-80.585926,22559
54011,54,Cabell,West Virginia,38.413593,-82.335182,94350
54013,54,Calhoun,West Virginia,38.852608,-81.104396,6229
54015,54,Clay,West Virginia,38.471941,-81.09932,8051
54017,54,Doddridge,West Virginia,39.285261,-80.721305,7808
54019,54,Fayette,West Virginia,38.032534,-81.129034,40488
54021,54,Gilmer,West Virginia,38.923122,-80.826516,7408
54023,54,Grant,West Virginia,39.058737,-79.16103,10976
54025,54,Greenbrier,West Virginia,37.854476,-80.490891,32977
54027,54,Hampshire,West Virginia,39.329412,-78.610531,23093
54029,54,Hancock,West Virginia,40.477168,-80.568865,29095
54031,54,Hardy,West Virginia,39.039184,-78.88137,14299
54033,54,Harrison,West Virginia,39.287852,-80.338827,65921
54035,54,Jackson,West Virginia,38.83984,-81.713096,27791
54037,54,Jefferson,West Virginia,39.313836,-77.847631,57701
54039,54,Kanawha,West Virginia,38.363316,-81.658246,180745
54041,54,Lewis,West Virginia,39.034218,-80.4678,17033
54043,54,Lincoln,West Virginia,38.201811,-82.066388,20463
54045,54,Logan,West Virginia,37.856159,-81.972493,32567
54047,54,McDowell,West Virginia,37.396396,-81.656256,19111
54049,54,Marion,West Virginia,39.484338,-80.178811,56205
54051,54,Marshall,West Virginia,39.928298,-80.704828,30591
54053,54,Mason,West Virginia,38.827547,-82.058308,25453
54055,54,Mercer,West Virginia,37.352588,-81.138228,59664
54057,54,Mineral,West Virginia,39.46477,-78.909653,26938
54059,54,Mingo,West Virginia,37.704029,-82.153272,23568
54061,54,Monongalia,West Virginia,39.636527,-79.956836,105822
54063,54,Monroe,West Virginia,37.524766,-80.641965,12376
54065,54,Morgan,West Virginia,39.580983,-78.223029,17063
54067,54,Nicholas,West Virginia,38.278413,-80.77232,24604
54069,54,Ohio,West Virginia,40.078539,-80.672291,42425
54071,54,Pendleton,West Virginia,38.672348,-79.337977,6143
54073,54,Pleasants,West Virginia,39.383391,-81.192758,7653
54075,54,Pocahontas,West Virginia,38.286975,-80.021443,7869
54077,54,Preston,West Virginia,39.50551,-79.669791,34216
54079,54,Putnam,West Virginia,38.474402,-81.929372,57440
54081,54,Raleigh,West Virginia,37.77054,-81.200033,74591
54083,54,Randolph,West Virginia,38.870878,-79.872452,27932
54085,54,Ritchie,West Virginia,39.217711,-81.041532,8444
54087,54,Roane,West Virginia,38.728527,-81.345745,14028
54089,54,Summers,West Virginia,37.665228,-80.849424,11959
54091,54,Taylor,West Virginia,39.33862,-80.066874,16705
54093,54,Tucker,West Virginia,39.110662,-79.602086,6762
54095,54,Tyler,West Virginia,39.51456,-80.930534,8313
54097,54,Upshur,West Virginia,38.954081,-80.228505,23816
54099,54,Wayne,West Virginia,38.267338,-82.494193,38982
54101,54,Webster,West Virginia,38.469754,-80.476189,8378
54103,54,Wetzel,West Virginia,39.630012,-80.768843,14442
54105,54,Wirt,West Virginia,39.05422,-81.394474,5194
54107,54,Wood,West Virginia,39.266981,-81.530587,84296
54109,54,Wyoming,West Virginia,37.628585,-81.567271,21382
55001,55,Adams,Wisconsin,43.946194,-89.78312,20654
55003,55,Ashland,Wisconsin,46.475919,-90.785419,16027
55005,55,Barron,Wisconsin,45.437002,-91.815142,46711
55007,55,Bayfield,Wisconsin,46.594106,-91.104441,16220
55009,55,Brown,Wisconsin,44.497155,-88.034145,268740
55011,55,Buffalo,Wisconsin,44.380158,-91.74144,13317
55013,55,Burnett,Wisconsin,45.836891,-92.403811,16526
55015,55,Calumet,Wisconsin,44.152617,-88.262936,52442
55017,55,Chippewa,Wisconsin,44.984928,-91.328087,66297
55019,55,Clark,Wisconsin,44.78814,-90.550998,34659
55021,55,Columbia,Wisconsin,43.460151,-89.366154,58490
55023,55,Crawford,Wisconsin,43.165384,-91.005118,16113
55025,55,Dane,Wisconsin,43.07564,-89.395501,561504
55027,55,Dodge,Wisconsin,43.435904,-88.713062,89396
55029,55,Door,Wisconsin,44.915074,-87.335769,30066
55031,55,Douglas,Wisconsin,46.628582,-92.01483,44295
55033,55,Dunn,Wisconsin,44.914658,-91.892915,45440
55035,55,Eau Claire,Wisconsin,44.790208,-91.454792,105710
55037,55,Florence,Wisconsin,45.853651,-88.244316,4558
55039,55,Fond du Lac,Wisconsin,43.765547,-88.487004,104154
55041,55,Forest,Wisconsin,45.563411,-88.812092,9179
55043,55,Grant,Wisconsin,42.827213,-90.612643,51938
55045,55,Green,Wisconsin,42.673838,-89.575106,37093
55047,55,Green Lake,Wisconsin,43.845067,-89.014675,19018
55049,55,Iowa,Wisconsin,42.981998,-90.12223,23709
55051,55,Iron,Wisconsin,46.343183,-90.189954,6137
55053,55,Jackson,Wisconsin,44.320677,-90.903038,21145
55055,55,Jefferson,Wisconsin,43.040342,-88.785594,84900
55057,55,Juneau,Wisconsin,43.843115,-90.09764,26718
55059,55,Kenosha,Wisconsin,42.572393,-87.924047,169151
55061,55,Kewaunee,Wisconsin,44.527818,-87.591703,20563
55063,55,La Crosse,Wisconsin,43.861018,-91.208863,120784
55065,55,Lafayette,Wisconsin,42.663323,-90.140565,16611
55067,55,Langlade,Wisconsin,45.185054,-89.104985,19491
55069,55,Lincoln,Wisconsin,45.288548,-89.686454,28415
55071,55,Manitowoc,Wisconsin,44.10361,-87.724344,81359
55073,55,Marathon,Wisconsin,44.907455,-89.707823,138013
55075,55,Marinette,Wisconsin,45.219097,-87.848007,41872
55077,55,Marquette,Wisconsin,43.810948,-89.407897,15592
55078,55,Menominee,Wisconsin,44.912634,-88.635691,4255
55079,55,Milwaukee,Wisconsin,43.031416,-87.959526,939489
55081,55,Monroe,Wisconsin,43.942578,-90.644211,46274
55083,55,Oconto,Wisconsin,44.895367,-88.146318,38965
55085,55,Oneida,Wisconsin,45.71099,-89.493946,37845
55087,55,Outagamie,Wisconsin,44.308666,-88.401368,190705
55089,55,Ozaukee,Wisconsin,43.31881,-87.950093,91503
55091,55,Pepin,Wisconsin,44.591768,-91.987424,7318
55093,55,Pierce,Wisconsin,44.77335,-92.547747,42212
55095,55,Polk,Wisconsin,45.404946,-92.481404,44977
55097,55,Portage,Wisconsin,44.498026,-89.526076,70377
55099,55,Price,Wisconsin,45.724359,-90.39805,14054
55101,55,Racine,Wisconsin,42.735037,-87.928046,197727
55103,55,Richland,Wisconsin,43.350268,-90.390394,17304
55105,55,Rock,Wisconsin,42.65481,-89.037935,163687
55107,55,Rusk,Wisconsin,45.44497,-91.130594,14188
55109,55,St. Croix,Wisconsin,45.017968,-92.580626,93536
55111,55,Sauk,Wisconsin,43.449264,-89.868041,65763
55113,55,Sawyer,Wisconsin,45.938054,-91.345247,18074
55115,55,Shawano,Wisconsin,44.786908,-88.681002,40881
55117,55,Sheboygan,Wisconsin,43.733622,-87.819076,118034
55119,55,Taylor,Wisconsin,45.172334,-90.408593,19913
55121,55,Trempealeau,Wisconsin,44.287418,-91.363458,30760
55123,55,Vernon,Wisconsin,43.605271,-90.835696,30714
55125,55,Vilas,Wisconsin,45.988218,-89.496963,23047
55127,55,Walworth,Wisconsin,42.662934,-88.540338,106478
55129,55,Washburn,Wisconsin,45.848159,-91.835392,16623
55131,55,Washington,Wisconsin,43.345574,-88.216407,136761
55133,55,Waukesha,Wisconsin,43.03596,-88.236186,406978
55135,55,Waupaca,Wisconsin,44.432697,-88.937028,51812
55137,55,Waushara,Wisconsin,44.101477,-89.225784,24520
55139,55,Winnebago,Wisconsin,44.101514,-88.540906,171730
55141,55,Wood,Wisconsin,44.478457,-89.962546,74207
56001,56,Albany,Wyoming,41.313442,-105.596073,37066
56003,56,Big Horn,Wyoming,44.635296,-108.250971,11521
56005,56,Campbell,Wyoming,44.257046,-105.495519,47026
56007,56,Carbon,Wyoming,41.659869,-107.078124,14537
56009,56,Converse,Wyoming,42.788528,-105.520738,13751
56011,56,Crook,Wyoming,44.434922,-104.619744,7181
56013,56,Fremont,Wyoming,43.010698,-108.609469,39234
56015,56,Goshen,Wyoming,42.050142,-104.220172,12498
56017,56,Hot Springs,Wyoming,43.661523,-108.232641,4621
56019,56,Johnson,Wyoming,44.288278,-106.695709,8447
56021,56,Laramie,Wyoming,41.153937,-104.771336,100512
56023,56,Lincoln,Wyoming,42.648291,-110.872872,19581
56025,56,Natrona,Wyoming,42.842184,-106.335315,79955
56027,56,Niobrara,Wyoming,42.810897,-104.450987,2467
56029,56,Park,Wyoming,44.614008,-108.97254,29624
56031,56,Platte,Wyoming,42.106509,-104.929825,8605
56033,56,Sheridan,Wyoming,44.780986,-106.977846,30921
56035,56,Sublette,Wyoming,42.807278,-109.943507,8728
56037,56,Sweetwater,Wyoming,41.580564,-109.302521,42272
56039,56,Teton,Wyoming,43.491744,-110.785815,23331
56041,56,Uinta,Wyoming,41.271502,-110.760395,20450
56043,56,Washakie,Wyoming,44.012223,-107.905059,7685
56045,56,Weston,Wyoming,43.908449,-104.304384,6838
