nct_id,cancer_type,cancer_type_label,multi_subtype,categories_matched,generic_listed,source
NCT04947254,prostate,Prostate,,prostate,0,conditions
NCT06445166,multi,Multiple cancer types / basket or umbrella,multiple named cancers,other_named;sarcoma,0,conditions
NCT03715933,multi,Multiple cancer types / basket or umbrella,multiple named cancers,colorectal;sarcoma,0,conditions
NCT07582432,multi,Multiple cancer types / basket or umbrella,multiple named cancers,leukemia;lymphoma;myeloma,0,conditions
NCT05686798,brain_cns,Brain & CNS,,brain_cns,1,conditions
NCT07226544,kidney,Kidney,,kidney,0,conditions
NCT06843967,sarcoma,Sarcoma,,sarcoma,0,conditions
NCT06792734,lymphoma,Lymphoma,,lymphoma,0,conditions
NCT07601243,multi,Multiple cancer types / basket or umbrella,unspecified solid / hematologic,,1,conditions
NCT04511039,multi,Multiple cancer types / basket or umbrella,multiple named cancers,colorectal;gastric_esophageal,1,conditions
NCT04634357,liver_biliary,Liver & biliary,,liver_biliary,0,conditions
NCT07539441,brain_cns,Brain & CNS,,brain_cns,0,conditions
NCT06900595,neuroendocrine_endocrine,Neuroendocrine & endocrine,,neuroendocrine_endocrine,0,conditions
NCT04520139,gynecologic,"Gynecologic (ovarian, uterine, cervical)",,gynecologic,0,conditions
NCT05661201,multi,Multiple cancer types / basket or umbrella,unspecified solid / hematologic,,1,conditions
NCT07266441,myeloma,Myeloma & plasma cell,,myeloma,0,conditions
NCT04959903,multi,Multiple cancer types / basket or umbrella,unspecified solid / hematologic,,1,conditions
NCT04812366,prostate,Prostate,,prostate,0,conditions
NCT05570253,breast,Breast,,breast,0,conditions
NCT05818683,prostate,Prostate,,prostate,0,conditions
NCT06708754,head_neck,Head & neck,,head_neck,0,conditions
NCT04510051,brain_cns,Brain & CNS,,brain_cns,1,conditions
NCT06253130,multi,Multiple cancer types / basket or umbrella,unspecified solid / hematologic,,1,conditions
NCT06972875,prostate,Prostate,,prostate,0,conditions
NCT06153251,myeloma,Myeloma & plasma cell,,myeloma,0,conditions
NCT06911502,lymphoma,Lymphoma,,lymphoma,0,conditions
NCT06790602,pancreatic,Pancreatic,,pancreatic,0,conditions
NCT04792502,lymphoma,Lymphoma,,lymphoma,0,conditions
NCT07356245,multi,Multiple cancer types / basket or umbrella,multiple named cancers,leukemia;lymphoma,0,conditions
NCT04678401,multi,Multiple cancer types / basket or umbrella,multiple named cancers,leukemia;mds_mpn,0,conditions
NCT02356653,leukemia,Leukemia,,leukemia,0,conditions
NCT07107230,multi,Multiple cancer types / basket or umbrella,unspecified solid / hematologic,,1,conditions
NCT07218666,prostate,Prostate,,prostate,0,conditions
NCT06488222,bladder_urothelial,Bladder & urothelial,,bladder_urothelial,0,conditions
NCT05197881,gynecologic,"Gynecologic (ovarian, uterine, cervical)",,gynecologic,0,conditions
NCT06186401,brain_cns,Brain & CNS,,brain_cns,0,conditions
NCT06424067,lung,Lung & thoracic,,lung,0,conditions
NCT07535437,lung,Lung & thoracic,,lung,0,conditions
NCT06428045,brain_cns,Brain & CNS,,brain_cns,0,conditions
NCT05674175,multi,Multiple cancer types / basket or umbrella,multiple named cancers,leukemia;lymphoma,0,conditions
NCT03067181,multi,Multiple cancer types / basket or umbrella,multiple named cancers,gynecologic;other_named,1,conditions
NCT05303519,brain_cns,Brain & CNS,,brain_cns,0,conditions
NCT07070232,multi,Multiple cancer types / basket or umbrella,unspecified solid / hematologic,,1,conditions
NCT03833921,prostate,Prostate,,prostate,0,conditions
NCT04897321,multi,Multiple cancer types / basket or umbrella,multiple named cancers,kidney;liver_biliary;melanoma_skin;neuroendocrine_endocrine;other_named;sarcoma,1,conditions
NCT06896916,myeloma,Myeloma & plasma cell,,myeloma,0,conditions
NCT04308330,multi,Multiple cancer types / basket or umbrella,multiple named cancers,kidney;liver_biliary;other_named;sarcoma,0,conditions
NCT05864534,brain_cns,Brain & CNS,,brain_cns,0,conditions
NCT04598009,melanoma_skin,Melanoma & skin,,melanoma_skin,0,conditions
NCT06163430,leukemia,Leukemia,,leukemia,0,conditions
NCT05842044,kidney,Kidney,,kidney,0,conditions
NCT04804007,multi,Multiple cancer types / basket or umbrella,multiple named cancers,gynecologic;other_named,0,conditions
NCT04253964,lung,Lung & thoracic,,lung,0,conditions
NCT07271667,leukemia,Leukemia,,leukemia,1,conditions
NCT02390518,multi,Multiple cancer types / basket or umbrella,unspecified solid / hematologic,,1,conditions
NCT06656390,multi,Multiple cancer types / basket or umbrella,unspecified solid / hematologic,,1,conditions
NCT02343042,myeloma,Myeloma & plasma cell,,myeloma,0,conditions
NCT07285668,multi,Multiple cancer types / basket or umbrella,unspecified solid / hematologic,,1,conditions
NCT06712810,multi,Multiple cancer types / basket or umbrella,multiple named cancers,leukemia;lymphoma;mds_mpn;other_named;sarcoma,1,conditions
NCT06542250,multi,Multiple cancer types / basket or umbrella,unspecified solid / hematologic,,1,conditions
NCT05616650,prostate,Prostate,,prostate,0,conditions
NCT07475780,neuroendocrine_endocrine,Neuroendocrine & endocrine,,neuroendocrine_endocrine,0,conditions
NCT04221542,prostate,Prostate,,prostate,0,conditions
NCT07751042,multi,Multiple cancer types / basket or umbrella,unspecified solid / hematologic,,1,conditions
NCT06940297,myeloma,Myeloma & plasma cell,,myeloma,0,conditions
NCT07708961,brain_cns,Brain & CNS,,brain_cns,0,conditions
NCT05363280,multi,Multiple cancer types / basket or umbrella,multiple named cancers,kidney;lung,0,conditions
NCT07128680,multi,Multiple cancer types / basket or umbrella,multiple named cancers,kidney;sarcoma,0,conditions
NCT07250646,multi,Multiple cancer types / basket or umbrella,multiple named cancers,leukemia;mds_mpn,0,conditions
NCT07362888,multi,Multiple cancer types / basket or umbrella,unspecified solid / hematologic,,1,conditions
NCT07023289,colorectal,Colorectal,,colorectal,0,conditions
NCT06340568,gynecologic,"Gynecologic (ovarian, uterine, cervical)",,gynecologic,0,conditions
NCT06161974,brain_cns,Brain & CNS,,brain_cns,0,conditions
NCT04953910,multi,Multiple cancer types / basket or umbrella,multiple named cancers,leukemia;mds_mpn,0,conditions
NCT07198724,breast,Breast,,breast,0,conditions
NCT07222579,leukemia,Leukemia,,leukemia,0,conditions
NCT07550088,colorectal,Colorectal,,colorectal,0,conditions
NCT07456046,multi,Multiple cancer types / basket or umbrella,unspecified (title),,1,title
NCT06190886,multi,Multiple cancer types / basket or umbrella,unspecified solid / hematologic,,1,conditions
NCT05918783,lung,Lung & thoracic,,lung,0,conditions
NCT07419841,multi,Multiple cancer types / basket or umbrella,multiple named cancers,gastric_esophageal;gynecologic;kidney;liver_biliary,0,conditions
NCT05625594,lymphoma,Lymphoma,,lymphoma,0,conditions
NCT05327686,kidney,Kidney,,kidney,0,conditions
NCT03896269,mds_mpn,MDS & MPN,,mds_mpn,0,conditions
NCT05083754,brain_cns,Brain & CNS,,brain_cns,0,conditions
NCT04877522,leukemia,Leukemia,,leukemia,0,conditions
NCT05394337,multi,Multiple cancer types / basket or umbrella,unspecified solid / hematologic,,1,conditions
NCT05418088,multi,Multiple cancer types / basket or umbrella,multiple named cancers,leukemia;lymphoma,0,conditions
NCT03911388,multi,Multiple cancer types / basket or umbrella,multiple named cancers,brain_cns;other_named,1,conditions
NCT07603856,lung,Lung & thoracic,,lung,0,conditions
NCT05903131,gynecologic,"Gynecologic (ovarian, uterine, cervical)",,gynecologic,0,conditions
NCT06055439,multi,Multiple cancer types / basket or umbrella,multiple named cancers,colorectal;gastric_esophageal;neuroendocrine_endocrine,0,conditions
NCT07223541,kidney,Kidney,,kidney,0,conditions
NCT06649851,brain_cns,Brain & CNS,,brain_cns,0,conditions
NCT05379595,colorectal,Colorectal,,colorectal,0,conditions
NCT05943496,leukemia,Leukemia,,leukemia,0,conditions
NCT07097142,bladder_urothelial,Bladder & urothelial,,bladder_urothelial,0,conditions
NCT07441694,mds_mpn,MDS & MPN,,mds_mpn,0,conditions
NCT06657222,multi,Multiple cancer types / basket or umbrella,multiple named cancers,breast;colorectal;head_neck;lung,1,conditions
NCT06711705,myeloma,Myeloma & plasma cell,,myeloma,0,conditions
NCT04686305,lung,Lung & thoracic,,lung,0,conditions
NCT05805436,multi,Multiple cancer types / basket or umbrella,multiple named cancers,kidney;prostate,0,conditions
NCT06083844,gynecologic,"Gynecologic (ovarian, uterine, cervical)",,gynecologic,0,conditions
NCT04990609,pancreatic,Pancreatic,,pancreatic,0,conditions
NCT07099898,lung,Lung & thoracic,,lung,0,conditions
NCT07671339,pancreatic,Pancreatic,,pancreatic,0,conditions
NCT05353530,brain_cns,Brain & CNS,,brain_cns,0,conditions
NCT03523975,lymphoma,Lymphoma,,lymphoma,0,conditions
NCT06134375,breast,Breast,,breast,0,conditions
NCT07436728,multi,Multiple cancer types / basket or umbrella,unspecified solid / hematologic,,1,conditions
NCT06544265,multi,Multiple cancer types / basket or umbrella,multiple named cancers,lymphoma;other_named,0,conditions
NCT03826992,leukemia,Leukemia,,leukemia,0,conditions
NCT07218432,breast,Breast,,breast,0,conditions
NCT04712851,gynecologic,"Gynecologic (ovarian, uterine, cervical)",,gynecologic,0,conditions
NCT07063745,lung,Lung & thoracic,,lung,0,conditions
NCT04981509,kidney,Kidney,,kidney,0,conditions
NCT06695845,multi,Multiple cancer types / basket or umbrella,multiple named cancers,bladder_urothelial;breast;colorectal;gastric_esophageal;gynecologic;head_neck;lung;pancreatic,0,conditions
NCT07227311,myeloma,Myeloma & plasma cell,,myeloma,0,conditions
NCT05077137,melanoma_skin,Melanoma & skin,,melanoma_skin,0,conditions
NCT06326411,multi,Multiple cancer types / basket or umbrella,multiple named cancers,brain_cns;lung;melanoma_skin,1,conditions
NCT07590934,prostate,Prostate,,prostate,0,conditions
NCT06057935,multi,Multiple cancer types / basket or umbrella,multiple named cancers,lung;other_named,1,conditions
NCT07446855,multi,Multiple cancer types / basket or umbrella,unspecified solid / hematologic,,1,conditions
NCT06615635,melanoma_skin,Melanoma & skin,,melanoma_skin,0,conditions
NCT05184816,multi,Multiple cancer types / basket or umbrella,unspecified solid / hematologic,,1,conditions
NCT07485647,myeloma,Myeloma & plasma cell,,myeloma,0,conditions
NCT06410248,brain_cns,Brain & CNS,,brain_cns,0,conditions
NCT06767514,lung,Lung & thoracic,,lung,0,conditions
NCT06290687,bladder_urothelial,Bladder & urothelial,,bladder_urothelial,1,conditions
NCT06175000,lymphoma,Lymphoma,,lymphoma,0,conditions
NCT07325136,lung,Lung & thoracic,,lung,0,conditions
NCT05775471,bladder_urothelial,Bladder & urothelial,,bladder_urothelial,0,conditions
NCT06274047,prostate,Prostate,,prostate,0,conditions
NCT04185038,multi,Multiple cancer types / basket or umbrella,multiple named cancers,brain_cns;other_named,0,conditions
NCT06216938,melanoma_skin,Melanoma & skin,,melanoma_skin,0,conditions
NCT04461171,sarcoma,Sarcoma,,sarcoma,0,conditions
NCT07098364,lymphoma,Lymphoma,,lymphoma,0,conditions
NCT06218914,multi,Multiple cancer types / basket or umbrella,multiple named cancers,colorectal;gynecologic;lung;pancreatic,1,conditions
NCT06582771,lung,Lung & thoracic,,lung,0,conditions
NCT06841055,lung,Lung & thoracic,,lung,0,conditions
NCT03737955,leukemia,Leukemia,,leukemia,0,conditions
NCT06661915,mds_mpn,MDS & MPN,,mds_mpn,0,conditions
NCT07423078,head_neck,Head & neck,,head_neck,0,conditions
NCT05879367,brain_cns,Brain & CNS,,brain_cns,0,conditions
NCT05442216,leukemia,Leukemia,,leukemia,0,conditions
NCT07520006,multi,Multiple cancer types / basket or umbrella,multiple named cancers,leukemia;lymphoma,0,conditions
NCT07231952,lymphoma,Lymphoma,,lymphoma,0,conditions
NCT07047885,lymphoma,Lymphoma,,lymphoma,0,conditions
NCT05502523,lung,Lung & thoracic,,lung,0,conditions
NCT06636123,prostate,Prostate,,prostate,0,conditions
NCT07438782,multi,Multiple cancer types / basket or umbrella,unspecified solid / hematologic,,1,conditions
NCT07111520,lung,Lung & thoracic,,lung,0,conditions
NCT07492680,multi,Multiple cancer types / basket or umbrella,unspecified solid / hematologic,,1,conditions
NCT02977780,brain_cns,Brain & CNS,,brain_cns,0,conditions
NCT06660420,melanoma_skin,Melanoma & skin,,melanoma_skin,0,conditions
NCT06353997,breast,Breast,,breast,0,conditions
NCT06043713,multi,Multiple cancer types / basket or umbrella,unspecified solid / hematologic,,1,conditions
NCT07335796,prostate,Prostate,,prostate,0,conditions
NCT05377996,multi,Multiple cancer types / basket or umbrella,multiple named cancers,breast;gynecologic;head_neck,0,conditions
NCT03028246,other_unclassified,Other / unclassified,,,0,none
NCT05107674,multi,Multiple cancer types / basket or umbrella,multiple named cancers,bladder_urothelial;breast;colorectal;gastric_esophageal;gynecologic;head_neck;lung;lymphoma;melanoma_skin;prostate,1,conditions
NCT07358260,multi,Multiple cancer types / basket or umbrella,basket with a named cohort,other_named,1,conditions+title
NCT03571321,leukemia,Leukemia,,leukemia,0,conditions
NCT06205849,pancreatic,Pancreatic,,pancreatic,0,conditions
NCT06066138,multi,Multiple cancer types / basket or umbrella,multiple named cancers,liver_biliary;lung;melanoma_skin;sarcoma,0,conditions
NCT05642455,multi,Multiple cancer types / basket or umbrella,multiple named cancers,other_named;sarcoma,1,conditions
NCT05379985,multi,Multiple cancer types / basket or umbrella,multiple named cancers,colorectal;lung;pancreatic,1,conditions
NCT07321912,sarcoma,Sarcoma,,sarcoma,0,conditions
NCT06103864,breast,Breast,,breast,0,conditions
NCT05733598,liver_biliary,Liver & biliary,,liver_biliary,0,conditions
NCT06582784,multi,Multiple cancer types / basket or umbrella,unspecified solid / hematologic,,1,conditions
NCT06607458,colorectal,Colorectal,,colorectal,0,conditions
NCT07137598,other_unclassified,Other / unclassified,,,0,none
NCT07090499,multi,Multiple cancer types / basket or umbrella,multiple named cancers,bladder_urothelial;gastric_esophageal;head_neck;lung;pancreatic,1,conditions
NCT07485049,brain_cns,Brain & CNS,,brain_cns,0,conditions
NCT07221149,gastric_esophageal,Gastric & esophageal,,gastric_esophageal,0,conditions
NCT06095505,lung,Lung & thoracic,,lung,0,conditions
NCT05366829,liver_biliary,Liver & biliary,,liver_biliary,0,conditions
NCT06930651,multi,Multiple cancer types / basket or umbrella,unspecified solid / hematologic,,1,conditions
NCT06679634,other_named,Other named cancer,,other_named,0,conditions
NCT06785636,prostate,Prostate,,prostate,0,conditions
NCT07578571,multi,Multiple cancer types / basket or umbrella,multiple named cancers,breast;colorectal;gastric_esophageal;lung,1,conditions
NCT06999187,multi,Multiple cancer types / basket or umbrella,multiple named cancers,bladder_urothelial;breast;gastric_esophageal;gynecologic;lung;pancreatic;prostate,0,conditions
NCT07141706,multi,Multiple cancer types / basket or umbrella,unspecified solid / hematologic,,1,conditions
NCT05269381,multi,Multiple cancer types / basket or umbrella,multiple named cancers,bladder_urothelial;breast;gastric_esophageal;gynecologic;head_neck;kidney;liver_biliary;lung;melanoma_skin;sarcoma,1,conditions
NCT06399419,multi,Multiple cancer types / basket or umbrella,multiple named cancers,kidney;sarcoma,0,conditions
NCT07801664,prostate,Prostate,,prostate,0,conditions
NCT07011719,kidney,Kidney,,kidney,0,conditions
NCT05004116,multi,Multiple cancer types / basket or umbrella,unspecified solid / hematologic,,1,conditions
NCT07007312,leukemia,Leukemia,,leukemia,0,conditions
NCT07323732,lung,Lung & thoracic,,lung,0,conditions
NCT02621021,melanoma_skin,Melanoma & skin,,melanoma_skin,0,conditions
NCT07169734,multi,Multiple cancer types / basket or umbrella,multiple named cancers,bladder_urothelial;colorectal;gynecologic;liver_biliary;lung,0,conditions
NCT06085664,prostate,Prostate,,prostate,0,conditions
NCT06450106,prostate,Prostate,,prostate,0,conditions
NCT04104776,multi,Multiple cancer types / basket or umbrella,multiple named cancers,gynecologic;lung;lymphoma;prostate,1,conditions
NCT05794958,lymphoma,Lymphoma,,lymphoma,0,conditions
NCT07105358,brain_cns,Brain & CNS,,brain_cns,0,conditions
NCT07162038,multi,Multiple cancer types / basket or umbrella,unspecified solid / hematologic,,1,conditions
NCT07293585,prostate,Prostate,,prostate,0,conditions
NCT06364917,lung,Lung & thoracic,,lung,0,conditions
NCT05719558,multi,Multiple cancer types / basket or umbrella,unspecified solid / hematologic,,1,conditions
NCT07153055,lung,Lung & thoracic,,lung,0,conditions
NCT03753243,prostate,Prostate,,prostate,0,conditions
NCT06725758,multi,Multiple cancer types / basket or umbrella,unspecified solid / hematologic,,1,conditions
NCT02016248,prostate,Prostate,,prostate,0,conditions
NCT07342478,leukemia,Leukemia,,leukemia,0,conditions
NCT06874335,multi,Multiple cancer types / basket or umbrella,unspecified solid / hematologic,,1,conditions
NCT07224152,lung,Lung & thoracic,,lung,0,conditions
NCT07698535,prostate,Prostate,,prostate,0,conditions
NCT07281768,colorectal,Colorectal,,colorectal,0,conditions
NCT07189871,multi,Multiple cancer types / basket or umbrella,multiple named cancers,breast;colorectal;gastric_esophageal;gynecologic;head_neck;lung;prostate,0,conditions
NCT07291180,multi,Multiple cancer types / basket or umbrella,multiple named cancers,colorectal;other_named,1,conditions
NCT05488522,liver_biliary,Liver & biliary,,liver_biliary,0,conditions
NCT03539822,multi,Multiple cancer types / basket or umbrella,multiple named cancers,colorectal;gastric_esophageal;liver_biliary,0,conditions
NCT05732831,multi,Multiple cancer types / basket or umbrella,unspecified solid / hematologic,,1,conditions
NCT07567846,prostate,Prostate,,prostate,0,conditions
NCT06395402,neuroendocrine_endocrine,Neuroendocrine & endocrine,,neuroendocrine_endocrine,0,conditions
NCT07551583,lymphoma,Lymphoma,,lymphoma,0,conditions
NCT05384496,melanoma_skin,Melanoma & skin,,melanoma_skin,0,conditions
NCT06264388,brain_cns,Brain & CNS,,brain_cns,0,conditions
NCT06835569,multi,Multiple cancer types / basket or umbrella,multiple named cancers,colorectal;lung;pancreatic,1,conditions
NCT07585266,sarcoma,Sarcoma,,sarcoma,0,conditions
NCT07303894,gynecologic,"Gynecologic (ovarian, uterine, cervical)",,gynecologic,0,conditions
NCT07166094,gynecologic,"Gynecologic (ovarian, uterine, cervical)",,gynecologic,0,conditions
NCT06265727,multi,Multiple cancer types / basket or umbrella,unspecified solid / hematologic,,1,conditions
NCT06455605,brain_cns,Brain & CNS,,brain_cns,0,conditions
NCT03821246,prostate,Prostate,,prostate,0,conditions
NCT06528769,sarcoma,Sarcoma,,sarcoma,0,conditions
NCT06510491,lymphoma,Lymphoma,,lymphoma,0,conditions
NCT06856499,gynecologic,"Gynecologic (ovarian, uterine, cervical)",,gynecologic,0,conditions
NCT05428007,melanoma_skin,Melanoma & skin,,melanoma_skin,0,conditions
NCT06434064,breast,Breast,,breast,0,conditions
NCT07282587,multi,Multiple cancer types / basket or umbrella,multiple named cancers,brain_cns;neuroendocrine_endocrine,0,conditions
NCT04774393,leukemia,Leukemia,,leukemia,0,conditions
NCT07647328,breast,Breast,,breast,0,conditions
NCT06469944,gastric_esophageal,Gastric & esophageal,,gastric_esophageal,0,conditions
NCT01185132,breast,Breast,,breast,0,conditions
NCT05361798,prostate,Prostate,,prostate,0,conditions
NCT06130553,multi,Multiple cancer types / basket or umbrella,unspecified solid / hematologic,,1,conditions
NCT06109272,liver_biliary,Liver & biliary,,liver_biliary,0,conditions
NCT06308419,sarcoma,Sarcoma,,sarcoma,0,conditions
NCT04895436,leukemia,Leukemia,,leukemia,0,conditions
NCT04974671,kidney,Kidney,,kidney,0,conditions
NCT05085496,melanoma_skin,Melanoma & skin,,melanoma_skin,0,title/keywords
NCT07541781,brain_cns,Brain & CNS,,brain_cns,0,conditions
NCT06205836,colorectal,Colorectal,,colorectal,0,conditions
NCT06458712,multi,Multiple cancer types / basket or umbrella,multiple named cancers,breast;gynecologic;pancreatic;prostate,1,conditions
NCT05786924,multi,Multiple cancer types / basket or umbrella,multiple named cancers,colorectal;lung;neuroendocrine_endocrine;other_named,1,conditions
NCT05588388,lung,Lung & thoracic,,lung,1,conditions
NCT06136559,leukemia,Leukemia,,leukemia,0,conditions
NCT05915442,prostate,Prostate,,prostate,1,conditions
NCT07276386,melanoma_skin,Melanoma & skin,,melanoma_skin,0,conditions
NCT06289673,multi,Multiple cancer types / basket or umbrella,multiple named cancers,leukemia;lymphoma,0,conditions
NCT06510361,lymphoma,Lymphoma,,lymphoma,0,conditions
NCT04134559,liver_biliary,Liver & biliary,,liver_biliary,0,conditions
NCT05304962,breast,Breast,,breast,0,conditions
NCT06069570,lung,Lung & thoracic,,lung,1,conditions
NCT06934382,multi,Multiple cancer types / basket or umbrella,multiple named cancers,leukemia;lymphoma,0,conditions
NCT07455903,prostate,Prostate,,prostate,0,conditions
NCT07522073,multi,Multiple cancer types / basket or umbrella,unspecified solid / hematologic,,1,conditions
NCT05529069,lymphoma,Lymphoma,,lymphoma,1,conditions
NCT06904482,multi,Multiple cancer types / basket or umbrella,multiple named cancers,leukemia;mds_mpn,0,conditions
NCT04570423,lymphoma,Lymphoma,,lymphoma,1,conditions
NCT07292298,colorectal,Colorectal,,colorectal,0,conditions
NCT05145816,myeloma,Myeloma & plasma cell,,myeloma,0,conditions
NCT06386315,lymphoma,Lymphoma,,lymphoma,0,conditions
NCT07503808,multi,Multiple cancer types / basket or umbrella,multiple named cancers,breast;colorectal;gastric_esophageal;gynecologic;head_neck;lung;prostate,0,conditions
NCT06943755,neuroendocrine_endocrine,Neuroendocrine & endocrine,,neuroendocrine_endocrine,0,conditions
NCT06510374,bladder_urothelial,Bladder & urothelial,,bladder_urothelial,0,conditions
NCT05665738,prostate,Prostate,,prostate,0,conditions
NCT06548412,liver_biliary,Liver & biliary,,liver_biliary,0,conditions
NCT07065552,gynecologic,"Gynecologic (ovarian, uterine, cervical)",,gynecologic,0,conditions
NCT07549958,pancreatic,Pancreatic,,pancreatic,0,conditions
NCT06411691,multi,Multiple cancer types / basket or umbrella,multiple named cancers,colorectal;pancreatic,0,conditions
NCT06480552,multi,Multiple cancer types / basket or umbrella,unspecified solid / hematologic,,1,conditions
NCT06641908,multi,Multiple cancer types / basket or umbrella,unspecified solid / hematologic,,1,conditions
NCT04332874,sarcoma,Sarcoma,,sarcoma,0,conditions
NCT06940518,kidney,Kidney,,kidney,0,conditions
NCT04691817,lung,Lung & thoracic,,lung,0,conditions
NCT07308717,breast,Breast,,breast,0,conditions
NCT06052618,multi,Multiple cancer types / basket or umbrella,multiple named cancers,lymphoma;other_named;sarcoma,0,conditions
NCT06327685,mds_mpn,MDS & MPN,,mds_mpn,1,conditions
NCT05913388,multi,Multiple cancer types / basket or umbrella,multiple named cancers,head_neck;melanoma_skin,0,conditions
NCT06917079,multi,Multiple cancer types / basket or umbrella,multiple named cancers,colorectal;lung;pancreatic,1,conditions
NCT05962242,head_neck,Head & neck,,head_neck,0,conditions
NCT06121180,melanoma_skin,Melanoma & skin,,melanoma_skin,0,conditions
NCT05586360,prostate,Prostate,,prostate,0,conditions
NCT06091865,lymphoma,Lymphoma,,lymphoma,0,conditions
NCT04871607,lymphoma,Lymphoma,,lymphoma,0,conditions
NCT05675930,other_unclassified,Other / unclassified,,,0,none
NCT06603844,multi,Multiple cancer types / basket or umbrella,unspecified solid / hematologic,,1,conditions
NCT04360330,breast,Breast,,breast,0,conditions
NCT03942328,liver_biliary,Liver & biliary,,liver_biliary,0,conditions
NCT06414902,gastric_esophageal,Gastric & esophageal,,gastric_esophageal,0,conditions
NCT07011654,breast,Breast,,breast,0,conditions
NCT05765851,multi,Multiple cancer types / basket or umbrella,unspecified solid / hematologic,,1,conditions
NCT06066437,prostate,Prostate,,prostate,0,conditions
NCT05253495,lymphoma,Lymphoma,,lymphoma,0,conditions
NCT04977375,brain_cns,Brain & CNS,,brain_cns,0,conditions
NCT06963281,multi,Multiple cancer types / basket or umbrella,unspecified solid / hematologic,,1,conditions
NCT05957367,sarcoma,Sarcoma,,sarcoma,0,conditions
NCT03750981,other_unclassified,Other / unclassified,,,0,none
NCT05828511,myeloma,Myeloma & plasma cell,,myeloma,0,conditions
NCT06538337,gynecologic,"Gynecologic (ovarian, uterine, cervical)",,gynecologic,0,conditions
NCT06445972,gastric_esophageal,Gastric & esophageal,,gastric_esophageal,0,conditions
NCT07643012,gynecologic,"Gynecologic (ovarian, uterine, cervical)",,gynecologic,0,conditions
NCT05870800,colorectal,Colorectal,,colorectal,0,conditions
NCT07207707,multi,Multiple cancer types / basket or umbrella,unspecified solid / hematologic,,1,conditions
NCT06973564,multi,Multiple cancer types / basket or umbrella,unspecified solid / hematologic,,1,conditions
NCT07232602,bladder_urothelial,Bladder & urothelial,,bladder_urothelial,0,conditions
NCT03295981,sarcoma,Sarcoma,,sarcoma,0,conditions
NCT06764095,bladder_urothelial,Bladder & urothelial,,bladder_urothelial,0,conditions
NCT06064877,head_neck,Head & neck,,head_neck,0,conditions
NCT06235801,leukemia,Leukemia,,leukemia,0,conditions
NCT05615636,lymphoma,Lymphoma,,lymphoma,0,conditions
NCT06520345,prostate,Prostate,,prostate,0,conditions
NCT02115295,multi,Multiple cancer types / basket or umbrella,multiple named cancers,leukemia;mds_mpn,0,conditions
NCT01954992,pancreatic,Pancreatic,,pancreatic,0,conditions
NCT05691465,multi,Multiple cancer types / basket or umbrella,multiple named cancers,neuroendocrine_endocrine;prostate,0,conditions
NCT04923542,breast,Breast,,breast,1,conditions
NCT02993900,multi,Multiple cancer types / basket or umbrella,multiple named cancers,bladder_urothelial;gynecologic,0,conditions
NCT05013892,multi,Multiple cancer types / basket or umbrella,unspecified solid / hematologic,,1,conditions
NCT07195734,head_neck,Head & neck,,head_neck,0,conditions
NCT06839053,multi,Multiple cancer types / basket or umbrella,multiple named cancers,leukemia;lymphoma,0,conditions
NCT07227571,sarcoma,Sarcoma,,sarcoma,0,conditions
NCT05438563,prostate,Prostate,,prostate,0,conditions
NCT05388006,multi,Multiple cancer types / basket or umbrella,multiple named cancers,leukemia;lymphoma,0,conditions
NCT07407933,multi,Multiple cancer types / basket or umbrella,basket with a named cohort,lung,1,conditions+title
NCT07049926,kidney,Kidney,,kidney,0,conditions
NCT05983432,multi,Multiple cancer types / basket or umbrella,multiple named cancers,breast;gastric_esophageal;gynecologic;head_neck;lung;prostate,0,conditions
NCT06394804,gynecologic,"Gynecologic (ovarian, uterine, cervical)",,gynecologic,0,conditions
NCT06881784,lung,Lung & thoracic,,lung,0,conditions
NCT06220864,multi,Multiple cancer types / basket or umbrella,unspecified solid / hematologic,,1,conditions
NCT06178614,multi,Multiple cancer types / basket or umbrella,unspecified solid / hematologic,,1,conditions
NCT07458347,multi,Multiple cancer types / basket or umbrella,multiple named cancers,colorectal;lung;pancreatic,1,conditions
NCT03418038,lymphoma,Lymphoma,,lymphoma,0,conditions
NCT06809114,multi,Multiple cancer types / basket or umbrella,unspecified solid / hematologic,,1,conditions
NCT05496036,melanoma_skin,Melanoma & skin,,melanoma_skin,0,conditions
NCT06107738,myeloma,Myeloma & plasma cell,,myeloma,0,conditions
NCT06697184,multi,Multiple cancer types / basket or umbrella,multiple named cancers,leukemia;lymphoma,0,conditions
NCT04486833,lung,Lung & thoracic,,lung,0,conditions
NCT07332455,prostate,Prostate,,prostate,0,conditions
NCT06158828,leukemia,Leukemia,,leukemia,0,conditions
NCT06720987,multi,Multiple cancer types / basket or umbrella,basket with a named cohort,colorectal,1,conditions+title
NCT07101432,head_neck,Head & neck,,head_neck,0,conditions
NCT06747585,multi,Multiple cancer types / basket or umbrella,multiple named cancers,gastric_esophageal;gynecologic;head_neck;lung,0,conditions
NCT02605421,other_named,Other named cancer,,other_named,0,conditions
NCT06014658,multi,Multiple cancer types / basket or umbrella,unspecified solid / hematologic,,1,conditions
NCT05501704,breast,Breast,,breast,0,conditions
NCT05105152,leukemia,Leukemia,,leukemia,0,conditions
NCT07211958,leukemia,Leukemia,,leukemia,0,conditions
NCT05954858,brain_cns,Brain & CNS,,brain_cns,1,conditions
NCT05737732,myeloma,Myeloma & plasma cell,,myeloma,0,conditions
NCT06730347,gynecologic,"Gynecologic (ovarian, uterine, cervical)",,gynecologic,0,conditions
NCT04068649,multi,Multiple cancer types / basket or umbrella,unspecified solid / hematologic,,1,conditions
NCT05488548,multi,Multiple cancer types / basket or umbrella,multiple named cancers,mds_mpn;other_named;prostate,0,conditions
NCT07428044,lung,Lung & thoracic,,lung,0,conditions
NCT07213934,head_neck,Head & neck,,head_neck,0,conditions
NCT07693452,other_named,Other named cancer,,other_named,0,conditions
NCT03899155,multi,Multiple cancer types / basket or umbrella,unspecified solid / hematologic,,1,conditions
NCT05837767,multi,Multiple cancer types / basket or umbrella,multiple named cancers,bladder_urothelial;breast;kidney;lung;melanoma_skin;pancreatic;sarcoma,1,conditions
NCT07190300,prostate,Prostate,,prostate,0,conditions
NCT05123807,gynecologic,"Gynecologic (ovarian, uterine, cervical)",,gynecologic,0,conditions
NCT06965114,leukemia,Leukemia,,leukemia,0,conditions
NCT06144606,leukemia,Leukemia,,leukemia,0,conditions
NCT05254184,lung,Lung & thoracic,,lung,0,conditions
NCT06191133,gynecologic,"Gynecologic (ovarian, uterine, cervical)",,gynecologic,0,conditions
NCT06457919,prostate,Prostate,,prostate,0,conditions
NCT06788964,lymphoma,Lymphoma,,lymphoma,0,conditions
NCT04282187,multi,Multiple cancer types / basket or umbrella,multiple named cancers,leukemia;mds_mpn,0,conditions
NCT06668493,bladder_urothelial,Bladder & urothelial,,bladder_urothelial,0,conditions
NCT05218044,breast,Breast,,breast,0,conditions
NCT06824064,colorectal,Colorectal,,colorectal,0,conditions
NCT06082947,multi,Multiple cancer types / basket or umbrella,unspecified solid / hematologic,,1,conditions
NCT06708949,kidney,Kidney,,kidney,0,conditions
NCT06417814,lung,Lung & thoracic,,lung,0,conditions
NCT05743621,prostate,Prostate,,prostate,0,conditions
NCT03126916,multi,Multiple cancer types / basket or umbrella,multiple named cancers,brain_cns;other_named,0,conditions
NCT07723209,breast,Breast,,breast,0,conditions
NCT06357533,lung,Lung & thoracic,,lung,0,conditions
NCT05544136,head_neck,Head & neck,,head_neck,0,conditions
NCT04140487,multi,Multiple cancer types / basket or umbrella,multiple named cancers,leukemia;mds_mpn,0,conditions
NCT07064018,multi,Multiple cancer types / basket or umbrella,multiple named cancers,breast;gynecologic;lung;sarcoma,0,conditions
NCT06552260,brain_cns,Brain & CNS,,brain_cns,0,conditions
NCT06292780,myeloma,Myeloma & plasma cell,,myeloma,0,conditions
NCT06563388,multi,Multiple cancer types / basket or umbrella,multiple named cancers,colorectal;lung;prostate,1,conditions
NCT05184842,multi,Multiple cancer types / basket or umbrella,multiple named cancers,leukemia;mds_mpn,0,conditions
NCT02830724,multi,Multiple cancer types / basket or umbrella,multiple named cancers,breast;gynecologic;kidney;melanoma_skin;pancreatic,0,conditions
NCT06337942,multi,Multiple cancer types / basket or umbrella,multiple named cancers,bladder_urothelial;kidney,0,conditions
NCT06499870,prostate,Prostate,,prostate,0,conditions
NCT03866382,multi,Multiple cancer types / basket or umbrella,multiple named cancers,bladder_urothelial;kidney;neuroendocrine_endocrine;other_named;prostate;sarcoma,1,conditions
NCT04105270,lung,Lung & thoracic,,lung,0,conditions
NCT06389591,brain_cns,Brain & CNS,,brain_cns,0,conditions
NCT07541573,multi,Multiple cancer types / basket or umbrella,unspecified solid / hematologic,,1,conditions
NCT06925724,gynecologic,"Gynecologic (ovarian, uterine, cervical)",,gynecologic,0,conditions
NCT06915246,lymphoma,Lymphoma,,lymphoma,0,conditions
NCT05661461,multi,Multiple cancer types / basket or umbrella,unspecified solid / hematologic,,1,conditions
NCT06010342,multi,Multiple cancer types / basket or umbrella,unspecified solid / hematologic,,1,conditions
NCT06698003,multi,Multiple cancer types / basket or umbrella,multiple named cancers,leukemia;lymphoma,0,conditions
NCT04248569,liver_biliary,Liver & biliary,,liver_biliary,0,conditions
NCT06402201,multi,Multiple cancer types / basket or umbrella,unspecified solid / hematologic,,1,conditions
NCT04844528,multi,Multiple cancer types / basket or umbrella,multiple named cancers,leukemia;melanoma_skin,0,conditions
NCT06406465,neuroendocrine_endocrine,Neuroendocrine & endocrine,,neuroendocrine_endocrine,1,conditions
NCT04368702,multi,Multiple cancer types / basket or umbrella,multiple named cancers,bladder_urothelial;breast;gastric_esophageal;head_neck;lymphoma,0,conditions
NCT07531095,lung,Lung & thoracic,,lung,0,conditions
NCT05011422,multi,Multiple cancer types / basket or umbrella,unspecified solid / hematologic,,1,conditions
NCT07061977,gynecologic,"Gynecologic (ovarian, uterine, cervical)",,gynecologic,0,conditions
NCT04732065,brain_cns,Brain & CNS,,brain_cns,0,conditions
NCT06624475,melanoma_skin,Melanoma & skin,,melanoma_skin,0,conditions
NCT06914128,multi,Multiple cancer types / basket or umbrella,unspecified solid / hematologic,,1,conditions
NCT03541928,prostate,Prostate,,prostate,0,conditions
NCT07356453,multi,Multiple cancer types / basket or umbrella,unspecified solid / hematologic,,1,conditions
NCT04563507,breast,Breast,,breast,0,conditions
NCT07644039,multi,Multiple cancer types / basket or umbrella,unspecified solid / hematologic,,1,conditions
NCT04774419,gynecologic,"Gynecologic (ovarian, uterine, cervical)",,gynecologic,0,conditions
NCT07148128,multi,Multiple cancer types / basket or umbrella,multiple named cancers,colorectal;lung;pancreatic,1,conditions
NCT05900895,breast,Breast,,breast,0,conditions
NCT05894239,breast,Breast,,breast,0,conditions
NCT05533775,lymphoma,Lymphoma,,lymphoma,0,conditions
NCT07207395,lung,Lung & thoracic,,lung,0,conditions
NCT06008730,lung,Lung & thoracic,,lung,0,conditions
NCT03521830,melanoma_skin,Melanoma & skin,,melanoma_skin,0,conditions
NCT06529822,multi,Multiple cancer types / basket or umbrella,multiple named cancers,bladder_urothelial;gastric_esophageal;lung;melanoma_skin,0,conditions
NCT04049539,leukemia,Leukemia,,leukemia,0,conditions
NCT06165419,multi,Multiple cancer types / basket or umbrella,multiple named cancers,breast;lung,1,conditions
NCT07432295,gastric_esophageal,Gastric & esophageal,,gastric_esophageal,1,conditions
NCT06051695,multi,Multiple cancer types / basket or umbrella,multiple named cancers,colorectal;gynecologic;lung;pancreatic,1,conditions
NCT04865939,bladder_urothelial,Bladder & urothelial,,bladder_urothelial,0,conditions
NCT07167381,multi,Multiple cancer types / basket or umbrella,multiple named cancers,leukemia;lymphoma,1,conditions
NCT06918431,multi,Multiple cancer types / basket or umbrella,multiple named cancers,leukemia;lymphoma,0,conditions
NCT04375631,multi,Multiple cancer types / basket or umbrella,multiple named cancers,leukemia;mds_mpn,0,conditions
NCT05355051,lymphoma,Lymphoma,,lymphoma,0,conditions
NCT06551584,multi,Multiple cancer types / basket or umbrella,multiple named cancers,leukemia;mds_mpn,0,conditions
NCT07203378,breast,Breast,,breast,0,conditions
NCT06745908,lung,Lung & thoracic,,lung,0,conditions
NCT05773040,lymphoma,Lymphoma,,lymphoma,0,conditions
NCT03184038,multi,Multiple cancer types / basket or umbrella,unspecified solid / hematologic,,1,conditions
NCT05333458,sarcoma,Sarcoma,,sarcoma,0,conditions
NCT05592015,leukemia,Leukemia,,leukemia,0,conditions
NCT05535855,leukemia,Leukemia,,leukemia,0,conditions
NCT05607108,lung,Lung & thoracic,,lung,0,conditions
NCT06773208,leukemia,Leukemia,,leukemia,0,conditions
NCT05316129,gynecologic,"Gynecologic (ovarian, uterine, cervical)",,gynecologic,0,conditions
NCT07633756,sarcoma,Sarcoma,,sarcoma,0,conditions
NCT06756035,multi,Multiple cancer types / basket or umbrella,multiple named cancers,colorectal;gynecologic;liver_biliary;lung;other_named;pancreatic,1,conditions
NCT06564038,multi,Multiple cancer types / basket or umbrella,multiple named cancers,leukemia;lymphoma,0,conditions
NCT07584226,melanoma_skin,Melanoma & skin,,melanoma_skin,1,conditions
NCT05592938,breast,Breast,,breast,0,conditions
NCT05837455,breast,Breast,,breast,0,conditions
NCT06588478,leukemia,Leukemia,,leukemia,0,conditions
NCT06553885,multi,Multiple cancer types / basket or umbrella,multiple named cancers,colorectal;liver_biliary,0,conditions
NCT06369285,breast,Breast,,breast,0,conditions
NCT04243785,multi,Multiple cancer types / basket or umbrella,multiple named cancers,leukemia;mds_mpn,0,conditions
NCT06533748,multi,Multiple cancer types / basket or umbrella,multiple named cancers,leukemia;lymphoma,0,conditions
NCT06348108,myeloma,Myeloma & plasma cell,,myeloma,0,conditions
NCT03216525,bladder_urothelial,Bladder & urothelial,,bladder_urothelial,0,conditions
NCT06571708,bladder_urothelial,Bladder & urothelial,,bladder_urothelial,0,conditions
NCT06673017,pancreatic,Pancreatic,,pancreatic,0,conditions
NCT07218315,neuroendocrine_endocrine,Neuroendocrine & endocrine,,neuroendocrine_endocrine,0,conditions
NCT07106762,bladder_urothelial,Bladder & urothelial,,bladder_urothelial,0,conditions
NCT07355205,lung,Lung & thoracic,,lung,0,conditions
NCT03907475,multi,Multiple cancer types / basket or umbrella,unspecified solid / hematologic,,1,conditions
NCT07108998,leukemia,Leukemia,,leukemia,0,conditions
NCT05157763,melanoma_skin,Melanoma & skin,,melanoma_skin,0,conditions
NCT01174121,multi,Multiple cancer types / basket or umbrella,multiple named cancers,breast;colorectal;gynecologic;neuroendocrine_endocrine;pancreatic,0,conditions
NCT04577014,sarcoma,Sarcoma,,sarcoma,0,conditions
NCT05344833,myeloma,Myeloma & plasma cell,,myeloma,0,conditions
NCT07024784,gynecologic,"Gynecologic (ovarian, uterine, cervical)",,gynecologic,1,conditions
NCT05489887,other_named,Other named cancer,,other_named,0,conditions
NCT07223463,multi,Multiple cancer types / basket or umbrella,unspecified solid / hematologic,,1,conditions
NCT07428993,sarcoma,Sarcoma,,sarcoma,0,conditions
NCT06600321,liver_biliary,Liver & biliary,,liver_biliary,0,conditions
NCT05006716,multi,Multiple cancer types / basket or umbrella,multiple named cancers,leukemia;lymphoma,1,conditions
NCT04665206,multi,Multiple cancer types / basket or umbrella,basket with a named cohort,lung,1,conditions+title
NCT07778316,lung,Lung & thoracic,,lung,0,conditions
NCT04333706,breast,Breast,,breast,1,conditions
NCT07287098,breast,Breast,,breast,0,conditions
NCT05854498,colorectal,Colorectal,,colorectal,0,conditions
NCT05620342,lung,Lung & thoracic,,lung,0,conditions
NCT07130903,colorectal,Colorectal,,colorectal,0,conditions
NCT05873686,multi,Multiple cancer types / basket or umbrella,multiple named cancers,kidney;lung,1,conditions
NCT07222761,myeloma,Myeloma & plasma cell,,myeloma,0,conditions
NCT07405086,multi,Multiple cancer types / basket or umbrella,multiple named cancers,head_neck;kidney;liver_biliary;lung;melanoma_skin,1,conditions
NCT07197827,multi,Multiple cancer types / basket or umbrella,unspecified solid / hematologic,,1,conditions
NCT07225946,prostate,Prostate,,prostate,0,conditions
NCT06374459,breast,Breast,,breast,0,conditions
NCT07110246,brain_cns,Brain & CNS,,brain_cns,0,conditions
NCT06563596,lymphoma,Lymphoma,,lymphoma,0,conditions
NCT05815173,lung,Lung & thoracic,,lung,0,conditions
NCT06450041,other_named,Other named cancer,,other_named,0,conditions
NCT06986083,prostate,Prostate,,prostate,0,conditions
NCT06023641,sarcoma,Sarcoma,,sarcoma,0,conditions
NCT05011383,prostate,Prostate,,prostate,0,conditions
NCT04815356,leukemia,Leukemia,,leukemia,0,conditions
NCT07419295,bladder_urothelial,Bladder & urothelial,,bladder_urothelial,0,conditions
NCT07392957,brain_cns,Brain & CNS,,brain_cns,0,conditions
NCT06124157,leukemia,Leukemia,,leukemia,0,conditions
NCT06087653,myeloma,Myeloma & plasma cell,,myeloma,0,conditions
NCT06343077,prostate,Prostate,,prostate,0,conditions
NCT06315257,gynecologic,"Gynecologic (ovarian, uterine, cervical)",,gynecologic,0,conditions
NCT04830137,multi,Multiple cancer types / basket or umbrella,multiple named cancers,leukemia;lymphoma,0,conditions
NCT07227402,kidney,Kidney,,kidney,0,conditions
NCT06679829,myeloma,Myeloma & plasma cell,,myeloma,0,conditions
NCT06022939,myeloma,Myeloma & plasma cell,,myeloma,0,conditions
NCT05155501,prostate,Prostate,,prostate,0,conditions
NCT05099172,lung,Lung & thoracic,,lung,0,conditions
NCT07462377,multi,Multiple cancer types / basket or umbrella,multiple named cancers,head_neck;lung,0,conditions
NCT07460375,multi,Multiple cancer types / basket or umbrella,unspecified solid / hematologic,,1,conditions
NCT06520098,leukemia,Leukemia,,leukemia,0,conditions
NCT03370406,other_unclassified,Other / unclassified,,,0,none
NCT02128906,head_neck,Head & neck,,head_neck,0,title/keywords
NCT06597721,multi,Multiple cancer types / basket or umbrella,multiple named cancers,head_neck;pancreatic,1,conditions
NCT06504914,breast,Breast,,breast,0,title/keywords
NCT07428616,brain_cns,Brain & CNS,,brain_cns,0,conditions
NCT04195633,multi,Multiple cancer types / basket or umbrella,multiple named cancers,leukemia;lymphoma;mds_mpn,0,conditions
NCT04018872,gastric_esophageal,Gastric & esophageal,,gastric_esophageal,0,conditions
NCT06926595,multi,Multiple cancer types / basket or umbrella,unspecified solid / hematologic,,1,conditions
NCT06594445,multi,Multiple cancer types / basket or umbrella,multiple named cancers,leukemia;mds_mpn,1,conditions
NCT04343157,brain_cns,Brain & CNS,,brain_cns,1,conditions
NCT07287995,multi,Multiple cancer types / basket or umbrella,unspecified solid / hematologic,,1,conditions
NCT05658731,multi,Multiple cancer types / basket or umbrella,multiple named cancers,brain_cns;head_neck,0,conditions
NCT05260957,lymphoma,Lymphoma,,lymphoma,0,conditions
NCT06905197,lung,Lung & thoracic,,lung,0,conditions
NCT06101290,multi,Multiple cancer types / basket or umbrella,multiple named cancers,bladder_urothelial;kidney;prostate,0,conditions
NCT04222413,multi,Multiple cancer types / basket or umbrella,multiple named cancers,breast;colorectal;pancreatic;sarcoma,1,conditions
NCT07434843,sarcoma,Sarcoma,,sarcoma,0,conditions
NCT07216560,colorectal,Colorectal,,colorectal,0,title/keywords
NCT07361497,lung,Lung & thoracic,,lung,0,conditions
NCT07545954,lung,Lung & thoracic,,lung,0,conditions
NCT07807241,multi,Multiple cancer types / basket or umbrella,unspecified solid / hematologic,,1,conditions
NCT06040541,multi,Multiple cancer types / basket or umbrella,multiple named cancers,colorectal;lung;pancreatic,1,conditions
NCT06219941,multi,Multiple cancer types / basket or umbrella,multiple named cancers,gastric_esophageal;liver_biliary;pancreatic,0,conditions
NCT04973605,myeloma,Myeloma & plasma cell,,myeloma,0,conditions
NCT05579366,multi,Multiple cancer types / basket or umbrella,multiple named cancers,breast;gynecologic;lung,0,conditions
NCT07489066,lung,Lung & thoracic,,lung,1,conditions
NCT05981703,multi,Multiple cancer types / basket or umbrella,unspecified solid / hematologic,,1,conditions
NCT06515470,breast,Breast,,breast,0,conditions
NCT06179069,lung,Lung & thoracic,,lung,0,conditions
NCT07186842,multi,Multiple cancer types / basket or umbrella,multiple named cancers (title/keywords),bladder_urothelial;colorectal;gastric_esophageal;gynecologic;liver_biliary;pancreatic,0,title/keywords
NCT07015242,lymphoma,Lymphoma,,lymphoma,0,conditions
NCT07158164,multi,Multiple cancer types / basket or umbrella,multiple named cancers,breast;colorectal;head_neck,0,conditions
NCT06801236,prostate,Prostate,,prostate,0,conditions
NCT04848064,multi,Multiple cancer types / basket or umbrella,multiple named cancers,leukemia;lymphoma,0,conditions
NCT01746836,leukemia,Leukemia,,leukemia,0,conditions
NCT07283705,pancreatic,Pancreatic,,pancreatic,0,conditions
NCT07594431,multi,Multiple cancer types / basket or umbrella,unspecified solid / hematologic,,1,conditions
NCT03213002,brain_cns,Brain & CNS,,brain_cns,1,conditions
NCT07582172,multi,Multiple cancer types / basket or umbrella,multiple named cancers,leukemia;mds_mpn,0,conditions
NCT07189195,pancreatic,Pancreatic,,pancreatic,1,conditions
NCT07348367,prostate,Prostate,,prostate,0,conditions
NCT06448013,leukemia,Leukemia,,leukemia,0,conditions
NCT05629546,melanoma_skin,Melanoma & skin,,melanoma_skin,0,conditions
NCT06450873,breast,Breast,,breast,0,conditions
NCT07262619,multi,Multiple cancer types / basket or umbrella,multiple named cancers,colorectal;gastric_esophageal;gynecologic,1,conditions
NCT07421700,bladder_urothelial,Bladder & urothelial,,bladder_urothelial,0,conditions
NCT06477692,head_neck,Head & neck,,head_neck,0,conditions
NCT05363111,myeloma,Myeloma & plasma cell,,myeloma,0,conditions
NCT06959511,neuroendocrine_endocrine,Neuroendocrine & endocrine,,neuroendocrine_endocrine,0,conditions
NCT06293898,multi,Multiple cancer types / basket or umbrella,multiple named cancers,bladder_urothelial;breast;gastric_esophageal;gynecologic;liver_biliary;lung,0,conditions
NCT05405387,myeloma,Myeloma & plasma cell,,myeloma,0,conditions
NCT04999384,lymphoma,Lymphoma,,lymphoma,1,conditions
NCT06428019,leukemia,Leukemia,,leukemia,0,conditions
NCT05684367,breast,Breast,,breast,0,conditions
NCT06723236,multi,Multiple cancer types / basket or umbrella,multiple named cancers,colorectal;liver_biliary;lung;pancreatic,1,conditions
NCT05952934,head_neck,Head & neck,,head_neck,0,conditions
NCT06636734,head_neck,Head & neck,,head_neck,0,conditions
NCT06846463,lymphoma,Lymphoma,,lymphoma,0,conditions
NCT06110572,lung,Lung & thoracic,,lung,0,conditions
NCT07415681,gynecologic,"Gynecologic (ovarian, uterine, cervical)",,gynecologic,0,conditions
NCT06958328,pancreatic,Pancreatic,,pancreatic,0,conditions
NCT05317000,head_neck,Head & neck,,head_neck,0,conditions
NCT05887609,gynecologic,"Gynecologic (ovarian, uterine, cervical)",,gynecologic,0,conditions
NCT05286814,multi,Multiple cancer types / basket or umbrella,multiple named cancers,colorectal;liver_biliary;neuroendocrine_endocrine,0,conditions
NCT05023772,multi,Multiple cancer types / basket or umbrella,unspecified solid / hematologic,,1,conditions
NCT07222267,multi,Multiple cancer types / basket or umbrella,basket with a named cohort,breast,1,conditions+title
NCT07441681,head_neck,Head & neck,,head_neck,0,conditions
NCT07332507,lymphoma,Lymphoma,,lymphoma,0,conditions
NCT05238792,multi,Multiple cancer types / basket or umbrella,unspecified solid / hematologic,,1,conditions
NCT04529044,breast,Breast,,breast,0,conditions
NCT05168930,leukemia,Leukemia,,leukemia,0,conditions
NCT06799065,multi,Multiple cancer types / basket or umbrella,multiple named cancers,breast;gynecologic,1,conditions
NCT05783609,lymphoma,Lymphoma,,lymphoma,0,conditions
NCT07032714,myeloma,Myeloma & plasma cell,,myeloma,0,conditions
NCT06025747,sarcoma,Sarcoma,,sarcoma,0,conditions
NCT06428409,multi,Multiple cancer types / basket or umbrella,multiple named cancers,colorectal;liver_biliary;pancreatic,0,conditions
NCT04941716,leukemia,Leukemia,,leukemia,0,conditions
NCT07605416,myeloma,Myeloma & plasma cell,,myeloma,0,conditions
NCT07629206,breast,Breast,,breast,0,conditions
NCT05498792,melanoma_skin,Melanoma & skin,,melanoma_skin,0,conditions
NCT07002216,lymphoma,Lymphoma,,lymphoma,0,conditions
NCT07226349,multi,Multiple cancer types / basket or umbrella,unspecified solid / hematologic,,1,conditions
NCT06644755,multi,Multiple cancer types / basket or umbrella,basket with a named cohort,sarcoma,1,conditions+title
NCT03922555,brain_cns,Brain & CNS,,brain_cns,0,title/keywords
NCT06831136,pancreatic,Pancreatic,,pancreatic,0,conditions
NCT06153836,breast,Breast,,breast,0,conditions
NCT04458532,breast,Breast,,breast,0,conditions
NCT06857006,multi,Multiple cancer types / basket or umbrella,unspecified solid / hematologic,,1,conditions
NCT03804944,breast,Breast,,breast,0,conditions
NCT06524544,bladder_urothelial,Bladder & urothelial,,bladder_urothelial,0,conditions
NCT06333899,brain_cns,Brain & CNS,,brain_cns,0,conditions
NCT06297226,myeloma,Myeloma & plasma cell,,myeloma,0,conditions
NCT06769126,lung,Lung & thoracic,,lung,0,conditions
NCT04683315,pancreatic,Pancreatic,,pancreatic,0,conditions
NCT07468136,brain_cns,Brain & CNS,,brain_cns,1,conditions
NCT04865887,gynecologic,"Gynecologic (ovarian, uterine, cervical)",,gynecologic,0,conditions
NCT07476287,lung,Lung & thoracic,,lung,0,conditions
NCT06959706,multi,Multiple cancer types / basket or umbrella,unspecified solid / hematologic,,1,conditions
NCT06992258,colorectal,Colorectal,,colorectal,0,conditions
NCT04048278,pancreatic,Pancreatic,,pancreatic,0,conditions
NCT05232916,breast,Breast,,breast,0,conditions
NCT03366116,multi,Multiple cancer types / basket or umbrella,unspecified solid / hematologic,,1,conditions
NCT06130826,multi,Multiple cancer types / basket or umbrella,multiple named cancers,breast;colorectal,0,conditions
NCT07124117,multi,Multiple cancer types / basket or umbrella,unspecified solid / hematologic,,1,conditions
NCT03180268,brain_cns,Brain & CNS,,brain_cns,0,conditions
NCT05753306,gastric_esophageal,Gastric & esophageal,,gastric_esophageal,1,conditions
NCT06555133,colorectal,Colorectal,,colorectal,0,conditions
NCT06770764,multi,Multiple cancer types / basket or umbrella,unspecified solid / hematologic,,1,conditions
NCT04744116,multi,Multiple cancer types / basket or umbrella,unspecified solid / hematologic,,1,conditions
NCT05774678,breast,Breast,,breast,0,conditions
NCT06750185,multi,Multiple cancer types / basket or umbrella,unspecified solid / hematologic,,1,conditions
NCT07227415,kidney,Kidney,,kidney,0,conditions
NCT07383506,multi,Multiple cancer types / basket or umbrella,multiple named cancers,breast;gynecologic,1,conditions
NCT06160206,brain_cns,Brain & CNS,,brain_cns,0,conditions
NCT07225985,lymphoma,Lymphoma,,lymphoma,0,conditions
NCT07224425,melanoma_skin,Melanoma & skin,,melanoma_skin,1,conditions
NCT04701476,multi,Multiple cancer types / basket or umbrella,multiple named cancers,colorectal;lung,0,conditions
NCT07372625,multi,Multiple cancer types / basket or umbrella,unspecified solid / hematologic,,1,conditions
NCT07382817,multi,Multiple cancer types / basket or umbrella,unspecified solid / hematologic,,1,conditions
NCT05285358,multi,Multiple cancer types / basket or umbrella,multiple named cancers,bladder_urothelial;liver_biliary,1,conditions
NCT06995508,head_neck,Head & neck,,head_neck,0,conditions
NCT04139304,lymphoma,Lymphoma,,lymphoma,0,conditions
NCT05721976,multi,Multiple cancer types / basket or umbrella,multiple named cancers,breast;gynecologic,0,conditions
NCT06065748,breast,Breast,,breast,0,conditions
NCT07595874,colorectal,Colorectal,,colorectal,0,conditions
NCT05194397,multi,Multiple cancer types / basket or umbrella,multiple named cancers,leukemia;mds_mpn,0,conditions
NCT07187778,kidney,Kidney,,kidney,0,conditions
NCT05996185,lymphoma,Lymphoma,,lymphoma,0,conditions
NCT06131840,multi,Multiple cancer types / basket or umbrella,multiple named cancers,colorectal;gastric_esophageal;lung;pancreatic,0,conditions
NCT06704191,bladder_urothelial,Bladder & urothelial,,bladder_urothelial,0,conditions
NCT06128018,gastric_esophageal,Gastric & esophageal,,gastric_esophageal,1,conditions
NCT06572618,lymphoma,Lymphoma,,lymphoma,0,conditions
NCT05077735,brain_cns,Brain & CNS,,brain_cns,0,conditions
NCT06190197,bladder_urothelial,Bladder & urothelial,,bladder_urothelial,0,conditions
NCT05098210,multi,Multiple cancer types / basket or umbrella,multiple named cancers,breast;lung;melanoma_skin,1,conditions
NCT07335497,multi,Multiple cancer types / basket or umbrella,unspecified solid / hematologic,,1,conditions
NCT06534060,lymphoma,Lymphoma,,lymphoma,0,conditions
NCT07605962,multi,Multiple cancer types / basket or umbrella,unspecified solid / hematologic,,1,conditions
NCT01638676,melanoma_skin,Melanoma & skin,,melanoma_skin,0,conditions
NCT06660368,leukemia,Leukemia,,leukemia,0,conditions
NCT03854110,gynecologic,"Gynecologic (ovarian, uterine, cervical)",,gynecologic,0,conditions
NCT06952010,multi,Multiple cancer types / basket or umbrella,unspecified solid / hematologic,,1,conditions
NCT07027514,lung,Lung & thoracic,,lung,0,conditions
NCT06693284,sarcoma,Sarcoma,,sarcoma,0,conditions
NCT07213804,gynecologic,"Gynecologic (ovarian, uterine, cervical)",,gynecologic,1,conditions
NCT05746208,neuroendocrine_endocrine,Neuroendocrine & endocrine,,neuroendocrine_endocrine,0,conditions
NCT06134232,prostate,Prostate,,prostate,0,conditions
NCT06843447,gynecologic,"Gynecologic (ovarian, uterine, cervical)",,gynecologic,0,conditions
NCT06072131,lymphoma,Lymphoma,,lymphoma,0,conditions
NCT04544592,multi,Multiple cancer types / basket or umbrella,multiple named cancers,leukemia;lymphoma,0,conditions
NCT05987644,lung,Lung & thoracic,,lung,1,conditions
NCT06782932,pancreatic,Pancreatic,,pancreatic,0,conditions
NCT06439693,breast,Breast,,breast,0,conditions
NCT06890884,lymphoma,Lymphoma,,lymphoma,0,conditions
NCT06321484,gynecologic,"Gynecologic (ovarian, uterine, cervical)",,gynecologic,0,conditions
NCT06526338,liver_biliary,Liver & biliary,,liver_biliary,0,conditions
NCT07290621,head_neck,Head & neck,,head_neck,0,conditions
NCT05874414,liver_biliary,Liver & biliary,,liver_biliary,0,conditions
NCT04073706,gynecologic,"Gynecologic (ovarian, uterine, cervical)",,gynecologic,0,conditions
NCT07209449,gynecologic,"Gynecologic (ovarian, uterine, cervical)",,gynecologic,0,conditions
NCT07219303,prostate,Prostate,,prostate,0,conditions
NCT03810651,kidney,Kidney,,kidney,0,conditions
NCT05756777,leukemia,Leukemia,,leukemia,0,conditions
NCT04523857,breast,Breast,,breast,0,conditions
NCT05819892,gynecologic,"Gynecologic (ovarian, uterine, cervical)",,gynecologic,0,conditions
NCT06698822,lymphoma,Lymphoma,,lymphoma,0,conditions
NCT07043972,bladder_urothelial,Bladder & urothelial,,bladder_urothelial,0,conditions
NCT06139107,breast,Breast,,breast,0,conditions
NCT05283330,multi,Multiple cancer types / basket or umbrella,multiple named cancers,brain_cns;breast;colorectal;gynecologic;lung;prostate,0,conditions
NCT07268053,brain_cns,Brain & CNS,,brain_cns,1,conditions
NCT06803875,other_named,Other named cancer,,other_named,0,conditions
NCT07155200,lung,Lung & thoracic,,lung,0,conditions
NCT05256641,lymphoma,Lymphoma,,lymphoma,0,conditions
NCT05493566,lung,Lung & thoracic,,lung,0,conditions
NCT07736937,gynecologic,"Gynecologic (ovarian, uterine, cervical)",,gynecologic,0,conditions
NCT06436612,sarcoma,Sarcoma,,sarcoma,0,conditions
NCT07172919,multi,Multiple cancer types / basket or umbrella,unspecified solid / hematologic,,1,conditions
NCT05880667,gastric_esophageal,Gastric & esophageal,,gastric_esophageal,1,conditions
NCT06282575,liver_biliary,Liver & biliary,,liver_biliary,0,conditions
NCT07463807,myeloma,Myeloma & plasma cell,,myeloma,0,conditions
NCT04846309,gastric_esophageal,Gastric & esophageal,,gastric_esophageal,0,conditions
NCT05096481,brain_cns,Brain & CNS,,brain_cns,0,conditions
NCT07483307,breast,Breast,,breast,0,conditions
NCT07361107,colorectal,Colorectal,,colorectal,0,conditions
NCT06786533,leukemia,Leukemia,,leukemia,0,conditions
NCT05281471,gynecologic,"Gynecologic (ovarian, uterine, cervical)",,gynecologic,0,conditions
NCT06470971,multi,Multiple cancer types / basket or umbrella,unspecified solid / hematologic,,1,conditions
NCT07223034,brain_cns,Brain & CNS,,brain_cns,0,conditions
NCT07217301,lung,Lung & thoracic,,lung,0,title/keywords
NCT05030298,brain_cns,Brain & CNS,,brain_cns,1,conditions
NCT06644781,gastric_esophageal,Gastric & esophageal,,gastric_esophageal,0,conditions
NCT07006506,multi,Multiple cancer types / basket or umbrella,unspecified solid / hematologic,,1,conditions
NCT06463028,gynecologic,"Gynecologic (ovarian, uterine, cervical)",,gynecologic,0,conditions
NCT06888921,gynecologic,"Gynecologic (ovarian, uterine, cervical)",,gynecologic,0,conditions
NCT06663319,multi,Multiple cancer types / basket or umbrella,title names additional cancers,colorectal;gastric_esophageal,1,conditions+title
NCT02861898,brain_cns,Brain & CNS,,brain_cns,1,conditions
NCT05886036,lymphoma,Lymphoma,,lymphoma,0,conditions
NCT06824363,gastric_esophageal,Gastric & esophageal,,gastric_esophageal,1,conditions
NCT07174336,breast,Breast,,breast,1,conditions
NCT06567314,melanoma_skin,Melanoma & skin,,melanoma_skin,0,conditions
NCT06195891,multi,Multiple cancer types / basket or umbrella,multiple named cancers,leukemia;mds_mpn,0,conditions
NCT06118086,head_neck,Head & neck,,head_neck,0,conditions
NCT06922318,prostate,Prostate,,prostate,0,conditions
NCT06728579,breast,Breast,,breast,0,conditions
NCT06891560,head_neck,Head & neck,,head_neck,0,conditions
NCT05553782,head_neck,Head & neck,,head_neck,0,conditions
NCT05534646,prostate,Prostate,,prostate,0,conditions
NCT05544968,multi,Multiple cancer types / basket or umbrella,multiple named cancers,leukemia;lymphoma,0,conditions
NCT06507618,breast,Breast,,breast,0,conditions
NCT07283679,lymphoma,Lymphoma,,lymphoma,0,conditions
NCT05001880,lung,Lung & thoracic,,lung,0,conditions
NCT05932862,multi,Multiple cancer types / basket or umbrella,unspecified solid / hematologic,,1,conditions
NCT07188896,kidney,Kidney,,kidney,0,conditions
NCT06693986,pancreatic,Pancreatic,,pancreatic,0,conditions
NCT06504459,leukemia,Leukemia,,leukemia,0,conditions
NCT06906562,pancreatic,Pancreatic,,pancreatic,0,conditions
NCT07454642,multi,Multiple cancer types / basket or umbrella,multiple named cancers,breast;colorectal;gastric_esophageal;gynecologic;lung;pancreatic,0,conditions
NCT06385080,head_neck,Head & neck,,head_neck,0,conditions
NCT06840262,other_unclassified,Other / unclassified,,,0,none
NCT04977453,multi,Multiple cancer types / basket or umbrella,multiple named cancers,bladder_urothelial;gynecologic;kidney;lung,1,conditions
NCT04038619,multi,Multiple cancer types / basket or umbrella,multiple named cancers,breast;gynecologic;lung;melanoma_skin,1,conditions
NCT07190469,breast,Breast,,breast,1,conditions
NCT05835466,mds_mpn,MDS & MPN,,mds_mpn,0,conditions
NCT04623931,brain_cns,Brain & CNS,,brain_cns,0,conditions
NCT05010031,multi,Multiple cancer types / basket or umbrella,unspecified solid / hematologic,,1,conditions
NCT06106945,myeloma,Myeloma & plasma cell,,myeloma,0,conditions
NCT05985161,multi,Multiple cancer types / basket or umbrella,multiple named cancers,kidney;sarcoma,1,conditions
NCT06185205,breast,Breast,,breast,0,conditions
NCT07554339,lung,Lung & thoracic,,lung,0,conditions
NCT06067269,prostate,Prostate,,prostate,0,conditions
NCT06467357,liver_biliary,Liver & biliary,,liver_biliary,0,conditions
NCT04165772,multi,Multiple cancer types / basket or umbrella,basket with a named cohort,colorectal,1,conditions+title
NCT05929612,lymphoma,Lymphoma,,lymphoma,0,conditions
NCT06701812,brain_cns,Brain & CNS,,brain_cns,0,conditions
NCT04196413,brain_cns,Brain & CNS,,brain_cns,0,conditions
NCT06150417,prostate,Prostate,,prostate,1,conditions
NCT05968690,melanoma_skin,Melanoma & skin,,melanoma_skin,0,conditions
NCT06616623,lung,Lung & thoracic,,lung,0,conditions
NCT06837480,head_neck,Head & neck,,head_neck,0,conditions
NCT05846789,breast,Breast,,breast,0,conditions
NCT05986240,multi,Multiple cancer types / basket or umbrella,multiple named cancers,leukemia;mds_mpn,0,conditions
NCT07611110,prostate,Prostate,,prostate,0,conditions
NCT04573140,brain_cns,Brain & CNS,,brain_cns,0,conditions
NCT07205718,multi,Multiple cancer types / basket or umbrella,unspecified solid / hematologic,,1,conditions
NCT07085091,multi,Multiple cancer types / basket or umbrella,multiple named cancers,colorectal;gastric_esophageal;head_neck;lung,0,conditions
NCT06956690,multi,Multiple cancer types / basket or umbrella,multiple named cancers,breast;lung;melanoma_skin,0,conditions
NCT03909282,breast,Breast,,breast,0,conditions
NCT07658196,multi,Multiple cancer types / basket or umbrella,multiple named cancers,colorectal;other_named,1,conditions
NCT03595917,leukemia,Leukemia,,leukemia,0,conditions
NCT07044635,head_neck,Head & neck,,head_neck,0,conditions
NCT07144280,lung,Lung & thoracic,,lung,0,conditions
NCT07609940,myeloma,Myeloma & plasma cell,,myeloma,0,conditions
NCT06789159,lymphoma,Lymphoma,,lymphoma,0,conditions
NCT04157127,pancreatic,Pancreatic,,pancreatic,0,conditions
NCT05039073,lymphoma,Lymphoma,,lymphoma,0,conditions
NCT06847269,leukemia,Leukemia,,leukemia,0,conditions
NCT05951179,bladder_urothelial,Bladder & urothelial,,bladder_urothelial,0,conditions
NCT06333262,leukemia,Leukemia,,leukemia,0,conditions
NCT01409161,leukemia,Leukemia,,leukemia,0,conditions
NCT05703542,multi,Multiple cancer types / basket or umbrella,multiple named cancers,leukemia;mds_mpn,0,conditions
NCT04322383,leukemia,Leukemia,,leukemia,0,conditions
NCT06687772,lymphoma,Lymphoma,,lymphoma,0,conditions
NCT05785754,multi,Multiple cancer types / basket or umbrella,unspecified solid / hematologic,,1,conditions
NCT04402151,prostate,Prostate,,prostate,0,conditions
NCT06207123,multi,Multiple cancer types / basket or umbrella,multiple named cancers,leukemia;lymphoma,0,conditions
NCT06959641,neuroendocrine_endocrine,Neuroendocrine & endocrine,,neuroendocrine_endocrine,0,conditions
NCT07022470,gynecologic,"Gynecologic (ovarian, uterine, cervical)",,gynecologic,0,conditions
NCT03486873,multi,Multiple cancer types / basket or umbrella,unspecified solid / hematologic,,1,conditions
NCT06297525,multi,Multiple cancer types / basket or umbrella,unspecified solid / hematologic,,1,conditions
NCT06463340,multi,Multiple cancer types / basket or umbrella,unspecified solid / hematologic,,1,conditions
NCT07581704,myeloma,Myeloma & plasma cell,,myeloma,0,conditions
NCT02701153,sarcoma,Sarcoma,,sarcoma,0,conditions
NCT03215719,head_neck,Head & neck,,head_neck,0,conditions
NCT07142967,prostate,Prostate,,prostate,0,conditions
NCT06169371,breast,Breast,,breast,0,conditions
NCT07069712,gastric_esophageal,Gastric & esophageal,,gastric_esophageal,0,conditions
NCT07382544,multi,Multiple cancer types / basket or umbrella,unspecified solid / hematologic,,1,conditions
NCT07431281,gastric_esophageal,Gastric & esophageal,,gastric_esophageal,0,conditions
NCT06177067,leukemia,Leukemia,,leukemia,0,conditions
NCT06104592,lymphoma,Lymphoma,,lymphoma,0,conditions
NCT07691606,lymphoma,Lymphoma,,lymphoma,0,conditions
NCT06757647,leukemia,Leukemia,,leukemia,0,conditions
NCT05417932,liver_biliary,Liver & biliary,,liver_biliary,0,conditions
NCT07325721,prostate,Prostate,,prostate,0,conditions
NCT06630416,bladder_urothelial,Bladder & urothelial,,bladder_urothelial,1,conditions
NCT06225804,lung,Lung & thoracic,,lung,0,conditions
NCT06249282,lung,Lung & thoracic,,lung,0,conditions
NCT07301268,brain_cns,Brain & CNS,,brain_cns,0,conditions
NCT07291076,liver_biliary,Liver & biliary,,liver_biliary,0,conditions
NCT05842174,liver_biliary,Liver & biliary,,liver_biliary,0,conditions
NCT07188090,multi,Multiple cancer types / basket or umbrella,multiple named cancers,lymphoma;myeloma,0,conditions
NCT07193550,sarcoma,Sarcoma,,sarcoma,0,conditions
NCT07095868,multi,Multiple cancer types / basket or umbrella,unspecified solid / hematologic,,1,conditions
NCT05929768,breast,Breast,,breast,0,conditions
NCT06677190,gynecologic,"Gynecologic (ovarian, uterine, cervical)",,gynecologic,1,conditions
NCT05156060,head_neck,Head & neck,,head_neck,0,conditions
NCT07151391,multi,Multiple cancer types / basket or umbrella,multiple named cancers,gynecologic;neuroendocrine_endocrine,1,conditions
NCT07465835,multi,Multiple cancer types / basket or umbrella,unspecified solid / hematologic,,1,conditions
NCT06757634,breast,Breast,,breast,0,conditions
NCT07223021,leukemia,Leukemia,,leukemia,0,conditions
NCT07220135,breast,Breast,,breast,0,conditions
NCT06284590,melanoma_skin,Melanoma & skin,,melanoma_skin,0,conditions
NCT07219576,multi,Multiple cancer types / basket or umbrella,multiple named cancers,kidney;lung,0,conditions
NCT06667076,lung,Lung & thoracic,,lung,0,conditions
NCT07403721,multi,Multiple cancer types / basket or umbrella,unspecified solid / hematologic,,1,conditions
NCT05366816,sarcoma,Sarcoma,,sarcoma,0,conditions
NCT07148947,mds_mpn,MDS & MPN,,mds_mpn,0,conditions
NCT07225101,brain_cns,Brain & CNS,,brain_cns,0,conditions
NCT06686394,breast,Breast,,breast,0,conditions
NCT07642856,other_unclassified,Other / unclassified,,,0,none
NCT06001749,multi,Multiple cancer types / basket or umbrella,unspecified solid / hematologic,,1,conditions
NCT06890338,gynecologic,"Gynecologic (ovarian, uterine, cervical)",,gynecologic,0,conditions
NCT07021989,lymphoma,Lymphoma,,lymphoma,0,conditions
NCT06026410,multi,Multiple cancer types / basket or umbrella,multiple named cancers,colorectal;kidney;lung;pancreatic,1,conditions
NCT05023018,brain_cns,Brain & CNS,,brain_cns,0,conditions
NCT05361720,kidney,Kidney,,kidney,0,conditions
NCT07139990,multi,Multiple cancer types / basket or umbrella,multiple named cancers,lung;sarcoma,1,conditions
NCT06997068,head_neck,Head & neck,,head_neck,1,conditions
NCT05607420,lymphoma,Lymphoma,,lymphoma,0,conditions
NCT07214779,gynecologic,"Gynecologic (ovarian, uterine, cervical)",,gynecologic,0,conditions
NCT06650579,prostate,Prostate,,prostate,0,conditions
NCT03945162,bladder_urothelial,Bladder & urothelial,,bladder_urothelial,0,conditions
NCT07762586,bladder_urothelial,Bladder & urothelial,,bladder_urothelial,0,conditions
NCT04946370,prostate,Prostate,,prostate,0,conditions
NCT05480449,multi,Multiple cancer types / basket or umbrella,multiple named cancers,leukemia;lymphoma,0,conditions
NCT06398418,multi,Multiple cancer types / basket or umbrella,basket with a named cohort,melanoma_skin,1,conditions+title
NCT05381597,melanoma_skin,Melanoma & skin,,melanoma_skin,0,conditions
NCT05672524,colorectal,Colorectal,,colorectal,0,conditions
NCT05568680,multi,Multiple cancer types / basket or umbrella,multiple named cancers,gynecologic;liver_biliary;lung,1,conditions
NCT05681780,lung,Lung & thoracic,,lung,0,conditions
NCT06521554,multi,Multiple cancer types / basket or umbrella,unspecified solid / hematologic,,1,conditions
NCT04421560,lymphoma,Lymphoma,,lymphoma,1,conditions
NCT07322094,gynecologic,"Gynecologic (ovarian, uterine, cervical)",,gynecologic,0,conditions
NCT06937866,other_named,Other named cancer,,other_named,0,conditions
NCT04260022,leukemia,Leukemia,,leukemia,0,conditions
NCT06774131,bladder_urothelial,Bladder & urothelial,,bladder_urothelial,0,conditions
NCT03322995,pancreatic,Pancreatic,,pancreatic,0,conditions
NCT07619339,lung,Lung & thoracic,,lung,0,conditions
NCT06327477,sarcoma,Sarcoma,,sarcoma,0,conditions
NCT05855200,colorectal,Colorectal,,colorectal,0,conditions
NCT04892173,head_neck,Head & neck,,head_neck,0,title/keywords
NCT07635056,other_named,Other named cancer,,other_named,0,conditions
NCT04169737,leukemia,Leukemia,,leukemia,0,conditions
NCT07128381,mds_mpn,MDS & MPN,,mds_mpn,0,conditions
NCT04024761,multi,Multiple cancer types / basket or umbrella,multiple named cancers,leukemia;mds_mpn,0,conditions
NCT05215353,other_unclassified,Other / unclassified,,,0,none
NCT07211737,multi,Multiple cancer types / basket or umbrella,multiple named cancers,other_named;sarcoma,0,conditions
NCT06904066,multi,Multiple cancer types / basket or umbrella,multiple named cancers,leukemia;mds_mpn,1,conditions
NCT06075953,breast,Breast,,breast,0,conditions
NCT05557045,multi,Multiple cancer types / basket or umbrella,unspecified solid / hematologic,,1,conditions
NCT06794645,sarcoma,Sarcoma,,sarcoma,0,conditions
NCT06543381,multi,Multiple cancer types / basket or umbrella,multiple named cancers,leukemia;mds_mpn,0,conditions
NCT03861676,prostate,Prostate,,prostate,0,conditions
NCT07200089,myeloma,Myeloma & plasma cell,,myeloma,0,conditions
NCT05624996,lung,Lung & thoracic,,lung,0,conditions
NCT06256588,head_neck,Head & neck,,head_neck,0,conditions
NCT05549661,mds_mpn,MDS & MPN,,mds_mpn,0,conditions
NCT06639074,multi,Multiple cancer types / basket or umbrella,multiple named cancers,gynecologic;sarcoma,0,conditions
NCT04508790,myeloma,Myeloma & plasma cell,,myeloma,0,conditions
NCT05007782,multi,Multiple cancer types / basket or umbrella,unspecified solid / hematologic,,1,conditions
NCT07772024,myeloma,Myeloma & plasma cell,,myeloma,0,conditions
NCT07252479,multi,Multiple cancer types / basket or umbrella,unspecified solid / hematologic,,1,conditions
NCT04150042,multi,Multiple cancer types / basket or umbrella,multiple named cancers,breast;pancreatic,0,conditions
NCT04452305,multi,Multiple cancer types / basket or umbrella,unspecified solid / hematologic,,1,conditions
NCT06045247,lymphoma,Lymphoma,,lymphoma,0,conditions
NCT07033026,colorectal,Colorectal,,colorectal,0,conditions
NCT05889091,head_neck,Head & neck,,head_neck,0,conditions
NCT06263491,lymphoma,Lymphoma,,lymphoma,0,conditions
NCT03161223,lymphoma,Lymphoma,,lymphoma,0,conditions
NCT05155046,prostate,Prostate,,prostate,0,conditions
NCT07128303,multi,Multiple cancer types / basket or umbrella,unspecified solid / hematologic,,1,conditions
NCT06397027,leukemia,Leukemia,,leukemia,0,conditions
NCT05787561,gynecologic,"Gynecologic (ovarian, uterine, cervical)",,gynecologic,1,conditions
NCT06545942,multi,Multiple cancer types / basket or umbrella,multiple named cancers,breast;gynecologic;pancreatic;prostate,1,conditions
NCT07343986,brain_cns,Brain & CNS,,brain_cns,0,conditions
NCT04991870,brain_cns,Brain & CNS,,brain_cns,0,conditions
NCT04787744,prostate,Prostate,,prostate,1,conditions
NCT05321134,colorectal,Colorectal,,colorectal,0,conditions
NCT03671044,breast,Breast,,breast,0,conditions
NCT07218809,gynecologic,"Gynecologic (ovarian, uterine, cervical)",,gynecologic,0,conditions
NCT06880549,multi,Multiple cancer types / basket or umbrella,unspecified solid / hematologic,,1,conditions
NCT04991025,lung,Lung & thoracic,,lung,0,conditions
NCT03424850,prostate,Prostate,,prostate,0,conditions
NCT06259552,multi,Multiple cancer types / basket or umbrella,multiple named cancers,colorectal;head_neck;kidney,1,conditions
NCT05142189,lung,Lung & thoracic,,lung,0,conditions
NCT05624918,pancreatic,Pancreatic,,pancreatic,0,conditions
NCT06071624,mds_mpn,MDS & MPN,,mds_mpn,0,title/keywords
NCT07071961,colorectal,Colorectal,,colorectal,0,conditions
NCT04920617,lymphoma,Lymphoma,,lymphoma,0,conditions
NCT06617923,gynecologic,"Gynecologic (ovarian, uterine, cervical)",,gynecologic,0,conditions
NCT04050280,leukemia,Leukemia,,leukemia,0,conditions
NCT03114462,head_neck,Head & neck,,head_neck,1,conditions
NCT05918640,sarcoma,Sarcoma,,sarcoma,0,conditions
NCT03758989,lymphoma,Lymphoma,,lymphoma,0,conditions
NCT05413850,prostate,Prostate,,prostate,0,conditions
NCT03937635,myeloma,Myeloma & plasma cell,,myeloma,0,conditions
NCT07213674,prostate,Prostate,,prostate,0,conditions
NCT06275360,lung,Lung & thoracic,,lung,0,conditions
NCT06959082,head_neck,Head & neck,,head_neck,0,conditions
NCT05356182,other_unclassified,Other / unclassified,,,0,none
NCT05700721,multi,Multiple cancer types / basket or umbrella,unspecified solid / hematologic,,1,conditions
NCT04889716,lymphoma,Lymphoma,,lymphoma,0,conditions
NCT06643884,other_named,Other named cancer,,other_named,0,conditions
NCT06145633,prostate,Prostate,,prostate,0,conditions
NCT07037004,multi,Multiple cancer types / basket or umbrella,multiple named cancers,kidney;sarcoma,0,conditions
NCT06031688,lung,Lung & thoracic,,lung,0,conditions
NCT06998342,melanoma_skin,Melanoma & skin,,melanoma_skin,0,conditions
NCT05563766,gastric_esophageal,Gastric & esophageal,,gastric_esophageal,0,conditions
NCT06801002,multi,Multiple cancer types / basket or umbrella,unspecified solid / hematologic,,1,conditions
NCT07288359,multi,Multiple cancer types / basket or umbrella,multiple named cancers,breast;prostate,1,conditions
NCT06592924,prostate,Prostate,,prostate,0,conditions
NCT06575296,leukemia,Leukemia,,leukemia,0,conditions
NCT06705686,prostate,Prostate,,prostate,0,conditions
NCT06609005,prostate,Prostate,,prostate,0,conditions
NCT07237594,melanoma_skin,Melanoma & skin,,melanoma_skin,0,conditions
NCT06340737,multi,Multiple cancer types / basket or umbrella,multiple named cancers,leukemia;lymphoma,0,conditions
NCT06041503,multi,Multiple cancer types / basket or umbrella,multiple named cancers,bladder_urothelial;other_named,0,conditions
NCT00412594,leukemia,Leukemia,,leukemia,0,conditions
NCT05490472,multi,Multiple cancer types / basket or umbrella,multiple named cancers,breast;lung,1,conditions
NCT05902988,multi,Multiple cancer types / basket or umbrella,multiple named cancers,breast;gynecologic;head_neck;lung;sarcoma,1,conditions
NCT03125642,lymphoma,Lymphoma,,lymphoma,0,conditions
NCT04240054,myeloma,Myeloma & plasma cell,,myeloma,0,conditions
NCT05099003,brain_cns,Brain & CNS,,brain_cns,1,conditions
NCT07745361,prostate,Prostate,,prostate,0,conditions
NCT07052370,multi,Multiple cancer types / basket or umbrella,unspecified solid / hematologic,,1,conditions
NCT04187105,multi,Multiple cancer types / basket or umbrella,multiple named cancers,leukemia;mds_mpn,0,conditions
NCT06010329,lung,Lung & thoracic,,lung,0,conditions
NCT05412225,breast,Breast,,breast,0,conditions
NCT06324240,breast,Breast,,breast,0,conditions
NCT06594991,melanoma_skin,Melanoma & skin,,melanoma_skin,0,conditions
NCT05040360,neuroendocrine_endocrine,Neuroendocrine & endocrine,,neuroendocrine_endocrine,1,conditions
NCT07281924,melanoma_skin,Melanoma & skin,,melanoma_skin,1,conditions
NCT04516447,gynecologic,"Gynecologic (ovarian, uterine, cervical)",,gynecologic,1,conditions
NCT07001384,lymphoma,Lymphoma,,lymphoma,0,conditions
NCT05443425,multi,Multiple cancer types / basket or umbrella,unspecified solid / hematologic,,1,conditions
NCT07619313,multi,Multiple cancer types / basket or umbrella,multiple named cancers,liver_biliary;pancreatic,0,conditions
NCT06806033,lymphoma,Lymphoma,,lymphoma,0,conditions
NCT05890352,lymphoma,Lymphoma,,lymphoma,0,conditions
NCT05467748,lung,Lung & thoracic,,lung,0,conditions
NCT05797168,multi,Multiple cancer types / basket or umbrella,multiple named cancers,gynecologic;lung,0,conditions
NCT07234968,bladder_urothelial,Bladder & urothelial,,bladder_urothelial,1,conditions
NCT05076760,multi,Multiple cancer types / basket or umbrella,multiple named cancers,breast;head_neck;lung;melanoma_skin;pancreatic,1,conditions
NCT07488923,multi,Multiple cancer types / basket or umbrella,multiple named cancers,lung;neuroendocrine_endocrine;pancreatic,0,conditions
NCT07339059,lung,Lung & thoracic,,lung,0,conditions
NCT06785415,myeloma,Myeloma & plasma cell,,myeloma,0,conditions
NCT02693535,multi,Multiple cancer types / basket or umbrella,multiple named cancers,lymphoma;myeloma,1,conditions
NCT07254091,pancreatic,Pancreatic,,pancreatic,0,conditions
NCT07700160,multi,Multiple cancer types / basket or umbrella,unspecified solid / hematologic,,1,conditions
NCT05726370,head_neck,Head & neck,,head_neck,0,conditions
NCT07007273,sarcoma,Sarcoma,,sarcoma,0,conditions
NCT07548983,leukemia,Leukemia,,leukemia,0,conditions
NCT07525141,multi,Multiple cancer types / basket or umbrella,unspecified solid / hematologic,,1,conditions
NCT05746897,multi,Multiple cancer types / basket or umbrella,multiple named cancers,breast;colorectal;gynecologic;melanoma_skin,0,conditions
NCT06892379,multi,Multiple cancer types / basket or umbrella,unspecified solid / hematologic,,1,conditions
NCT05849662,sarcoma,Sarcoma,,sarcoma,0,conditions
NCT03113643,multi,Multiple cancer types / basket or umbrella,multiple named cancers,leukemia;mds_mpn,0,conditions
NCT05188508,brain_cns,Brain & CNS,,brain_cns,0,conditions
NCT04715191,multi,Multiple cancer types / basket or umbrella,multiple named cancers,kidney;liver_biliary;sarcoma,1,conditions
NCT05685173,lymphoma,Lymphoma,,lymphoma,0,conditions
NCT04969315,multi,Multiple cancer types / basket or umbrella,multiple named cancers,colorectal;gynecologic;head_neck;kidney;lung;prostate,0,conditions
NCT06738368,leukemia,Leukemia,,leukemia,0,conditions
NCT06215118,myeloma,Myeloma & plasma cell,,myeloma,0,conditions
NCT03326310,leukemia,Leukemia,,leukemia,0,conditions
NCT05401110,lung,Lung & thoracic,,lung,0,conditions
NCT06328686,multi,Multiple cancer types / basket or umbrella,unspecified solid / hematologic,,1,conditions
NCT04181060,lung,Lung & thoracic,,lung,0,conditions
NCT03988283,brain_cns,Brain & CNS,,brain_cns,0,conditions
NCT06515990,multi,Multiple cancer types / basket or umbrella,multiple named cancers,head_neck;lung,0,conditions
NCT06156410,sarcoma,Sarcoma,,sarcoma,0,conditions
NCT06742996,lymphoma,Lymphoma,,lymphoma,0,conditions
NCT04613596,lung,Lung & thoracic,,lung,0,conditions
NCT02917083,lymphoma,Lymphoma,,lymphoma,0,conditions
NCT06100705,prostate,Prostate,,prostate,0,conditions
NCT06839456,multi,Multiple cancer types / basket or umbrella,multiple named cancers,leukemia;lymphoma;mds_mpn,0,conditions
NCT07043270,pancreatic,Pancreatic,,pancreatic,0,conditions
NCT06241456,multi,Multiple cancer types / basket or umbrella,unspecified solid / hematologic,,1,conditions
NCT06731894,multi,Multiple cancer types / basket or umbrella,multiple named cancers,breast;colorectal,0,conditions
NCT05947851,multi,Multiple cancer types / basket or umbrella,multiple named cancers,leukemia;lymphoma,0,conditions
NCT05519241,bladder_urothelial,Bladder & urothelial,,bladder_urothelial,0,conditions
NCT07283094,multi,Multiple cancer types / basket or umbrella,multiple named cancers,leukemia;mds_mpn,0,conditions
NCT07226869,liver_biliary,Liver & biliary,,liver_biliary,0,conditions
NCT06466122,leukemia,Leukemia,,leukemia,0,conditions
NCT05826743,colorectal,Colorectal,,colorectal,0,conditions
NCT01042379,multi,Multiple cancer types / basket or umbrella,multiple named cancers,breast;sarcoma,0,conditions
NCT06562179,multi,Multiple cancer types / basket or umbrella,multiple named cancers,liver_biliary;pancreatic,0,conditions
NCT05548296,gynecologic,"Gynecologic (ovarian, uterine, cervical)",,gynecologic,0,conditions
NCT07189403,multi,Multiple cancer types / basket or umbrella,multiple named cancers,neuroendocrine_endocrine;prostate,0,conditions
NCT05852717,lymphoma,Lymphoma,,lymphoma,1,conditions
NCT04079179,multi,Multiple cancer types / basket or umbrella,multiple named cancers,other_named;sarcoma,1,conditions
NCT07249346,multi,Multiple cancer types / basket or umbrella,multiple named cancers,leukemia;mds_mpn,0,conditions
NCT06616155,prostate,Prostate,,prostate,0,conditions
NCT06871410,leukemia,Leukemia,,leukemia,0,conditions
NCT06369246,prostate,Prostate,,prostate,0,conditions
NCT06610682,multi,Multiple cancer types / basket or umbrella,multiple named cancers (title/keywords),brain_cns;sarcoma,0,title/keywords
NCT05187182,gastric_esophageal,Gastric & esophageal,,gastric_esophageal,0,conditions
NCT05419076,lung,Lung & thoracic,,lung,1,conditions
NCT05677490,gastric_esophageal,Gastric & esophageal,,gastric_esophageal,0,conditions
NCT06979596,multi,Multiple cancer types / basket or umbrella,unspecified solid / hematologic,,1,conditions
NCT04969835,multi,Multiple cancer types / basket or umbrella,multiple named cancers,bladder_urothelial;breast;gynecologic;head_neck;sarcoma,0,conditions
NCT07465276,head_neck,Head & neck,,head_neck,0,conditions
NCT04683679,breast,Breast,,breast,0,conditions
NCT07160725,multi,Multiple cancer types / basket or umbrella,unspecified solid / hematologic,,1,conditions
NCT03829540,multi,Multiple cancer types / basket or umbrella,multiple named cancers,leukemia;lymphoma,0,conditions
NCT05794880,multi,Multiple cancer types / basket or umbrella,multiple named cancers,leukemia;lymphoma;mds_mpn,0,conditions
NCT07377435,myeloma,Myeloma & plasma cell,,myeloma,0,conditions
NCT04150497,leukemia,Leukemia,,leukemia,0,conditions
NCT05916313,brain_cns,Brain & CNS,,brain_cns,0,conditions
NCT06995521,other_unclassified,Other / unclassified,,,0,none
NCT07182149,multi,Multiple cancer types / basket or umbrella,multiple named cancers,breast;gastric_esophageal;gynecologic;head_neck;lung,0,conditions
NCT06790693,breast,Breast,,breast,0,conditions
NCT07321652,leukemia,Leukemia,,leukemia,0,conditions
NCT03604315,multi,Multiple cancer types / basket or umbrella,multiple named cancers,breast;gynecologic,1,conditions
NCT06582017,multi,Multiple cancer types / basket or umbrella,multiple named cancers,bladder_urothelial;breast;gynecologic;kidney;liver_biliary;lung;pancreatic;prostate,1,conditions
NCT06016179,lung,Lung & thoracic,,lung,1,conditions
NCT06067841,prostate,Prostate,,prostate,0,conditions
NCT07087054,neuroendocrine_endocrine,Neuroendocrine & endocrine,,neuroendocrine_endocrine,0,conditions
NCT05971758,other_unclassified,Other / unclassified,,,0,none
NCT07670858,melanoma_skin,Melanoma & skin,,melanoma_skin,0,conditions
NCT04872478,leukemia,Leukemia,,leukemia,0,conditions
NCT07629960,multi,Multiple cancer types / basket or umbrella,multiple named cancers,colorectal;lung;pancreatic,1,conditions
NCT06980038,head_neck,Head & neck,,head_neck,0,conditions
NCT05422690,liver_biliary,Liver & biliary,,liver_biliary,0,conditions
NCT06414460,multi,Multiple cancer types / basket or umbrella,unspecified solid / hematologic,,1,conditions
NCT05734560,brain_cns,Brain & CNS,,brain_cns,0,conditions
NCT05053555,multi,Multiple cancer types / basket or umbrella,multiple named cancers,liver_biliary;melanoma_skin;pancreatic,0,conditions
NCT06109870,gynecologic,"Gynecologic (ovarian, uterine, cervical)",,gynecologic,0,title/keywords
NCT07093554,myeloma,Myeloma & plasma cell,,myeloma,0,conditions
NCT02598349,pancreatic,Pancreatic,,pancreatic,0,conditions
NCT05704647,melanoma_skin,Melanoma & skin,,melanoma_skin,0,conditions
NCT06883747,brain_cns,Brain & CNS,,brain_cns,0,conditions
NCT05382338,brain_cns,Brain & CNS,,brain_cns,0,conditions
NCT04068597,multi,Multiple cancer types / basket or umbrella,multiple named cancers,leukemia;lymphoma;mds_mpn;myeloma,1,conditions
NCT05800210,multi,Multiple cancer types / basket or umbrella,multiple named cancers,leukemia;lymphoma;mds_mpn,0,conditions
NCT06683755,melanoma_skin,Melanoma & skin,,melanoma_skin,0,conditions
NCT06263543,breast,Breast,,breast,0,conditions
NCT07703878,multi,Multiple cancer types / basket or umbrella,unspecified solid / hematologic,,1,conditions
NCT06561360,leukemia,Leukemia,,leukemia,0,conditions
NCT05491226,breast,Breast,,breast,0,conditions
NCT05358548,multi,Multiple cancer types / basket or umbrella,multiple named cancers,head_neck;lung,0,conditions
NCT03425526,multi,Multiple cancer types / basket or umbrella,unspecified solid / hematologic,,1,conditions
NCT04741997,melanoma_skin,Melanoma & skin,,melanoma_skin,0,conditions
NCT06069726,brain_cns,Brain & CNS,,brain_cns,0,conditions
NCT04752826,multi,Multiple cancer types / basket or umbrella,multiple named cancers,gynecologic;lymphoma;melanoma_skin,1,conditions
NCT06211335,head_neck,Head & neck,,head_neck,0,conditions
NCT05139017,lymphoma,Lymphoma,,lymphoma,0,conditions
NCT06879340,multi,Multiple cancer types / basket or umbrella,multiple named cancers,leukemia;lymphoma,0,conditions
NCT07705035,multi,Multiple cancer types / basket or umbrella,multiple named cancers,bladder_urothelial;gastric_esophageal;gynecologic;lung;other_named,1,conditions
NCT07014917,leukemia,Leukemia,,leukemia,0,conditions
NCT07469891,mds_mpn,MDS & MPN,,mds_mpn,0,conditions
NCT07049848,sarcoma,Sarcoma,,sarcoma,0,conditions
NCT07287917,multi,Multiple cancer types / basket or umbrella,multiple named cancers,breast;melanoma_skin,0,conditions
NCT06733350,prostate,Prostate,,prostate,0,conditions
NCT07227168,multi,Multiple cancer types / basket or umbrella,multiple named cancers,bladder_urothelial;colorectal;gastric_esophageal;gynecologic;head_neck;lung;pancreatic,0,conditions
NCT07025564,leukemia,Leukemia,,leukemia,0,conditions
NCT07214987,head_neck,Head & neck,,head_neck,0,conditions
NCT05856981,multi,Multiple cancer types / basket or umbrella,multiple named cancers,colorectal;gynecologic;kidney;lung,1,conditions
NCT05800665,prostate,Prostate,,prostate,0,conditions
NCT04332367,lung,Lung & thoracic,,lung,0,conditions
NCT06747845,pancreatic,Pancreatic,,pancreatic,0,conditions
NCT06130995,prostate,Prostate,,prostate,0,conditions
NCT06088381,head_neck,Head & neck,,head_neck,0,conditions
NCT04499053,lung,Lung & thoracic,,lung,0,conditions
NCT07048457,bladder_urothelial,Bladder & urothelial,,bladder_urothelial,0,conditions
NCT07183319,bladder_urothelial,Bladder & urothelial,,bladder_urothelial,0,conditions
NCT03258567,lymphoma,Lymphoma,,lymphoma,0,conditions
NCT06660407,lung,Lung & thoracic,,lung,0,conditions
NCT07181681,multi,Multiple cancer types / basket or umbrella,unspecified solid / hematologic,,1,conditions
NCT05095207,breast,Breast,,breast,1,conditions
NCT05472792,breast,Breast,,breast,0,conditions
NCT06362252,lung,Lung & thoracic,,lung,0,conditions
NCT07374848,sarcoma,Sarcoma,,sarcoma,1,conditions
NCT06731478,gastric_esophageal,Gastric & esophageal,,gastric_esophageal,0,conditions
NCT03947385,multi,Multiple cancer types / basket or umbrella,multiple named cancers,colorectal;melanoma_skin,1,conditions
NCT06038578,gastric_esophageal,Gastric & esophageal,,gastric_esophageal,0,conditions
NCT04301076,multi,Multiple cancer types / basket or umbrella,multiple named cancers,leukemia;lymphoma,0,conditions
NCT06548672,multi,Multiple cancer types / basket or umbrella,unspecified solid / hematologic,,1,conditions
NCT05053867,multi,Multiple cancer types / basket or umbrella,unspecified solid / hematologic,,1,conditions
NCT06557512,brain_cns,Brain & CNS,,brain_cns,1,conditions
NCT03701581,prostate,Prostate,,prostate,0,conditions
NCT06500819,multi,Multiple cancer types / basket or umbrella,multiple named cancers,other_named;sarcoma,0,conditions
NCT07475806,bladder_urothelial,Bladder & urothelial,,bladder_urothelial,0,conditions
NCT03824652,prostate,Prostate,,prostate,0,conditions
NCT05632809,lung,Lung & thoracic,,lung,0,conditions
NCT02479698,melanoma_skin,Melanoma & skin,,melanoma_skin,1,conditions
NCT06302621,multi,Multiple cancer types / basket or umbrella,basket with a named cohort,liver_biliary,1,conditions+title
NCT03011684,breast,Breast,,breast,0,title/keywords
NCT06248216,multi,Multiple cancer types / basket or umbrella,unspecified solid / hematologic,,1,conditions
NCT06445114,head_neck,Head & neck,,head_neck,1,conditions
NCT03739814,leukemia,Leukemia,,leukemia,0,conditions
NCT06672146,leukemia,Leukemia,,leukemia,0,conditions
NCT06563505,lymphoma,Lymphoma,,lymphoma,0,conditions
NCT05956041,lymphoma,Lymphoma,,lymphoma,0,conditions
NCT07777822,lung,Lung & thoracic,,lung,0,conditions
NCT06860594,brain_cns,Brain & CNS,,brain_cns,0,conditions
NCT06378866,prostate,Prostate,,prostate,0,conditions
NCT05382559,multi,Multiple cancer types / basket or umbrella,unspecified solid / hematologic,,1,conditions
NCT05546827,multi,Multiple cancer types / basket or umbrella,multiple named cancers,colorectal;head_neck;melanoma_skin,0,conditions
NCT05639972,multi,Multiple cancer types / basket or umbrella,multiple named cancers,gynecologic;head_neck;other_named,1,conditions
NCT03670966,multi,Multiple cancer types / basket or umbrella,multiple named cancers,leukemia;mds_mpn,1,conditions
NCT04696575,lung,Lung & thoracic,,lung,0,conditions
NCT04878029,bladder_urothelial,Bladder & urothelial,,bladder_urothelial,0,conditions
NCT07136181,multi,Multiple cancer types / basket or umbrella,multiple named cancers,melanoma_skin;other_named,0,conditions
NCT06833866,colorectal,Colorectal,,colorectal,0,conditions
NCT06788756,leukemia,Leukemia,,leukemia,0,conditions
NCT07017829,lung,Lung & thoracic,,lung,0,conditions
NCT04566328,myeloma,Myeloma & plasma cell,,myeloma,0,conditions
NCT06128551,multi,Multiple cancer types / basket or umbrella,multiple named cancers,colorectal;lung;pancreatic,0,conditions
NCT07059845,gynecologic,"Gynecologic (ovarian, uterine, cervical)",,gynecologic,0,conditions
NCT05365581,multi,Multiple cancer types / basket or umbrella,multiple named cancers,gastric_esophageal;pancreatic,0,conditions
NCT04679012,multi,Multiple cancer types / basket or umbrella,multiple named cancers,leukemia;lymphoma,0,conditions
NCT07276529,colorectal,Colorectal,,colorectal,0,conditions
NCT06972628,prostate,Prostate,,prostate,1,conditions
NCT06682442,head_neck,Head & neck,,head_neck,0,conditions
NCT03294954,other_named,Other named cancer,,other_named,0,conditions
NCT07429266,mds_mpn,MDS & MPN,,mds_mpn,0,conditions
NCT05286788,multi,Multiple cancer types / basket or umbrella,multiple named cancers,brain_cns;head_neck,0,conditions
NCT06193486,prostate,Prostate,,prostate,0,conditions
NCT06242470,multi,Multiple cancer types / basket or umbrella,multiple named cancers,bladder_urothelial;breast;colorectal;gastric_esophageal;gynecologic;head_neck;kidney;liver_biliary;lung;melanoma_skin;pancreatic;prostate;sarcoma,1,conditions
NCT07340541,breast,Breast,,breast,0,conditions
NCT06805305,brain_cns,Brain & CNS,,brain_cns,0,conditions
NCT06085729,prostate,Prostate,,prostate,0,conditions
NCT06580002,multi,Multiple cancer types / basket or umbrella,multiple named cancers,bladder_urothelial;brain_cns;breast;colorectal;gastric_esophageal;gynecologic;head_neck;kidney;leukemia;liver_biliary;lung;lymphoma;melanoma_skin;myeloma;pancreatic;prostate;sarcoma,1,conditions
NCT05907759,lymphoma,Lymphoma,,lymphoma,0,conditions
NCT06929286,bladder_urothelial,Bladder & urothelial,,bladder_urothelial,0,conditions
NCT06441331,multi,Multiple cancer types / basket or umbrella,multiple named cancers,brain_cns;lymphoma;neuroendocrine_endocrine;sarcoma,1,conditions
NCT07711847,breast,Breast,,breast,0,conditions
NCT07099391,myeloma,Myeloma & plasma cell,,myeloma,0,conditions
NCT06717347,lymphoma,Lymphoma,,lymphoma,0,conditions
NCT06356155,bladder_urothelial,Bladder & urothelial,,bladder_urothelial,0,conditions
NCT06399640,multi,Multiple cancer types / basket or umbrella,multiple named cancers,leukemia;mds_mpn,0,conditions
NCT07062003,melanoma_skin,Melanoma & skin,,melanoma_skin,1,conditions
NCT05847569,myeloma,Myeloma & plasma cell,,myeloma,0,conditions
NCT05131022,multi,Multiple cancer types / basket or umbrella,multiple named cancers,leukemia;lymphoma,0,conditions
NCT02747303,multi,Multiple cancer types / basket or umbrella,unspecified solid / hematologic,,1,conditions
NCT06395519,multi,Multiple cancer types / basket or umbrella,multiple named cancers,breast;colorectal;gastric_esophageal;gynecologic;prostate,1,conditions
NCT06481592,gynecologic,"Gynecologic (ovarian, uterine, cervical)",,gynecologic,0,conditions
NCT05098132,lung,Lung & thoracic,,lung,1,conditions
NCT06487481,neuroendocrine_endocrine,Neuroendocrine & endocrine,,neuroendocrine_endocrine,0,conditions
NCT06865664,sarcoma,Sarcoma,,sarcoma,0,conditions
NCT06568692,breast,Breast,,breast,0,conditions
NCT06500481,multi,Multiple cancer types / basket or umbrella,multiple named cancers,breast;lung,1,conditions
NCT07227792,head_neck,Head & neck,,head_neck,0,conditions
NCT05687136,multi,Multiple cancer types / basket or umbrella,unspecified solid / hematologic,,1,conditions
NCT06423911,leukemia,Leukemia,,leukemia,0,conditions
NCT07404332,multi,Multiple cancer types / basket or umbrella,unspecified solid / hematologic,,1,conditions
NCT06974604,multi,Multiple cancer types / basket or umbrella,multiple named cancers,breast;lung,0,conditions
NCT07671534,multi,Multiple cancer types / basket or umbrella,unspecified solid / hematologic,,1,conditions
NCT03629171,leukemia,Leukemia,,leukemia,0,conditions
NCT07036133,multi,Multiple cancer types / basket or umbrella,unspecified solid / hematologic,,1,conditions
NCT07284433,multi,Multiple cancer types / basket or umbrella,multiple named cancers,leukemia;lymphoma,0,conditions
NCT07200102,myeloma,Myeloma & plasma cell,,myeloma,0,conditions
NCT06047977,multi,Multiple cancer types / basket or umbrella,unspecified (title),,1,title
NCT06759701,prostate,Prostate,,prostate,0,conditions
NCT07102381,breast,Breast,,breast,0,conditions
NCT06548230,multi,Multiple cancer types / basket or umbrella,multiple named cancers,leukemia;mds_mpn,0,conditions
NCT02074839,multi,Multiple cancer types / basket or umbrella,multiple named cancers,leukemia;mds_mpn,1,conditions
NCT06591819,prostate,Prostate,,prostate,0,conditions
NCT05294367,lymphoma,Lymphoma,,lymphoma,0,conditions
NCT05723107,pancreatic,Pancreatic,,pancreatic,0,conditions
NCT06380751,breast,Breast,,breast,0,conditions
NCT05126472,bladder_urothelial,Bladder & urothelial,,bladder_urothelial,0,conditions
NCT07535112,colorectal,Colorectal,,colorectal,0,conditions
NCT05996107,breast,Breast,,breast,0,conditions
NCT06576037,multi,Multiple cancer types / basket or umbrella,unspecified solid / hematologic,,1,conditions
NCT05896839,melanoma_skin,Melanoma & skin,,melanoma_skin,0,conditions
NCT04665739,neuroendocrine_endocrine,Neuroendocrine & endocrine,,neuroendocrine_endocrine,0,conditions
NCT05464719,lymphoma,Lymphoma,,lymphoma,0,conditions
NCT05839912,melanoma_skin,Melanoma & skin,,melanoma_skin,0,conditions
NCT07142551,prostate,Prostate,,prostate,0,conditions
NCT06173401,multi,Multiple cancer types / basket or umbrella,unspecified solid / hematologic,,1,conditions
NCT06013423,multi,Multiple cancer types / basket or umbrella,multiple named cancers,leukemia;lymphoma;mds_mpn,0,conditions
NCT06170788,lung,Lung & thoracic,,lung,0,conditions
NCT05254327,colorectal,Colorectal,,colorectal,0,conditions
NCT03110822,myeloma,Myeloma & plasma cell,,myeloma,0,conditions
NCT06943872,leukemia,Leukemia,,leukemia,0,conditions
NCT07321353,brain_cns,Brain & CNS,,brain_cns,0,conditions
NCT07489495,kidney,Kidney,,kidney,0,conditions
NCT07387445,breast,Breast,,breast,0,conditions
NCT06542757,prostate,Prostate,,prostate,0,conditions
NCT06263153,bladder_urothelial,Bladder & urothelial,,bladder_urothelial,0,conditions
NCT07226609,myeloma,Myeloma & plasma cell,,myeloma,0,conditions
NCT07126509,lung,Lung & thoracic,,lung,1,conditions
NCT07491445,pancreatic,Pancreatic,,pancreatic,0,conditions
NCT06370000,leukemia,Leukemia,,leukemia,0,conditions
NCT06810544,multi,Multiple cancer types / basket or umbrella,multiple named cancers,brain_cns;lung,1,conditions
NCT04230109,breast,Breast,,breast,0,conditions
NCT06901531,gastric_esophageal,Gastric & esophageal,,gastric_esophageal,0,conditions
NCT06975293,sarcoma,Sarcoma,,sarcoma,1,conditions
NCT07139977,gynecologic,"Gynecologic (ovarian, uterine, cervical)",,gynecologic,0,conditions
NCT04852328,head_neck,Head & neck,,head_neck,0,conditions
NCT07455032,head_neck,Head & neck,,head_neck,0,conditions
NCT04099797,brain_cns,Brain & CNS,,brain_cns,0,conditions
NCT05433142,kidney,Kidney,,kidney,0,conditions
NCT07182279,prostate,Prostate,,prostate,0,conditions
NCT06974370,multi,Multiple cancer types / basket or umbrella,unspecified solid / hematologic,,1,conditions
NCT04444869,head_neck,Head & neck,,head_neck,0,conditions
NCT05660369,brain_cns,Brain & CNS,,brain_cns,1,conditions
NCT04467723,lung,Lung & thoracic,,lung,0,conditions
NCT05080946,gynecologic,"Gynecologic (ovarian, uterine, cervical)",,gynecologic,0,conditions
NCT06738303,prostate,Prostate,,prostate,0,conditions
NCT07227870,melanoma_skin,Melanoma & skin,,melanoma_skin,0,conditions
NCT06079346,pancreatic,Pancreatic,,pancreatic,0,conditions
NCT04541082,brain_cns,Brain & CNS,,brain_cns,0,conditions
NCT05155033,multi,Multiple cancer types / basket or umbrella,multiple named cancers,kidney;melanoma_skin,0,conditions
NCT06616584,lung,Lung & thoracic,,lung,0,conditions
NCT05733949,multi,Multiple cancer types / basket or umbrella,unspecified solid / hematologic,,1,conditions
NCT05227326,multi,Multiple cancer types / basket or umbrella,multiple named cancers,gynecologic;lung;pancreatic;sarcoma,1,conditions
NCT05780814,breast,Breast,,breast,0,conditions
NCT02523014,brain_cns,Brain & CNS,,brain_cns,0,conditions
NCT03191149,lung,Lung & thoracic,,lung,0,conditions
NCT06994676,multi,Multiple cancer types / basket or umbrella,multiple named cancers,leukemia;mds_mpn,0,conditions
NCT06943521,multi,Multiple cancer types / basket or umbrella,multiple named cancers,bladder_urothelial;breast;gastric_esophageal;gynecologic;head_neck;liver_biliary;lung;neuroendocrine_endocrine;pancreatic;prostate;sarcoma,0,conditions
NCT07020221,multi,Multiple cancer types / basket or umbrella,multiple named cancers,colorectal;lung;pancreatic,1,conditions
NCT05650632,myeloma,Myeloma & plasma cell,,myeloma,0,conditions
NCT07209189,head_neck,Head & neck,,head_neck,0,conditions
NCT06281678,multi,Multiple cancer types / basket or umbrella,multiple named cancers,colorectal;kidney;lung;melanoma_skin,0,conditions
NCT06780085,lung,Lung & thoracic,,lung,0,conditions
NCT05656235,bladder_urothelial,Bladder & urothelial,,bladder_urothelial,0,conditions
NCT06634589,multi,Multiple cancer types / basket or umbrella,basket with a named cohort,lymphoma,1,conditions+title
NCT07501650,head_neck,Head & neck,,head_neck,0,conditions
NCT07493538,multi,Multiple cancer types / basket or umbrella,multiple named cancers,leukemia;mds_mpn,0,conditions
NCT05322850,leukemia,Leukemia,,leukemia,0,conditions
NCT06001658,liver_biliary,Liver & biliary,,liver_biliary,0,title/keywords
NCT07042685,colorectal,Colorectal,,colorectal,0,conditions
NCT04575935,gynecologic,"Gynecologic (ovarian, uterine, cervical)",,gynecologic,0,conditions
NCT06475989,neuroendocrine_endocrine,Neuroendocrine & endocrine,,neuroendocrine_endocrine,0,conditions
NCT04910568,myeloma,Myeloma & plasma cell,,myeloma,0,conditions
NCT06798558,prostate,Prostate,,prostate,0,conditions
NCT06549478,multi,Multiple cancer types / basket or umbrella,unspecified solid / hematologic,,1,conditions
NCT06434350,bladder_urothelial,Bladder & urothelial,,bladder_urothelial,0,conditions
NCT06325046,prostate,Prostate,,prostate,0,conditions
NCT07228273,multi,Multiple cancer types / basket or umbrella,multiple named cancers,leukemia;mds_mpn,0,conditions
NCT05127824,kidney,Kidney,,kidney,0,conditions
NCT05239624,bladder_urothelial,Bladder & urothelial,,bladder_urothelial,0,conditions
NCT06996782,lung,Lung & thoracic,,lung,0,conditions
NCT03726359,multi,Multiple cancer types / basket or umbrella,unspecified solid / hematologic,,1,conditions
NCT06782542,leukemia,Leukemia,,leukemia,0,conditions
NCT06578624,multi,Multiple cancer types / basket or umbrella,unspecified solid / hematologic,,1,conditions
NCT07359820,multi,Multiple cancer types / basket or umbrella,unspecified solid / hematologic,,1,conditions
NCT07361510,lung,Lung & thoracic,,lung,0,conditions
NCT06393374,breast,Breast,,breast,0,conditions
NCT07700420,gastric_esophageal,Gastric & esophageal,,gastric_esophageal,0,conditions
NCT05789303,myeloma,Myeloma & plasma cell,,myeloma,0,conditions
NCT07081646,myeloma,Myeloma & plasma cell,,myeloma,0,conditions
NCT06452160,multi,Multiple cancer types / basket or umbrella,basket with a named cohort,lung,1,conditions+title
NCT06369259,colorectal,Colorectal,,colorectal,0,conditions
NCT06095089,prostate,Prostate,,prostate,0,conditions
NCT07075120,liver_biliary,Liver & biliary,,liver_biliary,0,conditions
NCT06103682,lung,Lung & thoracic,,lung,0,conditions
NCT06835387,other_named,Other named cancer,,other_named,0,conditions
NCT07216248,prostate,Prostate,,prostate,0,conditions
NCT06845319,breast,Breast,,breast,0,conditions
NCT07392892,gastric_esophageal,Gastric & esophageal,,gastric_esophageal,0,conditions
NCT02390752,multi,Multiple cancer types / basket or umbrella,multiple named cancers,leukemia;lymphoma;sarcoma,0,conditions
NCT06960707,breast,Breast,,breast,0,conditions
NCT05463263,lymphoma,Lymphoma,,lymphoma,0,conditions
NCT07516093,multi,Multiple cancer types / basket or umbrella,multiple named cancers,leukemia;lymphoma,0,conditions
NCT03964506,multi,Multiple cancer types / basket or umbrella,multiple named cancers,leukemia;mds_mpn,0,conditions
NCT06453044,lymphoma,Lymphoma,,lymphoma,0,conditions
NCT06908928,breast,Breast,,breast,0,conditions
NCT04423211,prostate,Prostate,,prostate,0,conditions
NCT06682793,multi,Multiple cancer types / basket or umbrella,multiple named cancers,breast;colorectal;head_neck;kidney;lung,1,conditions
NCT07489287,gynecologic,"Gynecologic (ovarian, uterine, cervical)",,gynecologic,0,conditions
NCT07275216,lymphoma,Lymphoma,,lymphoma,0,conditions
NCT04169763,gynecologic,"Gynecologic (ovarian, uterine, cervical)",,gynecologic,0,conditions
NCT04055649,gynecologic,"Gynecologic (ovarian, uterine, cervical)",,gynecologic,1,conditions
NCT04175431,prostate,Prostate,,prostate,0,conditions
NCT06265688,multi,Multiple cancer types / basket or umbrella,unspecified solid / hematologic,,1,conditions
NCT06854003,lymphoma,Lymphoma,,lymphoma,0,conditions
NCT07003542,brain_cns,Brain & CNS,,brain_cns,0,conditions
NCT04886986,prostate,Prostate,,prostate,0,conditions
NCT06709495,sarcoma,Sarcoma,,sarcoma,0,conditions
NCT07333261,myeloma,Myeloma & plasma cell,,myeloma,0,conditions
NCT07322341,lung,Lung & thoracic,,lung,0,conditions
NCT03463954,breast,Breast,,breast,1,conditions
NCT06978088,leukemia,Leukemia,,leukemia,0,conditions
NCT06390956,lymphoma,Lymphoma,,lymphoma,0,conditions
NCT07061951,leukemia,Leukemia,,leukemia,0,conditions
NCT03546829,lung,Lung & thoracic,,lung,0,conditions
NCT07680439,brain_cns,Brain & CNS,,brain_cns,0,conditions
NCT06462183,multi,Multiple cancer types / basket or umbrella,multiple named cancers,colorectal;head_neck,0,conditions
NCT07529483,pancreatic,Pancreatic,,pancreatic,0,conditions
NCT06699602,kidney,Kidney,,kidney,0,conditions
NCT05643742,multi,Multiple cancer types / basket or umbrella,multiple named cancers,leukemia;lymphoma,1,conditions
NCT06697301,melanoma_skin,Melanoma & skin,,melanoma_skin,0,conditions
NCT06800339,lung,Lung & thoracic,,lung,0,conditions
NCT06101277,multi,Multiple cancer types / basket or umbrella,multiple named cancers,bladder_urothelial;colorectal;liver_biliary;other_named,0,conditions
NCT06991101,brain_cns,Brain & CNS,,brain_cns,0,conditions
NCT05954312,multi,Multiple cancer types / basket or umbrella,unspecified solid / hematologic,,1,conditions
NCT05084430,brain_cns,Brain & CNS,,brain_cns,0,conditions
NCT05172245,head_neck,Head & neck,,head_neck,0,conditions
NCT05950945,breast,Breast,,breast,0,conditions
NCT07101328,lymphoma,Lymphoma,,lymphoma,0,conditions
NCT06498635,lung,Lung & thoracic,,lung,0,conditions
NCT05804318,prostate,Prostate,,prostate,0,conditions
NCT07156565,sarcoma,Sarcoma,,sarcoma,0,conditions
NCT07393867,prostate,Prostate,,prostate,0,conditions
NCT06693336,lung,Lung & thoracic,,lung,0,conditions
NCT05325632,breast,Breast,,breast,0,conditions
NCT06303193,mds_mpn,MDS & MPN,,mds_mpn,0,conditions
NCT07224971,lung,Lung & thoracic,,lung,0,conditions
NCT06774963,multi,Multiple cancer types / basket or umbrella,multiple named cancers,breast;gynecologic;liver_biliary;lung,1,conditions
NCT05315700,multi,Multiple cancer types / basket or umbrella,unspecified solid / hematologic,,1,conditions
NCT05187832,breast,Breast,,breast,0,conditions
NCT04389632,multi,Multiple cancer types / basket or umbrella,multiple named cancers,bladder_urothelial;breast;gastric_esophageal;gynecologic;head_neck;lung;melanoma_skin;pancreatic,0,conditions
NCT06228053,prostate,Prostate,,prostate,0,conditions
NCT05244239,lung,Lung & thoracic,,lung,0,conditions
NCT07227298,lung,Lung & thoracic,,lung,0,conditions
NCT06875128,breast,Breast,,breast,0,conditions
NCT05751434,prostate,Prostate,,prostate,0,conditions
NCT06632977,prostate,Prostate,,prostate,0,conditions
NCT07188532,sarcoma,Sarcoma,,sarcoma,0,conditions
NCT06769698,head_neck,Head & neck,,head_neck,0,conditions
NCT05145400,myeloma,Myeloma & plasma cell,,myeloma,1,conditions
NCT03800693,multi,Multiple cancer types / basket or umbrella,unspecified solid / hematologic,,1,conditions
NCT07193862,colorectal,Colorectal,,colorectal,0,conditions
NCT03719105,multi,Multiple cancer types / basket or umbrella,multiple named cancers,leukemia;lymphoma,0,conditions
NCT04945642,prostate,Prostate,,prostate,0,conditions
NCT02584270,head_neck,Head & neck,,head_neck,0,conditions
NCT06550141,lymphoma,Lymphoma,,lymphoma,0,conditions
NCT05185505,liver_biliary,Liver & biliary,,liver_biliary,0,conditions
NCT05805722,multi,Multiple cancer types / basket or umbrella,unspecified solid / hematologic,,1,conditions
NCT05176483,multi,Multiple cancer types / basket or umbrella,multiple named cancers,bladder_urothelial;colorectal;head_neck;kidney;liver_biliary;lung;prostate,1,conditions
NCT05879146,multi,Multiple cancer types / basket or umbrella,unspecified solid / hematologic,,1,conditions
NCT06308588,leukemia,Leukemia,,leukemia,0,conditions
NCT03832361,gynecologic,"Gynecologic (ovarian, uterine, cervical)",,gynecologic,0,conditions
NCT07181473,multi,Multiple cancer types / basket or umbrella,multiple named cancers,gastric_esophageal;lung;prostate,1,conditions
NCT06682988,gynecologic,"Gynecologic (ovarian, uterine, cervical)",,gynecologic,0,conditions
NCT05726383,sarcoma,Sarcoma,,sarcoma,0,conditions
NCT06963346,bladder_urothelial,Bladder & urothelial,,bladder_urothelial,0,conditions
NCT07276373,multi,Multiple cancer types / basket or umbrella,unspecified solid / hematologic,,1,conditions
NCT04858256,lymphoma,Lymphoma,,lymphoma,0,conditions
NCT06829173,brain_cns,Brain & CNS,,brain_cns,0,conditions
NCT07277231,leukemia,Leukemia,,leukemia,0,conditions
NCT06461988,myeloma,Myeloma & plasma cell,,myeloma,0,conditions
NCT07098299,multi,Multiple cancer types / basket or umbrella,unspecified solid / hematologic,,1,conditions
NCT06811272,lymphoma,Lymphoma,,lymphoma,0,conditions
NCT04083495,lymphoma,Lymphoma,,lymphoma,0,conditions
NCT05504707,breast,Breast,,breast,0,conditions
NCT06416007,multi,Multiple cancer types / basket or umbrella,unspecified solid / hematologic,,1,conditions
NCT06239272,multi,Multiple cancer types / basket or umbrella,multiple named cancers,other_named;sarcoma,1,conditions
NCT06950034,multi,Multiple cancer types / basket or umbrella,multiple named cancers,leukemia;mds_mpn,0,conditions
NCT06789172,multi,Multiple cancer types / basket or umbrella,multiple named cancers,colorectal;gastric_esophageal;head_neck;lung;sarcoma,1,conditions
NCT07076472,brain_cns,Brain & CNS,,brain_cns,0,conditions
NCT07028853,prostate,Prostate,,prostate,0,conditions
NCT07082920,prostate,Prostate,,prostate,0,conditions
NCT06726148,multi,Multiple cancer types / basket or umbrella,multiple named cancers,breast;lung,1,conditions
NCT07270978,multi,Multiple cancer types / basket or umbrella,multiple named cancers,leukemia;mds_mpn,0,conditions
NCT07033598,other_unclassified,Other / unclassified,,,0,none
NCT05608252,breast,Breast,,breast,0,conditions
NCT06876649,multi,Multiple cancer types / basket or umbrella,multiple named cancers,leukemia;lymphoma,0,conditions
NCT06624644,melanoma_skin,Melanoma & skin,,melanoma_skin,0,conditions
NCT05741164,breast,Breast,,breast,0,conditions
NCT06910306,brain_cns,Brain & CNS,,brain_cns,0,conditions
NCT06561048,lymphoma,Lymphoma,,lymphoma,0,conditions
NCT06961955,breast,Breast,,breast,0,conditions
NCT07680764,lung,Lung & thoracic,,lung,0,conditions
NCT06191887,multi,Multiple cancer types / basket or umbrella,multiple named cancers,leukemia;lymphoma,0,conditions
NCT07723248,prostate,Prostate,,prostate,0,conditions
NCT05640843,myeloma,Myeloma & plasma cell,,myeloma,0,conditions
NCT05868226,multi,Multiple cancer types / basket or umbrella,multiple named cancers,breast;colorectal,1,conditions
NCT05800587,lung,Lung & thoracic,,lung,0,conditions
NCT06915038,head_neck,Head & neck,,head_neck,0,conditions
NCT05680558,lymphoma,Lymphoma,,lymphoma,0,conditions
NCT05329103,multi,Multiple cancer types / basket or umbrella,unspecified solid / hematologic,,1,conditions
NCT06998069,head_neck,Head & neck,,head_neck,0,conditions
NCT05609994,brain_cns,Brain & CNS,,brain_cns,0,conditions
NCT06185751,myeloma,Myeloma & plasma cell,,myeloma,0,conditions
NCT06988488,myeloma,Myeloma & plasma cell,,myeloma,0,conditions
NCT02800486,brain_cns,Brain & CNS,,brain_cns,1,conditions
NCT06295159,melanoma_skin,Melanoma & skin,,melanoma_skin,0,conditions
NCT06096870,prostate,Prostate,,prostate,0,conditions
NCT06984562,pancreatic,Pancreatic,,pancreatic,0,conditions
NCT06005818,kidney,Kidney,,kidney,0,conditions
NCT06697197,multi,Multiple cancer types / basket or umbrella,unspecified solid / hematologic,,1,conditions
NCT06234397,multi,Multiple cancer types / basket or umbrella,unspecified solid / hematologic,,1,conditions
NCT06953960,myeloma,Myeloma & plasma cell,,myeloma,0,conditions
NCT04724018,bladder_urothelial,Bladder & urothelial,,bladder_urothelial,0,conditions
NCT04131413,gynecologic,"Gynecologic (ovarian, uterine, cervical)",,gynecologic,0,conditions
NCT04278118,multi,Multiple cancer types / basket or umbrella,multiple named cancers,brain_cns;sarcoma,0,conditions
NCT07122713,breast,Breast,,breast,0,conditions
NCT07704918,melanoma_skin,Melanoma & skin,,melanoma_skin,0,conditions
NCT04968990,kidney,Kidney,,kidney,0,conditions
NCT05593497,prostate,Prostate,,prostate,0,conditions
NCT05691517,multi,Multiple cancer types / basket or umbrella,unspecified solid / hematologic,,1,conditions
NCT06364410,gastric_esophageal,Gastric & esophageal,,gastric_esophageal,1,conditions
NCT05045950,multi,Multiple cancer types / basket or umbrella,unspecified solid / hematologic,,1,conditions
NCT06504368,multi,Multiple cancer types / basket or umbrella,unspecified solid / hematologic,,1,conditions
NCT05997017,gynecologic,"Gynecologic (ovarian, uterine, cervical)",,gynecologic,1,conditions
NCT06249191,lymphoma,Lymphoma,,lymphoma,0,conditions
NCT07148050,multi,Multiple cancer types / basket or umbrella,multiple named cancers,kidney;liver_biliary;sarcoma,1,conditions
NCT07555938,myeloma,Myeloma & plasma cell,,myeloma,0,conditions
NCT06834126,colorectal,Colorectal,,colorectal,0,conditions
NCT05304585,sarcoma,Sarcoma,,sarcoma,0,conditions
NCT07229417,breast,Breast,,breast,0,conditions
NCT06005740,multi,Multiple cancer types / basket or umbrella,basket with a named cohort,liver_biliary,1,conditions+title
NCT03567889,melanoma_skin,Melanoma & skin,,melanoma_skin,0,conditions
NCT01913106,prostate,Prostate,,prostate,0,conditions
NCT07179315,head_neck,Head & neck,,head_neck,0,conditions
NCT07001748,gastric_esophageal,Gastric & esophageal,,gastric_esophageal,1,conditions
NCT06500455,multi,Multiple cancer types / basket or umbrella,multiple named cancers,breast;kidney;lung;melanoma_skin,1,conditions
NCT06121843,myeloma,Myeloma & plasma cell,,myeloma,0,conditions
NCT07636785,multi,Multiple cancer types / basket or umbrella,multiple named cancers,colorectal;kidney;liver_biliary;lung;melanoma_skin,0,conditions
NCT07128355,multi,Multiple cancer types / basket or umbrella,unspecified solid / hematologic,,1,conditions
NCT06252649,colorectal,Colorectal,,colorectal,0,conditions
NCT06249048,multi,Multiple cancer types / basket or umbrella,unspecified solid / hematologic,,1,conditions
NCT07046078,multi,Multiple cancer types / basket or umbrella,multiple named cancers,leukemia;mds_mpn,0,conditions
NCT06499285,mds_mpn,MDS & MPN,,mds_mpn,0,conditions
NCT05633615,multi,Multiple cancer types / basket or umbrella,multiple named cancers,lung;lymphoma,0,conditions
NCT04086485,multi,Multiple cancer types / basket or umbrella,multiple named cancers,neuroendocrine_endocrine;pancreatic,0,conditions
NCT05505643,breast,Breast,,breast,0,conditions
NCT01962415,multi,Multiple cancer types / basket or umbrella,multiple named cancers (title/keywords),leukemia;lymphoma;other_named,0,title/keywords
NCT06440135,leukemia,Leukemia,,leukemia,0,conditions
NCT06934889,brain_cns,Brain & CNS,,brain_cns,0,conditions
NCT07516925,sarcoma,Sarcoma,,sarcoma,0,conditions
NCT06005324,head_neck,Head & neck,,head_neck,0,title/keywords
NCT04775485,brain_cns,Brain & CNS,,brain_cns,1,conditions
NCT07107126,multi,Multiple cancer types / basket or umbrella,multiple named cancers,leukemia;mds_mpn,0,conditions
NCT07594626,multi,Multiple cancer types / basket or umbrella,multiple named cancers,colorectal;gastric_esophageal;liver_biliary;pancreatic,1,conditions
NCT06474676,sarcoma,Sarcoma,,sarcoma,0,conditions
NCT07226843,lymphoma,Lymphoma,,lymphoma,0,conditions
NCT05254743,leukemia,Leukemia,,leukemia,0,conditions
NCT04506008,sarcoma,Sarcoma,,sarcoma,0,conditions
NCT07223125,multi,Multiple cancer types / basket or umbrella,unspecified solid / hematologic,,1,conditions
NCT04299191,brain_cns,Brain & CNS,,brain_cns,1,conditions
NCT05663710,kidney,Kidney,,kidney,1,conditions
NCT06136624,prostate,Prostate,,prostate,0,conditions
NCT05668962,neuroendocrine_endocrine,Neuroendocrine & endocrine,,neuroendocrine_endocrine,0,conditions
NCT06312137,lung,Lung & thoracic,,lung,0,conditions
NCT05405595,multi,Multiple cancer types / basket or umbrella,unspecified solid / hematologic,,1,conditions
NCT07059975,leukemia,Leukemia,,leukemia,0,conditions
NCT06070012,melanoma_skin,Melanoma & skin,,melanoma_skin,0,conditions
NCT07223424,multi,Multiple cancer types / basket or umbrella,multiple named cancers,colorectal;gastric_esophageal;gynecologic;kidney;liver_biliary;lung;melanoma_skin,0,conditions
NCT07415005,lung,Lung & thoracic,,lung,0,conditions
NCT04588922,multi,Multiple cancer types / basket or umbrella,unspecified solid / hematologic,,1,conditions
NCT06654037,colorectal,Colorectal,,colorectal,0,conditions
NCT05503797,brain_cns,Brain & CNS,,brain_cns,1,conditions
NCT04959474,breast,Breast,,breast,0,conditions
NCT05423210,brain_cns,Brain & CNS,,brain_cns,0,conditions
NCT05946213,prostate,Prostate,,prostate,0,conditions
NCT07405190,lung,Lung & thoracic,,lung,0,conditions
NCT06176989,multi,Multiple cancer types / basket or umbrella,multiple named cancers,head_neck;neuroendocrine_endocrine;other_named;sarcoma,0,conditions
NCT06382168,leukemia,Leukemia,,leukemia,0,conditions
NCT06824168,leukemia,Leukemia,,leukemia,0,conditions
NCT05521789,lung,Lung & thoracic,,lung,1,conditions
NCT06721689,multi,Multiple cancer types / basket or umbrella,multiple named cancers,other_named;sarcoma,1,conditions
NCT06957691,prostate,Prostate,,prostate,1,conditions
NCT07011004,leukemia,Leukemia,,leukemia,0,conditions
NCT05384626,multi,Multiple cancer types / basket or umbrella,unspecified solid / hematologic,,1,conditions
NCT06172478,multi,Multiple cancer types / basket or umbrella,multiple named cancers,bladder_urothelial;breast;gastric_esophageal;gynecologic;head_neck;lung;melanoma_skin;pancreatic;prostate,1,conditions
NCT06703476,bladder_urothelial,Bladder & urothelial,,bladder_urothelial,0,conditions
NCT06054776,lymphoma,Lymphoma,,lymphoma,0,conditions
NCT06043674,multi,Multiple cancer types / basket or umbrella,multiple named cancers,leukemia;lymphoma,0,conditions
NCT05832086,prostate,Prostate,,prostate,0,conditions
NCT06760156,lymphoma,Lymphoma,,lymphoma,0,conditions
NCT05231629,myeloma,Myeloma & plasma cell,,myeloma,0,conditions
NCT05091372,myeloma,Myeloma & plasma cell,,myeloma,0,conditions
NCT07300241,kidney,Kidney,,kidney,0,conditions
NCT06957431,sarcoma,Sarcoma,,sarcoma,0,conditions
NCT07087002,multi,Multiple cancer types / basket or umbrella,multiple named cancers,brain_cns;other_named,0,conditions
NCT06090539,lymphoma,Lymphoma,,lymphoma,0,conditions
NCT04703101,colorectal,Colorectal,,colorectal,0,conditions
NCT07512154,brain_cns,Brain & CNS,,brain_cns,0,conditions
NCT06815029,brain_cns,Brain & CNS,,brain_cns,0,conditions
NCT07532902,multi,Multiple cancer types / basket or umbrella,multiple named cancers,bladder_urothelial;gastric_esophageal;lung,0,conditions
NCT04254419,brain_cns,Brain & CNS,,brain_cns,0,conditions
NCT05833867,bladder_urothelial,Bladder & urothelial,,bladder_urothelial,0,conditions
NCT06598007,multi,Multiple cancer types / basket or umbrella,multiple named cancers,colorectal;pancreatic,1,conditions
NCT06084481,multi,Multiple cancer types / basket or umbrella,multiple named cancers,breast;gastric_esophageal;gynecologic;head_neck;liver_biliary;pancreatic,0,conditions
NCT05370430,lymphoma,Lymphoma,,lymphoma,0,conditions
NCT05581030,leukemia,Leukemia,,leukemia,0,conditions
NCT06244992,multi,Multiple cancer types / basket or umbrella,unspecified solid / hematologic,,1,conditions
NCT04669171,lymphoma,Lymphoma,,lymphoma,0,conditions
NCT06902272,lung,Lung & thoracic,,lung,0,conditions
NCT07217171,multi,Multiple cancer types / basket or umbrella,multiple named cancers,bladder_urothelial;gastric_esophageal;gynecologic;head_neck;lung;melanoma_skin;other_named,0,conditions
NCT07343934,lymphoma,Lymphoma,,lymphoma,0,conditions
NCT06141031,pancreatic,Pancreatic,,pancreatic,0,conditions
NCT06392295,prostate,Prostate,,prostate,0,conditions
NCT05877430,multi,Multiple cancer types / basket or umbrella,multiple named cancers,head_neck;lung;melanoma_skin,1,conditions
NCT07085767,breast,Breast,,breast,0,conditions
NCT00969111,prostate,Prostate,,prostate,0,conditions
NCT05434234,multi,Multiple cancer types / basket or umbrella,unspecified solid / hematologic,,1,conditions
NCT06954831,breast,Breast,,breast,0,conditions
NCT07319195,breast,Breast,,breast,0,conditions
NCT06442475,lymphoma,Lymphoma,,lymphoma,0,conditions
NCT05562830,bladder_urothelial,Bladder & urothelial,,bladder_urothelial,0,conditions
NCT07220967,breast,Breast,,breast,0,conditions
NCT07050771,multi,Multiple cancer types / basket or umbrella,multiple named cancers,bladder_urothelial;gynecologic;kidney;liver_biliary;pancreatic,1,conditions
NCT06624371,brain_cns,Brain & CNS,,brain_cns,0,conditions
NCT07444619,sarcoma,Sarcoma,,sarcoma,0,conditions
NCT06484920,lymphoma,Lymphoma,,lymphoma,0,conditions
NCT07383649,brain_cns,Brain & CNS,,brain_cns,0,conditions
NCT05934448,multi,Multiple cancer types / basket or umbrella,multiple named cancers,lymphoma;other_named,0,conditions
NCT07287150,prostate,Prostate,,prostate,0,conditions
NCT06587490,multi,Multiple cancer types / basket or umbrella,unspecified solid / hematologic,,1,conditions
NCT04371913,breast,Breast,,breast,0,conditions
NCT06804824,multi,Multiple cancer types / basket or umbrella,unspecified solid / hematologic,,1,conditions
NCT06675123,lymphoma,Lymphoma,,lymphoma,0,conditions
NCT04318678,multi,Multiple cancer types / basket or umbrella,multiple named cancers,leukemia;mds_mpn,0,conditions
NCT07140315,multi,Multiple cancer types / basket or umbrella,multiple named cancers,bladder_urothelial;lung,0,conditions
NCT03769415,breast,Breast,,breast,0,conditions
NCT06559189,leukemia,Leukemia,,leukemia,0,conditions
NCT06331468,gynecologic,"Gynecologic (ovarian, uterine, cervical)",,gynecologic,0,conditions
NCT07387068,multi,Multiple cancer types / basket or umbrella,unspecified solid / hematologic,,1,conditions
NCT06108050,multi,Multiple cancer types / basket or umbrella,unspecified solid / hematologic,,1,conditions
NCT07204340,multi,Multiple cancer types / basket or umbrella,unspecified solid / hematologic,,1,conditions
NCT07743190,breast,Breast,,breast,0,conditions
NCT07460752,breast,Breast,,breast,0,conditions
NCT05515978,prostate,Prostate,,prostate,0,conditions
NCT06295952,brain_cns,Brain & CNS,,brain_cns,0,conditions
NCT06976476,myeloma,Myeloma & plasma cell,,myeloma,0,conditions
NCT06986174,lymphoma,Lymphoma,,lymphoma,0,conditions
NCT05623020,myeloma,Myeloma & plasma cell,,myeloma,0,conditions
NCT07216443,multi,Multiple cancer types / basket or umbrella,multiple named cancers,leukemia;mds_mpn,0,conditions
NCT05360160,leukemia,Leukemia,,leukemia,0,conditions
NCT06137118,leukemia,Leukemia,,leukemia,0,conditions
NCT07103018,prostate,Prostate,,prostate,0,conditions
NCT06835803,brain_cns,Brain & CNS,,brain_cns,0,conditions
NCT05792722,bladder_urothelial,Bladder & urothelial,,bladder_urothelial,0,conditions
NCT06343402,lung,Lung & thoracic,,lung,0,conditions
NCT06848491,multi,Multiple cancer types / basket or umbrella,unspecified solid / hematologic,,1,conditions
NCT07544589,multi,Multiple cancer types / basket or umbrella,multiple named cancers,colorectal;gastric_esophageal,0,conditions
NCT06266338,gynecologic,"Gynecologic (ovarian, uterine, cervical)",,gynecologic,0,conditions
NCT07524348,multi,Multiple cancer types / basket or umbrella,unspecified solid / hematologic,,1,conditions
NCT03970096,multi,Multiple cancer types / basket or umbrella,multiple named cancers,leukemia;mds_mpn,0,conditions
NCT06207305,other_named,Other named cancer,,other_named,0,conditions
NCT04040205,sarcoma,Sarcoma,,sarcoma,0,conditions
NCT03740256,multi,Multiple cancer types / basket or umbrella,multiple named cancers,bladder_urothelial;breast;colorectal;gastric_esophageal;head_neck;lung;pancreatic,1,conditions
NCT05456256,lung,Lung & thoracic,,lung,0,conditions
NCT06945484,lung,Lung & thoracic,,lung,0,conditions
NCT05824975,multi,Multiple cancer types / basket or umbrella,multiple named cancers,breast;colorectal;gynecologic;kidney;liver_biliary;melanoma_skin;sarcoma,1,conditions
NCT06454383,pancreatic,Pancreatic,,pancreatic,0,conditions
NCT05465954,brain_cns,Brain & CNS,,brain_cns,0,conditions
NCT04656041,gastric_esophageal,Gastric & esophageal,,gastric_esophageal,0,conditions
NCT03099356,neuroendocrine_endocrine,Neuroendocrine & endocrine,,neuroendocrine_endocrine,0,conditions
NCT07400029,leukemia,Leukemia,,leukemia,0,conditions
NCT07092566,kidney,Kidney,,kidney,0,conditions
NCT06532773,multi,Multiple cancer types / basket or umbrella,unspecified solid / hematologic,,1,conditions
NCT07030283,pancreatic,Pancreatic,,pancreatic,0,conditions
NCT07390539,brain_cns,Brain & CNS,,brain_cns,1,conditions
NCT06119581,lung,Lung & thoracic,,lung,1,conditions
NCT05052528,lymphoma,Lymphoma,,lymphoma,0,conditions
NCT06526819,multi,Multiple cancer types / basket or umbrella,unspecified solid / hematologic,,1,conditions
NCT04469530,multi,Multiple cancer types / basket or umbrella,unspecified solid / hematologic,,1,conditions
NCT05253131,sarcoma,Sarcoma,,sarcoma,0,conditions
NCT07419490,multi,Multiple cancer types / basket or umbrella,title names additional cancers,colorectal;gynecologic,1,conditions+title
NCT06026657,breast,Breast,,breast,0,conditions
NCT06989112,gynecologic,"Gynecologic (ovarian, uterine, cervical)",,gynecologic,0,conditions
NCT06105554,myeloma,Myeloma & plasma cell,,myeloma,0,conditions
NCT07224100,multi,Multiple cancer types / basket or umbrella,multiple named cancers,leukemia;lymphoma,0,conditions
NCT05301101,multi,Multiple cancer types / basket or umbrella,unspecified solid / hematologic,,1,conditions
NCT05086692,multi,Multiple cancer types / basket or umbrella,multiple named cancers,bladder_urothelial;breast;colorectal;gastric_esophageal;gynecologic;head_neck;kidney;lung;melanoma_skin;pancreatic,1,conditions
NCT06993675,myeloma,Myeloma & plasma cell,,myeloma,0,conditions
NCT07120100,multi,Multiple cancer types / basket or umbrella,multiple named cancers,breast;gynecologic,1,conditions
NCT07637630,other_unclassified,Other / unclassified,,,0,none
NCT07318805,multi,Multiple cancer types / basket or umbrella,multiple named cancers,breast;colorectal,0,conditions
NCT05287945,kidney,Kidney,,kidney,0,conditions
NCT06358677,multi,Multiple cancer types / basket or umbrella,unspecified solid / hematologic,,1,conditions
NCT06229912,leukemia,Leukemia,,leukemia,0,conditions
NCT04513028,melanoma_skin,Melanoma & skin,,melanoma_skin,0,conditions
NCT04356469,other_unclassified,Other / unclassified,,,0,none
NCT03860883,melanoma_skin,Melanoma & skin,,melanoma_skin,0,conditions
NCT07121595,head_neck,Head & neck,,head_neck,0,conditions
NCT06150157,multi,Multiple cancer types / basket or umbrella,unspecified solid / hematologic,,1,conditions
NCT04855656,multi,Multiple cancer types / basket or umbrella,unspecified solid / hematologic,,1,conditions
NCT06888102,prostate,Prostate,,prostate,0,conditions
NCT07195695,lung,Lung & thoracic,,lung,0,conditions
NCT07116057,lung,Lung & thoracic,,lung,0,conditions
NCT05863195,colorectal,Colorectal,,colorectal,1,conditions
NCT06960395,multi,Multiple cancer types / basket or umbrella,unspecified solid / hematologic,,1,conditions
NCT06881992,multi,Multiple cancer types / basket or umbrella,multiple named cancers (title/keywords),liver_biliary;neuroendocrine_endocrine;pancreatic;sarcoma,0,title/keywords
NCT07638371,multi,Multiple cancer types / basket or umbrella,unspecified solid / hematologic,,1,conditions
NCT07137416,breast,Breast,,breast,1,conditions
NCT07252232,pancreatic,Pancreatic,,pancreatic,0,conditions
NCT04620187,head_neck,Head & neck,,head_neck,0,conditions
NCT07222800,colorectal,Colorectal,,colorectal,1,conditions
NCT05808634,other_unclassified,Other / unclassified,,,0,none
NCT06613100,prostate,Prostate,,prostate,0,conditions
NCT07111507,prostate,Prostate,,prostate,0,conditions
NCT07604571,breast,Breast,,breast,0,conditions
NCT04965064,breast,Breast,,breast,0,conditions
NCT04762199,lung,Lung & thoracic,,lung,0,conditions
NCT07117032,pancreatic,Pancreatic,,pancreatic,0,conditions
NCT06291987,mds_mpn,MDS & MPN,,mds_mpn,0,conditions
NCT07024706,leukemia,Leukemia,,leukemia,0,conditions
NCT06630234,sarcoma,Sarcoma,,sarcoma,0,conditions
NCT06731998,multi,Multiple cancer types / basket or umbrella,multiple named cancers,colorectal;gastric_esophageal;gynecologic;liver_biliary;pancreatic,1,conditions
NCT05848687,leukemia,Leukemia,,leukemia,0,conditions
NCT05800366,lymphoma,Lymphoma,,lymphoma,0,conditions
NCT06518837,breast,Breast,,breast,0,conditions
NCT05071937,gynecologic,"Gynecologic (ovarian, uterine, cervical)",,gynecologic,0,conditions
NCT07284186,multi,Multiple cancer types / basket or umbrella,multiple named cancers,gastric_esophageal;lung,1,conditions
NCT07050186,other_named,Other named cancer,,other_named,0,conditions
NCT04939610,multi,Multiple cancer types / basket or umbrella,unspecified solid / hematologic,,1,conditions
NCT06401603,leukemia,Leukemia,,leukemia,0,conditions
NCT06942442,sarcoma,Sarcoma,,sarcoma,0,conditions
NCT07118202,liver_biliary,Liver & biliary,,liver_biliary,0,conditions
NCT05332002,gastric_esophageal,Gastric & esophageal,,gastric_esophageal,0,title/keywords
NCT07218380,bladder_urothelial,Bladder & urothelial,,bladder_urothelial,1,conditions
NCT04410796,lung,Lung & thoracic,,lung,0,conditions
NCT04144023,breast,Breast,,breast,0,conditions
NCT06072586,brain_cns,Brain & CNS,,brain_cns,0,conditions
NCT03471260,multi,Multiple cancer types / basket or umbrella,multiple named cancers,leukemia;mds_mpn,1,conditions
NCT07174570,liver_biliary,Liver & biliary,,liver_biliary,0,conditions
NCT05554406,multi,Multiple cancer types / basket or umbrella,multiple named cancers,leukemia;mds_mpn,0,conditions
NCT02508038,multi,Multiple cancer types / basket or umbrella,multiple named cancers,leukemia;lymphoma;mds_mpn;other_named;sarcoma,0,conditions
NCT06227026,multi,Multiple cancer types / basket or umbrella,multiple named cancers,leukemia;lymphoma,0,conditions
NCT06561685,multi,Multiple cancer types / basket or umbrella,basket with a named cohort,lung,1,conditions+title
NCT06545682,multi,Multiple cancer types / basket or umbrella,multiple named cancers,breast;melanoma_skin,1,conditions
NCT05574127,other_unclassified,Other / unclassified,,,0,none
NCT07080242,multi,Multiple cancer types / basket or umbrella,multiple named cancers,lung;melanoma_skin;neuroendocrine_endocrine,0,conditions
NCT06546969,liver_biliary,Liver & biliary,,liver_biliary,0,conditions
NCT05891769,neuroendocrine_endocrine,Neuroendocrine & endocrine,,neuroendocrine_endocrine,0,conditions
NCT06066359,myeloma,Myeloma & plasma cell,,myeloma,0,conditions
NCT05454488,prostate,Prostate,,prostate,0,conditions
NCT05700461,kidney,Kidney,,kidney,0,conditions
NCT07444541,pancreatic,Pancreatic,,pancreatic,0,conditions
NCT06091254,lymphoma,Lymphoma,,lymphoma,0,conditions
NCT07140679,colorectal,Colorectal,,colorectal,0,conditions
NCT07409246,myeloma,Myeloma & plasma cell,,myeloma,0,conditions
NCT07443020,lung,Lung & thoracic,,lung,1,conditions
NCT06569680,lymphoma,Lymphoma,,lymphoma,0,conditions
NCT07244341,prostate,Prostate,,prostate,0,conditions
NCT06807086,other_unclassified,Other / unclassified,,,0,none
NCT05657873,lung,Lung & thoracic,,lung,0,conditions
NCT07313241,prostate,Prostate,,prostate,0,conditions
NCT07471841,leukemia,Leukemia,,leukemia,0,conditions
NCT06235697,prostate,Prostate,,prostate,0,conditions
NCT06728410,liver_biliary,Liver & biliary,,liver_biliary,0,conditions
NCT07164313,multi,Multiple cancer types / basket or umbrella,multiple named cancers,liver_biliary;lung;other_named,0,conditions
NCT06224673,breast,Breast,,breast,0,conditions
NCT07015190,melanoma_skin,Melanoma & skin,,melanoma_skin,0,conditions
NCT03583710,neuroendocrine_endocrine,Neuroendocrine & endocrine,,neuroendocrine_endocrine,0,title/keywords
NCT06800313,prostate,Prostate,,prostate,0,conditions
NCT06940180,head_neck,Head & neck,,head_neck,0,conditions
NCT07276880,breast,Breast,,breast,0,conditions
NCT07032727,multi,Multiple cancer types / basket or umbrella,unspecified solid / hematologic,,1,conditions
NCT07652242,breast,Breast,,breast,0,conditions
NCT06394570,bladder_urothelial,Bladder & urothelial,,bladder_urothelial,0,conditions
NCT07150806,brain_cns,Brain & CNS,,brain_cns,0,conditions
NCT04879121,multi,Multiple cancer types / basket or umbrella,unspecified solid / hematologic,,1,conditions
NCT05460507,brain_cns,Brain & CNS,,brain_cns,0,conditions
NCT07001592,multi,Multiple cancer types / basket or umbrella,multiple named cancers,colorectal;gastric_esophageal;liver_biliary,1,conditions
NCT07044336,gynecologic,"Gynecologic (ovarian, uterine, cervical)",,gynecologic,1,conditions
NCT05780684,multi,Multiple cancer types / basket or umbrella,multiple named cancers,colorectal;gastric_esophageal;other_named,0,conditions
NCT04174352,breast,Breast,,breast,0,conditions
NCT06885034,multi,Multiple cancer types / basket or umbrella,unspecified solid / hematologic,,1,conditions
NCT06090864,lymphoma,Lymphoma,,lymphoma,0,conditions
NCT07024615,pancreatic,Pancreatic,,pancreatic,0,conditions
NCT07061964,bladder_urothelial,Bladder & urothelial,,bladder_urothelial,0,conditions
NCT07129993,bladder_urothelial,Bladder & urothelial,,bladder_urothelial,0,conditions
NCT04606914,gynecologic,"Gynecologic (ovarian, uterine, cervical)",,gynecologic,0,conditions
NCT06129747,breast,Breast,,breast,0,conditions
NCT07795749,multi,Multiple cancer types / basket or umbrella,multiple named cancers,colorectal;gastric_esophageal;liver_biliary;other_named,0,conditions
NCT06138587,multi,Multiple cancer types / basket or umbrella,multiple named cancers,leukemia;mds_mpn,0,conditions
NCT04729114,prostate,Prostate,,prostate,0,conditions
NCT06831149,head_neck,Head & neck,,head_neck,0,conditions
NCT04745949,multi,Multiple cancer types / basket or umbrella,multiple named cancers,lung;lymphoma,0,conditions
NCT06598800,multi,Multiple cancer types / basket or umbrella,unspecified solid / hematologic,,1,conditions
NCT07408258,multi,Multiple cancer types / basket or umbrella,unspecified solid / hematologic,,1,conditions
NCT06860815,breast,Breast,,breast,0,conditions
NCT05035836,breast,Breast,,breast,0,conditions
NCT05254171,pancreatic,Pancreatic,,pancreatic,0,conditions
NCT07227233,breast,Breast,,breast,0,conditions
NCT06411821,other_named,Other named cancer,,other_named,0,conditions
NCT06532006,gastric_esophageal,Gastric & esophageal,,gastric_esophageal,0,conditions
NCT05655949,liver_biliary,Liver & biliary,,liver_biliary,0,conditions
NCT07008638,leukemia,Leukemia,,leukemia,0,conditions
NCT06096038,head_neck,Head & neck,,head_neck,1,conditions
NCT07459634,lung,Lung & thoracic,,lung,0,conditions
NCT05218811,kidney,Kidney,,kidney,0,conditions
NCT07149363,lung,Lung & thoracic,,lung,0,conditions
NCT06262321,lung,Lung & thoracic,,lung,0,conditions
NCT06492616,breast,Breast,,breast,0,conditions
NCT04747236,lymphoma,Lymphoma,,lymphoma,0,conditions
NCT06885281,multi,Multiple cancer types / basket or umbrella,unspecified solid / hematologic,,1,conditions
NCT06679101,myeloma,Myeloma & plasma cell,,myeloma,0,conditions
NCT06039709,brain_cns,Brain & CNS,,brain_cns,0,conditions
NCT06765109,multi,Multiple cancer types / basket or umbrella,multiple named cancers,lung;lymphoma,0,conditions
NCT06398457,multi,Multiple cancer types / basket or umbrella,multiple named cancers,leukemia;lymphoma;mds_mpn;myeloma,1,conditions
NCT04484012,lymphoma,Lymphoma,,lymphoma,0,conditions
NCT07219212,head_neck,Head & neck,,head_neck,0,conditions
NCT04333537,head_neck,Head & neck,,head_neck,0,conditions
NCT06868277,lung,Lung & thoracic,,lung,0,conditions
NCT06995677,bladder_urothelial,Bladder & urothelial,,bladder_urothelial,0,conditions
NCT06400472,multi,Multiple cancer types / basket or umbrella,multiple named cancers,breast;colorectal;gynecologic;lung;pancreatic,0,conditions
NCT04704505,prostate,Prostate,,prostate,0,conditions
NCT07564401,lung,Lung & thoracic,,lung,0,conditions
NCT04796012,multi,Multiple cancer types / basket or umbrella,basket with a named cohort,sarcoma,1,conditions+title
NCT05304377,leukemia,Leukemia,,leukemia,0,conditions
NCT05894083,head_neck,Head & neck,,head_neck,0,conditions
NCT07112053,breast,Breast,,breast,0,conditions
NCT06568939,lung,Lung & thoracic,,lung,0,conditions
NCT06723457,lymphoma,Lymphoma,,lymphoma,0,conditions
NCT02638701,other_unclassified,Other / unclassified,,,0,none
NCT06545045,breast,Breast,,breast,0,conditions
NCT01804686,multi,Multiple cancer types / basket or umbrella,multiple named cancers,leukemia;lymphoma,0,conditions
NCT07055477,lymphoma,Lymphoma,,lymphoma,1,conditions
NCT07226453,brain_cns,Brain & CNS,,brain_cns,0,title/keywords
NCT07174453,multi,Multiple cancer types / basket or umbrella,unspecified solid / hematologic,,1,conditions
NCT06549465,prostate,Prostate,,prostate,0,conditions
NCT05242965,lung,Lung & thoracic,,lung,0,conditions
NCT06915116,multi,Multiple cancer types / basket or umbrella,unspecified solid / hematologic,,1,conditions
NCT06234098,multi,Multiple cancer types / basket or umbrella,unspecified solid / hematologic,,1,conditions
NCT07621614,melanoma_skin,Melanoma & skin,,melanoma_skin,0,conditions
NCT06724016,multi,Multiple cancer types / basket or umbrella,unspecified solid / hematologic,,1,conditions
NCT07466316,sarcoma,Sarcoma,,sarcoma,0,conditions
NCT07098806,multi,Multiple cancer types / basket or umbrella,unspecified solid / hematologic,,1,conditions
NCT06851936,other_unclassified,Other / unclassified,,,0,none
NCT07368998,breast,Breast,,breast,0,conditions
NCT05602363,multi,Multiple cancer types / basket or umbrella,multiple named cancers,leukemia;lymphoma,1,conditions
NCT07097363,multi,Multiple cancer types / basket or umbrella,multiple named cancers,lymphoma;other_named,0,conditions
NCT04561206,lymphoma,Lymphoma,,lymphoma,0,conditions
NCT07218146,lung,Lung & thoracic,,lung,0,conditions
NCT04617522,multi,Multiple cancer types / basket or umbrella,unspecified solid / hematologic,,1,conditions
NCT04908709,brain_cns,Brain & CNS,,brain_cns,1,conditions
NCT06552416,multi,Multiple cancer types / basket or umbrella,multiple named cancers,leukemia;mds_mpn,0,conditions
NCT06795009,gynecologic,"Gynecologic (ovarian, uterine, cervical)",,gynecologic,0,conditions
NCT03422198,multi,Multiple cancer types / basket or umbrella,multiple named cancers,gynecologic;sarcoma,0,conditions
NCT05055063,myeloma,Myeloma & plasma cell,,myeloma,0,conditions
NCT05914116,multi,Multiple cancer types / basket or umbrella,unspecified solid / hematologic,,1,conditions
NCT05675410,lymphoma,Lymphoma,,lymphoma,0,conditions
NCT06770582,bladder_urothelial,Bladder & urothelial,,bladder_urothelial,0,conditions
NCT05698524,brain_cns,Brain & CNS,,brain_cns,0,conditions
NCT07784959,lung,Lung & thoracic,,lung,0,conditions
NCT06736379,head_neck,Head & neck,,head_neck,1,conditions
NCT06493370,bladder_urothelial,Bladder & urothelial,,bladder_urothelial,0,conditions
NCT06572605,myeloma,Myeloma & plasma cell,,myeloma,0,conditions
NCT06251310,multi,Multiple cancer types / basket or umbrella,basket with a named cohort,lung,1,conditions+title
NCT02945579,breast,Breast,,breast,0,conditions
NCT04892303,neuroendocrine_endocrine,Neuroendocrine & endocrine,,neuroendocrine_endocrine,0,conditions
NCT06188741,sarcoma,Sarcoma,,sarcoma,0,conditions
NCT04115254,multi,Multiple cancer types / basket or umbrella,multiple named cancers,kidney;lung;pancreatic;prostate,1,conditions
NCT03750513,brain_cns,Brain & CNS,,brain_cns,0,conditions
NCT07027488,melanoma_skin,Melanoma & skin,,melanoma_skin,0,conditions
NCT06810583,leukemia,Leukemia,,leukemia,0,conditions
NCT07125183,sarcoma,Sarcoma,,sarcoma,0,conditions
NCT05559879,multi,Multiple cancer types / basket or umbrella,title names additional cancers,gynecologic;sarcoma,1,conditions+title
NCT07181161,prostate,Prostate,,prostate,0,conditions
NCT06482905,brain_cns,Brain & CNS,,brain_cns,0,conditions
NCT06425926,multi,Multiple cancer types / basket or umbrella,basket with a named cohort,melanoma_skin,1,conditions+title
NCT06585410,melanoma_skin,Melanoma & skin,,melanoma_skin,0,conditions
NCT05558124,leukemia,Leukemia,,leukemia,0,conditions
NCT07226986,prostate,Prostate,,prostate,0,conditions
NCT07452224,lung,Lung & thoracic,,lung,0,conditions
NCT06637423,bladder_urothelial,Bladder & urothelial,,bladder_urothelial,0,conditions
NCT06863259,leukemia,Leukemia,,leukemia,0,conditions
NCT05077527,multi,Multiple cancer types / basket or umbrella,multiple named cancers,lung;lymphoma,0,conditions
NCT05785741,multi,Multiple cancer types / basket or umbrella,unspecified solid / hematologic,,1,conditions
NCT07269080,multi,Multiple cancer types / basket or umbrella,unspecified solid / hematologic,,1,conditions
NCT07100080,lung,Lung & thoracic,,lung,0,conditions
NCT06777979,leukemia,Leukemia,,leukemia,0,conditions
NCT04468061,breast,Breast,,breast,0,conditions
NCT04787042,multi,Multiple cancer types / basket or umbrella,multiple named cancers,breast;head_neck;kidney;lung;melanoma_skin,1,conditions
NCT07226856,pancreatic,Pancreatic,,pancreatic,0,conditions
NCT06545331,multi,Multiple cancer types / basket or umbrella,multiple named cancers,breast;gastric_esophageal;head_neck;lung,1,conditions
NCT06615479,myeloma,Myeloma & plasma cell,,myeloma,0,conditions
NCT07468903,prostate,Prostate,,prostate,0,conditions
NCT06040970,gynecologic,"Gynecologic (ovarian, uterine, cervical)",,gynecologic,1,conditions
NCT03161522,gastric_esophageal,Gastric & esophageal,,gastric_esophageal,1,conditions
NCT06593431,pancreatic,Pancreatic,,pancreatic,1,conditions
NCT07079631,colorectal,Colorectal,,colorectal,0,conditions
NCT06964737,brain_cns,Brain & CNS,,brain_cns,0,conditions
NCT05725291,multi,Multiple cancer types / basket or umbrella,unspecified solid / hematologic,,1,conditions
NCT05646862,breast,Breast,,breast,0,conditions
NCT06362369,multi,Multiple cancer types / basket or umbrella,multiple named cancers,colorectal;kidney;liver_biliary;lung;lymphoma;melanoma_skin,1,conditions
NCT06253494,gynecologic,"Gynecologic (ovarian, uterine, cervical)",,gynecologic,0,conditions
NCT05696782,lung,Lung & thoracic,,lung,0,conditions
NCT06990880,prostate,Prostate,,prostate,0,conditions
NCT05067283,multi,Multiple cancer types / basket or umbrella,unspecified solid / hematologic,,1,conditions
NCT07323641,lung,Lung & thoracic,,lung,0,conditions
NCT06423326,pancreatic,Pancreatic,,pancreatic,0,conditions
NCT04442724,bladder_urothelial,Bladder & urothelial,,bladder_urothelial,1,conditions
NCT06636682,prostate,Prostate,,prostate,0,conditions
NCT06351527,multi,Multiple cancer types / basket or umbrella,unspecified solid / hematologic,,1,conditions
NCT05111561,breast,Breast,,breast,1,conditions
NCT07645469,leukemia,Leukemia,,leukemia,0,conditions
NCT05679674,pancreatic,Pancreatic,,pancreatic,0,conditions
NCT04831580,gynecologic,"Gynecologic (ovarian, uterine, cervical)",,gynecologic,0,conditions
NCT06015880,lymphoma,Lymphoma,,lymphoma,0,conditions
NCT01659203,sarcoma,Sarcoma,,sarcoma,0,conditions
NCT06576635,lung,Lung & thoracic,,lung,0,conditions
NCT05405413,multi,Multiple cancer types / basket or umbrella,unspecified solid / hematologic,,1,conditions
NCT06859424,multi,Multiple cancer types / basket or umbrella,multiple named cancers,leukemia;lymphoma;mds_mpn,0,conditions
NCT06366490,gynecologic,"Gynecologic (ovarian, uterine, cervical)",,gynecologic,0,conditions
NCT07214610,breast,Breast,,breast,0,conditions
NCT06515613,multi,Multiple cancer types / basket or umbrella,multiple named cancers,gynecologic;other_named,0,conditions
NCT07488676,multi,Multiple cancer types / basket or umbrella,multiple named cancers,gastric_esophageal;pancreatic,0,conditions
NCT07339176,multi,Multiple cancer types / basket or umbrella,multiple named cancers,breast;head_neck;lung;melanoma_skin,1,conditions
NCT06751589,gynecologic,"Gynecologic (ovarian, uterine, cervical)",,gynecologic,0,conditions
NCT06159491,mds_mpn,MDS & MPN,,mds_mpn,0,title/keywords
NCT04900818,multi,Multiple cancer types / basket or umbrella,multiple named cancers,gastric_esophageal;liver_biliary;pancreatic,1,conditions
NCT05401097,leukemia,Leukemia,,leukemia,0,conditions
NCT05123482,multi,Multiple cancer types / basket or umbrella,multiple named cancers,breast;gynecologic;liver_biliary;lung,0,conditions
NCT04919382,lung,Lung & thoracic,,lung,0,conditions
NCT07150546,neuroendocrine_endocrine,Neuroendocrine & endocrine,,neuroendocrine_endocrine,0,conditions
NCT04187703,mds_mpn,MDS & MPN,,mds_mpn,0,conditions
NCT07188558,lymphoma,Lymphoma,,lymphoma,0,conditions
NCT07123090,kidney,Kidney,,kidney,0,conditions
NCT06116682,lung,Lung & thoracic,,lung,0,conditions
NCT07416123,multi,Multiple cancer types / basket or umbrella,basket with a named cohort,bladder_urothelial,1,conditions+title
NCT07771803,multi,Multiple cancer types / basket or umbrella,multiple named cancers,leukemia;myeloma,0,conditions
NCT07104032,lymphoma,Lymphoma,,lymphoma,0,conditions
NCT04256317,multi,Multiple cancer types / basket or umbrella,multiple named cancers,leukemia;mds_mpn,0,conditions
NCT06077760,lung,Lung & thoracic,,lung,0,conditions
NCT06389123,multi,Multiple cancer types / basket or umbrella,unspecified solid / hematologic,,1,conditions
NCT07074756,brain_cns,Brain & CNS,,brain_cns,0,conditions
NCT04683653,gynecologic,"Gynecologic (ovarian, uterine, cervical)",,gynecologic,0,conditions
NCT05528939,multi,Multiple cancer types / basket or umbrella,multiple named cancers,brain_cns;leukemia,0,conditions
NCT05849207,multi,Multiple cancer types / basket or umbrella,unspecified solid / hematologic,,1,conditions
NCT07225036,multi,Multiple cancer types / basket or umbrella,multiple named cancers,lung;melanoma_skin,1,conditions
NCT05536141,kidney,Kidney,,kidney,1,conditions
NCT05045066,prostate,Prostate,,prostate,0,conditions
NCT06647953,other_unclassified,Other / unclassified,,,0,none
NCT04883437,lymphoma,Lymphoma,,lymphoma,0,conditions
NCT04775745,multi,Multiple cancer types / basket or umbrella,multiple named cancers,leukemia;lymphoma,0,conditions
NCT07252739,multi,Multiple cancer types / basket or umbrella,unspecified solid / hematologic,,1,conditions
NCT03972657,multi,Multiple cancer types / basket or umbrella,multiple named cancers,kidney;prostate,0,conditions
NCT06799195,multi,Multiple cancer types / basket or umbrella,unspecified solid / hematologic,,1,conditions
NCT07446777,myeloma,Myeloma & plasma cell,,myeloma,0,conditions
NCT07030257,multi,Multiple cancer types / basket or umbrella,multiple named cancers,bladder_urothelial;colorectal;head_neck;lung;pancreatic,1,conditions
NCT05948865,multi,Multiple cancer types / basket or umbrella,basket with a named cohort,lung,1,conditions+title
NCT04223765,lymphoma,Lymphoma,,lymphoma,0,conditions
NCT07383441,kidney,Kidney,,kidney,0,conditions
NCT06925737,prostate,Prostate,,prostate,0,conditions
NCT05372354,myeloma,Myeloma & plasma cell,,myeloma,0,conditions
NCT06435351,breast,Breast,,breast,0,conditions
NCT07130695,leukemia,Leukemia,,leukemia,0,conditions
NCT06865339,lung,Lung & thoracic,,lung,0,conditions
NCT06179303,breast,Breast,,breast,0,conditions
NCT07128927,prostate,Prostate,,prostate,0,title/keywords
NCT05388773,head_neck,Head & neck,,head_neck,0,conditions
NCT06161545,head_neck,Head & neck,,head_neck,0,conditions
NCT07210775,leukemia,Leukemia,,leukemia,0,conditions
NCT05019703,sarcoma,Sarcoma,,sarcoma,0,conditions
NCT06063486,mds_mpn,MDS & MPN,,mds_mpn,0,conditions
NCT06307795,multi,Multiple cancer types / basket or umbrella,unspecified solid / hematologic,,1,conditions
NCT07089641,brain_cns,Brain & CNS,,brain_cns,0,conditions
NCT05450965,lung,Lung & thoracic,,lung,0,conditions
NCT06844383,prostate,Prostate,,prostate,0,conditions
NCT05535166,brain_cns,Brain & CNS,,brain_cns,0,conditions
NCT05641831,leukemia,Leukemia,,leukemia,0,title/keywords
NCT05544019,multi,Multiple cancer types / basket or umbrella,multiple named cancers,leukemia;lymphoma;other_named,0,conditions
NCT07237100,melanoma_skin,Melanoma & skin,,melanoma_skin,0,conditions
NCT07549412,colorectal,Colorectal,,colorectal,0,conditions
NCT04972942,multi,Multiple cancer types / basket or umbrella,multiple named cancers,leukemia;lymphoma,0,conditions
NCT04083183,other_unclassified,Other / unclassified,,,0,none
NCT06997094,head_neck,Head & neck,,head_neck,0,conditions
NCT04886531,breast,Breast,,breast,0,conditions
NCT04990102,leukemia,Leukemia,,leukemia,0,conditions
NCT04547777,brain_cns,Brain & CNS,,brain_cns,1,conditions
NCT06996119,multi,Multiple cancer types / basket or umbrella,multiple named cancers,leukemia;mds_mpn,0,conditions
NCT06959550,colorectal,Colorectal,,colorectal,0,conditions
NCT07661459,multi,Multiple cancer types / basket or umbrella,unspecified solid / hematologic,,1,conditions
NCT05864196,prostate,Prostate,,prostate,0,conditions
NCT06412120,gynecologic,"Gynecologic (ovarian, uterine, cervical)",,gynecologic,0,conditions
NCT07082803,lymphoma,Lymphoma,,lymphoma,0,conditions
NCT07293403,lymphoma,Lymphoma,,lymphoma,0,conditions
NCT07594106,multi,Multiple cancer types / basket or umbrella,multiple named cancers,kidney;prostate,0,conditions
NCT06258304,multi,Multiple cancer types / basket or umbrella,unspecified solid / hematologic,,1,conditions
NCT06561347,lymphoma,Lymphoma,,lymphoma,0,conditions
NCT05727904,melanoma_skin,Melanoma & skin,,melanoma_skin,0,conditions
NCT05417321,multi,Multiple cancer types / basket or umbrella,basket with a named cohort,lung,1,conditions+title
NCT06344052,melanoma_skin,Melanoma & skin,,melanoma_skin,0,conditions
NCT05024552,leukemia,Leukemia,,leukemia,0,conditions
NCT05274048,gastric_esophageal,Gastric & esophageal,,gastric_esophageal,1,conditions
NCT03603223,leukemia,Leukemia,,leukemia,0,conditions
NCT06902623,head_neck,Head & neck,,head_neck,0,conditions
NCT05898646,myeloma,Myeloma & plasma cell,,myeloma,0,conditions
NCT03785288,gynecologic,"Gynecologic (ovarian, uterine, cervical)",,gynecologic,0,conditions
NCT03096418,breast,Breast,,breast,0,conditions
NCT04585490,lung,Lung & thoracic,,lung,0,conditions
NCT05481658,multi,Multiple cancer types / basket or umbrella,unspecified (title),,1,title
NCT04722523,head_neck,Head & neck,,head_neck,0,conditions
NCT06369155,gynecologic,"Gynecologic (ovarian, uterine, cervical)",,gynecologic,0,conditions
NCT06085313,breast,Breast,,breast,0,conditions
NCT07776613,breast,Breast,,breast,0,conditions
NCT06561074,multi,Multiple cancer types / basket or umbrella,multiple named cancers,leukemia;lymphoma,0,conditions
NCT06239220,head_neck,Head & neck,,head_neck,0,conditions
NCT05468359,multi,Multiple cancer types / basket or umbrella,basket with a named cohort,liver_biliary,1,conditions+title
NCT07219459,liver_biliary,Liver & biliary,,liver_biliary,0,conditions
NCT07439094,lung,Lung & thoracic,,lung,1,conditions
NCT06669572,colorectal,Colorectal,,colorectal,0,conditions
NCT06863272,prostate,Prostate,,prostate,1,conditions
NCT07328503,leukemia,Leukemia,,leukemia,0,conditions
NCT06948786,lymphoma,Lymphoma,,lymphoma,0,conditions
NCT06561386,lung,Lung & thoracic,,lung,0,conditions
NCT07269470,leukemia,Leukemia,,leukemia,0,conditions
NCT05588141,brain_cns,Brain & CNS,,brain_cns,1,conditions
NCT07660094,lung,Lung & thoracic,,lung,0,conditions
NCT05003895,liver_biliary,Liver & biliary,,liver_biliary,0,conditions
NCT07416188,brain_cns,Brain & CNS,,brain_cns,1,conditions
NCT06427941,multi,Multiple cancer types / basket or umbrella,multiple named cancers,gastric_esophageal;liver_biliary;lung,0,conditions
NCT06234605,kidney,Kidney,,kidney,0,conditions
NCT06345729,lung,Lung & thoracic,,lung,0,conditions
NCT06336902,colorectal,Colorectal,,colorectal,0,conditions
NCT07210086,prostate,Prostate,,prostate,0,conditions
NCT07402473,breast,Breast,,breast,0,conditions
NCT05288777,breast,Breast,,breast,0,conditions
NCT05124912,multi,Multiple cancer types / basket or umbrella,unspecified solid / hematologic,,1,conditions
NCT07392580,head_neck,Head & neck,,head_neck,0,conditions
NCT06517888,other_unclassified,Other / unclassified,,,0,none
NCT04699773,brain_cns,Brain & CNS,,brain_cns,0,conditions
NCT07221253,liver_biliary,Liver & biliary,,liver_biliary,0,conditions
NCT06383572,multi,Multiple cancer types / basket or umbrella,unspecified solid / hematologic,,1,conditions
NCT06792695,colorectal,Colorectal,,colorectal,0,conditions
NCT04996875,multi,Multiple cancer types / basket or umbrella,multiple named cancers,leukemia;lymphoma;mds_mpn,1,conditions
NCT06152575,myeloma,Myeloma & plasma cell,,myeloma,0,conditions
NCT07228741,leukemia,Leukemia,,leukemia,0,conditions
NCT06492954,sarcoma,Sarcoma,,sarcoma,0,conditions
NCT07300150,multi,Multiple cancer types / basket or umbrella,multiple named cancers,colorectal;lung;pancreatic,1,conditions
NCT06708897,multi,Multiple cancer types / basket or umbrella,multiple named cancers,leukemia;lymphoma,0,conditions
NCT05613413,lung,Lung & thoracic,,lung,0,conditions
NCT06834282,leukemia,Leukemia,,leukemia,0,conditions
NCT04988555,multi,Multiple cancer types / basket or umbrella,multiple named cancers,leukemia;mds_mpn;myeloma,0,conditions
NCT07038343,multi,Multiple cancer types / basket or umbrella,multiple named cancers,bladder_urothelial;head_neck;liver_biliary;lung,1,conditions
NCT07405476,colorectal,Colorectal,,colorectal,0,conditions
NCT07354074,leukemia,Leukemia,,leukemia,0,conditions
NCT06401356,multi,Multiple cancer types / basket or umbrella,unspecified solid / hematologic,,1,conditions
NCT05714839,myeloma,Myeloma & plasma cell,,myeloma,0,conditions
NCT06980077,lung,Lung & thoracic,,lung,0,title/keywords
NCT07772895,lung,Lung & thoracic,,lung,0,conditions
NCT06146257,multi,Multiple cancer types / basket or umbrella,multiple named cancers,leukemia;mds_mpn,0,conditions
NCT07261657,sarcoma,Sarcoma,,sarcoma,0,conditions
NCT06459869,colorectal,Colorectal,,colorectal,0,conditions
NCT06710756,multi,Multiple cancer types / basket or umbrella,multiple named cancers,colorectal;gastric_esophageal;gynecologic;head_neck;lung;pancreatic;sarcoma,0,conditions
NCT05231122,gynecologic,"Gynecologic (ovarian, uterine, cervical)",,gynecologic,0,conditions
NCT07530172,other_unclassified,Other / unclassified,,,0,none
NCT05762419,brain_cns,Brain & CNS,,brain_cns,0,conditions
NCT01371630,multi,Multiple cancer types / basket or umbrella,multiple named cancers,leukemia;lymphoma,0,conditions
NCT06384807,multi,Multiple cancer types / basket or umbrella,unspecified solid / hematologic,,1,conditions
NCT05607095,melanoma_skin,Melanoma & skin,,melanoma_skin,0,conditions
NCT06758401,lung,Lung & thoracic,,lung,0,conditions
NCT06084936,lymphoma,Lymphoma,,lymphoma,0,conditions
NCT04049331,other_unclassified,Other / unclassified,,,0,none
NCT07010692,melanoma_skin,Melanoma & skin,,melanoma_skin,0,conditions
NCT06526299,prostate,Prostate,,prostate,0,conditions
NCT04696029,brain_cns,Brain & CNS,,brain_cns,0,conditions
NCT06034275,multi,Multiple cancer types / basket or umbrella,multiple named cancers,leukemia;mds_mpn,0,conditions
NCT06789757,liver_biliary,Liver & biliary,,liver_biliary,0,conditions
NCT05296681,colorectal,Colorectal,,colorectal,0,conditions
NCT07200830,prostate,Prostate,,prostate,0,conditions
NCT06268665,multi,Multiple cancer types / basket or umbrella,multiple named cancers,breast;gynecologic,1,conditions
NCT05292664,multi,Multiple cancer types / basket or umbrella,multiple named cancers,leukemia;lymphoma;mds_mpn,0,conditions
NCT04389281,multi,Multiple cancer types / basket or umbrella,unspecified solid / hematologic,,1,conditions
NCT06432972,lung,Lung & thoracic,,lung,0,conditions
NCT04803201,lymphoma,Lymphoma,,lymphoma,0,conditions
NCT05757219,lymphoma,Lymphoma,,lymphoma,0,conditions
NCT03016819,sarcoma,Sarcoma,,sarcoma,0,conditions
NCT06627244,melanoma_skin,Melanoma & skin,,melanoma_skin,0,conditions
NCT05877599,multi,Multiple cancer types / basket or umbrella,multiple named cancers,breast;colorectal;gynecologic;head_neck;leukemia;lung;mds_mpn;pancreatic,1,conditions
NCT05765500,prostate,Prostate,,prostate,0,conditions
NCT04282044,multi,Multiple cancer types / basket or umbrella,multiple named cancers,breast;colorectal;gastric_esophageal;gynecologic;liver_biliary;lung;melanoma_skin;sarcoma,1,conditions
NCT03965234,multi,Multiple cancer types / basket or umbrella,multiple named cancers,colorectal;lung;sarcoma,1,conditions
NCT05351593,lymphoma,Lymphoma,,lymphoma,0,conditions
NCT07087860,bladder_urothelial,Bladder & urothelial,,bladder_urothelial,0,conditions
NCT04918186,gynecologic,"Gynecologic (ovarian, uterine, cervical)",,gynecologic,0,conditions
NCT05101070,multi,Multiple cancer types / basket or umbrella,unspecified solid / hematologic,,1,conditions
NCT07091084,multi,Multiple cancer types / basket or umbrella,unspecified solid / hematologic,,1,conditions
NCT03681561,lymphoma,Lymphoma,,lymphoma,0,conditions
NCT06795022,liver_biliary,Liver & biliary,,liver_biliary,0,conditions
NCT05766371,prostate,Prostate,,prostate,0,conditions
NCT07304011,leukemia,Leukemia,,leukemia,0,conditions
NCT06065371,multi,Multiple cancer types / basket or umbrella,unspecified solid / hematologic,,1,conditions
NCT07397611,kidney,Kidney,,kidney,0,conditions
NCT04864054,liver_biliary,Liver & biliary,,liver_biliary,0,conditions
NCT07030907,gynecologic,"Gynecologic (ovarian, uterine, cervical)",,gynecologic,0,conditions
NCT05898074,head_neck,Head & neck,,head_neck,0,title/keywords
NCT05753722,multi,Multiple cancer types / basket or umbrella,basket with a named cohort,lung,1,conditions+title
NCT06678269,breast,Breast,,breast,0,conditions
NCT05985954,colorectal,Colorectal,,colorectal,0,conditions
NCT04219254,multi,Multiple cancer types / basket or umbrella,unspecified solid / hematologic,,1,conditions
NCT04777994,multi,Multiple cancer types / basket or umbrella,unspecified solid / hematologic,,1,conditions
NCT06827860,myeloma,Myeloma & plasma cell,,myeloma,0,conditions
NCT05804227,brain_cns,Brain & CNS,,brain_cns,0,conditions
NCT03728673,brain_cns,Brain & CNS,,brain_cns,0,conditions
NCT07564141,gynecologic,"Gynecologic (ovarian, uterine, cervical)",,gynecologic,0,conditions
NCT06634394,leukemia,Leukemia,,leukemia,0,conditions
NCT06305910,brain_cns,Brain & CNS,,brain_cns,0,conditions
NCT06234423,gynecologic,"Gynecologic (ovarian, uterine, cervical)",,gynecologic,1,conditions
NCT04925479,leukemia,Leukemia,,leukemia,0,conditions
NCT06566079,lung,Lung & thoracic,,lung,1,conditions
NCT06270888,myeloma,Myeloma & plasma cell,,myeloma,0,conditions
NCT07216703,gynecologic,"Gynecologic (ovarian, uterine, cervical)",,gynecologic,0,conditions
NCT06132503,lymphoma,Lymphoma,,lymphoma,1,conditions
NCT02877303,multi,Multiple cancer types / basket or umbrella,multiple named cancers,leukemia;lymphoma,0,conditions
NCT04374305,multi,Multiple cancer types / basket or umbrella,multiple named cancers,brain_cns;sarcoma,0,conditions
NCT04099966,multi,Multiple cancer types / basket or umbrella,multiple named cancers,leukemia;lymphoma,0,conditions
NCT06579196,lung,Lung & thoracic,,lung,0,conditions
NCT05902169,brain_cns,Brain & CNS,,brain_cns,0,conditions
NCT05239546,colorectal,Colorectal,,colorectal,0,conditions
NCT05400603,multi,Multiple cancer types / basket or umbrella,multiple named cancers,other_named;sarcoma,0,conditions
NCT06590961,multi,Multiple cancer types / basket or umbrella,unspecified solid / hematologic,,1,conditions
NCT06142396,myeloma,Myeloma & plasma cell,,myeloma,0,conditions
NCT05701527,multi,Multiple cancer types / basket or umbrella,unspecified solid / hematologic,,1,conditions
NCT06440850,neuroendocrine_endocrine,Neuroendocrine & endocrine,,neuroendocrine_endocrine,0,conditions
NCT06898450,multi,Multiple cancer types / basket or umbrella,unspecified solid / hematologic,,1,conditions
NCT05423691,mds_mpn,MDS & MPN,,mds_mpn,0,conditions
NCT02984761,lung,Lung & thoracic,,lung,0,conditions
NCT05076942,gynecologic,"Gynecologic (ovarian, uterine, cervical)",,gynecologic,0,conditions
NCT06817668,prostate,Prostate,,prostate,0,conditions
NCT05861050,lymphoma,Lymphoma,,lymphoma,0,conditions
NCT03550391,multi,Multiple cancer types / basket or umbrella,unspecified solid / hematologic,,1,conditions
NCT07075510,myeloma,Myeloma & plasma cell,,myeloma,0,conditions
NCT02582697,other_named,Other named cancer,,other_named,0,conditions
NCT04929223,colorectal,Colorectal,,colorectal,0,conditions
NCT04986423,prostate,Prostate,,prostate,0,conditions
NCT06352359,multi,Multiple cancer types / basket or umbrella,unspecified solid / hematologic,,1,conditions
NCT06200259,prostate,Prostate,,prostate,0,conditions
NCT07090148,prostate,Prostate,,prostate,1,conditions
NCT06892158,leukemia,Leukemia,,leukemia,1,conditions
NCT07042438,lymphoma,Lymphoma,,lymphoma,0,conditions
NCT05997615,prostate,Prostate,,prostate,0,conditions
NCT05365035,mds_mpn,MDS & MPN,,mds_mpn,0,conditions
NCT04318717,multi,Multiple cancer types / basket or umbrella,multiple named cancers,head_neck;melanoma_skin,0,conditions
NCT06409390,breast,Breast,,breast,0,conditions
NCT05879250,brain_cns,Brain & CNS,,brain_cns,0,conditions
NCT05969860,multi,Multiple cancer types / basket or umbrella,multiple named cancers,bladder_urothelial;brain_cns;breast;colorectal;gastric_esophageal;gynecologic;head_neck;kidney;liver_biliary;lung;lymphoma;mds_mpn;melanoma_skin;myeloma;neuroendocrine_endocrine;other_named;pancreatic;prostate;sarcoma,1,conditions
NCT06525220,head_neck,Head & neck,,head_neck,0,conditions
NCT06946225,multi,Multiple cancer types / basket or umbrella,multiple named cancers,melanoma_skin;sarcoma,0,conditions
NCT05313191,multi,Multiple cancer types / basket or umbrella,multiple named cancers,brain_cns;breast;gynecologic;head_neck;prostate,1,conditions
NCT06743126,melanoma_skin,Melanoma & skin,,melanoma_skin,1,conditions
NCT06048250,myeloma,Myeloma & plasma cell,,myeloma,0,conditions
NCT05504291,other_named,Other named cancer,,other_named,0,conditions
NCT05673148,colorectal,Colorectal,,colorectal,1,conditions
NCT07075185,multi,Multiple cancer types / basket or umbrella,multiple named cancers,lymphoma;myeloma,1,conditions
NCT04872543,sarcoma,Sarcoma,,sarcoma,1,conditions
NCT05313243,lymphoma,Lymphoma,,lymphoma,0,conditions
NCT05568550,prostate,Prostate,,prostate,0,conditions
NCT05135975,multi,Multiple cancer types / basket or umbrella,multiple named cancers,other_named;sarcoma,0,conditions
NCT05048212,kidney,Kidney,,kidney,1,conditions
NCT06807593,multi,Multiple cancer types / basket or umbrella,unspecified solid / hematologic,,1,conditions
NCT06469281,gynecologic,"Gynecologic (ovarian, uterine, cervical)",,gynecologic,0,conditions
NCT06657144,multi,Multiple cancer types / basket or umbrella,unspecified solid / hematologic,,1,conditions
NCT06823167,multi,Multiple cancer types / basket or umbrella,unspecified solid / hematologic,,1,conditions
NCT05559164,breast,Breast,,breast,0,conditions
NCT06529809,gynecologic,"Gynecologic (ovarian, uterine, cervical)",,gynecologic,0,conditions
NCT07154706,lung,Lung & thoracic,,lung,0,conditions
NCT06917911,leukemia,Leukemia,,leukemia,0,conditions
NCT07288034,lung,Lung & thoracic,,lung,0,conditions
NCT04728893,multi,Multiple cancer types / basket or umbrella,multiple named cancers,leukemia;lymphoma,1,conditions
NCT06532565,multi,Multiple cancer types / basket or umbrella,unspecified solid / hematologic,,1,conditions
NCT05850234,myeloma,Myeloma & plasma cell,,myeloma,0,conditions
NCT06162221,lung,Lung & thoracic,,lung,1,conditions
NCT05104736,lung,Lung & thoracic,,lung,0,conditions
NCT06905509,lymphoma,Lymphoma,,lymphoma,0,conditions
NCT05208307,myeloma,Myeloma & plasma cell,,myeloma,0,conditions
NCT04644211,mds_mpn,MDS & MPN,,mds_mpn,0,conditions
NCT07566364,leukemia,Leukemia,,leukemia,0,conditions
NCT04428671,melanoma_skin,Melanoma & skin,,melanoma_skin,0,title/keywords
NCT04655404,brain_cns,Brain & CNS,,brain_cns,0,conditions
NCT07423585,lung,Lung & thoracic,,lung,0,conditions
NCT05338658,multi,Multiple cancer types / basket or umbrella,unspecified solid / hematologic,,1,conditions
NCT05210374,sarcoma,Sarcoma,,sarcoma,0,conditions
NCT07105059,myeloma,Myeloma & plasma cell,,myeloma,0,conditions
NCT05136196,multi,Multiple cancer types / basket or umbrella,multiple named cancers,head_neck;melanoma_skin,0,conditions
NCT04485559,brain_cns,Brain & CNS,,brain_cns,0,conditions
NCT06998940,pancreatic,Pancreatic,,pancreatic,0,conditions
NCT07407920,breast,Breast,,breast,0,conditions
NCT03017820,multi,Multiple cancer types / basket or umbrella,multiple named cancers,leukemia;lymphoma;mds_mpn;myeloma;other_named,0,conditions
NCT07124520,head_neck,Head & neck,,head_neck,0,conditions
NCT06233942,multi,Multiple cancer types / basket or umbrella,unspecified solid / hematologic,,1,conditions
NCT06674889,multi,Multiple cancer types / basket or umbrella,unspecified solid / hematologic,,1,conditions
NCT05470491,multi,Multiple cancer types / basket or umbrella,unspecified solid / hematologic,,1,conditions
NCT05790213,prostate,Prostate,,prostate,0,conditions
NCT07388524,lung,Lung & thoracic,,lung,0,conditions
NCT05952024,lymphoma,Lymphoma,,lymphoma,0,conditions
NCT05674396,head_neck,Head & neck,,head_neck,0,conditions
NCT06667908,lung,Lung & thoracic,,lung,0,conditions
NCT04890613,multi,Multiple cancer types / basket or umbrella,unspecified solid / hematologic,,1,conditions
NCT07006688,multi,Multiple cancer types / basket or umbrella,unspecified solid / hematologic,,1,conditions
NCT06179160,multi,Multiple cancer types / basket or umbrella,unspecified solid / hematologic,,1,conditions
NCT07206225,bladder_urothelial,Bladder & urothelial,,bladder_urothelial,0,conditions
NCT05372640,multi,Multiple cancer types / basket or umbrella,multiple named cancers,breast;other_named,1,conditions
NCT07690189,gynecologic,"Gynecologic (ovarian, uterine, cervical)",,gynecologic,0,conditions
NCT04256018,lymphoma,Lymphoma,,lymphoma,0,conditions
NCT04119024,multi,Multiple cancer types / basket or umbrella,multiple named cancers,brain_cns;breast;head_neck;lung;melanoma_skin;neuroendocrine_endocrine,1,conditions
NCT04167696,multi,Multiple cancer types / basket or umbrella,multiple named cancers,leukemia;mds_mpn,0,conditions
NCT07213817,multi,Multiple cancer types / basket or umbrella,unspecified solid / hematologic,,1,conditions
NCT07057791,lung,Lung & thoracic,,lung,0,conditions
NCT07479979,myeloma,Myeloma & plasma cell,,myeloma,0,conditions
NCT06176261,breast,Breast,,breast,0,conditions
NCT06223542,lymphoma,Lymphoma,,lymphoma,1,conditions
NCT07315113,lung,Lung & thoracic,,lung,0,conditions
NCT06470282,bladder_urothelial,Bladder & urothelial,,bladder_urothelial,0,conditions
NCT06680661,multi,Multiple cancer types / basket or umbrella,multiple named cancers,leukemia;lymphoma;mds_mpn,0,conditions
NCT06619587,multi,Multiple cancer types / basket or umbrella,unspecified solid / hematologic,,1,conditions
NCT05061550,lung,Lung & thoracic,,lung,0,conditions
NCT06698250,liver_biliary,Liver & biliary,,liver_biliary,0,conditions
NCT07456852,multi,Multiple cancer types / basket or umbrella,unspecified solid / hematologic,,1,conditions
NCT06017258,leukemia,Leukemia,,leukemia,0,conditions
NCT07629726,multi,Multiple cancer types / basket or umbrella,unspecified solid / hematologic,,1,conditions
NCT06899126,lung,Lung & thoracic,,lung,0,conditions
NCT07630974,multi,Multiple cancer types / basket or umbrella,unspecified solid / hematologic,,1,conditions
NCT06414590,melanoma_skin,Melanoma & skin,,melanoma_skin,0,conditions
NCT05967416,lymphoma,Lymphoma,,lymphoma,0,conditions
NCT07527858,colorectal,Colorectal,,colorectal,0,conditions
NCT06488378,breast,Breast,,breast,0,conditions
NCT07129252,neuroendocrine_endocrine,Neuroendocrine & endocrine,,neuroendocrine_endocrine,0,conditions
NCT06433947,myeloma,Myeloma & plasma cell,,myeloma,0,conditions
NCT06759649,multi,Multiple cancer types / basket or umbrella,unspecified solid / hematologic,,1,conditions
NCT06931626,lung,Lung & thoracic,,lung,0,conditions
NCT07107750,liver_biliary,Liver & biliary,,liver_biliary,0,conditions
NCT05278208,brain_cns,Brain & CNS,,brain_cns,0,conditions
NCT04594187,melanoma_skin,Melanoma & skin,,melanoma_skin,0,conditions
NCT06290193,gynecologic,"Gynecologic (ovarian, uterine, cervical)",,gynecologic,0,conditions
NCT05132504,pancreatic,Pancreatic,,pancreatic,0,conditions
NCT05588648,sarcoma,Sarcoma,,sarcoma,0,conditions
NCT01906385,brain_cns,Brain & CNS,,brain_cns,0,conditions
NCT07497607,head_neck,Head & neck,,head_neck,0,conditions
NCT06861244,other_unclassified,Other / unclassified,,,0,none
NCT06073067,sarcoma,Sarcoma,,sarcoma,0,conditions
NCT07052305,lymphoma,Lymphoma,,lymphoma,0,conditions
NCT05770531,breast,Breast,,breast,0,conditions
NCT06788912,lung,Lung & thoracic,,lung,1,conditions
NCT07673367,lymphoma,Lymphoma,,lymphoma,0,conditions
NCT06627751,myeloma,Myeloma & plasma cell,,myeloma,0,conditions
NCT07250477,lung,Lung & thoracic,,lung,0,conditions
NCT07594067,multi,Multiple cancer types / basket or umbrella,multiple named cancers,colorectal;liver_biliary;lung;pancreatic,0,conditions
NCT00920972,other_unclassified,Other / unclassified,,,0,none
NCT06806930,breast,Breast,,breast,0,conditions
NCT07132918,multi,Multiple cancer types / basket or umbrella,multiple named cancers,gastric_esophageal;lung,0,conditions
NCT07228624,mds_mpn,MDS & MPN,,mds_mpn,0,conditions
NCT05890677,breast,Breast,,breast,0,conditions
NCT07070219,multi,Multiple cancer types / basket or umbrella,multiple named cancers,leukemia;lymphoma,0,conditions
NCT07405151,gastric_esophageal,Gastric & esophageal,,gastric_esophageal,0,conditions
NCT06197672,leukemia,Leukemia,,leukemia,0,conditions
NCT07120295,liver_biliary,Liver & biliary,,liver_biliary,0,conditions
NCT05946824,prostate,Prostate,,prostate,0,conditions
NCT04515836,lung,Lung & thoracic,,lung,0,conditions
NCT06581406,melanoma_skin,Melanoma & skin,,melanoma_skin,0,conditions
NCT06890598,lung,Lung & thoracic,,lung,0,conditions
NCT03683433,multi,Multiple cancer types / basket or umbrella,multiple named cancers,leukemia;mds_mpn,0,conditions
NCT07546500,gynecologic,"Gynecologic (ovarian, uterine, cervical)",,gynecologic,0,conditions
NCT06137144,lymphoma,Lymphoma,,lymphoma,0,conditions
NCT06797999,sarcoma,Sarcoma,,sarcoma,0,conditions
NCT04997993,breast,Breast,,breast,1,conditions
NCT06651593,multi,Multiple cancer types / basket or umbrella,unspecified solid / hematologic,,1,conditions
NCT05469893,myeloma,Myeloma & plasma cell,,myeloma,0,conditions
NCT05280314,multi,Multiple cancer types / basket or umbrella,multiple named cancers,head_neck;melanoma_skin,0,conditions
NCT07213830,multi,Multiple cancer types / basket or umbrella,unspecified solid / hematologic,,1,conditions
NCT07016399,breast,Breast,,breast,0,conditions
NCT06415487,multi,Multiple cancer types / basket or umbrella,unspecified solid / hematologic,,1,conditions
NCT07631000,gastric_esophageal,Gastric & esophageal,,gastric_esophageal,0,conditions
NCT07213609,multi,Multiple cancer types / basket or umbrella,basket with a named cohort,colorectal,1,conditions+title
NCT07702032,colorectal,Colorectal,,colorectal,0,conditions
NCT04677816,breast,Breast,,breast,0,conditions
NCT07424833,multi,Multiple cancer types / basket or umbrella,multiple named cancers,leukemia;lymphoma,1,conditions
NCT07221500,leukemia,Leukemia,,leukemia,0,conditions
NCT06419634,multi,Multiple cancer types / basket or umbrella,multiple named cancers,leukemia;mds_mpn,0,conditions
NCT05039801,multi,Multiple cancer types / basket or umbrella,multiple named cancers,gynecologic;head_neck;melanoma_skin;sarcoma,1,conditions
NCT05312671,multi,Multiple cancer types / basket or umbrella,multiple named cancers,bladder_urothelial;neuroendocrine_endocrine,0,conditions
NCT03900793,sarcoma,Sarcoma,,sarcoma,0,conditions
NCT06518057,multi,Multiple cancer types / basket or umbrella,multiple named cancers,breast;lung,1,conditions
NCT06039371,prostate,Prostate,,prostate,0,conditions
NCT06918132,lung,Lung & thoracic,,lung,0,conditions
NCT07205822,breast,Breast,,breast,0,conditions
NCT04090567,breast,Breast,,breast,0,conditions
NCT04430452,liver_biliary,Liver & biliary,,liver_biliary,0,conditions
NCT05753748,gastric_esophageal,Gastric & esophageal,,gastric_esophageal,0,conditions
NCT07259317,pancreatic,Pancreatic,,pancreatic,1,conditions
NCT07011576,colorectal,Colorectal,,colorectal,0,conditions
NCT07393282,myeloma,Myeloma & plasma cell,,myeloma,0,conditions
NCT04267848,lung,Lung & thoracic,,lung,0,conditions
NCT06714591,leukemia,Leukemia,,leukemia,0,conditions
NCT06967610,leukemia,Leukemia,,leukemia,0,conditions
NCT03850418,multi,Multiple cancer types / basket or umbrella,unspecified solid / hematologic,,1,conditions
NCT05526989,other_named,Other named cancer,,other_named,0,conditions
NCT06043817,lung,Lung & thoracic,,lung,0,conditions
NCT01356290,brain_cns,Brain & CNS,,brain_cns,0,conditions
NCT04094610,multi,Multiple cancer types / basket or umbrella,multiple named cancers,brain_cns;lymphoma,1,conditions
NCT07082868,lymphoma,Lymphoma,,lymphoma,0,conditions
NCT06318897,breast,Breast,,breast,0,conditions
NCT06849713,leukemia,Leukemia,,leukemia,0,conditions
NCT05884320,head_neck,Head & neck,,head_neck,0,conditions
NCT07158021,breast,Breast,,breast,0,conditions
NCT07284758,myeloma,Myeloma & plasma cell,,myeloma,0,conditions
NCT05284643,brain_cns,Brain & CNS,,brain_cns,0,conditions
NCT05694715,multi,Multiple cancer types / basket or umbrella,unspecified solid / hematologic,,1,conditions
NCT04628767,bladder_urothelial,Bladder & urothelial,,bladder_urothelial,0,conditions
NCT05838521,gynecologic,"Gynecologic (ovarian, uterine, cervical)",,gynecologic,0,conditions
NCT06796907,gynecologic,"Gynecologic (ovarian, uterine, cervical)",,gynecologic,0,conditions
NCT06236438,lung,Lung & thoracic,,lung,0,conditions
NCT07226999,lung,Lung & thoracic,,lung,0,conditions
NCT06616636,multi,Multiple cancer types / basket or umbrella,multiple named cancers,leukemia;mds_mpn,0,conditions
NCT05780034,multi,Multiple cancer types / basket or umbrella,unspecified solid / hematologic,,1,conditions
NCT03823534,multi,Multiple cancer types / basket or umbrella,multiple named cancers,lymphoma;myeloma,1,conditions
NCT03263572,leukemia,Leukemia,,leukemia,0,conditions
NCT05312801,lymphoma,Lymphoma,,lymphoma,0,conditions
NCT07178301,head_neck,Head & neck,,head_neck,0,conditions
NCT07064122,leukemia,Leukemia,,leukemia,0,title/keywords
NCT04329065,breast,Breast,,breast,0,conditions
NCT06726161,liver_biliary,Liver & biliary,,liver_biliary,0,conditions
NCT07308886,multi,Multiple cancer types / basket or umbrella,multiple named cancers,other_named;sarcoma,0,conditions
NCT04634552,multi,Multiple cancer types / basket or umbrella,unspecified solid / hematologic,,1,conditions
NCT06549595,lymphoma,Lymphoma,,lymphoma,0,conditions
NCT06402357,prostate,Prostate,,prostate,0,conditions
NCT06536413,myeloma,Myeloma & plasma cell,,myeloma,0,conditions
NCT06629779,prostate,Prostate,,prostate,0,conditions
NCT07541079,breast,Breast,,breast,0,conditions
NCT05354570,lung,Lung & thoracic,,lung,1,conditions
NCT06493019,other_named,Other named cancer,,other_named,0,conditions
NCT04502394,multi,Multiple cancer types / basket or umbrella,multiple named cancers,leukemia;lymphoma,0,conditions
NCT04919629,multi,Multiple cancer types / basket or umbrella,multiple named cancers,gynecologic;sarcoma,0,conditions
NCT06462794,multi,Multiple cancer types / basket or umbrella,unspecified solid / hematologic,,1,conditions
NCT07263594,multi,Multiple cancer types / basket or umbrella,unspecified solid / hematologic,,1,conditions
NCT06724237,lymphoma,Lymphoma,,lymphoma,0,conditions
NCT06563375,multi,Multiple cancer types / basket or umbrella,unspecified solid / hematologic,,1,conditions
NCT06596694,multi,Multiple cancer types / basket or umbrella,unspecified solid / hematologic,,1,conditions
NCT07005102,lung,Lung & thoracic,,lung,0,conditions
NCT04776395,myeloma,Myeloma & plasma cell,,myeloma,0,conditions
NCT06623422,lung,Lung & thoracic,,lung,0,conditions
NCT07566156,bladder_urothelial,Bladder & urothelial,,bladder_urothelial,0,conditions
NCT05188170,leukemia,Leukemia,,leukemia,0,conditions
NCT06841354,breast,Breast,,breast,0,conditions
NCT07126158,pancreatic,Pancreatic,,pancreatic,0,conditions
NCT03328078,lymphoma,Lymphoma,,lymphoma,1,conditions
NCT05420948,head_neck,Head & neck,,head_neck,0,conditions
NCT07281417,head_neck,Head & neck,,head_neck,0,conditions
NCT06021626,multi,Multiple cancer types / basket or umbrella,multiple named cancers,melanoma_skin;sarcoma,0,conditions
NCT04913285,multi,Multiple cancer types / basket or umbrella,multiple named cancers,lung;melanoma_skin,1,conditions
NCT07444268,multi,Multiple cancer types / basket or umbrella,unspecified solid / hematologic,,1,conditions
NCT05380349,brain_cns,Brain & CNS,,brain_cns,0,conditions
NCT03874052,multi,Multiple cancer types / basket or umbrella,multiple named cancers,leukemia;mds_mpn,0,conditions
NCT04496349,multi,Multiple cancer types / basket or umbrella,multiple named cancers,leukemia;lymphoma,0,conditions
NCT03257033,pancreatic,Pancreatic,,pancreatic,0,conditions
NCT07257484,breast,Breast,,breast,0,conditions
NCT05600686,lymphoma,Lymphoma,,lymphoma,0,conditions
NCT05761223,multi,Multiple cancer types / basket or umbrella,unspecified solid / hematologic,,1,conditions
NCT03810196,multi,Multiple cancer types / basket or umbrella,multiple named cancers,leukemia;lymphoma;mds_mpn,0,conditions
NCT06085742,breast,Breast,,breast,0,conditions
NCT04752722,bladder_urothelial,Bladder & urothelial,,bladder_urothelial,0,conditions
NCT03067051,prostate,Prostate,,prostate,0,conditions
NCT01269853,brain_cns,Brain & CNS,,brain_cns,0,conditions
NCT06138275,myeloma,Myeloma & plasma cell,,myeloma,0,conditions
NCT06915753,liver_biliary,Liver & biliary,,liver_biliary,1,conditions
NCT06313437,leukemia,Leukemia,,leukemia,0,conditions
NCT07382739,myeloma,Myeloma & plasma cell,,myeloma,0,conditions
NCT05856773,breast,Breast,,breast,0,conditions
NCT06834373,multi,Multiple cancer types / basket or umbrella,multiple named cancers,lymphoma;other_named,0,conditions
NCT06963905,breast,Breast,,breast,0,conditions
NCT05660083,breast,Breast,,breast,0,conditions
NCT07022483,gynecologic,"Gynecologic (ovarian, uterine, cervical)",,gynecologic,0,conditions
NCT06303505,multi,Multiple cancer types / basket or umbrella,multiple named cancers,gynecologic;lung,0,conditions
NCT07607678,multi,Multiple cancer types / basket or umbrella,unspecified (title),,1,title
NCT04879043,myeloma,Myeloma & plasma cell,,myeloma,0,conditions
NCT07027748,other_named,Other named cancer,,other_named,0,conditions
NCT05096715,liver_biliary,Liver & biliary,,liver_biliary,0,conditions
NCT06782555,multi,Multiple cancer types / basket or umbrella,multiple named cancers,head_neck;pancreatic;prostate,0,conditions
NCT07172958,multi,Multiple cancer types / basket or umbrella,multiple named cancers,kidney;other_named;sarcoma,0,conditions
NCT04585958,gynecologic,"Gynecologic (ovarian, uterine, cervical)",,gynecologic,1,conditions
NCT07221058,colorectal,Colorectal,,colorectal,0,conditions
NCT06332755,multi,Multiple cancer types / basket or umbrella,multiple named cancers,bladder_urothelial;head_neck;kidney;lung;melanoma_skin,1,conditions
NCT07140172,breast,Breast,,breast,0,conditions
NCT06712875,brain_cns,Brain & CNS,,brain_cns,0,conditions
NCT06947928,melanoma_skin,Melanoma & skin,,melanoma_skin,0,conditions
NCT05303467,brain_cns,Brain & CNS,,brain_cns,0,conditions
NCT06598371,multi,Multiple cancer types / basket or umbrella,unspecified solid / hematologic,,1,conditions
NCT07283822,lymphoma,Lymphoma,,lymphoma,0,conditions
NCT05092451,multi,Multiple cancer types / basket or umbrella,multiple named cancers,leukemia;lymphoma;mds_mpn;myeloma;other_named,0,conditions
NCT07635329,brain_cns,Brain & CNS,,brain_cns,0,conditions
NCT04671667,head_neck,Head & neck,,head_neck,0,conditions
NCT04903795,brain_cns,Brain & CNS,,brain_cns,0,conditions
NCT06244771,multi,Multiple cancer types / basket or umbrella,multiple named cancers,colorectal;lung;pancreatic,1,conditions
NCT06610344,lymphoma,Lymphoma,,lymphoma,0,conditions
NCT07705334,multi,Multiple cancer types / basket or umbrella,multiple named cancers,breast;colorectal;gastric_esophageal;lung;pancreatic;prostate;sarcoma,1,conditions
NCT07450859,pancreatic,Pancreatic,,pancreatic,0,conditions
NCT07157033,pancreatic,Pancreatic,,pancreatic,0,conditions
NCT04590326,gynecologic,"Gynecologic (ovarian, uterine, cervical)",,gynecologic,0,conditions
NCT06053658,kidney,Kidney,,kidney,0,conditions
NCT06906887,gastric_esophageal,Gastric & esophageal,,gastric_esophageal,0,conditions
NCT05919108,breast,Breast,,breast,0,conditions
NCT06041516,neuroendocrine_endocrine,Neuroendocrine & endocrine,,neuroendocrine_endocrine,0,conditions
NCT07524855,breast,Breast,,breast,0,conditions
NCT06876714,breast,Breast,,breast,0,conditions
NCT06414733,multi,Multiple cancer types / basket or umbrella,multiple named cancers,breast;gastric_esophageal,0,conditions
NCT06448026,head_neck,Head & neck,,head_neck,0,conditions
NCT06148038,breast,Breast,,breast,0,conditions
NCT03875716,head_neck,Head & neck,,head_neck,0,conditions
NCT04348747,breast,Breast,,breast,1,conditions
NCT04434040,breast,Breast,,breast,0,conditions
NCT03977233,pancreatic,Pancreatic,,pancreatic,0,conditions
NCT06248515,lung,Lung & thoracic,,lung,0,conditions
NCT05698576,prostate,Prostate,,prostate,0,conditions
NCT05720117,multi,Multiple cancer types / basket or umbrella,unspecified solid / hematologic,,1,conditions
NCT06634875,colorectal,Colorectal,,colorectal,0,conditions
NCT06365619,melanoma_skin,Melanoma & skin,,melanoma_skin,0,conditions
NCT05489211,multi,Multiple cancer types / basket or umbrella,multiple named cancers,bladder_urothelial;colorectal;gastric_esophageal;gynecologic;liver_biliary;prostate,0,conditions
NCT06309225,head_neck,Head & neck,,head_neck,0,conditions
NCT07176650,liver_biliary,Liver & biliary,,liver_biliary,0,conditions
NCT07227350,melanoma_skin,Melanoma & skin,,melanoma_skin,0,conditions
NCT07478848,lymphoma,Lymphoma,,lymphoma,0,conditions
NCT05128825,gynecologic,"Gynecologic (ovarian, uterine, cervical)",,gynecologic,0,conditions
NCT06768489,myeloma,Myeloma & plasma cell,,myeloma,0,conditions
NCT06554158,head_neck,Head & neck,,head_neck,0,conditions
NCT06778408,multi,Multiple cancer types / basket or umbrella,unspecified solid / hematologic,,1,conditions
NCT06649058,multi,Multiple cancer types / basket or umbrella,unspecified solid / hematologic,,1,conditions
NCT07543055,prostate,Prostate,,prostate,0,conditions
NCT05578326,lung,Lung & thoracic,,lung,0,conditions
NCT07591649,leukemia,Leukemia,,leukemia,0,conditions
NCT06810778,multi,Multiple cancer types / basket or umbrella,multiple named cancers,leukemia;lymphoma,0,conditions
NCT07447076,other_unclassified,Other / unclassified,,,0,none
NCT06649812,multi,Multiple cancer types / basket or umbrella,multiple named cancers,lymphoma;other_named,0,conditions
NCT06287944,multi,Multiple cancer types / basket or umbrella,multiple named cancers,leukemia;mds_mpn,0,conditions
NCT03760575,lung,Lung & thoracic,,lung,0,conditions
NCT06618287,multi,Multiple cancer types / basket or umbrella,multiple named cancers,breast;lung,0,conditions
NCT07278336,gynecologic,"Gynecologic (ovarian, uterine, cervical)",,gynecologic,0,conditions
NCT07634471,lymphoma,Lymphoma,,lymphoma,0,conditions
NCT05308264,mds_mpn,MDS & MPN,,mds_mpn,0,conditions
NCT04166409,brain_cns,Brain & CNS,,brain_cns,0,conditions
NCT07197671,multi,Multiple cancer types / basket or umbrella,unspecified solid / hematologic,,1,conditions
NCT06625593,multi,Multiple cancer types / basket or umbrella,unspecified solid / hematologic,,1,conditions
NCT05865028,head_neck,Head & neck,,head_neck,0,conditions
NCT06816992,lung,Lung & thoracic,,lung,1,conditions
NCT07768436,breast,Breast,,breast,0,conditions
NCT06707493,leukemia,Leukemia,,leukemia,0,conditions
NCT06741644,multi,Multiple cancer types / basket or umbrella,unspecified solid / hematologic,,1,conditions
NCT06905132,sarcoma,Sarcoma,,sarcoma,0,conditions
NCT07492316,brain_cns,Brain & CNS,,brain_cns,0,conditions
NCT05716516,breast,Breast,,breast,0,conditions
NCT05144698,multi,Multiple cancer types / basket or umbrella,multiple named cancers,gastric_esophageal;head_neck;lung;melanoma_skin,1,conditions
NCT06248606,lung,Lung & thoracic,,lung,0,conditions
NCT06113809,sarcoma,Sarcoma,,sarcoma,0,conditions
NCT05922501,myeloma,Myeloma & plasma cell,,myeloma,1,conditions
NCT06626919,myeloma,Myeloma & plasma cell,,myeloma,0,title/keywords
NCT05827081,breast,Breast,,breast,0,conditions
NCT07648264,multi,Multiple cancer types / basket or umbrella,multiple named cancers (title/keywords),leukemia;lymphoma;myeloma,0,title/keywords
NCT06510699,multi,Multiple cancer types / basket or umbrella,unspecified solid / hematologic,,1,conditions
NCT05491512,head_neck,Head & neck,,head_neck,0,conditions
NCT07223307,liver_biliary,Liver & biliary,,liver_biliary,1,conditions
NCT05503134,leukemia,Leukemia,,leukemia,0,conditions
NCT06666712,brain_cns,Brain & CNS,,brain_cns,1,conditions
NCT06731907,lung,Lung & thoracic,,lung,0,conditions
NCT05636111,gynecologic,"Gynecologic (ovarian, uterine, cervical)",,gynecologic,0,conditions
NCT04317534,lung,Lung & thoracic,,lung,0,conditions
NCT06129864,head_neck,Head & neck,,head_neck,0,conditions
NCT07042919,liver_biliary,Liver & biliary,,liver_biliary,0,conditions
NCT06926634,neuroendocrine_endocrine,Neuroendocrine & endocrine,,neuroendocrine_endocrine,0,conditions
NCT07227831,breast,Breast,,breast,0,conditions
NCT07341867,multi,Multiple cancer types / basket or umbrella,multiple named cancers,breast;myeloma,0,conditions
NCT06677112,gynecologic,"Gynecologic (ovarian, uterine, cervical)",,gynecologic,0,conditions
NCT06377371,brain_cns,Brain & CNS,,brain_cns,0,conditions
NCT06176066,brain_cns,Brain & CNS,,brain_cns,0,conditions
NCT06161506,prostate,Prostate,,prostate,0,conditions
NCT04049214,breast,Breast,,breast,0,conditions
NCT07023432,kidney,Kidney,,kidney,0,conditions
NCT06558214,brain_cns,Brain & CNS,,brain_cns,0,conditions
NCT06971614,bladder_urothelial,Bladder & urothelial,,bladder_urothelial,0,conditions
NCT07250087,leukemia,Leukemia,,leukemia,0,conditions
NCT05939414,prostate,Prostate,,prostate,1,conditions
NCT04685616,lymphoma,Lymphoma,,lymphoma,0,conditions
NCT05755087,lymphoma,Lymphoma,,lymphoma,0,conditions
NCT07444814,multi,Multiple cancer types / basket or umbrella,multiple named cancers,gynecologic;lung,0,conditions
NCT05774899,head_neck,Head & neck,,head_neck,0,conditions
NCT07807163,head_neck,Head & neck,,head_neck,0,conditions
NCT05521984,brain_cns,Brain & CNS,,brain_cns,1,conditions
NCT06209606,myeloma,Myeloma & plasma cell,,myeloma,0,conditions
NCT07048314,prostate,Prostate,,prostate,0,conditions
NCT07493304,multi,Multiple cancer types / basket or umbrella,unspecified (title),,1,title
NCT02974647,lymphoma,Lymphoma,,lymphoma,0,conditions
NCT06432036,kidney,Kidney,,kidney,0,conditions
NCT02358187,brain_cns,Brain & CNS,,brain_cns,0,conditions
NCT07311993,breast,Breast,,breast,0,conditions
NCT07172256,head_neck,Head & neck,,head_neck,0,conditions
NCT06959537,breast,Breast,,breast,0,conditions
NCT05887167,multi,Multiple cancer types / basket or umbrella,multiple named cancers,leukemia;lymphoma;myeloma,1,conditions
NCT05235165,multi,Multiple cancer types / basket or umbrella,multiple named cancers,lung;sarcoma,1,conditions
NCT06004245,multi,Multiple cancer types / basket or umbrella,basket with a named cohort,colorectal,1,conditions+title
NCT05910801,lymphoma,Lymphoma,,lymphoma,0,conditions
NCT07493512,prostate,Prostate,,prostate,0,conditions
NCT05901519,liver_biliary,Liver & biliary,,liver_biliary,0,conditions
NCT07446322,colorectal,Colorectal,,colorectal,0,conditions
NCT06046495,lung,Lung & thoracic,,lung,0,conditions
NCT06998407,breast,Breast,,breast,0,conditions
NCT03465592,multi,Multiple cancer types / basket or umbrella,title names additional cancers,leukemia;sarcoma,1,conditions+title
NCT06149481,colorectal,Colorectal,,colorectal,0,conditions
NCT03394365,lymphoma,Lymphoma,,lymphoma,0,conditions
NCT05715229,lung,Lung & thoracic,,lung,0,conditions
NCT07474519,bladder_urothelial,Bladder & urothelial,,bladder_urothelial,0,conditions
NCT06529731,multi,Multiple cancer types / basket or umbrella,multiple named cancers,leukemia;mds_mpn,0,conditions
NCT07145177,prostate,Prostate,,prostate,0,conditions
NCT03460977,multi,Multiple cancer types / basket or umbrella,multiple named cancers,lung;lymphoma;prostate,0,conditions
NCT06324357,multi,Multiple cancer types / basket or umbrella,multiple named cancers,breast;colorectal;gastric_esophageal,0,conditions
NCT04587687,lymphoma,Lymphoma,,lymphoma,0,conditions
NCT05727787,liver_biliary,Liver & biliary,,liver_biliary,0,conditions
NCT06607406,head_neck,Head & neck,,head_neck,0,conditions
NCT04239157,mds_mpn,MDS & MPN,,mds_mpn,0,conditions
NCT07002034,other_unclassified,Other / unclassified,,,0,none
NCT07214298,pancreatic,Pancreatic,,pancreatic,0,conditions
NCT05645107,multi,Multiple cancer types / basket or umbrella,multiple named cancers,leukemia;lymphoma,0,conditions
NCT07439211,leukemia,Leukemia,,leukemia,0,conditions
NCT06112314,melanoma_skin,Melanoma & skin,,melanoma_skin,0,conditions
NCT06218628,mds_mpn,MDS & MPN,,mds_mpn,0,conditions
NCT07227636,colorectal,Colorectal,,colorectal,0,conditions
NCT06004336,kidney,Kidney,,kidney,1,conditions
NCT07116616,myeloma,Myeloma & plasma cell,,myeloma,0,conditions
NCT03666000,multi,Multiple cancer types / basket or umbrella,multiple named cancers,leukemia;lymphoma,0,conditions
NCT05542407,multi,Multiple cancer types / basket or umbrella,multiple named cancers,gynecologic;sarcoma,1,conditions
NCT05684692,other_unclassified,Other / unclassified,,,0,none
NCT04375384,head_neck,Head & neck,,head_neck,0,conditions
NCT06973187,leukemia,Leukemia,,leukemia,0,conditions
NCT03802851,multi,Multiple cancer types / basket or umbrella,multiple named cancers,bladder_urothelial;prostate,0,conditions
NCT04196257,multi,Multiple cancer types / basket or umbrella,basket with a named cohort,gynecologic,1,conditions+title
NCT04851119,multi,Multiple cancer types / basket or umbrella,multiple named cancers,colorectal;gynecologic;kidney;liver_biliary;lymphoma;melanoma_skin;other_named;pancreatic;sarcoma,1,conditions
NCT06863402,multi,Multiple cancer types / basket or umbrella,multiple named cancers,leukemia;lymphoma,0,conditions
NCT06822972,myeloma,Myeloma & plasma cell,,myeloma,0,conditions
NCT05862012,myeloma,Myeloma & plasma cell,,myeloma,0,conditions
NCT07294677,multi,Multiple cancer types / basket or umbrella,multiple named cancers,leukemia;lymphoma,0,conditions
NCT06794229,kidney,Kidney,,kidney,0,conditions
NCT06699212,head_neck,Head & neck,,head_neck,0,conditions
NCT07476001,prostate,Prostate,,prostate,0,conditions
NCT06287229,leukemia,Leukemia,,leukemia,0,conditions
NCT07563829,multi,Multiple cancer types / basket or umbrella,unspecified solid / hematologic,,1,conditions
NCT06814977,other_unclassified,Other / unclassified,,,0,none
NCT06810375,lung,Lung & thoracic,,lung,0,conditions
NCT04840602,lymphoma,Lymphoma,,lymphoma,0,conditions
NCT05669339,liver_biliary,Liver & biliary,,liver_biliary,0,conditions
NCT06326463,multi,Multiple cancer types / basket or umbrella,multiple named cancers,leukemia;lymphoma;mds_mpn,1,conditions
NCT07165132,multi,Multiple cancer types / basket or umbrella,multiple named cancers,neuroendocrine_endocrine;pancreatic,1,conditions
NCT06127407,sarcoma,Sarcoma,,sarcoma,0,conditions
NCT06315309,multi,Multiple cancer types / basket or umbrella,multiple named cancers,leukemia;mds_mpn,0,conditions
NCT07195916,multi,Multiple cancer types / basket or umbrella,unspecified solid / hematologic,,1,conditions
NCT06712316,lung,Lung & thoracic,,lung,0,conditions
NCT06465199,multi,Multiple cancer types / basket or umbrella,multiple named cancers,brain_cns;other_named;sarcoma,0,conditions
NCT07220993,multi,Multiple cancer types / basket or umbrella,multiple named cancers,leukemia;lymphoma,0,conditions
NCT05956821,brain_cns,Brain & CNS,,brain_cns,0,conditions
NCT07058571,multi,Multiple cancer types / basket or umbrella,unspecified solid / hematologic,,1,conditions
NCT05957536,multi,Multiple cancer types / basket or umbrella,unspecified solid / hematologic,,1,conditions
NCT03128034,multi,Multiple cancer types / basket or umbrella,multiple named cancers,leukemia;mds_mpn,0,conditions
NCT07541170,lung,Lung & thoracic,,lung,0,conditions
NCT05471856,multi,Multiple cancer types / basket or umbrella,unspecified solid / hematologic,,1,conditions
NCT06622057,liver_biliary,Liver & biliary,,liver_biliary,0,conditions
NCT07221357,colorectal,Colorectal,,colorectal,0,conditions
NCT05917145,brain_cns,Brain & CNS,,brain_cns,0,conditions
NCT07566377,multi,Multiple cancer types / basket or umbrella,multiple named cancers,leukemia;lymphoma;mds_mpn,0,conditions
NCT05734066,sarcoma,Sarcoma,,sarcoma,0,conditions
NCT06052839,head_neck,Head & neck,,head_neck,0,conditions
NCT07177079,leukemia,Leukemia,,leukemia,0,conditions
NCT02476786,breast,Breast,,breast,0,conditions
NCT06728072,colorectal,Colorectal,,colorectal,0,conditions
NCT03975231,neuroendocrine_endocrine,Neuroendocrine & endocrine,,neuroendocrine_endocrine,0,conditions
NCT06006273,multi,Multiple cancer types / basket or umbrella,unspecified solid / hematologic,,1,conditions
NCT06879041,prostate,Prostate,,prostate,0,conditions
NCT04643366,colorectal,Colorectal,,colorectal,0,conditions
NCT04276870,leukemia,Leukemia,,leukemia,0,conditions
NCT05356741,other_unclassified,Other / unclassified,,,0,none
NCT05192122,myeloma,Myeloma & plasma cell,,myeloma,0,conditions
NCT05836324,multi,Multiple cancer types / basket or umbrella,unspecified solid / hematologic,,1,conditions
NCT04725903,prostate,Prostate,,prostate,0,conditions
NCT06990542,prostate,Prostate,,prostate,0,conditions
NCT06376669,kidney,Kidney,,kidney,0,conditions
NCT07101445,myeloma,Myeloma & plasma cell,,myeloma,0,conditions
NCT05739981,gynecologic,"Gynecologic (ovarian, uterine, cervical)",,gynecologic,0,conditions
NCT06771219,multi,Multiple cancer types / basket or umbrella,unspecified solid / hematologic,,1,conditions
NCT07136428,breast,Breast,,breast,0,conditions
NCT04198766,multi,Multiple cancer types / basket or umbrella,multiple named cancers,bladder_urothelial;gastric_esophageal;head_neck;kidney;lung;melanoma_skin,1,conditions
NCT07354919,multi,Multiple cancer types / basket or umbrella,multiple named cancers,breast;lung;pancreatic;prostate,0,conditions
NCT06209619,lymphoma,Lymphoma,,lymphoma,0,conditions
NCT07409272,pancreatic,Pancreatic,,pancreatic,0,conditions
NCT06787612,gynecologic,"Gynecologic (ovarian, uterine, cervical)",,gynecologic,0,conditions
NCT05941507,multi,Multiple cancer types / basket or umbrella,unspecified solid / hematologic,,1,conditions
NCT05672251,multi,Multiple cancer types / basket or umbrella,multiple named cancers,leukemia;lung;lymphoma,0,conditions
NCT04269902,leukemia,Leukemia,,leukemia,0,conditions
NCT07062965,breast,Breast,,breast,0,conditions
NCT05595499,breast,Breast,,breast,0,conditions
NCT05977907,head_neck,Head & neck,,head_neck,0,conditions
NCT07510334,kidney,Kidney,,kidney,0,conditions
NCT06518564,gynecologic,"Gynecologic (ovarian, uterine, cervical)",,gynecologic,0,conditions
NCT05620771,liver_biliary,Liver & biliary,,liver_biliary,0,conditions
NCT05027633,other_unclassified,Other / unclassified,,,0,none
NCT05440708,liver_biliary,Liver & biliary,,liver_biliary,0,conditions
NCT07525206,colorectal,Colorectal,,colorectal,0,conditions
NCT07365306,lymphoma,Lymphoma,,lymphoma,0,conditions
NCT06586515,multi,Multiple cancer types / basket or umbrella,multiple named cancers,colorectal;lung;pancreatic,0,conditions
NCT07228832,colorectal,Colorectal,,colorectal,0,conditions
NCT06540963,other_named,Other named cancer,,other_named,0,conditions
NCT06838676,brain_cns,Brain & CNS,,brain_cns,0,conditions
NCT06686043,gynecologic,"Gynecologic (ovarian, uterine, cervical)",,gynecologic,0,conditions
NCT07029399,multi,Multiple cancer types / basket or umbrella,basket with a named cohort,breast,1,conditions+title
NCT05985655,multi,Multiple cancer types / basket or umbrella,multiple named cancers,breast;gynecologic;head_neck;lung;pancreatic,0,conditions
NCT06796998,lymphoma,Lymphoma,,lymphoma,0,conditions
NCT05519449,prostate,Prostate,,prostate,0,conditions
NCT07306832,leukemia,Leukemia,,leukemia,0,conditions
NCT07644598,prostate,Prostate,,prostate,0,conditions
NCT06780787,colorectal,Colorectal,,colorectal,0,conditions
NCT05886049,leukemia,Leukemia,,leukemia,0,conditions
NCT07654426,lymphoma,Lymphoma,,lymphoma,0,conditions
NCT06576115,pancreatic,Pancreatic,,pancreatic,0,conditions
NCT05722418,myeloma,Myeloma & plasma cell,,myeloma,0,conditions
NCT03936478,breast,Breast,,breast,0,conditions
NCT07218926,multi,Multiple cancer types / basket or umbrella,unspecified solid / hematologic,,1,conditions
NCT06495125,lung,Lung & thoracic,,lung,0,conditions
NCT07227025,lung,Lung & thoracic,,lung,0,conditions
NCT05036226,prostate,Prostate,,prostate,1,conditions
NCT07155226,multi,Multiple cancer types / basket or umbrella,multiple named cancers,leukemia;mds_mpn,0,conditions
NCT06868485,lung,Lung & thoracic,,lung,0,conditions
NCT06245889,breast,Breast,,breast,0,conditions
NCT06461650,breast,Breast,,breast,0,conditions
NCT07191717,breast,Breast,,breast,0,conditions
NCT04792489,lymphoma,Lymphoma,,lymphoma,0,conditions
NCT07612189,multi,Multiple cancer types / basket or umbrella,unspecified solid / hematologic,,1,conditions
NCT04205968,other_named,Other named cancer,,other_named,0,conditions
NCT03104491,leukemia,Leukemia,,leukemia,0,conditions
NCT07178808,gastric_esophageal,Gastric & esophageal,,gastric_esophageal,0,conditions
NCT07437950,leukemia,Leukemia,,leukemia,0,conditions
NCT05467891,breast,Breast,,breast,0,conditions
NCT07218510,leukemia,Leukemia,,leukemia,0,conditions
NCT07053059,leukemia,Leukemia,,leukemia,0,conditions
NCT05477576,multi,Multiple cancer types / basket or umbrella,multiple named cancers,neuroendocrine_endocrine;pancreatic,0,conditions
NCT05875168,multi,Multiple cancer types / basket or umbrella,unspecified solid / hematologic,,1,conditions
NCT06441890,breast,Breast,,breast,0,conditions
NCT06826768,prostate,Prostate,,prostate,0,conditions
NCT07429110,colorectal,Colorectal,,colorectal,0,conditions
NCT04645160,liver_biliary,Liver & biliary,,liver_biliary,1,conditions
NCT07634380,multi,Multiple cancer types / basket or umbrella,multiple named cancers,kidney;melanoma_skin,0,conditions
NCT05183035,leukemia,Leukemia,,leukemia,0,conditions
NCT06223659,melanoma_skin,Melanoma & skin,,melanoma_skin,0,conditions
NCT05195710,multi,Multiple cancer types / basket or umbrella,unspecified solid / hematologic,,1,conditions
NCT06193759,brain_cns,Brain & CNS,,brain_cns,0,conditions
NCT05106296,brain_cns,Brain & CNS,,brain_cns,0,conditions
NCT05893888,head_neck,Head & neck,,head_neck,0,conditions
NCT05305924,breast,Breast,,breast,0,conditions
NCT06378346,prostate,Prostate,,prostate,0,conditions
NCT06533826,breast,Breast,,breast,0,conditions
NCT07374029,leukemia,Leukemia,,leukemia,0,conditions
NCT06452277,lung,Lung & thoracic,,lung,0,conditions
NCT06518551,myeloma,Myeloma & plasma cell,,myeloma,0,conditions
NCT07506239,brain_cns,Brain & CNS,,brain_cns,0,conditions
NCT06435429,breast,Breast,,breast,0,conditions
NCT07581002,leukemia,Leukemia,,leukemia,0,conditions
NCT06408194,leukemia,Leukemia,,leukemia,0,conditions
NCT07073794,prostate,Prostate,,prostate,0,conditions
NCT07346157,brain_cns,Brain & CNS,,brain_cns,0,conditions
NCT06492122,prostate,Prostate,,prostate,0,conditions
NCT06663072,neuroendocrine_endocrine,Neuroendocrine & endocrine,,neuroendocrine_endocrine,0,conditions
NCT04903119,melanoma_skin,Melanoma & skin,,melanoma_skin,0,conditions
NCT06961565,sarcoma,Sarcoma,,sarcoma,0,conditions
NCT05702853,multi,Multiple cancer types / basket or umbrella,multiple named cancers,leukemia;lymphoma,0,conditions
NCT05673928,multi,Multiple cancer types / basket or umbrella,unspecified solid / hematologic,,1,conditions
NCT06158139,pancreatic,Pancreatic,,pancreatic,0,conditions
NCT07201519,multi,Multiple cancer types / basket or umbrella,multiple named cancers,colorectal;liver_biliary,0,conditions
NCT07214532,breast,Breast,,breast,0,conditions
NCT07535463,lung,Lung & thoracic,,lung,0,conditions
NCT07192614,prostate,Prostate,,prostate,0,conditions
NCT06271252,multi,Multiple cancer types / basket or umbrella,multiple named cancers,lymphoma;myeloma,1,conditions
NCT06470243,prostate,Prostate,,prostate,0,conditions
NCT04065399,leukemia,Leukemia,,leukemia,0,conditions
NCT07379125,mds_mpn,MDS & MPN,,mds_mpn,0,conditions
NCT07402876,lymphoma,Lymphoma,,lymphoma,0,conditions
NCT06789848,liver_biliary,Liver & biliary,,liver_biliary,0,conditions
NCT06799026,myeloma,Myeloma & plasma cell,,myeloma,0,conditions
NCT05417308,breast,Breast,,breast,0,conditions
NCT06792825,lymphoma,Lymphoma,,lymphoma,0,conditions
NCT06600698,prostate,Prostate,,prostate,0,conditions
NCT06498648,sarcoma,Sarcoma,,sarcoma,0,conditions
NCT07318558,gynecologic,"Gynecologic (ovarian, uterine, cervical)",,gynecologic,0,conditions
NCT06545955,bladder_urothelial,Bladder & urothelial,,bladder_urothelial,0,conditions
NCT05432635,lymphoma,Lymphoma,,lymphoma,0,conditions
NCT06835972,kidney,Kidney,,kidney,0,conditions
NCT06344130,brain_cns,Brain & CNS,,brain_cns,0,conditions
NCT06712355,lung,Lung & thoracic,,lung,0,conditions
NCT04899908,multi,Multiple cancer types / basket or umbrella,multiple named cancers,brain_cns;breast;colorectal;lung;melanoma_skin,1,conditions
NCT05118789,multi,Multiple cancer types / basket or umbrella,unspecified solid / hematologic,,1,conditions
NCT07098338,lung,Lung & thoracic,,lung,0,conditions
NCT05310448,brain_cns,Brain & CNS,,brain_cns,0,conditions
NCT06652438,leukemia,Leukemia,,leukemia,0,conditions
NCT05708352,brain_cns,Brain & CNS,,brain_cns,0,conditions
NCT06132685,brain_cns,Brain & CNS,,brain_cns,1,conditions
NCT06646276,lung,Lung & thoracic,,lung,0,conditions
NCT06376526,myeloma,Myeloma & plasma cell,,myeloma,0,conditions
NCT07529808,multi,Multiple cancer types / basket or umbrella,multiple named cancers,colorectal;gastric_esophageal;pancreatic,1,conditions
NCT05208047,sarcoma,Sarcoma,,sarcoma,1,conditions
NCT06103838,myeloma,Myeloma & plasma cell,,myeloma,0,conditions
NCT07594015,gynecologic,"Gynecologic (ovarian, uterine, cervical)",,gynecologic,0,conditions
NCT05976763,lymphoma,Lymphoma,,lymphoma,0,conditions
NCT05841563,multi,Multiple cancer types / basket or umbrella,unspecified solid / hematologic,,1,conditions
NCT05687604,other_unclassified,Other / unclassified,,,0,none
NCT02310399,other_unclassified,Other / unclassified,,,0,none
NCT07375992,brain_cns,Brain & CNS,,brain_cns,0,conditions
NCT06266611,other_unclassified,Other / unclassified,,,0,none
NCT06916767,multi,Multiple cancer types / basket or umbrella,multiple named cancers,leukemia;lymphoma,0,conditions
NCT06846671,leukemia,Leukemia,,leukemia,0,conditions
NCT04472767,liver_biliary,Liver & biliary,,liver_biliary,0,conditions
NCT05726292,prostate,Prostate,,prostate,0,conditions
NCT06902311,breast,Breast,,breast,0,conditions
NCT06824467,gynecologic,"Gynecologic (ovarian, uterine, cervical)",,gynecologic,0,conditions
NCT03051464,colorectal,Colorectal,,colorectal,0,conditions
NCT04114136,multi,Multiple cancer types / basket or umbrella,multiple named cancers,bladder_urothelial;gastric_esophageal;head_neck;liver_biliary;lung;melanoma_skin,1,conditions
NCT05627232,leukemia,Leukemia,,leukemia,0,conditions
NCT04546399,leukemia,Leukemia,,leukemia,0,conditions
NCT07220616,multi,Multiple cancer types / basket or umbrella,basket with a named cohort,lymphoma,1,conditions+title
NCT07076498,brain_cns,Brain & CNS,,brain_cns,0,conditions
NCT04644016,multi,Multiple cancer types / basket or umbrella,multiple named cancers,leukemia;lymphoma;mds_mpn,0,conditions
NCT06270706,multi,Multiple cancer types / basket or umbrella,unspecified solid / hematologic,,1,conditions
NCT07780838,multi,Multiple cancer types / basket or umbrella,multiple named cancers,bladder_urothelial;liver_biliary,0,conditions
NCT05225363,gynecologic,"Gynecologic (ovarian, uterine, cervical)",,gynecologic,0,conditions
NCT03326921,multi,Multiple cancer types / basket or umbrella,multiple named cancers,leukemia;mds_mpn,0,conditions
NCT04678648,multi,Multiple cancer types / basket or umbrella,multiple named cancers,brain_cns;colorectal;lung;pancreatic,1,conditions
NCT06016855,neuroendocrine_endocrine,Neuroendocrine & endocrine,,neuroendocrine_endocrine,1,conditions
NCT05359848,other_unclassified,Other / unclassified,,,0,none
NCT06487221,gastric_esophageal,Gastric & esophageal,,gastric_esophageal,0,conditions
NCT05342584,multi,Multiple cancer types / basket or umbrella,multiple named cancers,leukemia;mds_mpn,0,conditions
NCT06964009,gynecologic,"Gynecologic (ovarian, uterine, cervical)",,gynecologic,0,conditions
NCT05838599,lymphoma,Lymphoma,,lymphoma,0,conditions
NCT05216432,breast,Breast,,breast,1,conditions
NCT06066346,myeloma,Myeloma & plasma cell,,myeloma,0,conditions
NCT07225270,gynecologic,"Gynecologic (ovarian, uterine, cervical)",,gynecologic,0,conditions
NCT00804154,multi,Multiple cancer types / basket or umbrella,unspecified (title),,1,title
NCT05103683,multi,Multiple cancer types / basket or umbrella,multiple named cancers,gynecologic;lung,1,conditions
NCT05693766,breast,Breast,,breast,0,conditions
NCT06669117,multi,Multiple cancer types / basket or umbrella,unspecified solid / hematologic,,1,conditions
NCT06902376,neuroendocrine_endocrine,Neuroendocrine & endocrine,,neuroendocrine_endocrine,0,conditions
NCT05865535,multi,Multiple cancer types / basket or umbrella,unspecified (title),,1,title
NCT05570825,lung,Lung & thoracic,,lung,0,conditions
NCT07337525,multi,Multiple cancer types / basket or umbrella,unspecified solid / hematologic,,1,conditions
NCT05512208,gynecologic,"Gynecologic (ovarian, uterine, cervical)",,gynecologic,1,conditions
NCT07320235,leukemia,Leukemia,,leukemia,0,conditions
NCT06764940,multi,Multiple cancer types / basket or umbrella,unspecified solid / hematologic,,1,conditions
NCT05610735,gynecologic,"Gynecologic (ovarian, uterine, cervical)",,gynecologic,0,conditions
NCT04172532,pancreatic,Pancreatic,,pancreatic,0,conditions
NCT06412198,colorectal,Colorectal,,colorectal,0,conditions
NCT06508463,lymphoma,Lymphoma,,lymphoma,0,conditions
NCT05716893,breast,Breast,,breast,0,conditions
NCT06626516,melanoma_skin,Melanoma & skin,,melanoma_skin,0,conditions
NCT05055609,multi,Multiple cancer types / basket or umbrella,unspecified solid / hematologic,,1,conditions
NCT07213791,multi,Multiple cancer types / basket or umbrella,multiple named cancers,breast;colorectal;gastric_esophageal;gynecologic;liver_biliary;pancreatic,0,conditions
NCT06042569,breast,Breast,,breast,0,conditions
NCT05136846,lung,Lung & thoracic,,lung,0,conditions
NCT04485013,multi,Multiple cancer types / basket or umbrella,unspecified solid / hematologic,,1,conditions
NCT07454382,myeloma,Myeloma & plasma cell,,myeloma,0,conditions
NCT07229313,multi,Multiple cancer types / basket or umbrella,unspecified solid / hematologic,,1,conditions
NCT06780670,prostate,Prostate,,prostate,0,conditions
NCT07216105,multi,Multiple cancer types / basket or umbrella,multiple named cancers,breast;colorectal;gynecologic;head_neck;lung,0,conditions
NCT04762641,multi,Multiple cancer types / basket or umbrella,unspecified solid / hematologic,,1,conditions
NCT06947083,myeloma,Myeloma & plasma cell,,myeloma,0,conditions
NCT06596473,multi,Multiple cancer types / basket or umbrella,unspecified solid / hematologic,,1,conditions
NCT03089554,multi,Multiple cancer types / basket or umbrella,unspecified solid / hematologic,,1,conditions
NCT06500273,lymphoma,Lymphoma,,lymphoma,0,conditions
NCT05805605,multi,Multiple cancer types / basket or umbrella,multiple named cancers,leukemia;lymphoma;mds_mpn;myeloma,0,conditions
NCT06635980,breast,Breast,,breast,0,conditions
NCT05462496,pancreatic,Pancreatic,,pancreatic,0,conditions
NCT03214562,multi,Multiple cancer types / basket or umbrella,multiple named cancers,leukemia;mds_mpn,0,conditions
NCT04222062,brain_cns,Brain & CNS,,brain_cns,0,conditions
NCT07146646,multi,Multiple cancer types / basket or umbrella,multiple named cancers,bladder_urothelial;liver_biliary,0,conditions
NCT07416552,colorectal,Colorectal,,colorectal,0,conditions
NCT05940493,brain_cns,Brain & CNS,,brain_cns,0,conditions
NCT05523947,multi,Multiple cancer types / basket or umbrella,unspecified solid / hematologic,,1,conditions
NCT04002947,lymphoma,Lymphoma,,lymphoma,0,conditions
NCT06644183,leukemia,Leukemia,,leukemia,1,conditions
NCT06347705,prostate,Prostate,,prostate,0,conditions
NCT06949410,breast,Breast,,breast,0,conditions
NCT06288113,prostate,Prostate,,prostate,0,conditions
NCT03206060,multi,Multiple cancer types / basket or umbrella,multiple named cancers,brain_cns;neuroendocrine_endocrine,0,conditions
NCT06459973,multi,Multiple cancer types / basket or umbrella,unspecified solid / hematologic,,1,conditions
NCT04708054,multi,Multiple cancer types / basket or umbrella,multiple named cancers,leukemia;mds_mpn,0,conditions
NCT05857969,multi,Multiple cancer types / basket or umbrella,multiple named cancers,brain_cns;leukemia;lymphoma;other_named;sarcoma,1,conditions
NCT07187869,kidney,Kidney,,kidney,0,conditions
NCT06764771,multi,Multiple cancer types / basket or umbrella,unspecified solid / hematologic,,1,conditions
NCT06586255,bladder_urothelial,Bladder & urothelial,,bladder_urothelial,0,conditions
NCT07223814,leukemia,Leukemia,,leukemia,0,conditions
NCT04641247,multi,Multiple cancer types / basket or umbrella,multiple named cancers,breast;gynecologic,0,conditions
NCT06057948,other_named,Other named cancer,,other_named,0,conditions
NCT06567743,bladder_urothelial,Bladder & urothelial,,bladder_urothelial,0,conditions
NCT07612215,breast,Breast,,breast,0,conditions
NCT07043608,kidney,Kidney,,kidney,1,conditions
NCT02332668,multi,Multiple cancer types / basket or umbrella,multiple named cancers,lymphoma;melanoma_skin,1,conditions
NCT06137274,head_neck,Head & neck,,head_neck,0,conditions
NCT04512716,multi,Multiple cancer types / basket or umbrella,multiple named cancers,leukemia;lymphoma,0,conditions
NCT05482516,multi,Multiple cancer types / basket or umbrella,multiple named cancers,bladder_urothelial;colorectal;gastric_esophageal;liver_biliary;pancreatic,0,conditions
NCT06184321,multi,Multiple cancer types / basket or umbrella,unspecified solid / hematologic,,1,conditions
NCT06483555,pancreatic,Pancreatic,,pancreatic,0,conditions
NCT06780111,gastric_esophageal,Gastric & esophageal,,gastric_esophageal,0,conditions
NCT06510309,lymphoma,Lymphoma,,lymphoma,0,conditions
NCT04486352,gynecologic,"Gynecologic (ovarian, uterine, cervical)",,gynecologic,0,conditions
NCT07222215,breast,Breast,,breast,0,conditions
NCT07063212,head_neck,Head & neck,,head_neck,0,conditions
NCT07053436,myeloma,Myeloma & plasma cell,,myeloma,0,conditions
NCT06716138,multi,Multiple cancer types / basket or umbrella,unspecified solid / hematologic,,1,conditions
NCT06541847,sarcoma,Sarcoma,,sarcoma,0,conditions
NCT03675893,gynecologic,"Gynecologic (ovarian, uterine, cervical)",,gynecologic,0,conditions
NCT07600749,multi,Multiple cancer types / basket or umbrella,unspecified solid / hematologic,,1,conditions
NCT05882058,multi,Multiple cancer types / basket or umbrella,multiple named cancers,lung;neuroendocrine_endocrine,0,conditions
NCT04841148,breast,Breast,,breast,0,conditions
NCT07094204,multi,Multiple cancer types / basket or umbrella,multiple named cancers,colorectal;lung;pancreatic,1,conditions
NCT07265947,bladder_urothelial,Bladder & urothelial,,bladder_urothelial,0,conditions
NCT07286149,lung,Lung & thoracic,,lung,1,conditions
NCT06811116,liver_biliary,Liver & biliary,,liver_biliary,0,conditions
NCT07392242,leukemia,Leukemia,,leukemia,0,conditions
NCT07439653,lymphoma,Lymphoma,,lymphoma,0,conditions
NCT05455619,breast,Breast,,breast,0,conditions
NCT06444269,breast,Breast,,breast,0,conditions
NCT06090266,multi,Multiple cancer types / basket or umbrella,multiple named cancers,lung;melanoma_skin,1,conditions
NCT06625775,multi,Multiple cancer types / basket or umbrella,multiple named cancers,breast;colorectal;lung,1,conditions
NCT05112601,gynecologic,"Gynecologic (ovarian, uterine, cervical)",,gynecologic,0,conditions
NCT03556228,multi,Multiple cancer types / basket or umbrella,multiple named cancers,gastric_esophageal;head_neck;lung;pancreatic,1,conditions
NCT07222566,lung,Lung & thoracic,,lung,0,conditions
NCT02972801,multi,Multiple cancer types / basket or umbrella,unspecified solid / hematologic,,1,conditions
NCT07226427,gynecologic,"Gynecologic (ovarian, uterine, cervical)",,gynecologic,0,conditions
NCT05256745,breast,Breast,,breast,0,conditions
NCT02143830,multi,Multiple cancer types / basket or umbrella,multiple named cancers,leukemia;mds_mpn,0,conditions
NCT04302025,lung,Lung & thoracic,,lung,0,conditions
NCT05597345,myeloma,Myeloma & plasma cell,,myeloma,0,conditions
NCT06161025,gynecologic,"Gynecologic (ovarian, uterine, cervical)",,gynecologic,0,title/keywords
NCT07247110,multi,Multiple cancer types / basket or umbrella,unspecified solid / hematologic,,1,conditions
NCT05533697,multi,Multiple cancer types / basket or umbrella,unspecified solid / hematologic,,1,conditions
NCT05031897,multi,Multiple cancer types / basket or umbrella,multiple named cancers,leukemia;lymphoma;mds_mpn;myeloma,0,conditions
NCT05603910,gynecologic,"Gynecologic (ovarian, uterine, cervical)",,gynecologic,0,conditions
NCT04827810,multi,Multiple cancer types / basket or umbrella,basket with a named cohort,lymphoma,1,conditions+title
NCT04905810,leukemia,Leukemia,,leukemia,0,conditions
NCT06606990,multi,Multiple cancer types / basket or umbrella,unspecified solid / hematologic,,1,conditions
NCT05764720,pancreatic,Pancreatic,,pancreatic,0,conditions
NCT04665947,pancreatic,Pancreatic,,pancreatic,0,conditions
NCT06353386,prostate,Prostate,,prostate,0,conditions
NCT05431270,multi,Multiple cancer types / basket or umbrella,multiple named cancers,lung;pancreatic,0,conditions
NCT06673329,multi,Multiple cancer types / basket or umbrella,multiple named cancers,brain_cns;breast;colorectal;gastric_esophageal;gynecologic;head_neck;kidney;liver_biliary;lung;melanoma_skin;neuroendocrine_endocrine;other_named;pancreatic;prostate,1,conditions
NCT06093672,mds_mpn,MDS & MPN,,mds_mpn,0,conditions
NCT04211675,other_named,Other named cancer,,other_named,0,conditions
NCT06130280,colorectal,Colorectal,,colorectal,1,conditions
NCT06941272,multi,Multiple cancer types / basket or umbrella,unspecified solid / hematologic,,1,conditions
NCT05681195,lymphoma,Lymphoma,,lymphoma,1,conditions
NCT07426757,multi,Multiple cancer types / basket or umbrella,unspecified solid / hematologic,,1,conditions
NCT05665361,kidney,Kidney,,kidney,0,conditions
NCT03596086,brain_cns,Brain & CNS,,brain_cns,0,conditions
NCT07661095,leukemia,Leukemia,,leukemia,0,conditions
NCT06395103,multi,Multiple cancer types / basket or umbrella,multiple named cancers,leukemia;lymphoma;other_named;sarcoma,0,conditions
NCT04165070,lung,Lung & thoracic,,lung,0,conditions
NCT06803745,multi,Multiple cancer types / basket or umbrella,multiple named cancers,leukemia;lymphoma,0,conditions
NCT06187402,multi,Multiple cancer types / basket or umbrella,unspecified solid / hematologic,,1,conditions
NCT06236139,prostate,Prostate,,prostate,0,conditions
NCT05422794,breast,Breast,,breast,0,conditions
NCT06083922,myeloma,Myeloma & plasma cell,,myeloma,0,conditions
NCT07283731,sarcoma,Sarcoma,,sarcoma,0,conditions
NCT07147231,colorectal,Colorectal,,colorectal,0,conditions
NCT06100237,myeloma,Myeloma & plasma cell,,myeloma,0,conditions
NCT06623656,lung,Lung & thoracic,,lung,0,conditions
NCT05561595,multi,Multiple cancer types / basket or umbrella,unspecified solid / hematologic,,1,conditions
NCT07783477,multi,Multiple cancer types / basket or umbrella,multiple named cancers,lung;neuroendocrine_endocrine,0,conditions
NCT04747912,leukemia,Leukemia,,leukemia,0,conditions
NCT06832865,myeloma,Myeloma & plasma cell,,myeloma,0,conditions
NCT07415031,multi,Multiple cancer types / basket or umbrella,unspecified solid / hematologic,,1,conditions
NCT05335928,multi,Multiple cancer types / basket or umbrella,unspecified solid / hematologic,,1,conditions
NCT04893109,breast,Breast,,breast,0,conditions
NCT05443126,lung,Lung & thoracic,,lung,0,conditions
NCT06784726,lymphoma,Lymphoma,,lymphoma,0,conditions
NCT07573111,multi,Multiple cancer types / basket or umbrella,multiple named cancers,leukemia;mds_mpn,0,conditions
NCT04920032,colorectal,Colorectal,,colorectal,0,conditions
NCT05289687,leukemia,Leukemia,,leukemia,0,conditions
NCT07300943,multi,Multiple cancer types / basket or umbrella,unspecified solid / hematologic,,1,conditions
NCT06930352,leukemia,Leukemia,,leukemia,0,conditions
NCT03606967,breast,Breast,,breast,0,conditions
NCT06993844,multi,Multiple cancer types / basket or umbrella,basket with a named cohort,breast,1,conditions+title
NCT03968406,gynecologic,"Gynecologic (ovarian, uterine, cervical)",,gynecologic,1,conditions
NCT06756932,breast,Breast,,breast,0,conditions
NCT07246863,lung,Lung & thoracic,,lung,1,conditions
NCT06205316,prostate,Prostate,,prostate,1,conditions
NCT07071038,breast,Breast,,breast,0,conditions
NCT05317858,multi,Multiple cancer types / basket or umbrella,multiple named cancers,brain_cns;lung,0,conditions
NCT06793215,lung,Lung & thoracic,,lung,0,conditions
NCT03980769,multi,Multiple cancer types / basket or umbrella,unspecified solid / hematologic,,1,conditions
NCT06216301,lung,Lung & thoracic,,lung,0,conditions
NCT06083883,sarcoma,Sarcoma,,sarcoma,0,conditions
NCT06961357,melanoma_skin,Melanoma & skin,,melanoma_skin,0,conditions
NCT07365241,lung,Lung & thoracic,,lung,0,conditions
NCT05417594,multi,Multiple cancer types / basket or umbrella,unspecified solid / hematologic,,1,conditions
NCT05838729,other_unclassified,Other / unclassified,,,0,none
NCT06252675,lymphoma,Lymphoma,,lymphoma,0,conditions
NCT07284849,colorectal,Colorectal,,colorectal,0,conditions
NCT06350097,lung,Lung & thoracic,,lung,0,conditions
NCT05270213,multi,Multiple cancer types / basket or umbrella,unspecified solid / hematologic,,1,conditions
NCT06917313,breast,Breast,,breast,0,conditions
NCT06923072,multi,Multiple cancer types / basket or umbrella,unspecified solid / hematologic,,1,conditions
NCT06088888,leukemia,Leukemia,,leukemia,0,conditions
NCT05584670,multi,Multiple cancer types / basket or umbrella,unspecified solid / hematologic,,1,conditions
NCT07481383,pancreatic,Pancreatic,,pancreatic,0,conditions
NCT07206056,prostate,Prostate,,prostate,0,conditions
NCT06892522,myeloma,Myeloma & plasma cell,,myeloma,0,conditions
NCT03608631,pancreatic,Pancreatic,,pancreatic,0,conditions
NCT06263231,sarcoma,Sarcoma,,sarcoma,0,conditions
NCT06034002,mds_mpn,MDS & MPN,,mds_mpn,0,conditions
NCT03750227,multi,Multiple cancer types / basket or umbrella,unspecified solid / hematologic,,1,conditions
NCT04545762,lymphoma,Lymphoma,,lymphoma,0,conditions
NCT05846880,myeloma,Myeloma & plasma cell,,myeloma,0,conditions
NCT06090669,multi,Multiple cancer types / basket or umbrella,unspecified solid / hematologic,,1,conditions
NCT03603405,brain_cns,Brain & CNS,,brain_cns,0,conditions
NCT05091424,leukemia,Leukemia,,leukemia,0,conditions
NCT04704323,leukemia,Leukemia,,leukemia,0,conditions
NCT06357182,multi,Multiple cancer types / basket or umbrella,multiple named cancers,leukemia;mds_mpn,0,conditions
NCT07427394,breast,Breast,,breast,0,conditions
NCT06751329,multi,Multiple cancer types / basket or umbrella,multiple named cancers,colorectal;gynecologic;pancreatic;prostate,0,conditions
NCT05010772,leukemia,Leukemia,,leukemia,0,conditions
NCT04722341,multi,Multiple cancer types / basket or umbrella,multiple named cancers,breast;colorectal,0,conditions
NCT05010005,multi,Multiple cancer types / basket or umbrella,multiple named cancers,leukemia;lymphoma,0,conditions
NCT04329494,multi,Multiple cancer types / basket or umbrella,multiple named cancers,colorectal;gastric_esophageal;gynecologic;other_named,1,conditions
NCT07518186,myeloma,Myeloma & plasma cell,,myeloma,0,conditions
NCT05345002,brain_cns,Brain & CNS,,brain_cns,0,conditions
NCT07459673,breast,Breast,,breast,0,conditions
NCT06622005,myeloma,Myeloma & plasma cell,,myeloma,0,conditions
NCT05166694,multi,Multiple cancer types / basket or umbrella,unspecified solid / hematologic,,1,conditions
NCT05920356,lung,Lung & thoracic,,lung,0,conditions
NCT07414836,multi,Multiple cancer types / basket or umbrella,unspecified solid / hematologic,,1,conditions
NCT05561387,myeloma,Myeloma & plasma cell,,myeloma,0,conditions
NCT01684904,gastric_esophageal,Gastric & esophageal,,gastric_esophageal,0,conditions
NCT07558733,breast,Breast,,breast,0,conditions
NCT06589804,multi,Multiple cancer types / basket or umbrella,multiple named cancers,head_neck;melanoma_skin,0,conditions
NCT04234048,lymphoma,Lymphoma,,lymphoma,0,conditions
NCT05733689,gastric_esophageal,Gastric & esophageal,,gastric_esophageal,0,conditions
NCT05683418,breast,Breast,,breast,0,conditions
NCT06417190,bladder_urothelial,Bladder & urothelial,,bladder_urothelial,1,conditions
NCT04990921,breast,Breast,,breast,0,conditions
NCT06096974,multi,Multiple cancer types / basket or umbrella,unspecified solid / hematologic,,1,conditions
NCT01639508,lung,Lung & thoracic,,lung,0,conditions
NCT07660055,multi,Multiple cancer types / basket or umbrella,multiple named cancers,bladder_urothelial;breast;gastric_esophageal;lung,0,conditions
NCT06938555,breast,Breast,,breast,0,conditions
NCT07086768,multi,Multiple cancer types / basket or umbrella,unspecified solid / hematologic,,1,conditions
NCT04771520,multi,Multiple cancer types / basket or umbrella,multiple named cancers,brain_cns;breast;colorectal;gastric_esophageal;lung;melanoma_skin;sarcoma,1,conditions
NCT04559230,brain_cns,Brain & CNS,,brain_cns,0,conditions
NCT04722692,breast,Breast,,breast,0,conditions
NCT07072234,kidney,Kidney,,kidney,0,title/keywords
NCT05642572,lung,Lung & thoracic,,lung,0,conditions
NCT06932757,melanoma_skin,Melanoma & skin,,melanoma_skin,0,conditions
NCT05952453,gynecologic,"Gynecologic (ovarian, uterine, cervical)",,gynecologic,0,conditions
NCT06058377,breast,Breast,,breast,0,conditions
NCT07222657,gastric_esophageal,Gastric & esophageal,,gastric_esophageal,0,conditions
NCT05010122,multi,Multiple cancer types / basket or umbrella,multiple named cancers,leukemia;mds_mpn,0,conditions
NCT05053971,multi,Multiple cancer types / basket or umbrella,basket with a named cohort,pancreatic,1,conditions+title
NCT04883671,head_neck,Head & neck,,head_neck,0,conditions
NCT05651828,melanoma_skin,Melanoma & skin,,melanoma_skin,0,conditions
NCT07319871,prostate,Prostate,,prostate,0,conditions
NCT03383575,multi,Multiple cancer types / basket or umbrella,multiple named cancers,leukemia;mds_mpn,0,conditions
NCT05655312,melanoma_skin,Melanoma & skin,,melanoma_skin,0,conditions
NCT07169851,multi,Multiple cancer types / basket or umbrella,unspecified solid / hematologic,,1,conditions
NCT06553872,lymphoma,Lymphoma,,lymphoma,0,conditions
NCT05291507,breast,Breast,,breast,0,conditions
NCT01555892,lymphoma,Lymphoma,,lymphoma,0,conditions
NCT05267626,multi,Multiple cancer types / basket or umbrella,multiple named cancers,lung;melanoma_skin,1,conditions
NCT05190978,breast,Breast,,breast,0,conditions
NCT05892718,lymphoma,Lymphoma,,lymphoma,1,conditions
NCT06306638,multi,Multiple cancer types / basket or umbrella,unspecified solid / hematologic,,1,conditions
NCT05983276,gynecologic,"Gynecologic (ovarian, uterine, cervical)",,gynecologic,0,conditions
NCT06543576,gynecologic,"Gynecologic (ovarian, uterine, cervical)",,gynecologic,0,conditions
NCT06528691,brain_cns,Brain & CNS,,brain_cns,0,conditions
NCT00107289,multi,Multiple cancer types / basket or umbrella,multiple named cancers,neuroendocrine_endocrine;other_named,0,conditions
NCT06745076,lymphoma,Lymphoma,,lymphoma,0,conditions
NCT06817889,other_unclassified,Other / unclassified,,,0,none
NCT06706076,lung,Lung & thoracic,,lung,0,conditions
NCT06136650,prostate,Prostate,,prostate,0,conditions
NCT06323460,head_neck,Head & neck,,head_neck,0,conditions
NCT00501826,multi,Multiple cancer types / basket or umbrella,multiple named cancers,leukemia;lymphoma,0,conditions
NCT07040982,leukemia,Leukemia,,leukemia,0,conditions
NCT07579208,brain_cns,Brain & CNS,,brain_cns,0,conditions
NCT03630991,multi,Multiple cancer types / basket or umbrella,multiple named cancers,leukemia;mds_mpn,0,conditions
NCT06369610,prostate,Prostate,,prostate,1,conditions
NCT05020860,breast,Breast,,breast,0,conditions
NCT03398161,lymphoma,Lymphoma,,lymphoma,0,conditions
NCT07174583,multi,Multiple cancer types / basket or umbrella,multiple named cancers,lung;neuroendocrine_endocrine,1,conditions
NCT03850366,multi,Multiple cancer types / basket or umbrella,unspecified solid / hematologic,,1,conditions
NCT05110742,multi,Multiple cancer types / basket or umbrella,unspecified solid / hematologic,,1,conditions
NCT05476770,multi,Multiple cancer types / basket or umbrella,multiple named cancers,leukemia;lymphoma;mds_mpn,1,conditions
NCT04297605,lung,Lung & thoracic,,lung,0,conditions
NCT06484062,multi,Multiple cancer types / basket or umbrella,multiple named cancers,leukemia;mds_mpn,0,conditions
NCT06646627,gynecologic,"Gynecologic (ovarian, uterine, cervical)",,gynecologic,0,conditions
NCT07173751,breast,Breast,,breast,0,conditions
NCT07133997,leukemia,Leukemia,,leukemia,0,conditions
NCT05629494,prostate,Prostate,,prostate,0,conditions
NCT06710379,multi,Multiple cancer types / basket or umbrella,unspecified solid / hematologic,,1,conditions
NCT06627270,head_neck,Head & neck,,head_neck,0,conditions
NCT07602842,multi,Multiple cancer types / basket or umbrella,multiple named cancers,gastric_esophageal;gynecologic;head_neck;lung;melanoma_skin,1,conditions
NCT05732103,multi,Multiple cancer types / basket or umbrella,multiple named cancers,leukemia;mds_mpn,0,conditions
NCT03706027,lung,Lung & thoracic,,lung,0,conditions
NCT07719361,prostate,Prostate,,prostate,1,conditions
NCT06014827,lung,Lung & thoracic,,lung,0,conditions
NCT04872166,breast,Breast,,breast,1,conditions
NCT06413680,multi,Multiple cancer types / basket or umbrella,multiple named cancers,kidney;melanoma_skin,1,conditions
NCT07570979,prostate,Prostate,,prostate,0,conditions
NCT06225427,lung,Lung & thoracic,,lung,0,conditions
NCT06589596,multi,Multiple cancer types / basket or umbrella,unspecified solid / hematologic,,1,conditions
NCT07479797,lymphoma,Lymphoma,,lymphoma,0,conditions
NCT02064673,prostate,Prostate,,prostate,0,conditions
NCT05143996,multi,Multiple cancer types / basket or umbrella,multiple named cancers,leukemia;mds_mpn,0,conditions
NCT05223803,prostate,Prostate,,prostate,1,conditions
NCT06007846,liver_biliary,Liver & biliary,,liver_biliary,0,conditions
NCT05541016,head_neck,Head & neck,,head_neck,0,conditions
NCT07100106,breast,Breast,,breast,0,conditions
NCT06173349,bladder_urothelial,Bladder & urothelial,,bladder_urothelial,0,conditions
NCT05947838,multi,Multiple cancer types / basket or umbrella,multiple named cancers,colorectal;other_named,0,conditions
NCT07506876,breast,Breast,,breast,0,conditions
NCT06867484,breast,Breast,,breast,1,conditions
NCT07293247,lung,Lung & thoracic,,lung,0,conditions
NCT06447376,lymphoma,Lymphoma,,lymphoma,0,conditions
NCT04065776,brain_cns,Brain & CNS,,brain_cns,0,conditions
NCT06931340,prostate,Prostate,,prostate,0,conditions
NCT05599048,multi,Multiple cancer types / basket or umbrella,unspecified solid / hematologic,,1,conditions
NCT06123338,gastric_esophageal,Gastric & esophageal,,gastric_esophageal,0,conditions
NCT06561152,leukemia,Leukemia,,leukemia,0,conditions
NCT06541249,mds_mpn,MDS & MPN,,mds_mpn,0,conditions
NCT06859008,multi,Multiple cancer types / basket or umbrella,multiple named cancers,leukemia;lymphoma,0,conditions
NCT03841617,neuroendocrine_endocrine,Neuroendocrine & endocrine,,neuroendocrine_endocrine,0,conditions
NCT04923126,brain_cns,Brain & CNS,,brain_cns,0,conditions
NCT07094685,multi,Multiple cancer types / basket or umbrella,multiple named cancers,head_neck;melanoma_skin,0,conditions
NCT07755436,gynecologic,"Gynecologic (ovarian, uterine, cervical)",,gynecologic,0,conditions
NCT06863311,kidney,Kidney,,kidney,0,conditions
NCT05389293,lymphoma,Lymphoma,,lymphoma,0,conditions
NCT06702033,head_neck,Head & neck,,head_neck,0,conditions
NCT06526793,lymphoma,Lymphoma,,lymphoma,0,conditions
NCT06592599,head_neck,Head & neck,,head_neck,0,conditions
NCT06062498,breast,Breast,,breast,0,conditions
NCT07477587,myeloma,Myeloma & plasma cell,,myeloma,0,conditions
NCT06784193,multi,Multiple cancer types / basket or umbrella,multiple named cancers,breast;lung;prostate,0,conditions
NCT06238921,breast,Breast,,breast,0,conditions
NCT07619599,lung,Lung & thoracic,,lung,1,conditions
NCT06300463,colorectal,Colorectal,,colorectal,1,conditions
NCT06028074,multi,Multiple cancer types / basket or umbrella,unspecified solid / hematologic,,1,conditions
NCT01891318,multi,Multiple cancer types / basket or umbrella,unspecified (title),,1,title
NCT06126276,multi,Multiple cancer types / basket or umbrella,unspecified solid / hematologic,,1,conditions
NCT06613217,leukemia,Leukemia,,leukemia,0,conditions
NCT06696768,colorectal,Colorectal,,colorectal,0,conditions
NCT04723810,multi,Multiple cancer types / basket or umbrella,unspecified (title),,1,title
NCT06802315,multi,Multiple cancer types / basket or umbrella,multiple named cancers,leukemia;mds_mpn,0,conditions
NCT06312176,breast,Breast,,breast,0,conditions
NCT06075810,breast,Breast,,breast,0,conditions
NCT02468024,lung,Lung & thoracic,,lung,0,conditions
NCT05652335,myeloma,Myeloma & plasma cell,,myeloma,0,conditions
NCT04270591,lung,Lung & thoracic,,lung,0,title/keywords
NCT07218913,other_named,Other named cancer,,other_named,1,conditions
NCT07030959,multi,Multiple cancer types / basket or umbrella,unspecified solid / hematologic,,1,conditions
NCT05798897,lymphoma,Lymphoma,,lymphoma,0,conditions
NCT06788990,head_neck,Head & neck,,head_neck,0,conditions
NCT06868433,multi,Multiple cancer types / basket or umbrella,multiple named cancers,head_neck;melanoma_skin;other_named,0,conditions
NCT07223047,multi,Multiple cancer types / basket or umbrella,multiple named cancers,colorectal;lung;pancreatic,1,conditions
NCT06104618,other_named,Other named cancer,,other_named,0,conditions
NCT06907043,multi,Multiple cancer types / basket or umbrella,unspecified solid / hematologic,,1,conditions
NCT07631650,head_neck,Head & neck,,head_neck,0,conditions
NCT05412082,colorectal,Colorectal,,colorectal,0,conditions
NCT04891289,liver_biliary,Liver & biliary,,liver_biliary,0,conditions
NCT06188520,multi,Multiple cancer types / basket or umbrella,multiple named cancers,breast;gynecologic,0,conditions
NCT07495124,gynecologic,"Gynecologic (ovarian, uterine, cervical)",,gynecologic,0,conditions
NCT07278479,multi,Multiple cancer types / basket or umbrella,multiple named cancers,bladder_urothelial;lung;neuroendocrine_endocrine;pancreatic,0,conditions
NCT07048496,bladder_urothelial,Bladder & urothelial,,bladder_urothelial,0,conditions
NCT03136146,multi,Multiple cancer types / basket or umbrella,multiple named cancers,leukemia;lymphoma,0,conditions
NCT06610825,prostate,Prostate,,prostate,0,conditions
NCT03678025,prostate,Prostate,,prostate,0,conditions
NCT03896568,brain_cns,Brain & CNS,,brain_cns,0,conditions
NCT05013255,breast,Breast,,breast,0,conditions
NCT07578376,other_unclassified,Other / unclassified,,,0,none
NCT06600789,multi,Multiple cancer types / basket or umbrella,unspecified solid / hematologic,,1,conditions
NCT06952504,gynecologic,"Gynecologic (ovarian, uterine, cervical)",,gynecologic,0,conditions
NCT07145255,multi,Multiple cancer types / basket or umbrella,multiple named cancers,breast;colorectal;lung;pancreatic;prostate,0,conditions
NCT06624085,lymphoma,Lymphoma,,lymphoma,0,conditions
NCT06805825,multi,Multiple cancer types / basket or umbrella,multiple named cancers,head_neck;kidney;lung;melanoma_skin;neuroendocrine_endocrine;sarcoma,0,conditions
NCT05552755,sarcoma,Sarcoma,,sarcoma,0,title/keywords
NCT06833008,multi,Multiple cancer types / basket or umbrella,unspecified solid / hematologic,,1,conditions
NCT05508906,breast,Breast,,breast,0,conditions
NCT05696626,breast,Breast,,breast,0,conditions
NCT07113691,lung,Lung & thoracic,,lung,0,conditions
NCT07039526,multi,Multiple cancer types / basket or umbrella,multiple named cancers,gastric_esophageal;gynecologic,1,conditions
NCT06904378,pancreatic,Pancreatic,,pancreatic,0,conditions
NCT06366789,leukemia,Leukemia,,leukemia,0,conditions
NCT06549790,leukemia,Leukemia,,leukemia,0,conditions
NCT07316010,lymphoma,Lymphoma,,lymphoma,0,conditions
NCT07563738,multi,Multiple cancer types / basket or umbrella,multiple named cancers,lung;pancreatic,0,conditions
NCT06216249,prostate,Prostate,,prostate,0,conditions
NCT06254326,brain_cns,Brain & CNS,,brain_cns,0,conditions
NCT06465316,myeloma,Myeloma & plasma cell,,myeloma,0,conditions
NCT04881240,leukemia,Leukemia,,leukemia,0,conditions
NCT04811560,leukemia,Leukemia,,leukemia,0,conditions
NCT04855695,lymphoma,Lymphoma,,lymphoma,0,conditions
NCT05272384,lymphoma,Lymphoma,,lymphoma,0,conditions
NCT04633252,prostate,Prostate,,prostate,0,conditions
NCT04716452,leukemia,Leukemia,,leukemia,0,conditions
NCT07397338,multi,Multiple cancer types / basket or umbrella,multiple named cancers,colorectal;lung,1,conditions
NCT07532525,multi,Multiple cancer types / basket or umbrella,multiple named cancers,leukemia;lymphoma,0,conditions
NCT07013565,lymphoma,Lymphoma,,lymphoma,0,conditions
NCT04221893,multi,Multiple cancer types / basket or umbrella,multiple named cancers,colorectal;gastric_esophageal;liver_biliary;other_named;pancreatic,1,conditions
NCT06917885,brain_cns,Brain & CNS,,brain_cns,1,conditions
NCT07110844,myeloma,Myeloma & plasma cell,,myeloma,0,conditions
NCT06161532,bladder_urothelial,Bladder & urothelial,,bladder_urothelial,0,conditions
NCT05320198,mds_mpn,MDS & MPN,,mds_mpn,0,conditions
NCT04493164,multi,Multiple cancer types / basket or umbrella,multiple named cancers,leukemia;mds_mpn,0,conditions
NCT07431099,head_neck,Head & neck,,head_neck,0,conditions
NCT06820463,colorectal,Colorectal,,colorectal,0,conditions
NCT07235293,colorectal,Colorectal,,colorectal,0,conditions
NCT05977036,breast,Breast,,breast,0,conditions
NCT05748834,breast,Breast,,breast,0,conditions
NCT07282834,multi,Multiple cancer types / basket or umbrella,unspecified solid / hematologic,,1,conditions
NCT07107334,gynecologic,"Gynecologic (ovarian, uterine, cervical)",,gynecologic,0,conditions
NCT07500298,colorectal,Colorectal,,colorectal,0,conditions
NCT07322263,bladder_urothelial,Bladder & urothelial,,bladder_urothelial,0,conditions
NCT06982521,breast,Breast,,breast,0,conditions
NCT04483206,myeloma,Myeloma & plasma cell,,myeloma,0,conditions
NCT03449238,breast,Breast,,breast,1,conditions
NCT06741085,lung,Lung & thoracic,,lung,0,conditions
NCT04329728,multi,Multiple cancer types / basket or umbrella,unspecified solid / hematologic,,1,conditions
NCT05990465,lymphoma,Lymphoma,,lymphoma,0,conditions
NCT06531499,prostate,Prostate,,prostate,0,conditions
NCT07688187,kidney,Kidney,,kidney,0,conditions
NCT06812052,sarcoma,Sarcoma,,sarcoma,0,conditions
NCT07594522,lung,Lung & thoracic,,lung,0,conditions
NCT06466395,leukemia,Leukemia,,leukemia,0,conditions
NCT06971744,gynecologic,"Gynecologic (ovarian, uterine, cervical)",,gynecologic,0,conditions
NCT05458219,multi,Multiple cancer types / basket or umbrella,unspecified solid / hematologic,,1,conditions
NCT06162377,head_neck,Head & neck,,head_neck,0,conditions
NCT06941857,pancreatic,Pancreatic,,pancreatic,0,conditions
NCT05873192,prostate,Prostate,,prostate,0,conditions
NCT05805371,prostate,Prostate,,prostate,0,conditions
NCT07517198,multi,Multiple cancer types / basket or umbrella,multiple named cancers,breast;gastric_esophageal;gynecologic;head_neck;kidney;lung;neuroendocrine_endocrine;prostate,1,conditions
NCT06136884,multi,Multiple cancer types / basket or umbrella,unspecified solid / hematologic,,1,conditions
NCT07228247,multi,Multiple cancer types / basket or umbrella,unspecified solid / hematologic,,1,conditions
NCT06797336,multi,Multiple cancer types / basket or umbrella,unspecified solid / hematologic,,1,conditions
NCT07137871,breast,Breast,,breast,0,conditions
NCT06630806,myeloma,Myeloma & plasma cell,,myeloma,0,conditions
NCT06690775,gynecologic,"Gynecologic (ovarian, uterine, cervical)",,gynecologic,0,conditions
NCT06930729,multi,Multiple cancer types / basket or umbrella,unspecified solid / hematologic,,1,conditions
NCT07545811,prostate,Prostate,,prostate,0,conditions
NCT05703971,lung,Lung & thoracic,,lung,0,conditions
NCT06801834,lung,Lung & thoracic,,lung,0,conditions
NCT05949099,sarcoma,Sarcoma,,sarcoma,0,conditions
NCT06581432,multi,Multiple cancer types / basket or umbrella,unspecified solid / hematologic,,1,conditions
NCT07042581,breast,Breast,,breast,0,conditions
NCT06919965,bladder_urothelial,Bladder & urothelial,,bladder_urothelial,0,conditions
NCT05812807,breast,Breast,,breast,0,conditions
NCT07544992,brain_cns,Brain & CNS,,brain_cns,0,conditions
NCT04906434,liver_biliary,Liver & biliary,,liver_biliary,0,conditions
NCT06667141,multi,Multiple cancer types / basket or umbrella,unspecified solid / hematologic,,1,conditions
NCT07257419,multi,Multiple cancer types / basket or umbrella,title names additional cancers,leukemia;lymphoma,1,conditions+title
NCT06390319,multi,Multiple cancer types / basket or umbrella,multiple named cancers,leukemia;lymphoma,0,conditions
NCT06682728,bladder_urothelial,Bladder & urothelial,,bladder_urothelial,0,conditions
NCT06092892,breast,Breast,,breast,0,conditions
NCT06253871,multi,Multiple cancer types / basket or umbrella,multiple named cancers,bladder_urothelial;breast;colorectal;gastric_esophageal;lung,1,conditions
NCT05336383,myeloma,Myeloma & plasma cell,,myeloma,1,conditions
NCT04771572,multi,Multiple cancer types / basket or umbrella,multiple named cancers,leukemia;lymphoma;mds_mpn;myeloma,0,conditions
NCT05501665,lung,Lung & thoracic,,lung,0,conditions
NCT04339036,neuroendocrine_endocrine,Neuroendocrine & endocrine,,neuroendocrine_endocrine,0,conditions
NCT07128641,lymphoma,Lymphoma,,lymphoma,0,conditions
NCT05917301,sarcoma,Sarcoma,,sarcoma,0,conditions
NCT06072807,breast,Breast,,breast,1,conditions
NCT06819007,gynecologic,"Gynecologic (ovarian, uterine, cervical)",,gynecologic,0,conditions
NCT03943004,multi,Multiple cancer types / basket or umbrella,unspecified solid / hematologic,,1,conditions
NCT06246149,melanoma_skin,Melanoma & skin,,melanoma_skin,0,conditions
NCT06827236,breast,Breast,,breast,0,conditions
NCT07463599,colorectal,Colorectal,,colorectal,0,conditions
NCT02872532,multi,Multiple cancer types / basket or umbrella,unspecified solid / hematologic,,1,conditions
NCT03013998,leukemia,Leukemia,,leukemia,0,conditions
NCT05617716,multi,Multiple cancer types / basket or umbrella,unspecified solid / hematologic,,1,conditions
NCT04305834,breast,Breast,,breast,0,conditions
NCT07420101,other_unclassified,Other / unclassified,,,0,none
NCT06401330,kidney,Kidney,,kidney,0,conditions
NCT06439836,bladder_urothelial,Bladder & urothelial,,bladder_urothelial,0,conditions
NCT06771544,melanoma_skin,Melanoma & skin,,melanoma_skin,0,conditions
NCT07411599,colorectal,Colorectal,,colorectal,1,conditions
NCT06586957,multi,Multiple cancer types / basket or umbrella,multiple named cancers,breast;gastric_esophageal;gynecologic;lung,1,conditions
NCT04210492,lung,Lung & thoracic,,lung,0,conditions
NCT03290534,lung,Lung & thoracic,,lung,0,conditions
NCT07042100,multi,Multiple cancer types / basket or umbrella,unspecified solid / hematologic,,1,conditions
NCT07258511,myeloma,Myeloma & plasma cell,,myeloma,0,conditions
NCT04535271,sarcoma,Sarcoma,,sarcoma,0,conditions
NCT06525298,multi,Multiple cancer types / basket or umbrella,unspecified solid / hematologic,,1,conditions
NCT06846606,multi,Multiple cancer types / basket or umbrella,multiple named cancers,leukemia;mds_mpn,0,conditions
NCT03808337,multi,Multiple cancer types / basket or umbrella,multiple named cancers,breast;lung,0,conditions
NCT04380545,liver_biliary,Liver & biliary,,liver_biliary,0,conditions
NCT07519772,lymphoma,Lymphoma,,lymphoma,0,conditions
NCT07052695,multi,Multiple cancer types / basket or umbrella,multiple named cancers,leukemia;lymphoma,0,conditions
NCT06287528,leukemia,Leukemia,,leukemia,0,conditions
NCT07060807,breast,Breast,,breast,0,conditions
NCT07192432,multi,Multiple cancer types / basket or umbrella,unspecified solid / hematologic,,1,conditions
NCT05920798,multi,Multiple cancer types / basket or umbrella,multiple named cancers,gynecologic;sarcoma,0,conditions
NCT04959175,multi,Multiple cancer types / basket or umbrella,unspecified solid / hematologic,,1,conditions
NCT06977711,lymphoma,Lymphoma,,lymphoma,0,conditions
NCT05281809,multi,Multiple cancer types / basket or umbrella,multiple named cancers,leukemia;lymphoma,0,conditions
NCT06427798,multi,Multiple cancer types / basket or umbrella,multiple named cancers,brain_cns;neuroendocrine_endocrine,0,conditions
NCT06580314,multi,Multiple cancer types / basket or umbrella,multiple named cancers,gynecologic;sarcoma,0,conditions
NCT06205485,colorectal,Colorectal,,colorectal,0,conditions
NCT06305715,lung,Lung & thoracic,,lung,0,conditions
NCT06115135,myeloma,Myeloma & plasma cell,,myeloma,0,conditions
NCT04802759,breast,Breast,,breast,0,conditions
NCT07533942,brain_cns,Brain & CNS,,brain_cns,0,conditions
NCT06284486,leukemia,Leukemia,,leukemia,0,conditions
NCT05735717,multi,Multiple cancer types / basket or umbrella,multiple named cancers,leukemia;lymphoma;mds_mpn;sarcoma,1,conditions
NCT05483491,multi,Multiple cancer types / basket or umbrella,multiple named cancers,breast;gastric_esophageal;gynecologic;lung,0,conditions
NCT07586618,multi,Multiple cancer types / basket or umbrella,multiple named cancers,leukemia;lymphoma,0,conditions
NCT05565118,brain_cns,Brain & CNS,,brain_cns,0,conditions
NCT07407582,multi,Multiple cancer types / basket or umbrella,multiple named cancers,head_neck;other_named,1,conditions
NCT07310420,breast,Breast,,breast,0,conditions
NCT04586959,gynecologic,"Gynecologic (ovarian, uterine, cervical)",,gynecologic,0,conditions
NCT07725380,sarcoma,Sarcoma,,sarcoma,0,conditions
NCT07132190,multi,Multiple cancer types / basket or umbrella,basket with a named cohort,brain_cns,1,conditions+title
NCT05259410,breast,Breast,,breast,0,conditions
NCT06966024,multi,Multiple cancer types / basket or umbrella,multiple named cancers,bladder_urothelial;kidney;prostate,0,conditions
NCT06678659,multi,Multiple cancer types / basket or umbrella,basket with a named cohort,lymphoma,1,conditions+title
NCT05802186,lung,Lung & thoracic,,lung,1,conditions
NCT06662786,colorectal,Colorectal,,colorectal,0,conditions
NCT05758688,gynecologic,"Gynecologic (ovarian, uterine, cervical)",,gynecologic,0,conditions
NCT04429542,multi,Multiple cancer types / basket or umbrella,multiple named cancers,colorectal;gynecologic;head_neck;lung;melanoma_skin;other_named;pancreatic,0,conditions
NCT07306559,multi,Multiple cancer types / basket or umbrella,multiple named cancers,gynecologic;other_named,0,conditions
NCT03643861,breast,Breast,,breast,0,conditions
NCT07214688,multi,Multiple cancer types / basket or umbrella,unspecified (title),,1,title
NCT05979610,gynecologic,"Gynecologic (ovarian, uterine, cervical)",,gynecologic,1,conditions
NCT05474846,multi,Multiple cancer types / basket or umbrella,unspecified solid / hematologic,,1,conditions
NCT07211386,multi,Multiple cancer types / basket or umbrella,unspecified solid / hematologic,,1,conditions
NCT06866262,multi,Multiple cancer types / basket or umbrella,multiple named cancers,kidney;sarcoma,0,conditions
NCT06984861,head_neck,Head & neck,,head_neck,0,conditions
NCT06297941,multi,Multiple cancer types / basket or umbrella,multiple named cancers,leukemia;mds_mpn,0,conditions
NCT07211659,gynecologic,"Gynecologic (ovarian, uterine, cervical)",,gynecologic,0,conditions
NCT07751159,prostate,Prostate,,prostate,0,conditions
NCT04991103,myeloma,Myeloma & plasma cell,,myeloma,0,conditions
NCT06974786,myeloma,Myeloma & plasma cell,,myeloma,0,conditions
NCT06059391,multi,Multiple cancer types / basket or umbrella,multiple named cancers,leukemia;lymphoma;mds_mpn,1,conditions
NCT07499674,lung,Lung & thoracic,,lung,1,conditions
NCT06651697,bladder_urothelial,Bladder & urothelial,,bladder_urothelial,0,title/keywords
NCT07172282,colorectal,Colorectal,,colorectal,0,conditions
NCT06914479,brain_cns,Brain & CNS,,brain_cns,0,conditions
NCT05419518,multi,Multiple cancer types / basket or umbrella,unspecified solid / hematologic,,1,conditions
NCT07008118,mds_mpn,MDS & MPN,,mds_mpn,0,conditions
NCT05867420,multi,Multiple cancer types / basket or umbrella,unspecified solid / hematologic,,1,conditions
NCT06295588,other_unclassified,Other / unclassified,,,0,none
NCT07264790,breast,Breast,,breast,0,conditions
NCT06827613,breast,Breast,,breast,0,conditions
NCT06854159,lymphoma,Lymphoma,,lymphoma,0,conditions
NCT06317662,leukemia,Leukemia,,leukemia,0,conditions
NCT07145112,brain_cns,Brain & CNS,,brain_cns,0,conditions
NCT01720836,lung,Lung & thoracic,,lung,0,conditions
NCT07401875,kidney,Kidney,,kidney,0,conditions
NCT07564232,kidney,Kidney,,kidney,0,conditions
NCT05979064,brain_cns,Brain & CNS,,brain_cns,1,conditions
NCT02491099,gynecologic,"Gynecologic (ovarian, uterine, cervical)",,gynecologic,0,conditions
NCT06842498,prostate,Prostate,,prostate,0,conditions
NCT04797767,multi,Multiple cancer types / basket or umbrella,multiple named cancers,leukemia;sarcoma,0,conditions
NCT06686771,lung,Lung & thoracic,,lung,0,conditions
NCT06922591,multi,Multiple cancer types / basket or umbrella,multiple named cancers,lung;pancreatic,1,conditions
NCT05789082,lung,Lung & thoracic,,lung,0,conditions
NCT06043323,lymphoma,Lymphoma,,lymphoma,0,conditions
NCT06867822,colorectal,Colorectal,,colorectal,0,conditions
NCT07802353,multi,Multiple cancer types / basket or umbrella,unspecified solid / hematologic,,1,conditions
NCT06764875,gastric_esophageal,Gastric & esophageal,,gastric_esophageal,0,conditions
NCT06072781,gynecologic,"Gynecologic (ovarian, uterine, cervical)",,gynecologic,0,conditions
NCT06075264,gynecologic,"Gynecologic (ovarian, uterine, cervical)",,gynecologic,0,conditions
NCT06854653,lymphoma,Lymphoma,,lymphoma,0,conditions
NCT05580601,leukemia,Leukemia,,leukemia,0,conditions
NCT05319730,gastric_esophageal,Gastric & esophageal,,gastric_esophageal,0,conditions
NCT06207799,myeloma,Myeloma & plasma cell,,myeloma,0,conditions
NCT05647265,multi,Multiple cancer types / basket or umbrella,multiple named cancers,lung;sarcoma,0,conditions
NCT06254911,head_neck,Head & neck,,head_neck,0,conditions
NCT07196644,multi,Multiple cancer types / basket or umbrella,unspecified solid / hematologic,,1,conditions
NCT05622344,other_unclassified,Other / unclassified,,,0,none
NCT06571734,sarcoma,Sarcoma,,sarcoma,0,conditions
NCT06517212,breast,Breast,,breast,0,conditions
NCT05942300,gynecologic,"Gynecologic (ovarian, uterine, cervical)",,gynecologic,0,conditions
NCT07209111,multi,Multiple cancer types / basket or umbrella,unspecified solid / hematologic,,1,conditions
NCT06807606,multi,Multiple cancer types / basket or umbrella,unspecified solid / hematologic,,1,conditions
NCT07053033,multi,Multiple cancer types / basket or umbrella,unspecified solid / hematologic,,1,conditions
NCT06997081,myeloma,Myeloma & plasma cell,,myeloma,0,conditions
NCT05799144,head_neck,Head & neck,,head_neck,0,conditions
NCT03093116,multi,Multiple cancer types / basket or umbrella,unspecified solid / hematologic,,1,conditions
NCT06458439,lymphoma,Lymphoma,,lymphoma,0,conditions
NCT05234307,lung,Lung & thoracic,,lung,0,conditions
NCT06030011,head_neck,Head & neck,,head_neck,0,conditions
NCT07698899,brain_cns,Brain & CNS,,brain_cns,0,conditions
NCT04734730,prostate,Prostate,,prostate,0,conditions
NCT05640999,gynecologic,"Gynecologic (ovarian, uterine, cervical)",,gynecologic,0,conditions
NCT06750484,breast,Breast,,breast,0,conditions
NCT05919264,multi,Multiple cancer types / basket or umbrella,multiple named cancers,brain_cns;colorectal;gynecologic;head_neck;liver_biliary;prostate;sarcoma,1,conditions
NCT06222593,kidney,Kidney,,kidney,0,conditions
NCT07406633,sarcoma,Sarcoma,,sarcoma,1,conditions
NCT06129734,leukemia,Leukemia,,leukemia,1,conditions
NCT07419464,head_neck,Head & neck,,head_neck,0,conditions
NCT07140016,multi,Multiple cancer types / basket or umbrella,multiple named cancers,lung;lymphoma,0,conditions
NCT06648434,pancreatic,Pancreatic,,pancreatic,0,conditions
NCT07548164,prostate,Prostate,,prostate,0,conditions
NCT06105684,breast,Breast,,breast,0,conditions
NCT06607549,lymphoma,Lymphoma,,lymphoma,0,conditions
NCT05530421,myeloma,Myeloma & plasma cell,,myeloma,0,conditions
NCT06311214,multi,Multiple cancer types / basket or umbrella,unspecified solid / hematologic,,1,conditions
NCT03014687,brain_cns,Brain & CNS,,brain_cns,0,conditions
NCT05422911,prostate,Prostate,,prostate,1,conditions
NCT07078604,breast,Breast,,breast,0,conditions
NCT06377852,breast,Breast,,breast,0,conditions
NCT05429632,leukemia,Leukemia,,leukemia,0,conditions
NCT06108232,lymphoma,Lymphoma,,lymphoma,1,conditions
NCT07225621,brain_cns,Brain & CNS,,brain_cns,0,conditions
NCT05524584,breast,Breast,,breast,0,conditions
NCT04837547,multi,Multiple cancer types / basket or umbrella,multiple named cancers,brain_cns;other_named,0,conditions
NCT06429449,leukemia,Leukemia,,leukemia,0,conditions
NCT06752681,multi,Multiple cancer types / basket or umbrella,unspecified solid / hematologic,,1,conditions
NCT04606030,breast,Breast,,breast,0,title/keywords
NCT06607939,multi,Multiple cancer types / basket or umbrella,unspecified solid / hematologic,,1,conditions
NCT07689175,liver_biliary,Liver & biliary,,liver_biliary,0,conditions
NCT06191978,leukemia,Leukemia,,leukemia,0,conditions
NCT06492759,breast,Breast,,breast,0,conditions
NCT06047379,multi,Multiple cancer types / basket or umbrella,multiple named cancers,bladder_urothelial;brain_cns;colorectal;gastric_esophageal;gynecologic;head_neck;kidney;lung;melanoma_skin,1,conditions
NCT05907980,multi,Multiple cancer types / basket or umbrella,unspecified solid / hematologic,,1,conditions
NCT02133196,lung,Lung & thoracic,,lung,1,conditions
NCT06364423,multi,Multiple cancer types / basket or umbrella,multiple named cancers,leukemia;lymphoma,0,conditions
NCT06636162,brain_cns,Brain & CNS,,brain_cns,1,conditions
NCT05391126,multi,Multiple cancer types / basket or umbrella,multiple named cancers,colorectal;pancreatic,0,conditions
NCT05931393,kidney,Kidney,,kidney,0,conditions
NCT06294548,liver_biliary,Liver & biliary,,liver_biliary,0,conditions
NCT06238648,lymphoma,Lymphoma,,lymphoma,0,conditions
NCT06485778,head_neck,Head & neck,,head_neck,0,conditions
NCT07166406,liver_biliary,Liver & biliary,,liver_biliary,0,conditions
NCT07049055,pancreatic,Pancreatic,,pancreatic,0,conditions
NCT04412616,multi,Multiple cancer types / basket or umbrella,unspecified solid / hematologic,,1,conditions
NCT03516708,colorectal,Colorectal,,colorectal,0,conditions
NCT05475925,multi,Multiple cancer types / basket or umbrella,multiple named cancers,leukemia;lymphoma,0,conditions
NCT06926868,breast,Breast,,breast,0,conditions
NCT04469764,gynecologic,"Gynecologic (ovarian, uterine, cervical)",,gynecologic,0,conditions
NCT06815432,brain_cns,Brain & CNS,,brain_cns,0,conditions
NCT04975152,melanoma_skin,Melanoma & skin,,melanoma_skin,0,conditions
NCT05592626,multi,Multiple cancer types / basket or umbrella,multiple named cancers,colorectal;gynecologic;lung,1,conditions
NCT05746325,multi,Multiple cancer types / basket or umbrella,multiple named cancers,breast;lung,1,conditions
NCT07109726,multi,Multiple cancer types / basket or umbrella,multiple named cancers,breast;gastric_esophageal;gynecologic;head_neck;lung,1,conditions
NCT05386108,multi,Multiple cancer types / basket or umbrella,multiple named cancers,brain_cns;breast,1,conditions
NCT07554521,gastric_esophageal,Gastric & esophageal,,gastric_esophageal,0,conditions
NCT06393738,lymphoma,Lymphoma,,lymphoma,0,conditions
NCT06432985,lung,Lung & thoracic,,lung,0,title/keywords
NCT05493215,sarcoma,Sarcoma,,sarcoma,0,conditions
NCT07290491,multi,Multiple cancer types / basket or umbrella,unspecified solid / hematologic,,1,conditions
NCT05253651,colorectal,Colorectal,,colorectal,0,conditions
NCT05797831,gynecologic,"Gynecologic (ovarian, uterine, cervical)",,gynecologic,0,conditions
NCT06218602,lymphoma,Lymphoma,,lymphoma,0,conditions
NCT03509961,leukemia,Leukemia,,leukemia,0,conditions
NCT07166042,multi,Multiple cancer types / basket or umbrella,multiple named cancers,breast;gynecologic,1,conditions
NCT06923527,breast,Breast,,breast,0,conditions
NCT06218303,breast,Breast,,breast,0,conditions
NCT07288073,melanoma_skin,Melanoma & skin,,melanoma_skin,0,conditions
NCT07144254,sarcoma,Sarcoma,,sarcoma,0,conditions
NCT06182072,pancreatic,Pancreatic,,pancreatic,0,conditions
NCT04606446,multi,Multiple cancer types / basket or umbrella,multiple named cancers,breast;lung;prostate,0,conditions
NCT06710288,gynecologic,"Gynecologic (ovarian, uterine, cervical)",,gynecologic,0,conditions
NCT02843945,pancreatic,Pancreatic,,pancreatic,0,conditions
NCT04443088,multi,Multiple cancer types / basket or umbrella,unspecified solid / hematologic,,1,conditions
NCT05756322,leukemia,Leukemia,,leukemia,0,conditions
NCT06120803,multi,Multiple cancer types / basket or umbrella,multiple named cancers,gastric_esophageal;lung,0,conditions
NCT05139056,brain_cns,Brain & CNS,,brain_cns,0,conditions
NCT04211259,myeloma,Myeloma & plasma cell,,myeloma,0,conditions
NCT05830058,multi,Multiple cancer types / basket or umbrella,multiple named cancers,kidney;lung;melanoma_skin,1,conditions
NCT04215809,leukemia,Leukemia,,leukemia,0,conditions
NCT06961006,melanoma_skin,Melanoma & skin,,melanoma_skin,1,conditions
NCT07321106,colorectal,Colorectal,,colorectal,0,conditions
NCT06177964,brain_cns,Brain & CNS,,brain_cns,0,conditions
NCT05413421,prostate,Prostate,,prostate,0,conditions
NCT06265584,multi,Multiple cancer types / basket or umbrella,multiple named cancers,leukemia;mds_mpn,0,conditions
NCT07631572,gynecologic,"Gynecologic (ovarian, uterine, cervical)",,gynecologic,1,conditions
NCT05733000,multi,Multiple cancer types / basket or umbrella,multiple named cancers,bladder_urothelial;colorectal;gastric_esophageal;gynecologic;liver_biliary;lung;pancreatic,1,conditions
NCT06317649,leukemia,Leukemia,,leukemia,0,conditions
NCT05319015,kidney,Kidney,,kidney,0,conditions
NCT06831526,brain_cns,Brain & CNS,,brain_cns,0,conditions
NCT05610852,prostate,Prostate,,prostate,0,conditions
NCT07524218,multi,Multiple cancer types / basket or umbrella,unspecified solid / hematologic,,1,conditions
NCT06444815,multi,Multiple cancer types / basket or umbrella,multiple named cancers,bladder_urothelial;colorectal;gynecologic;head_neck;kidney;lung;melanoma_skin,1,conditions
NCT06384352,multi,Multiple cancer types / basket or umbrella,unspecified solid / hematologic,,1,conditions
NCT06567015,lung,Lung & thoracic,,lung,0,conditions
NCT05800574,head_neck,Head & neck,,head_neck,0,conditions
NCT04863950,brain_cns,Brain & CNS,,brain_cns,0,conditions
NCT06983743,multi,Multiple cancer types / basket or umbrella,unspecified solid / hematologic,,1,conditions
NCT07751991,leukemia,Leukemia,,leukemia,0,conditions
NCT07154290,lung,Lung & thoracic,,lung,0,conditions
NCT06953089,multi,Multiple cancer types / basket or umbrella,unspecified solid / hematologic,,1,conditions
NCT04303117,multi,Multiple cancer types / basket or umbrella,multiple named cancers,other_named;sarcoma,0,conditions
NCT05168618,prostate,Prostate,,prostate,0,conditions
NCT05538091,gynecologic,"Gynecologic (ovarian, uterine, cervical)",,gynecologic,0,conditions
NCT05932199,lung,Lung & thoracic,,lung,0,conditions
NCT03259867,multi,Multiple cancer types / basket or umbrella,multiple named cancers,gastric_esophageal;liver_biliary,0,conditions
NCT05950464,gynecologic,"Gynecologic (ovarian, uterine, cervical)",,gynecologic,0,conditions
NCT06257693,prostate,Prostate,,prostate,0,conditions
NCT05319314,colorectal,Colorectal,,colorectal,0,conditions
NCT05884333,multi,Multiple cancer types / basket or umbrella,multiple named cancers,leukemia;lymphoma;mds_mpn,0,conditions
NCT06066333,neuroendocrine_endocrine,Neuroendocrine & endocrine,,neuroendocrine_endocrine,0,conditions
NCT06889493,neuroendocrine_endocrine,Neuroendocrine & endocrine,,neuroendocrine_endocrine,0,conditions
NCT07382726,lung,Lung & thoracic,,lung,0,conditions
NCT07266285,multi,Multiple cancer types / basket or umbrella,unspecified solid / hematologic,,1,conditions
NCT07513389,head_neck,Head & neck,,head_neck,0,conditions
NCT06347068,breast,Breast,,breast,0,conditions
NCT06689176,bladder_urothelial,Bladder & urothelial,,bladder_urothelial,0,conditions
NCT03721068,multi,Multiple cancer types / basket or umbrella,multiple named cancers,other_named;sarcoma,0,conditions
NCT05243797,myeloma,Myeloma & plasma cell,,myeloma,0,conditions
NCT06852820,liver_biliary,Liver & biliary,,liver_biliary,0,conditions
NCT05464082,breast,Breast,,breast,0,conditions
NCT04216524,leukemia,Leukemia,,leukemia,0,conditions
NCT06222580,leukemia,Leukemia,,leukemia,0,conditions
NCT07391774,breast,Breast,,breast,0,conditions
NCT07069699,lymphoma,Lymphoma,,lymphoma,0,conditions
NCT07436793,gynecologic,"Gynecologic (ovarian, uterine, cervical)",,gynecologic,0,conditions
NCT07000084,bladder_urothelial,Bladder & urothelial,,bladder_urothelial,0,conditions
NCT06930755,gynecologic,"Gynecologic (ovarian, uterine, cervical)",,gynecologic,0,conditions
NCT05256225,gynecologic,"Gynecologic (ovarian, uterine, cervical)",,gynecologic,0,conditions
NCT06809140,bladder_urothelial,Bladder & urothelial,,bladder_urothelial,0,conditions
NCT05967689,lung,Lung & thoracic,,lung,0,conditions
NCT04988074,head_neck,Head & neck,,head_neck,0,title/keywords
NCT04941274,multi,Multiple cancer types / basket or umbrella,multiple named cancers,other_named;sarcoma,0,conditions
NCT05627960,multi,Multiple cancer types / basket or umbrella,multiple named cancers,breast;lung,0,conditions
NCT05967182,liver_biliary,Liver & biliary,,liver_biliary,0,conditions
NCT06921785,liver_biliary,Liver & biliary,,liver_biliary,0,conditions
NCT05137054,myeloma,Myeloma & plasma cell,,myeloma,0,conditions
NCT07544654,neuroendocrine_endocrine,Neuroendocrine & endocrine,,neuroendocrine_endocrine,0,conditions
NCT05026983,melanoma_skin,Melanoma & skin,,melanoma_skin,0,conditions
NCT06397703,prostate,Prostate,,prostate,0,conditions
NCT04915183,head_neck,Head & neck,,head_neck,0,conditions
NCT06763341,leukemia,Leukemia,,leukemia,0,conditions
NCT04789486,multi,Multiple cancer types / basket or umbrella,multiple named cancers,lung;pancreatic,0,conditions
NCT04491370,lymphoma,Lymphoma,,lymphoma,0,conditions
NCT03138161,sarcoma,Sarcoma,,sarcoma,0,conditions
NCT06955169,brain_cns,Brain & CNS,,brain_cns,0,conditions
NCT05092373,multi,Multiple cancer types / basket or umbrella,multiple named cancers,breast;gynecologic;kidney;liver_biliary,1,conditions
NCT06915025,gynecologic,"Gynecologic (ovarian, uterine, cervical)",,gynecologic,0,conditions
NCT06171750,multi,Multiple cancer types / basket or umbrella,multiple named cancers,lung;melanoma_skin,1,conditions
NCT07171203,sarcoma,Sarcoma,,sarcoma,0,conditions
NCT05953961,liver_biliary,Liver & biliary,,liver_biliary,0,conditions
NCT06523556,mds_mpn,MDS & MPN,,mds_mpn,0,conditions
NCT06119685,multi,Multiple cancer types / basket or umbrella,multiple named cancers,lymphoma;myeloma,1,conditions
NCT06172283,prostate,Prostate,,prostate,0,conditions
NCT05263050,multi,Multiple cancer types / basket or umbrella,multiple named cancers,kidney;neuroendocrine_endocrine,0,conditions
NCT03219450,leukemia,Leukemia,,leukemia,0,conditions
NCT07387666,brain_cns,Brain & CNS,,brain_cns,0,conditions
NCT06850623,pancreatic,Pancreatic,,pancreatic,0,conditions
NCT03850574,multi,Multiple cancer types / basket or umbrella,multiple named cancers,leukemia;mds_mpn,0,conditions
NCT06551142,multi,Multiple cancer types / basket or umbrella,unspecified solid / hematologic,,1,conditions
NCT05645718,leukemia,Leukemia,,leukemia,0,conditions
NCT07277270,multi,Multiple cancer types / basket or umbrella,unspecified solid / hematologic,,1,conditions
NCT06694480,multi,Multiple cancer types / basket or umbrella,unspecified solid / hematologic,,1,conditions
NCT06533579,multi,Multiple cancer types / basket or umbrella,multiple named cancers,leukemia;lymphoma,0,conditions
NCT07361562,multi,Multiple cancer types / basket or umbrella,multiple named cancers,breast;lung,1,conditions
NCT06631521,prostate,Prostate,,prostate,0,conditions
NCT03878849,gynecologic,"Gynecologic (ovarian, uterine, cervical)",,gynecologic,0,conditions
NCT06536049,lymphoma,Lymphoma,,lymphoma,0,conditions
NCT05312255,myeloma,Myeloma & plasma cell,,myeloma,0,conditions
NCT06668584,multi,Multiple cancer types / basket or umbrella,unspecified solid / hematologic,,1,conditions
NCT07424547,multi,Multiple cancer types / basket or umbrella,multiple named cancers,breast;gynecologic;lung;prostate,1,conditions
NCT06635785,multi,Multiple cancer types / basket or umbrella,unspecified solid / hematologic,,1,conditions
NCT07538804,lung,Lung & thoracic,,lung,0,conditions
NCT07096778,myeloma,Myeloma & plasma cell,,myeloma,0,conditions
NCT07215910,brain_cns,Brain & CNS,,brain_cns,0,conditions
NCT04605913,pancreatic,Pancreatic,,pancreatic,0,conditions
NCT06745882,lung,Lung & thoracic,,lung,0,conditions
NCT07644559,pancreatic,Pancreatic,,pancreatic,0,conditions
NCT03623958,lung,Lung & thoracic,,lung,0,conditions
NCT06059118,prostate,Prostate,,prostate,0,conditions
NCT07513376,lung,Lung & thoracic,,lung,0,conditions
NCT02926690,breast,Breast,,breast,0,conditions
NCT06327490,breast,Breast,,breast,0,conditions
NCT07054190,breast,Breast,,breast,0,conditions
NCT06064097,head_neck,Head & neck,,head_neck,0,conditions
NCT04615013,gastric_esophageal,Gastric & esophageal,,gastric_esophageal,0,conditions
NCT06112990,prostate,Prostate,,prostate,0,conditions
NCT05327010,multi,Multiple cancer types / basket or umbrella,unspecified solid / hematologic,,1,conditions
NCT06483048,multi,Multiple cancer types / basket or umbrella,multiple named cancers,gynecologic;sarcoma,0,conditions
NCT06950385,other_unclassified,Other / unclassified,,,0,none
NCT04295863,multi,Multiple cancer types / basket or umbrella,unspecified solid / hematologic,,1,conditions
NCT06110793,breast,Breast,,breast,0,conditions
NCT06307548,colorectal,Colorectal,,colorectal,0,conditions
NCT06625034,prostate,Prostate,,prostate,0,conditions
NCT04746209,leukemia,Leukemia,,leukemia,0,conditions
NCT06483100,myeloma,Myeloma & plasma cell,,myeloma,0,conditions
NCT06343311,lymphoma,Lymphoma,,lymphoma,0,conditions
NCT06698458,pancreatic,Pancreatic,,pancreatic,0,conditions
NCT07539155,pancreatic,Pancreatic,,pancreatic,0,conditions
NCT06780098,lung,Lung & thoracic,,lung,0,conditions
NCT06526104,liver_biliary,Liver & biliary,,liver_biliary,0,conditions
NCT03586609,leukemia,Leukemia,,leukemia,0,conditions
NCT05398484,multi,Multiple cancer types / basket or umbrella,unspecified solid / hematologic,,1,conditions
NCT05528133,breast,Breast,,breast,0,conditions
NCT07025226,brain_cns,Brain & CNS,,brain_cns,0,conditions
NCT04659616,leukemia,Leukemia,,leukemia,0,conditions
NCT07227584,leukemia,Leukemia,,leukemia,0,conditions
NCT06503614,bladder_urothelial,Bladder & urothelial,,bladder_urothelial,0,conditions
NCT04449549,multi,Multiple cancer types / basket or umbrella,unspecified solid / hematologic,,1,conditions
NCT05672147,leukemia,Leukemia,,leukemia,0,conditions
NCT06617858,colorectal,Colorectal,,colorectal,0,conditions
NCT07637578,myeloma,Myeloma & plasma cell,,myeloma,0,conditions
NCT06005493,multi,Multiple cancer types / basket or umbrella,multiple named cancers,gastric_esophageal;pancreatic,0,conditions
NCT07562152,pancreatic,Pancreatic,,pancreatic,0,conditions
NCT07061626,brain_cns,Brain & CNS,,brain_cns,0,conditions
NCT07219147,prostate,Prostate,,prostate,0,conditions
NCT05711615,sarcoma,Sarcoma,,sarcoma,0,conditions
NCT05998135,gynecologic,"Gynecologic (ovarian, uterine, cervical)",,gynecologic,0,conditions
NCT05826535,lymphoma,Lymphoma,,lymphoma,0,conditions
NCT07012044,leukemia,Leukemia,,leukemia,0,conditions
NCT04098744,gynecologic,"Gynecologic (ovarian, uterine, cervical)",,gynecologic,0,title/keywords
NCT07405801,breast,Breast,,breast,0,conditions
NCT06855771,lung,Lung & thoracic,,lung,0,conditions
NCT05977998,gastric_esophageal,Gastric & esophageal,,gastric_esophageal,1,conditions
NCT07776704,multi,Multiple cancer types / basket or umbrella,unspecified solid / hematologic,,1,conditions
NCT05263284,leukemia,Leukemia,,leukemia,0,conditions
NCT07635238,prostate,Prostate,,prostate,0,conditions
NCT07572006,multi,Multiple cancer types / basket or umbrella,unspecified solid / hematologic,,1,conditions
NCT06276491,multi,Multiple cancer types / basket or umbrella,multiple named cancers,gynecologic;other_named,0,conditions
NCT06184516,bladder_urothelial,Bladder & urothelial,,bladder_urothelial,0,conditions
NCT05268614,head_neck,Head & neck,,head_neck,0,conditions
NCT04754321,head_neck,Head & neck,,head_neck,0,conditions
NCT06084338,prostate,Prostate,,prostate,0,conditions
NCT02559778,other_named,Other named cancer,,other_named,0,conditions
NCT06422143,lung,Lung & thoracic,,lung,0,conditions
NCT07433673,colorectal,Colorectal,,colorectal,0,conditions
NCT07470853,gynecologic,"Gynecologic (ovarian, uterine, cervical)",,gynecologic,0,conditions
NCT04930653,lymphoma,Lymphoma,,lymphoma,0,conditions
NCT06623396,multi,Multiple cancer types / basket or umbrella,multiple named cancers,breast;gastric_esophageal,1,conditions
NCT07312903,multi,Multiple cancer types / basket or umbrella,unspecified solid / hematologic,,1,conditions
NCT07749586,multi,Multiple cancer types / basket or umbrella,unspecified solid / hematologic,,1,conditions
NCT06149286,lymphoma,Lymphoma,,lymphoma,0,conditions
NCT07451054,lymphoma,Lymphoma,,lymphoma,0,conditions
NCT05806931,colorectal,Colorectal,,colorectal,0,conditions
NCT07175441,liver_biliary,Liver & biliary,,liver_biliary,0,conditions
NCT06157151,gynecologic,"Gynecologic (ovarian, uterine, cervical)",,gynecologic,1,conditions
NCT06673095,melanoma_skin,Melanoma & skin,,melanoma_skin,0,conditions
NCT07694986,breast,Breast,,breast,1,conditions
NCT05174169,colorectal,Colorectal,,colorectal,0,conditions
NCT05901545,head_neck,Head & neck,,head_neck,0,conditions
NCT05950139,lung,Lung & thoracic,,lung,0,conditions
NCT04879329,bladder_urothelial,Bladder & urothelial,,bladder_urothelial,0,conditions
NCT06472245,lung,Lung & thoracic,,lung,0,conditions
NCT05659381,gynecologic,"Gynecologic (ovarian, uterine, cervical)",,gynecologic,0,conditions
NCT05281237,lung,Lung & thoracic,,lung,0,conditions
NCT06910657,multi,Multiple cancer types / basket or umbrella,multiple named cancers,bladder_urothelial;breast;colorectal;gastric_esophageal;gynecologic;head_neck;kidney;liver_biliary;lung;melanoma_skin;pancreatic;prostate;sarcoma,0,conditions
NCT05336812,leukemia,Leukemia,,leukemia,0,conditions
NCT06533644,prostate,Prostate,,prostate,0,conditions
NCT06778863,multi,Multiple cancer types / basket or umbrella,multiple named cancers,bladder_urothelial;breast;colorectal;gynecologic;head_neck;lung;pancreatic;prostate,1,conditions
NCT06675136,gastric_esophageal,Gastric & esophageal,,gastric_esophageal,1,conditions
NCT05451004,head_neck,Head & neck,,head_neck,0,conditions
NCT06500884,myeloma,Myeloma & plasma cell,,myeloma,0,conditions
NCT05039632,multi,Multiple cancer types / basket or umbrella,basket with a named cohort,lung,1,conditions+title
NCT06892548,lung,Lung & thoracic,,lung,0,conditions
NCT06562543,colorectal,Colorectal,,colorectal,0,conditions
NCT07021898,multi,Multiple cancer types / basket or umbrella,unspecified solid / hematologic,,1,conditions
NCT05432804,brain_cns,Brain & CNS,,brain_cns,0,conditions
NCT05204147,multi,Multiple cancer types / basket or umbrella,unspecified solid / hematologic,,1,conditions
NCT06213311,lymphoma,Lymphoma,,lymphoma,0,conditions
NCT07092514,neuroendocrine_endocrine,Neuroendocrine & endocrine,,neuroendocrine_endocrine,0,conditions
NCT07037758,lung,Lung & thoracic,,lung,0,conditions
NCT05901285,multi,Multiple cancer types / basket or umbrella,unspecified solid / hematologic,,1,conditions
NCT06479811,multi,Multiple cancer types / basket or umbrella,multiple named cancers,brain_cns;head_neck;kidney;lung;neuroendocrine_endocrine;other_named,0,conditions
NCT07194044,sarcoma,Sarcoma,,sarcoma,0,conditions
NCT06152809,leukemia,Leukemia,,leukemia,0,conditions
NCT07190248,lung,Lung & thoracic,,lung,0,conditions
NCT05573126,breast,Breast,,breast,0,conditions
NCT07354100,multi,Multiple cancer types / basket or umbrella,unspecified solid / hematologic,,1,conditions
NCT07192900,lung,Lung & thoracic,,lung,1,conditions
NCT04895709,multi,Multiple cancer types / basket or umbrella,multiple named cancers,bladder_urothelial;breast;colorectal;gastric_esophageal;gynecologic;head_neck;kidney;lung;melanoma_skin;pancreatic,0,conditions
NCT06260514,multi,Multiple cancer types / basket or umbrella,unspecified solid / hematologic,,1,conditions
NCT06246916,melanoma_skin,Melanoma & skin,,melanoma_skin,0,conditions
NCT06174987,multi,Multiple cancer types / basket or umbrella,unspecified solid / hematologic,,1,conditions
NCT07095114,breast,Breast,,breast,0,conditions
NCT06203600,gastric_esophageal,Gastric & esophageal,,gastric_esophageal,0,conditions
NCT07591428,other_unclassified,Other / unclassified,,,0,none
NCT06638307,breast,Breast,,breast,0,conditions
NCT07044544,multi,Multiple cancer types / basket or umbrella,multiple named cancers,leukemia;mds_mpn,1,conditions
NCT06190899,prostate,Prostate,,prostate,0,conditions
NCT05038332,prostate,Prostate,,prostate,0,conditions
NCT07276438,prostate,Prostate,,prostate,0,conditions
NCT06780137,lung,Lung & thoracic,,lung,0,conditions
NCT05861895,multi,Multiple cancer types / basket or umbrella,unspecified solid / hematologic,,1,conditions
NCT06460298,breast,Breast,,breast,0,conditions
NCT06088771,lung,Lung & thoracic,,lung,0,conditions
NCT05168163,liver_biliary,Liver & biliary,,liver_biliary,0,conditions
NCT04503265,multi,Multiple cancer types / basket or umbrella,multiple named cancers,breast;gynecologic;pancreatic;prostate,1,conditions
NCT07444632,lymphoma,Lymphoma,,lymphoma,0,conditions
NCT06176690,lymphoma,Lymphoma,,lymphoma,0,conditions
NCT06449313,lung,Lung & thoracic,,lung,0,conditions
NCT06260033,breast,Breast,,breast,0,conditions
NCT05584826,multi,Multiple cancer types / basket or umbrella,unspecified solid / hematologic,,1,conditions
NCT07664176,brain_cns,Brain & CNS,,brain_cns,0,conditions
NCT06262516,bladder_urothelial,Bladder & urothelial,,bladder_urothelial,0,conditions
NCT07227597,lung,Lung & thoracic,,lung,0,conditions
NCT06627647,lung,Lung & thoracic,,lung,0,conditions
NCT04902443,multi,Multiple cancer types / basket or umbrella,multiple named cancers,lymphoma;other_named;sarcoma,1,conditions
NCT04361708,multi,Multiple cancer types / basket or umbrella,multiple named cancers,gastric_esophageal;pancreatic,1,conditions
NCT04891068,breast,Breast,,breast,0,conditions
NCT05372614,multi,Multiple cancer types / basket or umbrella,basket with a named cohort,pancreatic,1,conditions+title
NCT03959085,multi,Multiple cancer types / basket or umbrella,multiple named cancers,leukemia;lymphoma;other_named,0,conditions
NCT06247787,multi,Multiple cancer types / basket or umbrella,multiple named cancers,leukemia;mds_mpn,0,conditions
NCT05296304,lymphoma,Lymphoma,,lymphoma,0,conditions
NCT05534438,breast,Breast,,breast,1,conditions
NCT06736704,multi,Multiple cancer types / basket or umbrella,unspecified solid / hematologic,,1,conditions
NCT02896335,multi,Multiple cancer types / basket or umbrella,unspecified solid / hematologic,,1,conditions
NCT06911008,multi,Multiple cancer types / basket or umbrella,unspecified solid / hematologic,,1,conditions
NCT00801489,multi,Multiple cancer types / basket or umbrella,multiple named cancers,leukemia;mds_mpn,0,conditions
NCT05052957,brain_cns,Brain & CNS,,brain_cns,0,conditions
NCT06969430,leukemia,Leukemia,,leukemia,0,conditions
NCT05834244,leukemia,Leukemia,,leukemia,0,conditions
NCT06375044,myeloma,Myeloma & plasma cell,,myeloma,0,conditions
NCT06760819,multi,Multiple cancer types / basket or umbrella,unspecified solid / hematologic,,1,conditions
NCT06072612,breast,Breast,,breast,0,conditions
NCT06228599,pancreatic,Pancreatic,,pancreatic,0,conditions
NCT07276399,head_neck,Head & neck,,head_neck,0,conditions
NCT05768932,multi,Multiple cancer types / basket or umbrella,multiple named cancers,breast;gastric_esophageal;leukemia,1,conditions
NCT07665372,other_unclassified,Other / unclassified,,,0,none
NCT07225439,multi,Multiple cancer types / basket or umbrella,multiple named cancers,leukemia;lymphoma,0,conditions
NCT03909412,myeloma,Myeloma & plasma cell,,myeloma,0,conditions
NCT04078230,liver_biliary,Liver & biliary,,liver_biliary,0,conditions
NCT05776524,pancreatic,Pancreatic,,pancreatic,0,conditions
NCT07318324,gynecologic,"Gynecologic (ovarian, uterine, cervical)",,gynecologic,0,conditions
NCT05000294,multi,Multiple cancer types / basket or umbrella,multiple named cancers,bladder_urothelial;breast;gynecologic;liver_biliary;neuroendocrine_endocrine;pancreatic;prostate;sarcoma,0,conditions
NCT07277322,colorectal,Colorectal,,colorectal,1,conditions
NCT05999994,multi,Multiple cancer types / basket or umbrella,unspecified solid / hematologic,,1,conditions
NCT05408845,head_neck,Head & neck,,head_neck,0,conditions
NCT06236724,leukemia,Leukemia,,leukemia,0,conditions
NCT03295227,lung,Lung & thoracic,,lung,0,conditions
NCT06826924,prostate,Prostate,,prostate,0,conditions
NCT07228442,melanoma_skin,Melanoma & skin,,melanoma_skin,0,conditions
NCT06267729,prostate,Prostate,,prostate,0,conditions
NCT07012031,lung,Lung & thoracic,,lung,0,conditions
NCT06172296,multi,Multiple cancer types / basket or umbrella,multiple named cancers,brain_cns;other_named,0,conditions
NCT06511141,multi,Multiple cancer types / basket or umbrella,multiple named cancers,bladder_urothelial;prostate,0,conditions
NCT07513129,multi,Multiple cancer types / basket or umbrella,multiple named cancers,leukemia;lymphoma,0,conditions
NCT05454280,multi,Multiple cancer types / basket or umbrella,unspecified solid / hematologic,,1,conditions
NCT07650656,sarcoma,Sarcoma,,sarcoma,0,conditions
NCT06731270,lung,Lung & thoracic,,lung,0,conditions
NCT06103669,multi,Multiple cancer types / basket or umbrella,multiple named cancers,breast;head_neck;sarcoma,0,conditions
NCT07735624,colorectal,Colorectal,,colorectal,0,conditions
NCT06528496,other_named,Other named cancer,,other_named,0,conditions
NCT04614103,lung,Lung & thoracic,,lung,0,conditions
NCT07123454,lymphoma,Lymphoma,,lymphoma,0,conditions
NCT05613894,prostate,Prostate,,prostate,0,conditions
NCT06750094,colorectal,Colorectal,,colorectal,0,conditions
NCT05687123,multi,Multiple cancer types / basket or umbrella,multiple named cancers,neuroendocrine_endocrine;pancreatic,0,conditions
NCT06239194,multi,Multiple cancer types / basket or umbrella,multiple named cancers,breast;colorectal;gastric_esophageal;gynecologic;head_neck;kidney;liver_biliary;lung;neuroendocrine_endocrine;pancreatic;prostate,0,conditions
NCT03175224,multi,Multiple cancer types / basket or umbrella,multiple named cancers,brain_cns;colorectal;gastric_esophageal;kidney;lung;neuroendocrine_endocrine;pancreatic,1,conditions
NCT06058988,brain_cns,Brain & CNS,,brain_cns,1,conditions
NCT05756569,multi,Multiple cancer types / basket or umbrella,multiple named cancers,bladder_urothelial;other_named,1,conditions
NCT05633654,breast,Breast,,breast,0,conditions
NCT06529523,colorectal,Colorectal,,colorectal,0,conditions
NCT06080503,head_neck,Head & neck,,head_neck,0,conditions
NCT06564623,liver_biliary,Liver & biliary,,liver_biliary,0,conditions
NCT06655246,sarcoma,Sarcoma,,sarcoma,1,conditions
NCT07356154,leukemia,Leukemia,,leukemia,0,conditions
NCT06574880,prostate,Prostate,,prostate,1,conditions
NCT07162480,head_neck,Head & neck,,head_neck,0,conditions
NCT06906341,gynecologic,"Gynecologic (ovarian, uterine, cervical)",,gynecologic,0,conditions
NCT06028828,multi,Multiple cancer types / basket or umbrella,unspecified solid / hematologic,,1,conditions
NCT06638502,multi,Multiple cancer types / basket or umbrella,unspecified solid / hematologic,,1,conditions
NCT04107077,gastric_esophageal,Gastric & esophageal,,gastric_esophageal,1,conditions
NCT06807619,brain_cns,Brain & CNS,,brain_cns,0,conditions
NCT06183437,multi,Multiple cancer types / basket or umbrella,unspecified solid / hematologic,,1,conditions
NCT07003295,lymphoma,Lymphoma,,lymphoma,0,conditions
NCT07285239,myeloma,Myeloma & plasma cell,,myeloma,0,conditions
NCT05498428,lung,Lung & thoracic,,lung,0,conditions
NCT05873712,multi,Multiple cancer types / basket or umbrella,multiple named cancers,leukemia;lymphoma,0,conditions
NCT07767500,kidney,Kidney,,kidney,0,conditions
NCT05789394,brain_cns,Brain & CNS,,brain_cns,0,conditions
NCT05765812,brain_cns,Brain & CNS,,brain_cns,0,conditions
NCT04771130,multi,Multiple cancer types / basket or umbrella,multiple named cancers,leukemia;mds_mpn,0,conditions
NCT06173518,multi,Multiple cancer types / basket or umbrella,multiple named cancers,leukemia;lymphoma,0,conditions
NCT05410145,multi,Multiple cancer types / basket or umbrella,unspecified (title),,1,title
NCT05020236,myeloma,Myeloma & plasma cell,,myeloma,0,conditions
NCT07539311,multi,Multiple cancer types / basket or umbrella,unspecified solid / hematologic,,1,conditions
NCT06735664,multi,Multiple cancer types / basket or umbrella,multiple named cancers,leukemia;lymphoma,0,conditions
NCT06465069,multi,Multiple cancer types / basket or umbrella,multiple named cancers,bladder_urothelial;breast;gastric_esophageal;gynecologic;head_neck;lung;pancreatic;prostate,1,conditions
NCT07007559,breast,Breast,,breast,0,conditions
NCT07148180,leukemia,Leukemia,,leukemia,1,conditions
NCT07336446,prostate,Prostate,,prostate,0,conditions
NCT06472661,melanoma_skin,Melanoma & skin,,melanoma_skin,0,conditions
NCT04005690,pancreatic,Pancreatic,,pancreatic,0,conditions
NCT06858813,multi,Multiple cancer types / basket or umbrella,multiple named cancers,liver_biliary;lung,0,conditions
NCT06814496,multi,Multiple cancer types / basket or umbrella,multiple named cancers,bladder_urothelial;brain_cns;gynecologic;head_neck;lung;melanoma_skin;neuroendocrine_endocrine;other_named,0,conditions
NCT06910761,multi,Multiple cancer types / basket or umbrella,multiple named cancers,breast;lung,1,conditions
NCT05773274,neuroendocrine_endocrine,Neuroendocrine & endocrine,,neuroendocrine_endocrine,0,conditions
NCT05691010,gynecologic,"Gynecologic (ovarian, uterine, cervical)",,gynecologic,0,conditions
NCT06896162,multi,Multiple cancer types / basket or umbrella,multiple named cancers,bladder_urothelial;breast;colorectal;lung,1,conditions
NCT04995003,sarcoma,Sarcoma,,sarcoma,0,conditions
NCT06320405,multi,Multiple cancer types / basket or umbrella,unspecified solid / hematologic,,1,conditions
NCT04779554,multi,Multiple cancer types / basket or umbrella,unspecified solid / hematologic,,1,conditions
NCT07326566,brain_cns,Brain & CNS,,brain_cns,0,conditions
NCT07102394,sarcoma,Sarcoma,,sarcoma,0,conditions
NCT07594002,prostate,Prostate,,prostate,0,conditions
NCT07185880,brain_cns,Brain & CNS,,brain_cns,0,conditions
NCT01515527,leukemia,Leukemia,,leukemia,0,conditions
NCT07054346,prostate,Prostate,,prostate,0,conditions
NCT07181941,myeloma,Myeloma & plasma cell,,myeloma,0,conditions
NCT03310879,multi,Multiple cancer types / basket or umbrella,unspecified solid / hematologic,,1,conditions
NCT06897488,breast,Breast,,breast,0,conditions
NCT07161414,multi,Multiple cancer types / basket or umbrella,unspecified solid / hematologic,,1,conditions
NCT03533816,multi,Multiple cancer types / basket or umbrella,multiple named cancers,leukemia;mds_mpn,0,conditions
NCT06420089,lymphoma,Lymphoma,,lymphoma,0,conditions
NCT05222620,multi,Multiple cancer types / basket or umbrella,unspecified solid / hematologic,,1,conditions
NCT05801913,lymphoma,Lymphoma,,lymphoma,0,conditions
NCT06027086,liver_biliary,Liver & biliary,,liver_biliary,0,conditions
NCT06111313,prostate,Prostate,,prostate,0,conditions
NCT05691491,colorectal,Colorectal,,colorectal,1,conditions
NCT06625190,multi,Multiple cancer types / basket or umbrella,multiple named cancers,kidney;other_named;sarcoma,0,conditions
NCT06541262,multi,Multiple cancer types / basket or umbrella,multiple named cancers,other_named;sarcoma,0,conditions
NCT05113368,gynecologic,"Gynecologic (ovarian, uterine, cervical)",,gynecologic,0,conditions
NCT06828991,lymphoma,Lymphoma,,lymphoma,0,conditions
NCT05549297,melanoma_skin,Melanoma & skin,,melanoma_skin,0,conditions
NCT06859762,multi,Multiple cancer types / basket or umbrella,unspecified solid / hematologic,,1,conditions
NCT06457503,head_neck,Head & neck,,head_neck,0,conditions
NCT07123103,multi,Multiple cancer types / basket or umbrella,unspecified solid / hematologic,,1,conditions
NCT07621718,pancreatic,Pancreatic,,pancreatic,0,conditions
NCT05361174,multi,Multiple cancer types / basket or umbrella,multiple named cancers,lung;melanoma_skin,0,conditions
NCT06876662,multi,Multiple cancer types / basket or umbrella,multiple named cancers,leukemia;lymphoma,0,conditions
NCT05208762,multi,Multiple cancer types / basket or umbrella,multiple named cancers,breast;gastric_esophageal;gynecologic;head_neck;liver_biliary;lung;pancreatic,0,conditions
NCT07593092,gynecologic,"Gynecologic (ovarian, uterine, cervical)",,gynecologic,0,conditions
NCT06266299,multi,Multiple cancer types / basket or umbrella,multiple named cancers,gastric_esophageal;lung,1,conditions
NCT06161519,brain_cns,Brain & CNS,,brain_cns,0,conditions
NCT04543071,pancreatic,Pancreatic,,pancreatic,1,conditions
NCT07293351,kidney,Kidney,,kidney,0,conditions
NCT05614739,bladder_urothelial,Bladder & urothelial,,bladder_urothelial,1,conditions
NCT07645651,pancreatic,Pancreatic,,pancreatic,0,conditions
NCT04031677,sarcoma,Sarcoma,,sarcoma,0,conditions
NCT05795101,breast,Breast,,breast,0,conditions
NCT05669430,multi,Multiple cancer types / basket or umbrella,multiple named cancers,colorectal;gynecologic;head_neck;lung;melanoma_skin,1,conditions
NCT04750928,sarcoma,Sarcoma,,sarcoma,0,conditions
NCT03661307,multi,Multiple cancer types / basket or umbrella,multiple named cancers,leukemia;mds_mpn,0,conditions
NCT04560322,leukemia,Leukemia,,leukemia,0,conditions
NCT04084730,breast,Breast,,breast,0,conditions
NCT03886311,sarcoma,Sarcoma,,sarcoma,0,conditions
NCT05009992,brain_cns,Brain & CNS,,brain_cns,0,conditions
NCT05989828,breast,Breast,,breast,0,conditions
NCT07364071,prostate,Prostate,,prostate,0,conditions
NCT02870244,melanoma_skin,Melanoma & skin,,melanoma_skin,0,conditions
NCT06609928,leukemia,Leukemia,,leukemia,0,conditions
NCT05123365,mds_mpn,MDS & MPN,,mds_mpn,0,conditions
NCT05768139,multi,Multiple cancer types / basket or umbrella,basket with a named cohort,breast,1,conditions+title
NCT04521764,breast,Breast,,breast,0,conditions
NCT06463665,lung,Lung & thoracic,,lung,0,conditions
NCT07199764,pancreatic,Pancreatic,,pancreatic,0,conditions
NCT04768426,breast,Breast,,breast,0,conditions
NCT05879926,breast,Breast,,breast,0,conditions
NCT06058663,liver_biliary,Liver & biliary,,liver_biliary,1,conditions
NCT07504458,leukemia,Leukemia,,leukemia,0,conditions
NCT06244004,prostate,Prostate,,prostate,0,conditions
NCT07734038,leukemia,Leukemia,,leukemia,0,conditions
NCT06502171,sarcoma,Sarcoma,,sarcoma,0,conditions
NCT01804634,multi,Multiple cancer types / basket or umbrella,unspecified solid / hematologic,,1,conditions
NCT03484299,pancreatic,Pancreatic,,pancreatic,0,conditions
NCT07281716,colorectal,Colorectal,,colorectal,0,conditions
NCT07076485,breast,Breast,,breast,0,conditions
NCT05125016,prostate,Prostate,,prostate,0,conditions
NCT06535607,multi,Multiple cancer types / basket or umbrella,multiple named cancers,gastric_esophageal;gynecologic;head_neck;lung,0,conditions
NCT03802695,multi,Multiple cancer types / basket or umbrella,multiple named cancers,leukemia;mds_mpn,0,conditions
NCT07492641,breast,Breast,,breast,0,conditions
NCT07477457,sarcoma,Sarcoma,,sarcoma,1,conditions
NCT06852222,leukemia,Leukemia,,leukemia,0,conditions
NCT06287775,lung,Lung & thoracic,,lung,0,conditions
NCT04234386,breast,Breast,,breast,0,conditions
NCT07222631,lymphoma,Lymphoma,,lymphoma,1,conditions
NCT05774951,breast,Breast,,breast,0,conditions
NCT07659795,colorectal,Colorectal,,colorectal,0,conditions
NCT06922539,lung,Lung & thoracic,,lung,0,conditions
NCT07059494,liver_biliary,Liver & biliary,,liver_biliary,0,conditions
NCT07291037,lung,Lung & thoracic,,lung,0,conditions
NCT05203172,multi,Multiple cancer types / basket or umbrella,unspecified solid / hematologic,,1,conditions
NCT07467772,multi,Multiple cancer types / basket or umbrella,multiple named cancers,gynecologic;sarcoma,0,conditions
NCT07241039,multi,Multiple cancer types / basket or umbrella,multiple named cancers (title/keywords),head_neck;lung,0,title/keywords
NCT07140900,prostate,Prostate,,prostate,0,conditions
NCT05100095,melanoma_skin,Melanoma & skin,,melanoma_skin,0,conditions
NCT05142605,multi,Multiple cancer types / basket or umbrella,unspecified solid / hematologic,,1,conditions
NCT07270666,gynecologic,"Gynecologic (ovarian, uterine, cervical)",,gynecologic,0,conditions
NCT07480356,bladder_urothelial,Bladder & urothelial,,bladder_urothelial,0,conditions
NCT05867251,multi,Multiple cancer types / basket or umbrella,multiple named cancers,breast;gynecologic,1,conditions
NCT06047886,multi,Multiple cancer types / basket or umbrella,multiple named cancers,leukemia;mds_mpn,1,conditions
NCT07025369,prostate,Prostate,,prostate,0,conditions
NCT06656494,multi,Multiple cancer types / basket or umbrella,multiple named cancers,leukemia;mds_mpn,0,conditions
NCT03816345,multi,Multiple cancer types / basket or umbrella,unspecified solid / hematologic,,1,conditions
NCT05377905,melanoma_skin,Melanoma & skin,,melanoma_skin,0,conditions
NCT06768905,lymphoma,Lymphoma,,lymphoma,0,conditions
NCT07317505,multi,Multiple cancer types / basket or umbrella,unspecified solid / hematologic,,1,conditions
NCT06313502,myeloma,Myeloma & plasma cell,,myeloma,0,conditions
NCT02727803,multi,Multiple cancer types / basket or umbrella,multiple named cancers,leukemia;lymphoma;mds_mpn;myeloma,0,conditions
NCT05168566,lung,Lung & thoracic,,lung,0,conditions
NCT06712745,lung,Lung & thoracic,,lung,1,conditions
NCT06120283,breast,Breast,,breast,1,conditions
NCT04342429,lung,Lung & thoracic,,lung,0,conditions
NCT04998669,lymphoma,Lymphoma,,lymphoma,0,conditions
NCT06351631,mds_mpn,MDS & MPN,,mds_mpn,0,conditions
NCT04936529,other_named,Other named cancer,,other_named,0,conditions
NCT06672575,brain_cns,Brain & CNS,,brain_cns,0,conditions
NCT04928677,multi,Multiple cancer types / basket or umbrella,unspecified solid / hematologic,,1,conditions
NCT07288177,lung,Lung & thoracic,,lung,0,conditions
NCT05843253,brain_cns,Brain & CNS,,brain_cns,0,conditions
NCT07365319,lung,Lung & thoracic,,lung,0,conditions
NCT07069595,breast,Breast,,breast,0,conditions
NCT04020575,breast,Breast,,breast,0,conditions
NCT05903092,lung,Lung & thoracic,,lung,0,conditions
NCT03594630,colorectal,Colorectal,,colorectal,0,conditions
NCT07560865,brain_cns,Brain & CNS,,brain_cns,0,conditions
NCT06843434,colorectal,Colorectal,,colorectal,0,conditions
NCT07149857,myeloma,Myeloma & plasma cell,,myeloma,0,conditions
NCT05245500,multi,Multiple cancer types / basket or umbrella,multiple named cancers,lung;pancreatic;sarcoma,1,conditions
NCT06029309,lymphoma,Lymphoma,,lymphoma,0,conditions
NCT07504796,melanoma_skin,Melanoma & skin,,melanoma_skin,0,conditions
NCT06377540,lymphoma,Lymphoma,,lymphoma,0,conditions
NCT03314974,multi,Multiple cancer types / basket or umbrella,multiple named cancers,leukemia;lymphoma;mds_mpn;myeloma,1,conditions
NCT06252662,breast,Breast,,breast,0,conditions
NCT07194980,leukemia,Leukemia,,leukemia,0,conditions
NCT05287568,leukemia,Leukemia,,leukemia,0,conditions
NCT01766297,breast,Breast,,breast,0,conditions
NCT06707610,multi,Multiple cancer types / basket or umbrella,unspecified solid / hematologic,,1,conditions
NCT06203210,lung,Lung & thoracic,,lung,0,conditions
NCT03786796,kidney,Kidney,,kidney,0,conditions
NCT04808323,colorectal,Colorectal,,colorectal,0,conditions
NCT03564340,gynecologic,"Gynecologic (ovarian, uterine, cervical)",,gynecologic,0,conditions
NCT04693468,multi,Multiple cancer types / basket or umbrella,unspecified solid / hematologic,,1,conditions
NCT06299891,multi,Multiple cancer types / basket or umbrella,multiple named cancers,brain_cns;head_neck,0,conditions
NCT05074290,breast,Breast,,breast,0,conditions
NCT05735080,multi,Multiple cancer types / basket or umbrella,multiple named cancers,breast;gynecologic,1,conditions
NCT06285890,leukemia,Leukemia,,leukemia,0,conditions
NCT04511013,melanoma_skin,Melanoma & skin,,melanoma_skin,1,conditions
NCT06805617,head_neck,Head & neck,,head_neck,0,conditions
NCT07060989,multi,Multiple cancer types / basket or umbrella,unspecified solid / hematologic,,1,conditions
NCT03081910,multi,Multiple cancer types / basket or umbrella,multiple named cancers,leukemia;lymphoma,0,conditions
NCT04337580,prostate,Prostate,,prostate,1,conditions
NCT04660760,gastric_esophageal,Gastric & esophageal,,gastric_esophageal,0,conditions
NCT05079282,lymphoma,Lymphoma,,lymphoma,0,conditions
NCT06225310,myeloma,Myeloma & plasma cell,,myeloma,0,conditions
NCT06589440,colorectal,Colorectal,,colorectal,0,conditions
NCT06350318,lymphoma,Lymphoma,,lymphoma,0,conditions
NCT05464810,breast,Breast,,breast,0,conditions
NCT05748197,leukemia,Leukemia,,leukemia,0,conditions
NCT05436418,leukemia,Leukemia,,leukemia,0,title/keywords
NCT06616597,prostate,Prostate,,prostate,0,conditions
NCT07226713,prostate,Prostate,,prostate,0,conditions
NCT04953897,multi,Multiple cancer types / basket or umbrella,multiple named cancers,leukemia;mds_mpn,0,conditions
NCT07489976,liver_biliary,Liver & biliary,,liver_biliary,0,title/keywords
NCT05442515,multi,Multiple cancer types / basket or umbrella,multiple named cancers,leukemia;lymphoma,0,conditions
NCT06366347,gynecologic,"Gynecologic (ovarian, uterine, cervical)",,gynecologic,0,conditions
NCT06637306,breast,Breast,,breast,0,conditions
NCT03150693,leukemia,Leukemia,,leukemia,0,conditions
NCT06994806,multi,Multiple cancer types / basket or umbrella,unspecified solid / hematologic,,1,conditions
NCT05425004,brain_cns,Brain & CNS,,brain_cns,0,conditions
NCT06493552,bladder_urothelial,Bladder & urothelial,,bladder_urothelial,0,conditions
NCT05183126,multi,Multiple cancer types / basket or umbrella,multiple named cancers,breast;gastric_esophageal,0,conditions
NCT06680752,multi,Multiple cancer types / basket or umbrella,multiple named cancers,leukemia;mds_mpn,0,conditions
NCT06311578,multi,Multiple cancer types / basket or umbrella,unspecified solid / hematologic,,1,conditions
NCT05710848,bladder_urothelial,Bladder & urothelial,,bladder_urothelial,0,conditions
NCT05945849,leukemia,Leukemia,,leukemia,0,conditions
NCT04943848,brain_cns,Brain & CNS,,brain_cns,0,conditions
NCT06422806,sarcoma,Sarcoma,,sarcoma,0,conditions
NCT06948448,colorectal,Colorectal,,colorectal,0,conditions
NCT05552222,myeloma,Myeloma & plasma cell,,myeloma,0,conditions
NCT06498973,multi,Multiple cancer types / basket or umbrella,multiple named cancers,leukemia;mds_mpn,0,conditions
NCT06376162,leukemia,Leukemia,,leukemia,0,conditions
NCT07484022,bladder_urothelial,Bladder & urothelial,,bladder_urothelial,0,conditions
NCT06563479,head_neck,Head & neck,,head_neck,0,title/keywords
NCT06887218,colorectal,Colorectal,,colorectal,0,conditions
NCT06926920,breast,Breast,,breast,0,conditions
NCT05636618,multi,Multiple cancer types / basket or umbrella,multiple named cancers,brain_cns;neuroendocrine_endocrine,0,conditions
NCT06386146,multi,Multiple cancer types / basket or umbrella,unspecified solid / hematologic,,1,conditions
NCT06246968,breast,Breast,,breast,0,conditions
NCT06952803,prostate,Prostate,,prostate,0,conditions
NCT04933903,lung,Lung & thoracic,,lung,0,conditions
NCT07197554,multi,Multiple cancer types / basket or umbrella,multiple named cancers,liver_biliary;sarcoma,1,conditions
NCT06569368,colorectal,Colorectal,,colorectal,0,conditions
NCT06730542,lymphoma,Lymphoma,,lymphoma,0,conditions
NCT03190941,multi,Multiple cancer types / basket or umbrella,multiple named cancers,colorectal;gastric_esophageal;pancreatic,1,conditions
NCT06630091,lymphoma,Lymphoma,,lymphoma,0,conditions
NCT05024097,colorectal,Colorectal,,colorectal,0,conditions
NCT06006013,neuroendocrine_endocrine,Neuroendocrine & endocrine,,neuroendocrine_endocrine,0,conditions
NCT05320588,multi,Multiple cancer types / basket or umbrella,unspecified solid / hematologic,,1,conditions
NCT06080061,lung,Lung & thoracic,,lung,0,conditions
NCT06898905,lymphoma,Lymphoma,,lymphoma,0,conditions
NCT04992780,lung,Lung & thoracic,,lung,0,conditions
NCT07805954,pancreatic,Pancreatic,,pancreatic,0,conditions
NCT07349537,multi,Multiple cancer types / basket or umbrella,multiple named cancers,colorectal;lung;pancreatic,1,conditions
NCT06840886,multi,Multiple cancer types / basket or umbrella,multiple named cancers,brain_cns;gynecologic;liver_biliary,1,conditions
NCT05307705,breast,Breast,,breast,0,conditions
NCT07109219,leukemia,Leukemia,,leukemia,0,conditions
NCT07293754,multi,Multiple cancer types / basket or umbrella,unspecified solid / hematologic,,1,conditions
NCT07516366,kidney,Kidney,,kidney,0,conditions
NCT04924075,multi,Multiple cancer types / basket or umbrella,multiple named cancers,brain_cns;neuroendocrine_endocrine;sarcoma,0,conditions
NCT07360119,pancreatic,Pancreatic,,pancreatic,0,conditions
NCT06664151,melanoma_skin,Melanoma & skin,,melanoma_skin,0,conditions
NCT07585357,other_unclassified,Other / unclassified,,,0,none
NCT06477419,lung,Lung & thoracic,,lung,0,conditions
NCT05183854,leukemia,Leukemia,,leukemia,0,conditions
NCT06479239,pancreatic,Pancreatic,,pancreatic,0,conditions
NCT07005154,prostate,Prostate,,prostate,0,conditions
NCT07070466,gastric_esophageal,Gastric & esophageal,,gastric_esophageal,0,conditions
NCT06795412,multi,Multiple cancer types / basket or umbrella,unspecified solid / hematologic,,1,conditions
NCT07357519,sarcoma,Sarcoma,,sarcoma,0,conditions
NCT07280013,myeloma,Myeloma & plasma cell,,myeloma,0,conditions
NCT06140524,myeloma,Myeloma & plasma cell,,myeloma,0,conditions
NCT05327023,multi,Multiple cancer types / basket or umbrella,unspecified solid / hematologic,,1,conditions
NCT06569147,myeloma,Myeloma & plasma cell,,myeloma,0,conditions
NCT05597306,leukemia,Leukemia,,leukemia,0,conditions
NCT03011814,lymphoma,Lymphoma,,lymphoma,0,conditions
NCT07405164,multi,Multiple cancer types / basket or umbrella,unspecified solid / hematologic,,1,conditions
NCT06807632,lung,Lung & thoracic,,lung,0,conditions
NCT06330064,multi,Multiple cancer types / basket or umbrella,unspecified solid / hematologic,,1,conditions
NCT05068232,lung,Lung & thoracic,,lung,0,conditions
NCT07017816,brain_cns,Brain & CNS,,brain_cns,1,conditions
NCT06356571,myeloma,Myeloma & plasma cell,,myeloma,0,conditions
NCT07108114,multi,Multiple cancer types / basket or umbrella,unspecified solid / hematologic,,1,conditions
NCT07528352,lymphoma,Lymphoma,,lymphoma,0,conditions
NCT05482893,multi,Multiple cancer types / basket or umbrella,multiple named cancers,gastric_esophageal;liver_biliary;pancreatic,0,conditions
NCT05019716,other_named,Other named cancer,,other_named,0,conditions
NCT07095452,myeloma,Myeloma & plasma cell,,myeloma,0,conditions
NCT06912087,head_neck,Head & neck,,head_neck,1,conditions
NCT06797635,breast,Breast,,breast,0,conditions
NCT03587844,lymphoma,Lymphoma,,lymphoma,0,conditions
NCT06011109,brain_cns,Brain & CNS,,brain_cns,0,conditions
NCT04077099,lung,Lung & thoracic,,lung,0,conditions
NCT06305299,gynecologic,"Gynecologic (ovarian, uterine, cervical)",,gynecologic,0,conditions
NCT07073547,myeloma,Myeloma & plasma cell,,myeloma,0,conditions
NCT04858009,pancreatic,Pancreatic,,pancreatic,1,conditions
NCT05029999,breast,Breast,,breast,0,conditions
NCT07426484,melanoma_skin,Melanoma & skin,,melanoma_skin,0,conditions
NCT05536349,leukemia,Leukemia,,leukemia,0,conditions
NCT03997643,head_neck,Head & neck,,head_neck,0,conditions
NCT05876715,sarcoma,Sarcoma,,sarcoma,0,conditions
NCT04852887,breast,Breast,,breast,0,conditions
NCT07491497,lung,Lung & thoracic,,lung,0,conditions
NCT06883097,other_unclassified,Other / unclassified,,,0,none
NCT05825482,breast,Breast,,breast,0,conditions
NCT06833073,bladder_urothelial,Bladder & urothelial,,bladder_urothelial,0,conditions
NCT06817720,leukemia,Leukemia,,leukemia,0,conditions
NCT06928662,multi,Multiple cancer types / basket or umbrella,multiple named cancers,leukemia;mds_mpn,0,conditions
NCT06194929,melanoma_skin,Melanoma & skin,,melanoma_skin,1,conditions
NCT05537896,multi,Multiple cancer types / basket or umbrella,unspecified solid / hematologic,,1,conditions
NCT07147179,brain_cns,Brain & CNS,,brain_cns,0,conditions
NCT07237269,prostate,Prostate,,prostate,0,conditions
NCT06514794,multi,Multiple cancer types / basket or umbrella,multiple named cancers,leukemia;lymphoma,0,conditions
NCT05849480,liver_biliary,Liver & biliary,,liver_biliary,0,conditions
NCT06198296,multi,Multiple cancer types / basket or umbrella,multiple named cancers,kidney;liver_biliary;sarcoma,1,conditions
NCT07023627,gynecologic,"Gynecologic (ovarian, uterine, cervical)",,gynecologic,0,conditions
NCT04838041,leukemia,Leukemia,,leukemia,0,conditions
NCT07425054,other_named,Other named cancer,,other_named,0,conditions
NCT06220656,neuroendocrine_endocrine,Neuroendocrine & endocrine,,neuroendocrine_endocrine,0,conditions
NCT07464951,leukemia,Leukemia,,leukemia,0,conditions
NCT02422641,breast,Breast,,breast,1,conditions
NCT06377566,lymphoma,Lymphoma,,lymphoma,0,conditions
NCT06087861,sarcoma,Sarcoma,,sarcoma,0,conditions
NCT06171269,prostate,Prostate,,prostate,0,conditions
NCT06672705,lymphoma,Lymphoma,,lymphoma,0,conditions
NCT05357794,lymphoma,Lymphoma,,lymphoma,0,conditions
NCT06989437,pancreatic,Pancreatic,,pancreatic,0,conditions
NCT06330805,prostate,Prostate,,prostate,0,conditions
NCT06511037,multi,Multiple cancer types / basket or umbrella,unspecified solid / hematologic,,1,conditions
NCT06594939,lymphoma,Lymphoma,,lymphoma,0,conditions
NCT06618274,multi,Multiple cancer types / basket or umbrella,unspecified solid / hematologic,,1,conditions
NCT06440005,multi,Multiple cancer types / basket or umbrella,multiple named cancers,breast;colorectal;liver_biliary;pancreatic;prostate;sarcoma,1,conditions
NCT03858205,myeloma,Myeloma & plasma cell,,myeloma,1,conditions
NCT06954805,lymphoma,Lymphoma,,lymphoma,0,conditions
NCT06178354,prostate,Prostate,,prostate,0,conditions
NCT04643002,myeloma,Myeloma & plasma cell,,myeloma,0,conditions
NCT07413939,breast,Breast,,breast,0,conditions
NCT07030712,multi,Multiple cancer types / basket or umbrella,unspecified solid / hematologic,,1,conditions
NCT03424005,breast,Breast,,breast,0,conditions
NCT01853631,multi,Multiple cancer types / basket or umbrella,multiple named cancers,leukemia;lymphoma,0,conditions
NCT07249372,lung,Lung & thoracic,,lung,0,conditions
NCT05541822,multi,Multiple cancer types / basket or umbrella,unspecified solid / hematologic,,1,conditions
NCT04300556,multi,Multiple cancer types / basket or umbrella,unspecified solid / hematologic,,1,conditions
NCT05245812,breast,Breast,,breast,0,conditions
NCT06554795,multi,Multiple cancer types / basket or umbrella,unspecified solid / hematologic,,1,conditions
NCT04145622,multi,Multiple cancer types / basket or umbrella,unspecified solid / hematologic,,1,conditions
NCT05987241,multi,Multiple cancer types / basket or umbrella,multiple named cancers,bladder_urothelial;other_named,0,conditions
NCT04900623,head_neck,Head & neck,,head_neck,0,conditions
NCT07221474,lung,Lung & thoracic,,lung,0,conditions
NCT04928846,lung,Lung & thoracic,,lung,0,conditions
NCT06712927,melanoma_skin,Melanoma & skin,,melanoma_skin,1,conditions
NCT06735690,leukemia,Leukemia,,leukemia,0,conditions
NCT07218341,multi,Multiple cancer types / basket or umbrella,multiple named cancers,leukemia;lymphoma,0,conditions
NCT06719362,multi,Multiple cancer types / basket or umbrella,unspecified solid / hematologic,,1,conditions
NCT05301283,sarcoma,Sarcoma,,sarcoma,0,conditions
NCT07098988,lung,Lung & thoracic,,lung,1,conditions
NCT02203903,multi,Multiple cancer types / basket or umbrella,multiple named cancers,leukemia;mds_mpn,0,conditions
NCT06029270,head_neck,Head & neck,,head_neck,0,conditions
NCT07347418,multi,Multiple cancer types / basket or umbrella,multiple named cancers,leukemia;mds_mpn,0,conditions
NCT05546723,myeloma,Myeloma & plasma cell,,myeloma,0,conditions
NCT07311746,leukemia,Leukemia,,leukemia,0,conditions
NCT07222488,bladder_urothelial,Bladder & urothelial,,bladder_urothelial,0,conditions
NCT06772623,lung,Lung & thoracic,,lung,0,conditions
NCT05296070,lymphoma,Lymphoma,,lymphoma,0,conditions
NCT05233397,multi,Multiple cancer types / basket or umbrella,multiple named cancers,brain_cns;head_neck,0,conditions
NCT07195682,kidney,Kidney,,kidney,0,conditions
NCT07052916,multi,Multiple cancer types / basket or umbrella,multiple named cancers,leukemia;lymphoma;myeloma,1,conditions
NCT06672185,multi,Multiple cancer types / basket or umbrella,unspecified solid / hematologic,,1,conditions
NCT01473784,head_neck,Head & neck,,head_neck,0,conditions
NCT07164443,prostate,Prostate,,prostate,0,conditions
NCT05672108,multi,Multiple cancer types / basket or umbrella,multiple named cancers,colorectal;lung;sarcoma,1,conditions
NCT06629584,multi,Multiple cancer types / basket or umbrella,unspecified solid / hematologic,,1,conditions
NCT07519655,multi,Multiple cancer types / basket or umbrella,multiple named cancers,gastric_esophageal;lung;melanoma_skin,0,conditions
NCT06265285,multi,Multiple cancer types / basket or umbrella,multiple named cancers,bladder_urothelial;colorectal;gastric_esophageal;head_neck;kidney;liver_biliary;lung;melanoma_skin,1,conditions
NCT05583708,melanoma_skin,Melanoma & skin,,melanoma_skin,0,conditions
NCT07071155,multi,Multiple cancer types / basket or umbrella,multiple named cancers,leukemia;mds_mpn,0,conditions
NCT06818643,multi,Multiple cancer types / basket or umbrella,unspecified solid / hematologic,,1,conditions
NCT02174549,multi,Multiple cancer types / basket or umbrella,multiple named cancers,liver_biliary;neuroendocrine_endocrine,1,conditions
NCT07115043,multi,Multiple cancer types / basket or umbrella,multiple named cancers,breast;gastric_esophageal;gynecologic;head_neck;kidney;lung;melanoma_skin,0,conditions
NCT05271240,brain_cns,Brain & CNS,,brain_cns,1,conditions
NCT07198074,gynecologic,"Gynecologic (ovarian, uterine, cervical)",,gynecologic,0,conditions
NCT06511882,leukemia,Leukemia,,leukemia,0,conditions
NCT07112196,other_unclassified,Other / unclassified,,,0,none
NCT05317403,leukemia,Leukemia,,leukemia,0,conditions
NCT07156227,multi,Multiple cancer types / basket or umbrella,multiple named cancers,head_neck;melanoma_skin,0,conditions
NCT04616560,multi,Multiple cancer types / basket or umbrella,multiple named cancers,kidney;sarcoma,0,conditions
NCT06001788,leukemia,Leukemia,,leukemia,1,conditions
NCT07185997,lung,Lung & thoracic,,lung,0,conditions
NCT07215091,multi,Multiple cancer types / basket or umbrella,unspecified solid / hematologic,,1,conditions
NCT04322318,kidney,Kidney,,kidney,0,conditions
NCT07242118,breast,Breast,,breast,0,conditions
NCT07291297,sarcoma,Sarcoma,,sarcoma,0,conditions
NCT07094113,multi,Multiple cancer types / basket or umbrella,unspecified solid / hematologic,,1,conditions
NCT06824818,prostate,Prostate,,prostate,0,conditions
NCT04684368,multi,Multiple cancer types / basket or umbrella,title names additional cancers,brain_cns;other_named,1,conditions+title
NCT07581184,prostate,Prostate,,prostate,0,conditions
NCT06615752,prostate,Prostate,,prostate,0,conditions
NCT06784752,neuroendocrine_endocrine,Neuroendocrine & endocrine,,neuroendocrine_endocrine,0,conditions
NCT06692738,lung,Lung & thoracic,,lung,0,conditions
NCT06892678,sarcoma,Sarcoma,,sarcoma,0,conditions
NCT03286335,brain_cns,Brain & CNS,,brain_cns,0,conditions
NCT05419089,head_neck,Head & neck,,head_neck,0,conditions
NCT07579195,bladder_urothelial,Bladder & urothelial,,bladder_urothelial,0,conditions
NCT06227377,multi,Multiple cancer types / basket or umbrella,unspecified solid / hematologic,,1,conditions
NCT07066657,multi,Multiple cancer types / basket or umbrella,multiple named cancers,colorectal;gastric_esophageal;pancreatic,1,conditions
NCT06504381,brain_cns,Brain & CNS,,brain_cns,0,conditions
NCT05783323,neuroendocrine_endocrine,Neuroendocrine & endocrine,,neuroendocrine_endocrine,1,conditions
NCT04082520,brain_cns,Brain & CNS,,brain_cns,0,conditions
NCT06875310,lung,Lung & thoracic,,lung,0,conditions
NCT06910124,myeloma,Myeloma & plasma cell,,myeloma,0,conditions
NCT07565220,multi,Multiple cancer types / basket or umbrella,multiple named cancers,leukemia;mds_mpn,0,conditions
NCT05465174,multi,Multiple cancer types / basket or umbrella,multiple named cancers,brain_cns;head_neck,0,conditions
NCT05859074,multi,Multiple cancer types / basket or umbrella,multiple named cancers,breast;head_neck;melanoma_skin;other_named;sarcoma,1,conditions
NCT06337318,lymphoma,Lymphoma,,lymphoma,0,conditions
NCT06566742,mds_mpn,MDS & MPN,,mds_mpn,0,conditions
NCT07446257,liver_biliary,Liver & biliary,,liver_biliary,0,conditions
NCT06623201,melanoma_skin,Melanoma & skin,,melanoma_skin,0,conditions
NCT06099769,breast,Breast,,breast,0,conditions
NCT06057402,myeloma,Myeloma & plasma cell,,myeloma,0,conditions
NCT04901702,multi,Multiple cancer types / basket or umbrella,multiple named cancers,kidney;liver_biliary;other_named;sarcoma,1,conditions
NCT04892953,lung,Lung & thoracic,,lung,0,conditions
NCT04545957,multi,Multiple cancer types / basket or umbrella,multiple named cancers,head_neck;liver_biliary;prostate,0,conditions
NCT05886920,multi,Multiple cancer types / basket or umbrella,unspecified solid / hematologic,,1,conditions
NCT05797805,liver_biliary,Liver & biliary,,liver_biliary,0,conditions
NCT07278856,lymphoma,Lymphoma,,lymphoma,0,conditions
NCT06995872,other_named,Other named cancer,,other_named,0,conditions
NCT07224672,myeloma,Myeloma & plasma cell,,myeloma,0,conditions
NCT07447856,other_unclassified,Other / unclassified,,,0,none
NCT07746713,prostate,Prostate,,prostate,0,conditions
NCT06815003,multi,Multiple cancer types / basket or umbrella,multiple named cancers,leukemia;mds_mpn,0,conditions
NCT07549022,sarcoma,Sarcoma,,sarcoma,1,conditions
NCT06843551,pancreatic,Pancreatic,,pancreatic,0,conditions
NCT07417488,multi,Multiple cancer types / basket or umbrella,multiple named cancers,colorectal;other_named,0,conditions
NCT05634369,sarcoma,Sarcoma,,sarcoma,0,conditions
NCT05098613,lymphoma,Lymphoma,,lymphoma,0,conditions
NCT06803680,multi,Multiple cancer types / basket or umbrella,unspecified solid / hematologic,,1,conditions
NCT03990896,breast,Breast,,breast,0,conditions
NCT05204862,multi,Multiple cancer types / basket or umbrella,unspecified solid / hematologic,,1,conditions
NCT07221942,bladder_urothelial,Bladder & urothelial,,bladder_urothelial,0,conditions
NCT05800405,lymphoma,Lymphoma,,lymphoma,0,conditions
NCT06097468,head_neck,Head & neck,,head_neck,0,conditions
NCT06747390,head_neck,Head & neck,,head_neck,0,conditions
NCT04186520,multi,Multiple cancer types / basket or umbrella,multiple named cancers,leukemia;lymphoma,0,conditions
NCT05025488,mds_mpn,MDS & MPN,,mds_mpn,0,conditions
NCT02781883,leukemia,Leukemia,,leukemia,0,conditions
NCT02926729,breast,Breast,,breast,0,conditions
NCT05768919,brain_cns,Brain & CNS,,brain_cns,0,conditions
NCT07530536,brain_cns,Brain & CNS,,brain_cns,0,conditions
NCT03492671,pancreatic,Pancreatic,,pancreatic,0,conditions
NCT06431594,multi,Multiple cancer types / basket or umbrella,unspecified solid / hematologic,,1,conditions
NCT03769766,prostate,Prostate,,prostate,0,conditions
NCT06104566,leukemia,Leukemia,,leukemia,0,conditions
NCT07524322,multi,Multiple cancer types / basket or umbrella,multiple named cancers,breast;gynecologic,1,conditions
NCT04892277,multi,Multiple cancer types / basket or umbrella,multiple named cancers,leukemia;lymphoma,0,conditions
NCT07017673,breast,Breast,,breast,0,conditions
NCT07137494,lymphoma,Lymphoma,,lymphoma,0,conditions
NCT06525766,breast,Breast,,breast,0,conditions
NCT07365995,prostate,Prostate,,prostate,0,conditions
NCT03412877,multi,Multiple cancer types / basket or umbrella,multiple named cancers,breast;gynecologic;lung;myeloma;neuroendocrine_endocrine,1,conditions
NCT07391657,myeloma,Myeloma & plasma cell,,myeloma,0,conditions
NCT07288112,melanoma_skin,Melanoma & skin,,melanoma_skin,0,conditions
NCT05113537,prostate,Prostate,,prostate,0,conditions
NCT04022239,multi,Multiple cancer types / basket or umbrella,unspecified solid / hematologic,,1,conditions
NCT04888975,breast,Breast,,breast,0,conditions
NCT06014502,multi,Multiple cancer types / basket or umbrella,unspecified solid / hematologic,,1,conditions
NCT05588453,melanoma_skin,Melanoma & skin,,melanoma_skin,1,conditions
NCT06949800,other_unclassified,Other / unclassified,,,0,none
NCT07089992,sarcoma,Sarcoma,,sarcoma,0,conditions
NCT05101551,leukemia,Leukemia,,leukemia,0,conditions
NCT06997029,multi,Multiple cancer types / basket or umbrella,multiple named cancers,breast;gynecologic,1,conditions
NCT05872295,multi,Multiple cancer types / basket or umbrella,multiple named cancers,breast;gastric_esophageal,0,conditions
NCT06111781,prostate,Prostate,,prostate,0,conditions
NCT06225011,colorectal,Colorectal,,colorectal,0,conditions
NCT06769490,leukemia,Leukemia,,leukemia,0,conditions
NCT06885697,multi,Multiple cancer types / basket or umbrella,multiple named cancers,colorectal;gastric_esophageal;gynecologic;lung;pancreatic,1,conditions
NCT06060613,multi,Multiple cancer types / basket or umbrella,multiple named cancers,lung;melanoma_skin,0,conditions
NCT04047641,multi,Multiple cancer types / basket or umbrella,multiple named cancers,leukemia;mds_mpn,0,conditions
NCT06228066,multi,Multiple cancer types / basket or umbrella,multiple named cancers,bladder_urothelial;neuroendocrine_endocrine,0,conditions
NCT06159166,sarcoma,Sarcoma,,sarcoma,0,title/keywords
NCT06086522,multi,Multiple cancer types / basket or umbrella,unspecified solid / hematologic,,1,conditions
NCT07586202,lung,Lung & thoracic,,lung,0,conditions
NCT06937177,multi,Multiple cancer types / basket or umbrella,multiple named cancers (title/keywords),colorectal;pancreatic,0,title/keywords
NCT06044857,prostate,Prostate,,prostate,0,conditions
NCT02393157,lymphoma,Lymphoma,,lymphoma,0,conditions
NCT06458036,neuroendocrine_endocrine,Neuroendocrine & endocrine,,neuroendocrine_endocrine,1,conditions
NCT07065630,head_neck,Head & neck,,head_neck,0,conditions
NCT07285044,multi,Multiple cancer types / basket or umbrella,multiple named cancers,bladder_urothelial;brain_cns;breast;colorectal;gastric_esophageal;gynecologic;head_neck;kidney;liver_biliary;lung;lymphoma;mds_mpn;melanoma_skin;myeloma;pancreatic;prostate,1,conditions
NCT07540572,multi,Multiple cancer types / basket or umbrella,multiple named cancers,breast;colorectal;lung;prostate,0,conditions
NCT07505771,multi,Multiple cancer types / basket or umbrella,unspecified solid / hematologic,,1,conditions
NCT07192471,lymphoma,Lymphoma,,lymphoma,0,conditions
NCT05318469,breast,Breast,,breast,0,conditions
NCT05702229,gastric_esophageal,Gastric & esophageal,,gastric_esophageal,0,conditions
NCT06165653,brain_cns,Brain & CNS,,brain_cns,0,conditions
NCT07718672,lung,Lung & thoracic,,lung,0,conditions
NCT07227012,liver_biliary,Liver & biliary,,liver_biliary,0,conditions
NCT04906096,lymphoma,Lymphoma,,lymphoma,0,conditions
NCT06007924,neuroendocrine_endocrine,Neuroendocrine & endocrine,,neuroendocrine_endocrine,0,conditions
NCT03128996,other_unclassified,Other / unclassified,,,0,none
NCT06528301,multi,Multiple cancer types / basket or umbrella,multiple named cancers,leukemia;lymphoma,0,conditions
NCT06126744,brain_cns,Brain & CNS,,brain_cns,0,conditions
NCT04363164,prostate,Prostate,,prostate,0,conditions
NCT05232409,multi,Multiple cancer types / basket or umbrella,unspecified solid / hematologic,,1,conditions
NCT02734537,head_neck,Head & neck,,head_neck,0,conditions
NCT04633239,gynecologic,"Gynecologic (ovarian, uterine, cervical)",,gynecologic,0,conditions
NCT07282912,multi,Multiple cancer types / basket or umbrella,multiple named cancers,bladder_urothelial;gastric_esophageal;liver_biliary;pancreatic,0,conditions
NCT06623630,myeloma,Myeloma & plasma cell,,myeloma,0,conditions
NCT05684965,multi,Multiple cancer types / basket or umbrella,unspecified solid / hematologic,,1,conditions
NCT06177171,other_unclassified,Other / unclassified,,,0,none
NCT07155187,lung,Lung & thoracic,,lung,0,conditions
NCT07234981,prostate,Prostate,,prostate,0,conditions
NCT04567771,gynecologic,"Gynecologic (ovarian, uterine, cervical)",,gynecologic,0,conditions
NCT04858334,pancreatic,Pancreatic,,pancreatic,0,conditions
NCT06319963,multi,Multiple cancer types / basket or umbrella,multiple named cancers,gynecologic;head_neck,0,conditions
NCT05735184,multi,Multiple cancer types / basket or umbrella,multiple named cancers,leukemia;sarcoma,0,conditions
NCT03454035,multi,Multiple cancer types / basket or umbrella,multiple named cancers,melanoma_skin;pancreatic,0,conditions
NCT06368817,other_unclassified,Other / unclassified,,,0,none
NCT03571568,lymphoma,Lymphoma,,lymphoma,0,conditions
NCT05264974,multi,Multiple cancer types / basket or umbrella,multiple named cancers,melanoma_skin;sarcoma,0,conditions
NCT06773910,lung,Lung & thoracic,,lung,0,conditions
NCT06397560,brain_cns,Brain & CNS,,brain_cns,1,conditions
NCT06568562,prostate,Prostate,,prostate,0,conditions
NCT06173362,prostate,Prostate,,prostate,0,conditions
NCT05669846,lung,Lung & thoracic,,lung,0,conditions
NCT07195591,brain_cns,Brain & CNS,,brain_cns,0,conditions
NCT07133425,lung,Lung & thoracic,,lung,0,conditions
NCT05190471,leukemia,Leukemia,,leukemia,0,conditions
NCT04868604,prostate,Prostate,,prostate,0,conditions
NCT06562192,multi,Multiple cancer types / basket or umbrella,multiple named cancers,breast;colorectal;lung;pancreatic,0,conditions
NCT06385925,multi,Multiple cancer types / basket or umbrella,unspecified solid / hematologic,,1,conditions
NCT06167317,multi,Multiple cancer types / basket or umbrella,unspecified solid / hematologic,,1,conditions
NCT07089940,pancreatic,Pancreatic,,pancreatic,0,conditions
NCT06361940,breast,Breast,,breast,0,conditions
NCT06997497,colorectal,Colorectal,,colorectal,0,conditions
NCT06974110,multi,Multiple cancer types / basket or umbrella,multiple named cancers,colorectal;gastric_esophageal;gynecologic,1,conditions
NCT05343013,colorectal,Colorectal,,colorectal,0,conditions
NCT07612176,multi,Multiple cancer types / basket or umbrella,unspecified solid / hematologic,,1,conditions
NCT04585750,multi,Multiple cancer types / basket or umbrella,multiple named cancers,bladder_urothelial;breast;colorectal;gynecologic;head_neck;lung;prostate,1,conditions
NCT07015697,multi,Multiple cancer types / basket or umbrella,unspecified solid / hematologic,,1,conditions
NCT06731413,lung,Lung & thoracic,,lung,0,conditions
NCT05755113,sarcoma,Sarcoma,,sarcoma,0,conditions
NCT06903468,breast,Breast,,breast,0,conditions
NCT06163391,multi,Multiple cancer types / basket or umbrella,unspecified solid / hematologic,,1,conditions
NCT05776979,myeloma,Myeloma & plasma cell,,myeloma,0,conditions
NCT06228482,lung,Lung & thoracic,,lung,0,conditions
NCT05687110,multi,Multiple cancer types / basket or umbrella,unspecified solid / hematologic,,1,conditions
NCT04510597,kidney,Kidney,,kidney,0,conditions
NCT07121946,lymphoma,Lymphoma,,lymphoma,0,conditions
NCT03223610,lymphoma,Lymphoma,,lymphoma,0,conditions
NCT06639724,pancreatic,Pancreatic,,pancreatic,0,conditions
NCT03122197,brain_cns,Brain & CNS,,brain_cns,0,conditions
NCT06953882,breast,Breast,,breast,0,conditions
NCT07066189,breast,Breast,,breast,0,conditions
NCT06559540,breast,Breast,,breast,0,conditions
NCT07265674,liver_biliary,Liver & biliary,,liver_biliary,0,conditions
NCT05733715,kidney,Kidney,,kidney,0,conditions
NCT07277413,multi,Multiple cancer types / basket or umbrella,multiple named cancers,bladder_urothelial;gastric_esophageal;liver_biliary;lung;other_named;pancreatic,0,conditions
NCT06661720,kidney,Kidney,,kidney,0,conditions
NCT04293562,leukemia,Leukemia,,leukemia,0,conditions
NCT05960773,multi,Multiple cancer types / basket or umbrella,multiple named cancers,lung;myeloma,1,conditions
NCT06601296,kidney,Kidney,,kidney,0,conditions
NCT05394103,multi,Multiple cancer types / basket or umbrella,unspecified solid / hematologic,,1,conditions
NCT07179770,kidney,Kidney,,kidney,0,conditions
NCT07227610,multi,Multiple cancer types / basket or umbrella,unspecified solid / hematologic,,1,conditions
NCT05970497,multi,Multiple cancer types / basket or umbrella,basket with a named cohort,melanoma_skin,1,conditions+title
NCT07136779,multi,Multiple cancer types / basket or umbrella,unspecified solid / hematologic,,1,conditions
NCT07472517,lung,Lung & thoracic,,lung,0,conditions
NCT06228326,lung,Lung & thoracic,,lung,1,conditions
NCT05686226,multi,Multiple cancer types / basket or umbrella,multiple named cancers,colorectal;gynecologic;head_neck;other_named,1,conditions
NCT07053085,breast,Breast,,breast,0,conditions
NCT05618925,lymphoma,Lymphoma,,lymphoma,0,conditions
NCT05976555,myeloma,Myeloma & plasma cell,,myeloma,0,conditions
NCT03526835,multi,Multiple cancer types / basket or umbrella,multiple named cancers,colorectal;gastric_esophageal;head_neck;lung,1,conditions
NCT04921917,sarcoma,Sarcoma,,sarcoma,0,conditions
NCT07566052,lung,Lung & thoracic,,lung,0,conditions
NCT04910685,multi,Multiple cancer types / basket or umbrella,multiple named cancers,mds_mpn;myeloma,0,conditions
NCT06898970,sarcoma,Sarcoma,,sarcoma,0,conditions
NCT05777603,lung,Lung & thoracic,,lung,0,conditions
NCT05526924,head_neck,Head & neck,,head_neck,0,conditions
NCT06066424,multi,Multiple cancer types / basket or umbrella,unspecified solid / hematologic,,1,conditions
NCT05779423,melanoma_skin,Melanoma & skin,,melanoma_skin,0,conditions
NCT07027124,prostate,Prostate,,prostate,0,conditions
NCT05909059,multi,Multiple cancer types / basket or umbrella,multiple named cancers,leukemia;lymphoma;myeloma,0,conditions
NCT04989803,lymphoma,Lymphoma,,lymphoma,0,conditions
NCT05005403,multi,Multiple cancer types / basket or umbrella,multiple named cancers,breast;colorectal;gastric_esophageal;gynecologic;head_neck;lung;pancreatic,0,conditions
NCT07464925,brain_cns,Brain & CNS,,brain_cns,0,conditions
NCT07127874,multi,Multiple cancer types / basket or umbrella,multiple named cancers,colorectal;lung;pancreatic,1,conditions
NCT06815497,gynecologic,"Gynecologic (ovarian, uterine, cervical)",,gynecologic,0,conditions
NCT05428735,multi,Multiple cancer types / basket or umbrella,unspecified solid / hematologic,,1,conditions
NCT03618550,lymphoma,Lymphoma,,lymphoma,0,conditions
NCT07155174,lung,Lung & thoracic,,lung,0,conditions
NCT05031910,head_neck,Head & neck,,head_neck,0,conditions
NCT06476808,multi,Multiple cancer types / basket or umbrella,multiple named cancers,gynecologic;lung,0,conditions
NCT07182591,multi,Multiple cancer types / basket or umbrella,unspecified solid / hematologic,,1,conditions
NCT04657068,multi,Multiple cancer types / basket or umbrella,multiple named cancers,colorectal;gynecologic;pancreatic,1,conditions
NCT06822010,bladder_urothelial,Bladder & urothelial,,bladder_urothelial,0,conditions
NCT06940440,melanoma_skin,Melanoma & skin,,melanoma_skin,0,conditions
NCT06735820,sarcoma,Sarcoma,,sarcoma,1,conditions
NCT07659782,lung,Lung & thoracic,,lung,0,conditions
NCT07006727,multi,Multiple cancer types / basket or umbrella,multiple named cancers,lung;melanoma_skin;neuroendocrine_endocrine,0,conditions
NCT05754580,prostate,Prostate,,prostate,0,conditions
NCT07235280,lung,Lung & thoracic,,lung,0,conditions
NCT05652686,multi,Multiple cancer types / basket or umbrella,multiple named cancers,lung;neuroendocrine_endocrine,0,conditions
NCT04553770,breast,Breast,,breast,0,conditions
NCT07681596,myeloma,Myeloma & plasma cell,,myeloma,0,conditions
NCT05366179,brain_cns,Brain & CNS,,brain_cns,0,conditions
NCT06501196,multi,Multiple cancer types / basket or umbrella,multiple named cancers,leukemia;mds_mpn,0,conditions
NCT05803382,multi,Multiple cancer types / basket or umbrella,basket with a named cohort,colorectal,1,conditions+title
NCT06681220,lung,Lung & thoracic,,lung,0,conditions
NCT06487624,multi,Multiple cancer types / basket or umbrella,basket with a named cohort,lymphoma,1,conditions+title
NCT03686124,multi,Multiple cancer types / basket or umbrella,unspecified solid / hematologic,,1,conditions
NCT05064280,multi,Multiple cancer types / basket or umbrella,unspecified solid / hematologic,,1,conditions
NCT07409103,other_unclassified,Other / unclassified,,,0,none
NCT06533761,multi,Multiple cancer types / basket or umbrella,multiple named cancers,leukemia;mds_mpn,0,conditions
NCT05389423,lymphoma,Lymphoma,,lymphoma,0,conditions
NCT07046923,multi,Multiple cancer types / basket or umbrella,multiple named cancers,breast;gynecologic;lung,1,conditions
NCT05969496,kidney,Kidney,,kidney,0,conditions
NCT04870762,head_neck,Head & neck,,head_neck,1,conditions
NCT06065462,gynecologic,"Gynecologic (ovarian, uterine, cervical)",,gynecologic,0,conditions
NCT06693323,head_neck,Head & neck,,head_neck,0,conditions
NCT06807359,prostate,Prostate,,prostate,0,conditions
NCT06445062,multi,Multiple cancer types / basket or umbrella,multiple named cancers,colorectal;pancreatic,1,conditions
NCT06264180,melanoma_skin,Melanoma & skin,,melanoma_skin,0,conditions
NCT04664179,lymphoma,Lymphoma,,lymphoma,0,conditions
NCT03516617,leukemia,Leukemia,,leukemia,0,conditions
NCT05972135,myeloma,Myeloma & plasma cell,,myeloma,0,conditions
NCT03761108,myeloma,Myeloma & plasma cell,,myeloma,0,conditions
NCT05806515,prostate,Prostate,,prostate,0,conditions
NCT07155317,melanoma_skin,Melanoma & skin,,melanoma_skin,0,conditions
NCT06357676,lymphoma,Lymphoma,,lymphoma,0,conditions
NCT04697576,melanoma_skin,Melanoma & skin,,melanoma_skin,0,conditions
NCT06736717,pancreatic,Pancreatic,,pancreatic,0,conditions
NCT06765317,lymphoma,Lymphoma,,lymphoma,0,conditions
NCT07529717,prostate,Prostate,,prostate,0,conditions
NCT07029217,lymphoma,Lymphoma,,lymphoma,0,conditions
NCT07410117,multi,Multiple cancer types / basket or umbrella,unspecified (title),,1,title
NCT07020117,multi,Multiple cancer types / basket or umbrella,multiple named cancers,bladder_urothelial;breast;colorectal;gynecologic;head_neck;lung,0,conditions
NCT07222735,sarcoma,Sarcoma,,sarcoma,0,conditions
NCT07685717,leukemia,Leukemia,,leukemia,0,conditions
NCT06592638,lung,Lung & thoracic,,lung,0,conditions
NCT03897543,liver_biliary,Liver & biliary,,liver_biliary,0,conditions
NCT06475235,lymphoma,Lymphoma,,lymphoma,0,conditions
NCT06517017,myeloma,Myeloma & plasma cell,,myeloma,0,conditions
NCT07441889,multi,Multiple cancer types / basket or umbrella,multiple named cancers,breast;prostate,0,conditions
NCT07686250,breast,Breast,,breast,0,conditions
NCT06884618,multi,Multiple cancer types / basket or umbrella,unspecified solid / hematologic,,1,conditions
NCT05674825,multi,Multiple cancer types / basket or umbrella,unspecified solid / hematologic,,1,conditions
NCT04305691,multi,Multiple cancer types / basket or umbrella,multiple named cancers,other_named;sarcoma,0,conditions
NCT05589818,lung,Lung & thoracic,,lung,0,conditions
NCT03970447,brain_cns,Brain & CNS,,brain_cns,0,conditions
NCT07166601,multi,Multiple cancer types / basket or umbrella,unspecified solid / hematologic,,1,conditions
NCT01492972,prostate,Prostate,,prostate,0,conditions
NCT05896228,myeloma,Myeloma & plasma cell,,myeloma,0,conditions
NCT07346144,brain_cns,Brain & CNS,,brain_cns,0,conditions
NCT06150664,multi,Multiple cancer types / basket or umbrella,multiple named cancers,breast;head_neck;lung;lymphoma;melanoma_skin,1,conditions
NCT04590664,brain_cns,Brain & CNS,,brain_cns,0,conditions
NCT06514898,brain_cns,Brain & CNS,,brain_cns,0,conditions
NCT04370587,multi,Multiple cancer types / basket or umbrella,multiple named cancers,head_neck;lung;melanoma_skin;sarcoma,1,conditions
NCT04966481,head_neck,Head & neck,,head_neck,0,conditions
NCT06966700,breast,Breast,,breast,0,conditions
NCT03093909,multi,Multiple cancer types / basket or umbrella,multiple named cancers,bladder_urothelial;head_neck;melanoma_skin;neuroendocrine_endocrine,1,conditions
NCT06096844,lung,Lung & thoracic,,lung,0,conditions
NCT06026319,lymphoma,Lymphoma,,lymphoma,0,conditions
NCT06597565,head_neck,Head & neck,,head_neck,0,conditions
NCT07193511,bladder_urothelial,Bladder & urothelial,,bladder_urothelial,1,conditions
NCT05651932,myeloma,Myeloma & plasma cell,,myeloma,0,conditions
NCT05554393,leukemia,Leukemia,,leukemia,0,conditions
NCT06919939,lymphoma,Lymphoma,,lymphoma,0,conditions
NCT05010564,leukemia,Leukemia,,leukemia,0,conditions
